; generated by PrusaSlicer 2.9.2 on 2025-08-18 at 23:12:10 UTC

; 

; external perimeters extrusion width = 0.45mm
; perimeters extrusion width = 0.40mm
; infill extrusion width = 0.45mm
; solid infill extrusion width = 0.50mm
; top infill extrusion width = 0.45mm
; support material extrusion width = 0.42mm
; first layer extrusion width = 0.56mm

M201 X2500 Y2500 Z800 E2500 ; sets maximum accelerations, mm/sec^2
M203 X300 Y250 Z8 E80 ; sets maximum feedrates, mm / sec
M204 S2500 T2500 ; sets acceleration (S) and retract acceleration (R), mm/sec^2
M205 X15.00 Y10.00 Z2.00 E10.00 ; sets the jerk limits, mm/sec
M205 S0 T0 ; sets the minimum extruding and travel feed rate, mm/sec
;TYPE:Custom
G90 ; use absolute coordinates
M83 ; extruder relative mode
M104 S240 ; set extruder temp
M140 S60 ; set bed temp
M190 S60 ; wait for bed temp
M109 S240 ; wait for extruder temp
G28                                        ; move X/Y/Z to min endstops
G1 Z0.28                                   ; lift nozzle a bit 
G92 E0 
G1 Y3 F1800                                    ; zero the extruded length 
G1 X60  E25 F500                       ; Extrude 25mm of filament in a 5cm line. 
G92 E0                                     ; zero the extruded length again 
G1 E-2 F500                                ; Retract a little 
G1 X70 F4000                              ; Quickly wipe away from the filament line
M117
G21 ; set units to millimeters
G90 ; use absolute coordinates
M82 ; use absolute distances for extrusion
G92 E0
M107
;LAYER_CHANGE
;Z:0.28
;HEIGHT:0.28
G1 E-2 F4800
G92 E0
G1 Z.28 F7200
G92 E0
G1 X116.256 Y103.975
G1 E2 F4800
M204 S2000
;TYPE:Support material
;WIDTH:0.56
G1 F3000
G1 X117.351 Y104.325 E2.0669
G1 X117.902 Y104.679 E2.10501
G1 X118.375 Y105.012 E2.13867
G1 X119.11 Y105.883 E2.20499
G1 X119.59 Y106.956 E2.2734
G1 X119.753 Y108.115 E2.34151
G1 X119.668 Y108.738 E2.3781
G1 X121.051 Y108.382 E2.46121
G1 X122.16 Y108.414 E2.52578
G1 X123.256 Y108.763 E2.59272
G1 X123.807 Y109.118 E2.63086
G1 X124.279 Y109.451 E2.66448
G1 X125.015 Y110.322 E2.73084
G1 X125.495 Y111.395 E2.79925
G1 X125.658 Y112.554 E2.86736
G1 X125.493 Y113.726 E2.93624
G1 X125.016 Y114.792 E3.0042
G1 X125.599 Y115.986 E3.08153
G1 X125.762 Y117.145 E3.14964
G1 X125.597 Y118.317 E3.21852
G1 X125.119 Y119.387 E3.28672
G1 X124.361 Y120.285 E3.35511
G1 X123.421 Y120.913 E3.4209
G1 X122.846 Y121.117 E3.45641
G1 X122.72 Y122.004 E3.50855
G1 X122.242 Y123.073 E3.5767
G1 X121.484 Y123.971 E3.64509
G1 X120.544 Y124.6 E3.71091
G1 X119.355 Y124.983 E3.78361
G1 X118.213 Y125.015 E3.85009
G1 X117.138 Y124.739 E3.91468
G1 X116.934 Y124.98 E3.93305
G1 X115.995 Y125.608 E3.99879
G1 X114.806 Y125.991 E4.07149
G1 X113.664 Y126.024 E4.13798
G1 X112.598 Y125.749 E4.20205
G1 X111.477 Y125.095 E4.27758
G1 X110.706 Y124.281 E4.34283
G1 X110.387 Y123.666 E4.38315
G1 X109.317 Y123.696 E4.44544
G1 X108.252 Y123.422 E4.50944
G1 X107.13 Y122.768 E4.58502
G1 X106.359 Y121.954 E4.65027
G1 X105.868 Y121.004 E4.7125
G1 X105.699 Y120.401 E4.74894
G1 X105.612 Y119.239 E4.81675
G1 X105.715 Y118.522 E4.8589
G1 X105.443 Y118.347 E4.87772
G1 X104.672 Y117.533 E4.94297
G1 X104.181 Y116.583 E5.0052
G1 X104.012 Y115.98 E5.04164
G1 X103.925 Y114.817 E5.10951
G1 X104.163 Y113.676 E5.17734
G1 X104.416 Y113.121 E5.21284
G1 X104.738 Y112.592 E5.24888
G1 X105.469 Y111.819 E5.31079
G1 X105.362 Y110.509 E5.38728
G1 X105.599 Y109.368 E5.4551
G1 X106.174 Y108.284 E5.52651
G1 X106.917 Y107.5 E5.58937
G1 X107.889 Y106.927 E5.65503
G1 X109.132 Y106.613 E5.72964
G1 X110.241 Y106.644 E5.7942
G1 X111.515 Y107.051 E5.87203
G1 X111.867 Y106.144 E5.92865
G1 X112.189 Y105.615 E5.96469
G1 X112.931 Y104.831 E6.02751
G1 X113.903 Y104.258 E6.09317
G1 X114.56 Y104.065 E6.13302
G1 X115.146 Y103.943 E6.16785
G1 X116.181 Y103.973 E6.22811
M204 S2500
G1 X114.457 Y109.341 F7200
M204 S2000
G1 F3000
G1 X115.57 Y109.344 E6.29288
G1 X116.662 Y109.563 E6.35769
G1 X117.691 Y109.992 E6.42257
G1 X118.616 Y110.613 E6.48741
G1 X119.402 Y111.403 E6.55226
G1 X120.02 Y112.331 E6.61714
G1 X120.444 Y113.362 E6.68201
G1 X120.659 Y114.455 E6.74684
G1 X120.656 Y115.57 E6.81173
G1 X120.437 Y116.662 E6.87654
G1 X120.008 Y117.691 E6.94142
G1 X119.387 Y118.616 E7.00626
G1 X118.597 Y119.402 E7.07111
G1 X117.669 Y120.02 E7.13599
G1 X116.638 Y120.444 E7.20086
G1 X115.57 Y120.656 E7.26422
G1 X114.455 Y120.659 E7.32911
G1 X113.362 Y120.444 E7.39394
G1 X112.331 Y120.02 E7.45881
G1 X111.403 Y119.402 E7.52369
G1 X110.613 Y118.616 E7.58854
G1 X109.992 Y117.691 E7.65338
G1 X109.563 Y116.662 E7.71826
G1 X109.344 Y115.57 E7.78307
G1 X109.341 Y114.455 E7.84796
G1 X109.556 Y113.362 E7.91279
G1 X109.98 Y112.331 E7.97766
G1 X110.598 Y111.403 E8.04254
G1 X111.384 Y110.613 E8.10739
G1 X112.309 Y109.992 E8.17223
G1 X113.338 Y109.563 E8.23711
G1 X114.382 Y109.351 E8.29911
M204 S2500
G1 E6.89911 F4800
;WIPE_START
G1 F5760
G1 X113.639 Y109.502 E6.29911
;WIPE_END
G92 E0
G1 X124.998 Y119.105 F7200
G1 E2 F4800
M204 S2000
G1 F3000
G1 X124.998 Y115.746 E2.19548
G1 X124.734 Y115.155 E2.23315
G1 X124.49 Y114.866 E2.25516
G1 X124.998 Y113.73 E2.32758
G1 X124.998 Y111.387 E2.46393
G1 X124.63 Y110.564 E2.51639
G1 X124.443 Y110.342 E2.53328
G1 X124.443 Y119.49 E3.06565
G1 X123.887 Y120.06 E3.11199
G1 X123.887 Y109.725 E3.71343
G1 X123.332 Y109.347 E3.75251
G1 X123.332 Y120.431 E4.39754
G1 X122.776 Y120.664 E4.43262
G1 X122.776 Y109.083 E5.10658
G1 X122.221 Y108.905 E5.1405
G1 X122.221 Y122.018 E5.90361
G1 X121.857 Y122.832 E5.9555
G1 X121.665 Y123.058 E5.97276
G1 X121.665 Y108.85 E6.79959
G1 X121.11 Y108.834 E6.8319
G1 X121.11 Y123.68 E7.69586
G1 X120.555 Y124.051 E7.73471
G1 X120.555 Y117.59 E8.11071
G1 X119.999 Y118.548 E8.17517
G1 X119.999 Y124.316 E8.51084
G1 X119.444 Y124.488 E8.54465
G1 X119.444 Y119.223 E8.85105
G1 X118.888 Y119.745 E8.89543
G1 X118.888 Y124.546 E9.17482
G1 X118.333 Y124.562 E9.20713
G1 X118.333 Y120.148 E9.464
G1 X117.777 Y120.466 E9.50127
G1 X117.777 Y124.439 E9.73248
G1 X117.222 Y124.296 E9.76583
G1 X117.222 Y120.714 E9.97428
G1 X116.666 Y120.901 E10.00842
G1 X116.666 Y124.6 E10.22368
G1 X116.111 Y124.989 E10.26312
G1 X116.111 Y121.031 E10.49346
G1 X115.555 Y121.109 E10.52613
G1 X115.555 Y125.286 E10.76921
G1 X115 Y125.465 E10.80315
G1 X115 Y121.135 E11.05513
G1 X114.445 Y121.109 E11.08746
G1 X114.445 Y125.551 E11.34596
G1 X113.889 Y125.567 E11.37833
G1 X113.889 Y121.031 E11.6423
G1 X113.334 Y120.901 E11.67547
G1 X113.334 Y125.474 E11.9416
G1 X112.778 Y125.331 E11.97501
G1 X112.778 Y120.714 E12.2437
G1 X112.223 Y120.466 E12.27908
G1 X112.223 Y125.04 E12.54526
G1 X111.667 Y124.642 E12.58505
G1 X111.667 Y120.148 E12.84658
G1 X111.112 Y119.745 E12.88649
G1 X111.112 Y124.056 E13.13737
G1 X110.657 Y123.208 E13.19337
G1 X110.556 Y123.211 E13.19925
G1 X110.556 Y119.223 E13.43133
G1 X110.001 Y118.548 E13.48218
G1 X110.001 Y123.227 E13.75447
G1 X109.445 Y123.243 E13.78684
G1 X109.445 Y117 E14.15015
M204 S2500
G1 E12.75015 F4800
;WIPE_START
G1 F5760
G1 X109.445 Y117.758 E12.15015
;WIPE_END
G92 E0
G1 X120.555 Y113 F7200
G1 E2 F4800
M204 S2000
G1 F3000
G1 X120.555 Y108.947 E2.23586
G1 X119.999 Y109.11 E2.26958
G1 X119.999 Y111.452 E2.40587
G1 X119.444 Y110.777 E2.45672
G1 X119.444 Y109.273 E2.54425
G1 X119.127 Y109.366 E2.56348
G1 X119.299 Y108.116 E2.63691
G1 X119.153 Y107.082 E2.69768
G1 X118.888 Y106.49 E2.73543
G1 X118.888 Y110.255 E2.95453
G1 X118.333 Y109.852 E2.99444
G1 X118.333 Y105.66 E3.23839
G1 X118.068 Y105.347 E3.26226
G1 X117.777 Y105.141 E3.28301
G1 X117.777 Y109.534 E3.53866
G1 X117.222 Y109.286 E3.57404
G1 X117.222 Y104.776 E3.8365
G1 X116.666 Y104.578 E3.87085
G1 X116.666 Y109.099 E4.13395
G1 X116.111 Y108.969 E4.16712
G1 X116.111 Y104.421 E4.43179
G1 X115.555 Y104.405 E4.46416
G1 X115.555 Y108.891 E4.72522
G1 X115 Y108.866 E4.75755
G1 X115 Y104.433 E5.01553
G1 X114.669 Y104.502 E5.03521
G1 X114.445 Y104.568 E5.0488
G1 X114.445 Y108.891 E5.30038
G1 X113.889 Y108.969 E5.33305
G1 X113.889 Y104.789 E5.5763
G1 X113.334 Y105.116 E5.61379
G1 X113.334 Y109.099 E5.84558
G1 X112.778 Y109.286 E5.87972
G1 X112.778 Y105.647 E6.09149
G1 X112.548 Y105.89 E6.11096
G1 X112.223 Y106.448 E6.14854
G1 X112.223 Y109.534 E6.32813
G1 X111.667 Y109.852 E6.3654
G1 X111.667 Y107.572 E6.49808
G1 X111.112 Y107.394 E6.532
G1 X111.112 Y110.255 E6.6985
G1 X110.556 Y110.777 E6.74288
G1 X110.556 Y107.217 E6.95005
G1 X110.001 Y107.088 E6.98321
G1 X110.001 Y111.452 E7.23717
G1 X109.445 Y112.41 E7.30163
G1 X109.445 Y107.072 E7.61227
G1 X108.89 Y107.122 E7.6447
G1 X108.89 Y123.122 E8.57582
G1 X108.335 Y122.958 E8.6095
G1 X108.335 Y107.265 E9.52275
G1 X107.779 Y107.514 E9.5582
G1 X107.779 Y122.651 E10.4391
G1 X107.224 Y122.213 E10.48024
G1 X107.224 Y107.841 E11.31662
G1 X106.668 Y108.417 E11.36321
G1 X106.668 Y121.572 E12.12876
G1 X106.288 Y120.838 E12.17686
G1 X106.113 Y120.12 E12.21987
G1 X106.113 Y109.326 E12.84803
G1 X105.889 Y109.999 E12.88931
G1 X105.811 Y110.542 E12.92123
G1 X105.946 Y111.97 E13.0047
G1 X105.557 Y112.381 E13.03763
G1 X105.557 Y117.813 E13.35374
G1 X105.002 Y117.19 E13.4023
G1 X105.002 Y113.024 E13.64474
G1 X104.587 Y113.831 E13.69755
G1 X104.453 Y114.307 E13.72633
G1 X104.446 Y116.606 E13.86012
M204 S2500
G1 E12.46012 F4800
;WIPE_START
G1 F5760
G1 X104.448 Y115.848 E11.86012
;WIPE_END
G92 E0
G1 X119 Y112.35 F7200
G1 E2 F4800
M204 S2000
;TYPE:External perimeter
G1 F3000
G1 X119.233 Y112.738 E2.02634
G1 X119.434 Y113.163 E2.0537
G1 X119.593 Y113.607 E2.08115
G1 X119.707 Y114.064 E2.10856
G1 X119.776 Y114.53 E2.13597
G1 X119.8 Y115 E2.16336
G1 X119.776 Y115.47 E2.19075
G1 X119.707 Y115.936 E2.21816
G1 X119.593 Y116.393 E2.24557
G1 X119.434 Y116.837 E2.27302
G1 X119.233 Y117.262 E2.30038
G1 X118.991 Y117.666 E2.32779
G1 X118.71 Y118.045 E2.35525
G1 X118.394 Y118.394 E2.38265
G1 X118.045 Y118.71 E2.41005
G1 X117.666 Y118.991 E2.43751
G1 X117.262 Y119.233 E2.46492
G1 X116.837 Y119.434 E2.49228
G1 X116.393 Y119.593 E2.51973
G1 X115.936 Y119.707 E2.54714
G1 X115.47 Y119.776 E2.57455
G1 X115 Y119.8 E2.60194
G1 X114.53 Y119.776 E2.62933
G1 X114.064 Y119.707 E2.65674
G1 X113.607 Y119.593 E2.68415
G1 X113.163 Y119.434 E2.7116
G1 X112.738 Y119.233 E2.73896
G1 X112.334 Y118.991 E2.76637
G1 X111.955 Y118.71 E2.79383
G1 X111.606 Y118.394 E2.82123
G1 X111.29 Y118.045 E2.84863
G1 X111.009 Y117.666 E2.87609
G1 X110.767 Y117.262 E2.9035
G1 X110.566 Y116.837 E2.93086
G1 X110.407 Y116.393 E2.95831
G1 X110.293 Y115.936 E2.98572
G1 X110.224 Y115.47 E3.01313
G1 X110.2 Y115 E3.04052
G1 X110.224 Y114.53 E3.06791
G1 X110.293 Y114.064 E3.09532
G1 X110.407 Y113.607 E3.12273
G1 X110.566 Y113.163 E3.15018
G1 X110.767 Y112.738 E3.17754
G1 X111.009 Y112.334 E3.20495
G1 X111.29 Y111.955 E3.23241
G1 X111.606 Y111.606 E3.25981
G1 X111.955 Y111.29 E3.28721
G1 X112.334 Y111.009 E3.31467
G1 X112.738 Y110.767 E3.34208
G1 X113.163 Y110.566 E3.36944
G1 X113.607 Y110.407 E3.39689
G1 X114.064 Y110.293 E3.4243
G1 X114.529 Y110.224 E3.45166
G1 X115.029 Y110.201 E3.48079
G1 X115.47 Y110.224 E3.50649
G1 X115.936 Y110.293 E3.5339
G1 X116.393 Y110.407 E3.56131
G1 X116.837 Y110.566 E3.58876
G1 X117.262 Y110.767 E3.61612
G1 X117.666 Y111.009 E3.64353
G1 X118.045 Y111.29 E3.67099
G1 X118.394 Y111.606 E3.69839
G1 X118.71 Y111.955 E3.72579
G1 X118.966 Y112.3 E3.75079
M204 S2500
G1 X118.597 Y112.649 F7200
M204 S2000
;TYPE:Perimeter
G1 F3000
G1 X118.791 Y112.973 E3.77277
G1 X118.972 Y113.355 E3.79737
G1 X119.114 Y113.752 E3.82191
G1 X119.216 Y114.161 E3.84644
G1 X119.278 Y114.579 E3.87103
G1 X119.299 Y115 E3.89556
G1 X119.278 Y115.421 E3.92009
G1 X119.216 Y115.839 E3.94468
G1 X119.114 Y116.248 E3.96921
G1 X118.972 Y116.645 E3.99375
G1 X118.791 Y117.027 E4.01835
G1 X118.574 Y117.388 E4.04286
G1 X118.323 Y117.727 E4.06741
G1 X118.04 Y118.04 E4.09197
G1 X117.727 Y118.323 E4.11653
G1 X117.388 Y118.574 E4.14108
G1 X117.027 Y118.791 E4.16559
G1 X116.645 Y118.972 E4.19019
G1 X116.248 Y119.114 E4.21473
G1 X115.839 Y119.216 E4.23926
G1 X115.421 Y119.278 E4.26385
G1 X115 Y119.299 E4.28838
G1 X114.579 Y119.278 E4.31291
G1 X114.161 Y119.216 E4.3375
G1 X113.752 Y119.114 E4.36203
G1 X113.355 Y118.972 E4.38657
G1 X112.973 Y118.791 E4.41117
G1 X112.612 Y118.574 E4.43568
G1 X112.273 Y118.323 E4.46023
G1 X111.96 Y118.04 E4.48479
G1 X111.677 Y117.727 E4.50935
G1 X111.425 Y117.388 E4.53393
G1 X111.209 Y117.027 E4.55841
G1 X111.028 Y116.645 E4.58301
G1 X110.886 Y116.248 E4.60755
G1 X110.784 Y115.839 E4.63208
G1 X110.722 Y115.421 E4.65667
G1 X110.701 Y115 E4.6812
G1 X110.722 Y114.579 E4.70573
G1 X110.784 Y114.161 E4.73032
G1 X110.886 Y113.752 E4.75485
G1 X111.028 Y113.355 E4.77939
G1 X111.209 Y112.973 E4.80399
G1 X111.426 Y112.612 E4.8285
G1 X111.677 Y112.273 E4.85305
G1 X111.96 Y111.96 E4.87761
G1 X112.273 Y111.677 E4.90217
G1 X112.612 Y111.426 E4.92672
G1 X112.973 Y111.209 E4.95123
G1 X113.355 Y111.028 E4.97583
G1 X113.752 Y110.886 E5.00037
G1 X114.161 Y110.784 E5.0249
G1 X114.577 Y110.722 E5.04938
G1 X115.027 Y110.702 E5.07559
G1 X115.421 Y110.722 E5.09855
G1 X115.839 Y110.784 E5.12314
G1 X116.248 Y110.886 E5.14767
G1 X116.645 Y111.028 E5.17221
G1 X117.027 Y111.209 E5.19681
G1 X117.388 Y111.426 E5.22132
G1 X117.727 Y111.677 E5.24587
G1 X118.04 Y111.96 E5.27043
G1 X118.323 Y112.273 E5.29499
G1 X118.564 Y112.598 E5.31854
M204 S2500
G1 X118.193 Y112.948 F7200
M204 S2000
G1 F3000
G1 X118.35 Y113.209 E5.33627
G1 X118.509 Y113.546 E5.35795
G1 X118.635 Y113.897 E5.37965
G1 X118.725 Y114.259 E5.40136
G1 X118.78 Y114.628 E5.42307
G1 X118.798 Y115 E5.44474
G1 X118.78 Y115.372 E5.46641
G1 X118.725 Y115.741 E5.48812
G1 X118.635 Y116.103 E5.50983
G1 X118.509 Y116.454 E5.53153
G1 X118.35 Y116.791 E5.55321
G1 X118.158 Y117.11 E5.57488
G1 X117.936 Y117.41 E5.5966
G1 X117.686 Y117.686 E5.61827
G1 X117.41 Y117.936 E5.63994
G1 X117.11 Y118.158 E5.66166
G1 X116.791 Y118.35 E5.68333
G1 X116.454 Y118.509 E5.70501
G1 X116.103 Y118.635 E5.72671
G1 X115.741 Y118.726 E5.74843
G1 X115.372 Y118.78 E5.77013
G1 X115 Y118.798 E5.7918
G1 X114.628 Y118.78 E5.81347
G1 X114.259 Y118.726 E5.83517
G1 X113.897 Y118.635 E5.85689
G1 X113.546 Y118.509 E5.87859
G1 X113.209 Y118.35 E5.90027
G1 X112.89 Y118.158 E5.92194
G1 X112.59 Y117.936 E5.94366
G1 X112.314 Y117.686 E5.96533
G1 X112.064 Y117.41 E5.987
G1 X111.842 Y117.11 E6.00872
G1 X111.65 Y116.791 E6.03039
G1 X111.491 Y116.454 E6.05207
G1 X111.365 Y116.103 E6.07377
G1 X111.274 Y115.741 E6.09549
G1 X111.22 Y115.372 E6.11719
G1 X111.202 Y115 E6.13886
G1 X111.22 Y114.628 E6.16053
G1 X111.274 Y114.259 E6.18223
G1 X111.365 Y113.897 E6.20395
G1 X111.491 Y113.546 E6.22565
G1 X111.65 Y113.209 E6.24733
G1 X111.842 Y112.89 E6.269
G1 X112.064 Y112.59 E6.29072
G1 X112.314 Y112.314 E6.31239
G1 X112.59 Y112.064 E6.33406
G1 X112.89 Y111.842 E6.35578
G1 X113.209 Y111.65 E6.37745
G1 X113.546 Y111.491 E6.39913
G1 X113.897 Y111.365 E6.42083
G1 X114.259 Y111.275 E6.44254
G1 X114.625 Y111.22 E6.46408
G1 X115.026 Y111.202 E6.48744
G1 X115.371 Y111.22 E6.50754
G1 X115.741 Y111.275 E6.52931
G1 X116.103 Y111.365 E6.55102
G1 X116.454 Y111.491 E6.57272
G1 X116.791 Y111.65 E6.5944
G1 X117.11 Y111.842 E6.61607
G1 X117.41 Y112.064 E6.63779
G1 X117.686 Y112.314 E6.65946
G1 X117.936 Y112.59 E6.68113
G1 X118.158 Y112.89 E6.70285
G1 X118.162 Y112.896 E6.70327
M204 S2500
G1 E5.30327 F4800
;WIPE_START
G1 F5760
G1 X118.193 Y112.948 E5.25534
G1 X118.35 Y113.209 E5.01421
G1 X118.509 Y113.546 E4.71921
G1 X118.516 Y113.565 E4.70327
;WIPE_END
G92 E0
G1 X116.865 Y115.371 F7200
G1 E2 F4800
M204 S2000
;TYPE:External perimeter
G1 F3000
G1 X116.757 Y115.728 E2.02171
G1 X116.581 Y116.057 E2.04342
G1 X116.345 Y116.345 E2.06509
G1 X116.057 Y116.581 E2.08676
G1 X115.728 Y116.757 E2.10847
G1 X115.371 Y116.865 E2.13018
G1 X115 Y116.902 E2.15188
G1 X114.629 Y116.865 E2.17358
G1 X114.272 Y116.757 E2.19529
G1 X113.943 Y116.581 E2.217
G1 X113.655 Y116.345 E2.23867
G1 X113.419 Y116.057 E2.26034
G1 X113.243 Y115.728 E2.28205
G1 X113.135 Y115.371 E2.30376
G1 X113.098 Y115 E2.32546
G1 X113.135 Y114.629 E2.34716
G1 X113.243 Y114.272 E2.36887
G1 X113.419 Y113.943 E2.39058
G1 X113.655 Y113.655 E2.41225
G1 X113.943 Y113.419 E2.43392
G1 X114.272 Y113.243 E2.45563
G1 X114.629 Y113.135 E2.47734
G1 X114.998 Y113.098 E2.49892
G1 X115.371 Y113.135 E2.52073
G1 X115.728 Y113.243 E2.54244
G1 X116.057 Y113.419 E2.56415
G1 X116.345 Y113.655 E2.58582
G1 X116.581 Y113.943 E2.60749
G1 X116.757 Y114.272 E2.6292
G1 X116.865 Y114.629 E2.65091
G1 X116.902 Y115 E2.67261
G1 X116.871 Y115.311 E2.6908
M204 S2500
G1 X117.358 Y115.469 F7200
M204 S2000
;TYPE:Perimeter
G1 F3000
G1 X117.221 Y115.92 E2.71823
G1 X116.999 Y116.336 E2.74567
G1 X116.7 Y116.7 E2.77308
G1 X116.336 Y116.999 E2.80049
G1 X115.92 Y117.221 E2.82793
G1 X115.469 Y117.358 E2.85536
G1 X115 Y117.404 E2.88278
G1 X114.531 Y117.358 E2.9102
G1 X114.08 Y117.221 E2.93763
G1 X113.664 Y116.999 E2.96507
G1 X113.3 Y116.7 E2.99248
G1 X113.001 Y116.336 E3.01989
G1 X112.779 Y115.92 E3.04733
G1 X112.642 Y115.469 E3.07476
G1 X112.596 Y115 E3.10218
G1 X112.642 Y114.531 E3.1296
G1 X112.779 Y114.08 E3.15703
G1 X113.001 Y113.664 E3.18447
G1 X113.3 Y113.3 E3.21188
G1 X113.664 Y113.001 E3.23929
G1 X114.08 Y112.779 E3.26673
G1 X114.531 Y112.642 E3.29416
G1 X114.998 Y112.596 E3.32147
G1 X115.469 Y112.642 E3.34901
G1 X115.92 Y112.779 E3.37644
G1 X116.336 Y113.001 E3.40388
G1 X116.7 Y113.3 E3.43129
G1 X116.999 Y113.664 E3.4587
G1 X117.221 Y114.08 E3.48614
G1 X117.358 Y114.531 E3.51357
G1 X117.404 Y115 E3.54099
G1 X117.364 Y115.409 E3.56491
M204 S2500
G1 X117.851 Y115.567 F7200
M204 S2000
G1 F3000
G1 X117.685 Y116.112 E3.59806
G1 X117.417 Y116.615 E3.63123
G1 X117.055 Y117.055 E3.66439
G1 X116.615 Y117.417 E3.69755
G1 X116.112 Y117.685 E3.73072
G1 X115.567 Y117.851 E3.76387
G1 X115 Y117.907 E3.79703
G1 X114.433 Y117.851 E3.83019
G1 X113.888 Y117.685 E3.86334
G1 X113.385 Y117.417 E3.89651
G1 X112.945 Y117.055 E3.92967
G1 X112.583 Y116.615 E3.96283
G1 X112.315 Y116.112 E3.996
G1 X112.149 Y115.567 E4.02915
G1 X112.093 Y115 E4.06231
G1 X112.149 Y114.433 E4.09547
G1 X112.315 Y113.888 E4.12862
G1 X112.583 Y113.385 E4.16179
G1 X112.945 Y112.945 E4.19495
G1 X113.385 Y112.583 E4.22811
G1 X113.888 Y112.315 E4.26128
G1 X114.433 Y112.149 E4.29443
G1 X114.997 Y112.093 E4.32741
G1 X115.567 Y112.149 E4.36074
G1 X116.112 Y112.315 E4.39389
G1 X116.615 Y112.583 E4.42706
G1 X117.055 Y112.945 E4.46022
G1 X117.417 Y113.385 E4.49338
G1 X117.685 Y113.888 E4.52655
G1 X117.851 Y114.433 E4.5597
G1 X117.907 Y115 E4.59286
G1 X117.857 Y115.507 E4.62251
M204 S2500
G1 X118.299 Y115.551 F7200
M204 S2000
;TYPE:Gap fill
;WIDTH:0.450327
G1 F3000
G1 X118.353 Y115 E4.64766
G1 X118.288 Y114.346 E4.67752
G1 X118.098 Y113.717 E4.70737
G1 X117.788 Y113.137 E4.73725
G1 X117.371 Y112.629 E4.76711
G1 X116.863 Y112.212 E4.79697
G1 X116.283 Y111.902 E4.82685
G1 X115.654 Y111.712 E4.8567
G1 X115.016 Y111.648 E4.88583
G1 X114.346 Y111.712 E4.91641
G1 X113.717 Y111.902 E4.94626
G1 X113.137 Y112.212 E4.97614
G1 X112.629 Y112.629 E5.006
G1 X112.212 Y113.137 E5.03586
G1 X111.902 Y113.717 E5.06574
G1 X111.712 Y114.346 E5.09559
G1 X111.647 Y115 E5.12545
G1 X111.712 Y115.654 E5.15531
G1 X111.902 Y116.283 E5.18516
G1 X112.212 Y116.863 E5.21504
G1 X112.629 Y117.371 E5.2449
G1 X113.137 Y117.788 E5.27476
G1 X113.717 Y118.098 E5.30464
G1 X114.346 Y118.288 E5.33449
G1 X115 Y118.353 E5.36435
G1 X115.654 Y118.288 E5.39421
G1 X116.283 Y118.098 E5.42406
G1 X116.863 Y117.788 E5.45394
G1 X117.371 Y117.371 E5.4838
G1 X117.788 Y116.863 E5.51366
G1 X118.098 Y116.283 E5.54354
G1 X118.288 Y115.654 E5.57339
G1 X118.293 Y115.611 E5.57536
M204 S2500
;LAYER_CHANGE
;Z:0.48
;HEIGHT:0.2
; BEFORE_LAYER_CHANGE 1 @ 0.48mm
G1 E4.17536 F4800
;WIPE_START
G1 F5760
G1 X118.288 Y115.654 E4.14109
G1 X118.098 Y116.283 E3.62091
G1 X118.071 Y116.334 E3.57536
;WIPE_END
G92 E0
G1 Z.48 F7200
; AFTER_LAYER_CHANGE 1 @ 0.48mm
G1 X113.498 Y122.388
G1 E2 F4800
;TYPE:Support material
;WIDTH:0.42
G1 F2049
G1 X113.293 Y121.934 E2.01562
G1 X113.376 Y121.475 E2.03025
G1 X113.634 Y121.165 E2.0429
G1 X114.06 Y121.005 E2.05717
G1 X114.084 Y120.586 E2.07033
G1 X114.708 Y120.717 E2.09032
G1 X115.211 Y121.183 E2.11182
G1 X115.351 Y121.501 E2.12271
G1 X115.351 Y122.189 E2.14428
G1 X114.99 Y122.777 E2.16591
G1 X114.381 Y123.088 E2.18735
G1 X114.029 Y123.108 E2.1984
G1 X113.688 Y123.032 E2.20935
G1 X113.133 Y122.624 E2.23095
G1 X112.873 Y121.987 E2.25252
G1 X112.987 Y121.306 E2.27417
G1 X113.384 Y120.823 E2.29377
G1 X113.696 Y120.655 E2.30488
G1 X114.027 Y120.583 E2.3155
G1 E.9155 F4800
;WIPE_START
G1 F5760
G1 X113.696 Y120.655 E.64733
G1 X113.384 Y120.823 E.3668
G1 X113.343 Y120.873 E.3155
;WIPE_END
G92 E0
G1 X118.048 Y121.38 F7200
G1 E2 F4800
G1 F2049
G1 X117.843 Y120.926 E2.01562
G1 X117.925 Y120.467 E2.03024
G1 X118.184 Y120.157 E2.04291
G1 X118.61 Y119.997 E2.05718
G1 X118.633 Y119.578 E2.07034
G1 X119.258 Y119.709 E2.09036
G1 X119.76 Y120.174 E2.11181
G1 X119.9 Y120.493 E2.12273
G1 X119.9 Y121.181 E2.1443
G1 X119.54 Y121.768 E2.16589
G1 X118.93 Y122.08 E2.18737
G1 X118.579 Y122.1 E2.19839
G1 X118.238 Y122.024 E2.20934
G1 X117.682 Y121.615 E2.23098
G1 X117.423 Y120.979 E2.25251
G1 X117.537 Y120.297 E2.27419
G1 X117.933 Y119.815 E2.29375
G1 X118.245 Y119.647 E2.30486
G1 X118.577 Y119.575 E2.31551
G1 E.91551 F4800
;WIPE_START
G1 F5760
G1 X118.245 Y119.647 E.64657
G1 X117.933 Y119.815 E.36604
G1 X117.892 Y119.864 E.31551
;WIPE_END
G92 E0
G1 X120.925 Y117.693 F7200
G1 E2 F4800
G1 F2049
G1 X120.72 Y117.239 E2.01562
G1 X120.802 Y116.78 E2.03024
G1 X121.061 Y116.47 E2.04291
G1 X121.487 Y116.31 E2.05718
G1 X121.511 Y115.891 E2.07034
G1 X122.135 Y116.022 E2.09033
G1 X122.638 Y116.487 E2.11181
G1 X122.777 Y116.806 E2.12272
G1 X122.777 Y117.494 E2.14429
G1 X122.417 Y118.081 E2.16588
G1 X121.808 Y118.393 E2.18733
G1 X121.456 Y118.413 E2.19838
G1 X121.115 Y118.337 E2.20933
G1 X120.56 Y117.928 E2.23095
G1 X120.3 Y117.292 E2.25249
G1 X120.414 Y116.611 E2.27414
G1 X120.811 Y116.128 E2.29374
G1 X121.123 Y115.96 E2.30485
G1 X121.454 Y115.888 E2.31547
G1 E.91547 F4800
;WIPE_START
G1 F5760
G1 X121.123 Y115.96 E.6473
G1 X120.811 Y116.128 E.36677
G1 X120.77 Y116.178 E.31547
;WIPE_END
G92 E0
G1 X120.821 Y113.101 F7200
G1 E2 F4800
G1 F2049
G1 X120.616 Y112.647 E2.01562
G1 X120.698 Y112.188 E2.03024
G1 X120.957 Y111.878 E2.04291
G1 X121.383 Y111.718 E2.05718
G1 X121.407 Y111.299 E2.07034
G1 X122.031 Y111.43 E2.09033
G1 X122.534 Y111.896 E2.11183
G1 X122.673 Y112.214 E2.12271
G1 X122.673 Y112.902 E2.14428
G1 X122.313 Y113.49 E2.1659
G1 X121.703 Y113.801 E2.18737
G1 X121.351 Y113.821 E2.19842
G1 X121.01 Y113.745 E2.20937
G1 X120.455 Y113.336 E2.23099
G1 X120.196 Y112.7 E2.25252
G1 X120.31 Y112.019 E2.27417
G1 X120.706 Y111.536 E2.29375
G1 X121.019 Y111.368 E2.30489
G1 X121.35 Y111.296 E2.31551
G1 E.91551 F4800
;WIPE_START
G1 F5760
G1 X121.019 Y111.368 E.64734
G1 X120.706 Y111.536 E.36611
G1 X120.665 Y111.585 E.31551
;WIPE_END
G92 E0
G1 X114.916 Y108.663 F7200
G1 E2 F4800
G1 F2049
G1 X114.711 Y108.208 E2.01565
G1 X114.793 Y107.75 E2.03024
G1 X115.052 Y107.44 E2.04291
G1 X115.478 Y107.28 E2.05718
G1 X115.502 Y106.86 E2.07037
G1 X116.126 Y106.991 E2.09036
G1 X116.629 Y107.457 E2.11186
G1 X116.768 Y107.775 E2.12274
G1 X116.768 Y108.464 E2.14434
G1 X116.408 Y109.051 E2.16593
G1 X115.799 Y109.362 E2.18737
G1 X115.447 Y109.382 E2.19842
G1 X115.106 Y109.306 E2.20937
G1 X114.551 Y108.898 E2.23097
G1 X114.291 Y108.261 E2.25254
G1 X114.405 Y107.58 E2.27419
G1 X114.802 Y107.097 E2.29379
G1 X115.114 Y106.929 E2.3049
G1 X115.445 Y106.857 E2.31552
G1 E.91552 F4800
;WIPE_START
G1 F5760
G1 X115.114 Y106.929 E.64735
G1 X114.802 Y107.097 E.36682
G1 X114.761 Y107.147 E.31552
;WIPE_END
G92 E0
G1 X108.901 Y111.332 F7200
G1 E2 F4800
G1 F2049
G1 X108.696 Y110.878 E2.01562
G1 X108.778 Y110.42 E2.03021
G1 X109.038 Y110.109 E2.04292
G1 X109.463 Y109.949 E2.05716
G1 X109.487 Y109.529 E2.07035
G1 X110.111 Y109.661 E2.09035
G1 X110.614 Y110.126 E2.11183
G1 X110.754 Y110.445 E2.12275
G1 X110.754 Y111.133 E2.14432
G1 X110.393 Y111.72 E2.16593
G1 X109.784 Y112.032 E2.18738
G1 X109.432 Y112.051 E2.19843
G1 X109.091 Y111.976 E2.20938
G1 X108.536 Y111.567 E2.231
G1 X108.276 Y110.931 E2.25254
G1 X108.39 Y110.25 E2.27419
G1 X108.787 Y109.766 E2.29382
G1 X109.099 Y109.598 E2.30493
G1 X109.431 Y109.526 E2.31558
G1 E.91558 F4800
;WIPE_START
G1 F5760
G1 X109.099 Y109.598 E.64664
G1 X108.787 Y109.766 E.36611
G1 X108.747 Y109.815 E.31558
;WIPE_END
G92 E0
G1 X107.465 Y115.64 F7200
G1 E2 F4800
G1 F2049
G1 X107.26 Y115.185 E2.01565
G1 X107.342 Y114.727 E2.03024
G1 X107.601 Y114.417 E2.04291
G1 X108.027 Y114.257 E2.05718
G1 X108.051 Y113.837 E2.07037
G1 X108.675 Y113.968 E2.09036
G1 X109.178 Y114.434 E2.11186
G1 X109.317 Y114.752 E2.12274
G1 X109.317 Y115.441 E2.14434
G1 X108.957 Y116.028 E2.16593
G1 X108.348 Y116.339 E2.18737
G1 X107.996 Y116.359 E2.19842
G1 X107.655 Y116.284 E2.20937
G1 X107.1 Y115.875 E2.23099
G1 X106.84 Y115.238 E2.25256
G1 X106.954 Y114.557 E2.27421
G1 X107.351 Y114.075 E2.29379
G1 X107.663 Y113.906 E2.30492
G1 X107.994 Y113.834 E2.31554
G1 E.91554 F4800
;WIPE_START
G1 F5760
G1 X107.663 Y113.906 E.64737
G1 X107.351 Y114.075 E.36646
G1 X107.31 Y114.125 E.31554
;WIPE_END
G92 E0
G1 X109.151 Y120.061 F7200
G1 E2 F4800
G1 F2049
G1 X108.947 Y119.607 E2.01561
G1 X109.029 Y119.148 E2.03023
G1 X109.288 Y118.838 E2.0429
G1 X109.714 Y118.678 E2.05717
G1 X109.737 Y118.259 E2.07033
G1 X110.362 Y118.39 E2.09035
G1 X110.864 Y118.855 E2.1118
G1 X111.004 Y119.174 E2.12272
G1 X111.004 Y119.862 E2.14429
G1 X110.643 Y120.449 E2.1659
G1 X110.034 Y120.761 E2.18735
G1 X109.682 Y120.781 E2.1984
G1 X109.342 Y120.705 E2.20932
G1 X108.786 Y120.296 E2.23096
G1 X108.527 Y119.66 E2.25249
G1 X108.64 Y118.979 E2.27413
G1 X109.037 Y118.496 E2.29373
G1 X109.349 Y118.328 E2.30484
G1 X109.681 Y118.256 E2.31549
G1 E.91549 F4800
;WIPE_START
G1 F5760
G1 X109.349 Y118.328 E.64655
G1 X109.037 Y118.496 E.36602
G1 X108.997 Y118.545 E.31549
;WIPE_END
G92 E0
G1 X119.113 Y112.238 F7200
G1 E2 F4800
;TYPE:External perimeter
;WIDTH:0.45
G1 F2049
G1 X119.12 Y112.247 E2.00039
G1 X119.37 Y112.664 E2.01685
G1 X119.578 Y113.104 E2.03332
G1 X119.741 Y113.562 E2.04978
G1 X119.859 Y114.033 E2.06622
G1 X119.931 Y114.514 E2.08268
G1 X119.955 Y115 E2.09915
G1 X119.931 Y115.486 E2.11562
G1 X119.859 Y115.967 E2.13208
G1 X119.741 Y116.438 E2.14852
G1 X119.578 Y116.896 E2.16498
G1 X119.37 Y117.336 E2.18145
G1 X119.12 Y117.753 E2.19791
G1 X118.83 Y118.143 E2.21436
G1 X118.504 Y118.504 E2.23082
G1 X118.143 Y118.83 E2.24728
G1 X117.753 Y119.12 E2.26373
G1 X117.336 Y119.37 E2.28019
G1 X116.896 Y119.578 E2.29666
G1 X116.438 Y119.741 E2.31312
G1 X115.967 Y119.86 E2.32956
G1 X115.486 Y119.931 E2.34602
G1 X115 Y119.955 E2.36249
G1 X114.514 Y119.931 E2.37896
G1 X114.033 Y119.86 E2.39542
G1 X113.562 Y119.741 E2.41186
G1 X113.104 Y119.578 E2.42832
G1 X112.664 Y119.37 E2.44479
G1 X112.247 Y119.12 E2.46125
G1 X111.857 Y118.83 E2.4777
G1 X111.496 Y118.504 E2.49416
G1 X111.17 Y118.143 E2.51062
G1 X110.88 Y117.753 E2.52707
G1 X110.63 Y117.336 E2.54353
G1 X110.422 Y116.896 E2.56
G1 X110.259 Y116.438 E2.57646
G1 X110.14 Y115.967 E2.5929
G1 X110.069 Y115.486 E2.60936
G1 X110.045 Y115 E2.62583
G1 X110.069 Y114.514 E2.6423
G1 X110.14 Y114.033 E2.65876
G1 X110.259 Y113.562 E2.6752
G1 X110.422 Y113.104 E2.69166
G1 X110.63 Y112.664 E2.70813
G1 X110.88 Y112.247 E2.72459
G1 X111.17 Y111.857 E2.74104
G1 X111.496 Y111.497 E2.75748
G1 X111.857 Y111.17 E2.77397
G1 X112.247 Y110.88 E2.79042
G1 X112.664 Y110.63 E2.80688
G1 X113.104 Y110.422 E2.82335
G1 X113.562 Y110.259 E2.83981
G1 X114.033 Y110.141 E2.85625
G1 X114.513 Y110.069 E2.87268
G1 X115.079 Y110.047 E2.89185
G1 X115.485 Y110.069 E2.90561
G1 X115.967 Y110.141 E2.92211
G1 X116.438 Y110.259 E2.93855
G1 X116.896 Y110.422 E2.95501
G1 X117.336 Y110.63 E2.97148
G1 X117.753 Y110.88 E2.98794
G1 X118.143 Y111.17 E3.00439
G1 X118.504 Y111.496 E3.02085
G1 X118.83 Y111.857 E3.03731
G1 X119.077 Y112.19 E3.05134
G1 X118.784 Y112.436 F7200
;TYPE:Perimeter
;WIDTH:0.4
G1 F2049
G1 X118.802 Y112.46 E3.05223
G1 X119.032 Y112.845 E3.06555
G1 X119.224 Y113.25 E3.07886
G1 X119.375 Y113.673 E3.0922
G1 X119.484 Y114.108 E3.10552
G1 X119.55 Y114.552 E3.11885
G1 X119.572 Y115 E3.13217
G1 X119.55 Y115.448 E3.14549
G1 X119.484 Y115.892 E3.15882
G1 X119.375 Y116.327 E3.17214
G1 X119.224 Y116.75 E3.18548
G1 X119.032 Y117.155 E3.19879
G1 X118.802 Y117.54 E3.21211
G1 X118.534 Y117.901 E3.22546
G1 X118.233 Y118.233 E3.23877
G1 X117.901 Y118.534 E3.25208
G1 X117.54 Y118.802 E3.26543
G1 X117.155 Y119.032 E3.27875
G1 X116.75 Y119.224 E3.29206
G1 X116.327 Y119.375 E3.3054
G1 X115.892 Y119.484 E3.31872
G1 X115.448 Y119.55 E3.33205
G1 X115 Y119.572 E3.34537
G1 X114.552 Y119.55 E3.35869
G1 X114.108 Y119.484 E3.37202
G1 X113.673 Y119.375 E3.38534
G1 X113.25 Y119.224 E3.39868
G1 X112.845 Y119.032 E3.41199
G1 X112.46 Y118.802 E3.42531
G1 X112.099 Y118.534 E3.43866
G1 X111.767 Y118.233 E3.45197
G1 X111.466 Y117.901 E3.46528
G1 X111.198 Y117.54 E3.47863
G1 X110.968 Y117.155 E3.49195
G1 X110.776 Y116.75 E3.50526
G1 X110.625 Y116.327 E3.5186
G1 X110.516 Y115.892 E3.53192
G1 X110.45 Y115.448 E3.54525
G1 X110.428 Y115 E3.55857
G1 X110.45 Y114.552 E3.57189
G1 X110.516 Y114.108 E3.58522
G1 X110.625 Y113.673 E3.59854
G1 X110.776 Y113.25 E3.61188
G1 X110.968 Y112.845 E3.62519
G1 X111.198 Y112.46 E3.63851
G1 X111.466 Y112.099 E3.65186
G1 X111.767 Y111.767 E3.66517
G1 X112.099 Y111.466 E3.67848
G1 X112.46 Y111.198 E3.69183
G1 X112.845 Y110.968 E3.70515
G1 X113.25 Y110.776 E3.71846
G1 X113.673 Y110.625 E3.7318
G1 X114.108 Y110.516 E3.74512
G1 X114.549 Y110.45 E3.75836
G1 X115.076 Y110.43 E3.77402
G1 X115.447 Y110.45 E3.78505
G1 X115.892 Y110.516 E3.79841
G1 X116.327 Y110.625 E3.81173
G1 X116.75 Y110.776 E3.82507
G1 X117.155 Y110.968 E3.83838
G1 X117.54 Y111.198 E3.8517
G1 X117.901 Y111.466 E3.86505
G1 X118.233 Y111.767 E3.87836
G1 X118.534 Y112.099 E3.89167
G1 X118.748 Y112.388 E3.90235
G1 X118.476 Y112.621 F7200
G1 F2049
G1 X118.504 Y112.658 E3.90373
G1 X118.717 Y113.013 E3.91602
G1 X118.894 Y113.387 E3.92831
G1 X119.033 Y113.777 E3.9406
G1 X119.134 Y114.178 E3.95288
G1 X119.194 Y114.587 E3.96515
G1 X119.215 Y115 E3.97743
G1 X119.194 Y115.413 E3.98971
G1 X119.134 Y115.822 E4.00198
G1 X119.033 Y116.223 E4.01426
G1 X118.894 Y116.613 E4.02655
G1 X118.717 Y116.987 E4.03884
G1 X118.504 Y117.342 E4.05113
G1 X118.258 Y117.674 E4.0634
G1 X117.98 Y117.98 E4.07568
G1 X117.674 Y118.258 E4.08796
G1 X117.342 Y118.504 E4.10023
G1 X116.987 Y118.717 E4.11252
G1 X116.613 Y118.894 E4.12481
G1 X116.223 Y119.033 E4.1371
G1 X115.822 Y119.134 E4.14938
G1 X115.413 Y119.194 E4.16165
G1 X115 Y119.215 E4.17393
G1 X114.587 Y119.194 E4.18621
G1 X114.178 Y119.134 E4.19848
G1 X113.777 Y119.033 E4.21076
G1 X113.387 Y118.894 E4.22305
G1 X113.013 Y118.717 E4.23534
G1 X112.658 Y118.504 E4.24763
G1 X112.326 Y118.258 E4.2599
G1 X112.02 Y117.98 E4.27218
G1 X111.742 Y117.674 E4.28446
G1 X111.496 Y117.342 E4.29673
G1 X111.283 Y116.987 E4.30902
G1 X111.106 Y116.613 E4.32131
G1 X110.967 Y116.223 E4.3336
G1 X110.866 Y115.822 E4.34588
G1 X110.806 Y115.413 E4.35815
G1 X110.785 Y115 E4.37043
G1 X110.806 Y114.587 E4.38271
G1 X110.866 Y114.178 E4.39498
G1 X110.967 Y113.777 E4.40726
G1 X111.106 Y113.387 E4.41955
G1 X111.283 Y113.013 E4.43184
G1 X111.496 Y112.658 E4.44413
G1 X111.742 Y112.326 E4.4564
G1 X112.02 Y112.02 E4.46868
G1 X112.326 Y111.742 E4.48096
G1 X112.658 Y111.496 E4.49323
G1 X113.013 Y111.283 E4.50552
G1 X113.387 Y111.106 E4.51781
G1 X113.777 Y110.967 E4.5301
G1 X114.178 Y110.866 E4.54238
G1 X114.582 Y110.806 E4.55451
G1 X115.074 Y110.787 E4.56913
G1 X115.411 Y110.805 E4.57915
G1 X115.822 Y110.866 E4.59149
G1 X116.223 Y110.967 E4.60377
G1 X116.613 Y111.106 E4.61606
G1 X116.987 Y111.283 E4.62835
G1 X117.342 Y111.496 E4.64064
G1 X117.674 Y111.742 E4.65291
G1 X117.98 Y112.02 E4.66519
G1 X118.258 Y112.326 E4.67747
G1 X118.44 Y112.572 E4.68656
G1 E3.28656 F4800
;WIPE_START
G1 F5760
G1 X118.476 Y112.621 E3.23842
G1 X118.504 Y112.658 E3.20169
G1 X118.717 Y113.013 E2.87394
G1 X118.818 Y113.227 E2.68656
;WIPE_END
G92 E0
G1 X116.713 Y115.341 F7200
G1 E2 F4800
;TYPE:External perimeter
;WIDTH:0.45
G1 F2049
G1 X116.613 Y115.668 E2.01157
G1 X116.452 Y115.97 E2.02315
G1 X116.235 Y116.235 E2.03474
G1 X115.97 Y116.452 E2.04633
G1 X115.668 Y116.613 E2.05791
G1 X115.341 Y116.713 E2.06948
G1 X115 Y116.746 E2.08108
G1 X114.659 Y116.713 E2.09268
G1 X114.332 Y116.613 E2.10425
G1 X114.03 Y116.452 E2.11583
G1 X113.765 Y116.235 E2.12742
G1 X113.548 Y115.97 E2.13901
G1 X113.387 Y115.668 E2.15059
G1 X113.287 Y115.341 E2.16216
G1 X113.254 Y115 E2.17376
G1 X113.287 Y114.659 E2.18536
G1 X113.387 Y114.332 E2.19693
G1 X113.548 Y114.03 E2.20851
G1 X113.765 Y113.765 E2.2201
G1 X114.03 Y113.548 E2.23169
G1 X114.332 Y113.387 E2.24327
G1 X114.659 Y113.287 E2.25484
G1 X114.995 Y113.254 E2.26627
G1 X115.34 Y113.287 E2.278
G1 X115.668 Y113.387 E2.28961
G1 X115.97 Y113.548 E2.30119
G1 X116.235 Y113.765 E2.31278
G1 X116.452 Y114.03 E2.32437
G1 X116.613 Y114.332 E2.33595
G1 X116.713 Y114.659 E2.34752
G1 X116.746 Y115 E2.35912
G1 X116.719 Y115.281 E2.36868
G1 X117.089 Y115.416 F7200
;TYPE:Perimeter
;WIDTH:0.4
G1 F2049
G1 X116.968 Y115.815 E2.38106
G1 X116.771 Y116.183 E2.39345
G1 X116.506 Y116.506 E2.40585
G1 X116.183 Y116.771 E2.41825
G1 X115.815 Y116.968 E2.43064
G1 X115.416 Y117.089 E2.44302
G1 X115 Y117.13 E2.45543
G1 X114.584 Y117.089 E2.46784
G1 X114.185 Y116.968 E2.48022
G1 X113.817 Y116.771 E2.49261
G1 X113.494 Y116.506 E2.50501
G1 X113.229 Y116.183 E2.51741
G1 X113.032 Y115.815 E2.5298
G1 X112.911 Y115.416 E2.54218
G1 X112.87 Y115 E2.55459
G1 X112.911 Y114.584 E2.567
G1 X113.032 Y114.185 E2.57938
G1 X113.229 Y113.817 E2.59177
G1 X113.494 Y113.494 E2.60417
G1 X113.817 Y113.229 E2.61657
G1 X114.185 Y113.032 E2.62896
G1 X114.584 Y112.911 E2.64134
G1 X114.994 Y112.87 E2.65357
G1 X115.415 Y112.911 E2.66613
G1 X115.815 Y113.032 E2.67854
G1 X116.183 Y113.229 E2.69093
G1 X116.506 Y113.494 E2.70333
G1 X116.771 Y113.817 E2.71573
G1 X116.968 Y114.185 E2.72812
G1 X117.089 Y114.584 E2.7405
G1 X117.13 Y115 E2.75291
G1 X117.095 Y115.356 E2.76353
G1 X117.441 Y115.486 F7200
G1 F2049
G1 X117.299 Y115.952 E2.77799
G1 X117.069 Y116.383 E2.7925
G1 X116.76 Y116.76 E2.80697
G1 X116.383 Y117.069 E2.82144
G1 X115.952 Y117.299 E2.83595
G1 X115.486 Y117.441 E2.85041
G1 X115 Y117.489 E2.86491
G1 X114.514 Y117.441 E2.87941
G1 X114.048 Y117.299 E2.89387
G1 X113.617 Y117.069 E2.90838
G1 X113.24 Y116.76 E2.92285
G1 X112.931 Y116.383 E2.93732
G1 X112.701 Y115.952 E2.95183
G1 X112.559 Y115.486 E2.96629
G1 X112.511 Y115 E2.98079
G1 X112.559 Y114.514 E2.99529
G1 X112.701 Y114.048 E3.00975
G1 X112.931 Y113.617 E3.02426
G1 X113.24 Y113.24 E3.03873
G1 X113.617 Y112.931 E3.0532
G1 X114.048 Y112.701 E3.06771
G1 X114.514 Y112.559 E3.08217
G1 X114.994 Y112.511 E3.09649
G1 X115.485 Y112.559 E3.11114
G1 X115.952 Y112.701 E3.12563
G1 X116.383 Y112.931 E3.14014
G1 X116.76 Y113.24 E3.15461
G1 X117.069 Y113.617 E3.16908
G1 X117.299 Y114.048 E3.18359
G1 X117.441 Y114.514 E3.19805
G1 X117.489 Y115 E3.21255
G1 X117.447 Y115.426 E3.22526
G1 E1.82526 F4800
;WIPE_START
G1 F5760
G1 X117.441 Y115.486 E1.77752
G1 X117.299 Y115.952 E1.39186
G1 X117.2 Y116.138 E1.22526
;WIPE_END
G92 E0
G1 X115.12 Y111.14 F7200
G1 E2 F4800
;TYPE:Solid infill
;WIDTH:0.499999
G1 F2049
G1 X115.872 Y111.242 E2.02884
G1 X116.589 Y111.485 E2.05761
G1 X117.244 Y111.863 E2.08635
G1 X117.813 Y112.361 E2.11509
G1 X118.274 Y112.96 E2.14382
G1 X118.609 Y113.638 E2.17256
G1 X118.805 Y114.368 E2.20129
G1 X118.855 Y115.123 E2.23005
G1 X118.757 Y115.873 E2.2588
G1 X118.515 Y116.589 E2.28752
G1 X118.137 Y117.244 E2.31626
G1 X117.695 Y117.767 E2.34229
G1 X117.04 Y118.274 E2.37377
G1 X116.362 Y118.609 E2.40251
G1 X115.632 Y118.805 E2.43124
G1 X114.877 Y118.855 E2.46
G1 X114.127 Y118.757 E2.48875
G1 X113.411 Y118.515 E2.51747
G1 X112.756 Y118.137 E2.54621
G1 X112.187 Y117.639 E2.57495
G1 X111.726 Y117.04 E2.60368
G1 X111.391 Y116.362 E2.63242
G1 X111.195 Y115.632 E2.66115
G1 X111.145 Y114.877 E2.68991
G1 X111.243 Y114.127 E2.71866
G1 X111.485 Y113.411 E2.74738
G1 X111.863 Y112.756 E2.77612
G1 X112.361 Y112.187 E2.80486
G1 X112.96 Y111.726 E2.83359
G1 X113.638 Y111.391 E2.86233
G1 X114.372 Y111.196 E2.89119
G1 X114.893 Y111.157 E2.91105
G1 X114.838 Y111.671 E2.9307
;WIDTH:0.61482
G1 X114.417 Y111.706 E2.95079
;WIDTH:0.611656
G1 X113.787 Y111.882 E2.98172
G1 X113.202 Y112.178 E3.01272
G1 X112.686 Y112.583 E3.04374
G1 X112.259 Y113.081 E3.07476
G1 X111.938 Y113.653 E3.10578
G1 X111.734 Y114.276 E3.13678
G1 X111.655 Y114.927 E3.16779
G1 X111.705 Y115.581 E3.19881
G1 X111.882 Y116.213 E3.22985
G1 X112.178 Y116.798 E3.26085
G1 X112.583 Y117.314 E3.29187
G1 X113.081 Y117.741 E3.32289
G1 X113.653 Y118.062 E3.35391
G1 X114.276 Y118.266 E3.38491
G1 X114.927 Y118.345 E3.41592
G1 X115.581 Y118.295 E3.44694
G1 X116.213 Y118.118 E3.47798
G1 X116.798 Y117.822 E3.50898
G1 X117.314 Y117.417 E3.54
;WIDTH:0.615232
G1 X117.741 Y116.919 E3.57122
;WIDTH:0.611664
G1 X118.062 Y116.347 E3.60224
G1 X118.266 Y115.724 E3.63324
G1 X118.345 Y115.073 E3.66425
G1 X118.295 Y114.419 E3.69527
G1 X118.118 Y113.787 E3.72631
G1 X117.822 Y113.202 E3.75732
G1 X117.417 Y112.686 E3.78834
G1 X116.919 Y112.259 E3.81936
G1 X116.347 Y111.938 E3.85038
G1 X115.723 Y111.733 E3.88144
;WIDTH:0.617274
G1 X115.066 Y111.653 E3.91305
;WIDTH:0.499999
G1 X114.971 Y112.166 E3.93288
G1 X115.53 Y112.215 E3.95421
G1 X116.064 Y112.373 E3.97538
G1 X116.556 Y112.631 E3.99649
G1 X116.988 Y112.98 E4.0176
G1 X117.344 Y113.407 E4.03873
G1 X117.61 Y113.895 E4.05985
G1 X117.776 Y114.425 E4.08096
G1 X117.834 Y114.978 E4.10209
G1 X117.784 Y115.531 E4.12319
G1 X117.627 Y116.064 E4.14431
G1 X117.369 Y116.556 E4.16542
G1 X117.02 Y116.988 E4.18653
G1 X116.593 Y117.344 E4.20766
G1 X116.105 Y117.61 E4.22878
G1 X115.575 Y117.776 E4.24989
G1 X115.022 Y117.834 E4.27102
G1 X114.469 Y117.784 E4.29212
G1 X113.936 Y117.627 E4.31324
G1 X113.444 Y117.369 E4.33435
G1 X113.012 Y117.02 E4.35546
G1 X112.656 Y116.593 E4.37659
G1 X112.39 Y116.105 E4.39771
G1 X112.224 Y115.575 E4.41882
G1 X112.166 Y115.022 E4.43995
G1 X112.216 Y114.469 E4.46105
G1 X112.373 Y113.936 E4.48217
G1 X112.631 Y113.444 E4.50328
G1 X112.98 Y113.012 E4.52439
G1 X113.407 Y112.656 E4.54552
G1 X113.895 Y112.39 E4.56664
G1 X114.424 Y112.225 E4.5877
G1 X114.744 Y112.19 E4.59993
M106 S255
;LAYER_CHANGE
;Z:0.68
;HEIGHT:0.2
; BEFORE_LAYER_CHANGE 2 @ 0.68mm
G1 E3.19993 F4800
;WIPE_START
G1 F5760
G1 X114.424 Y112.225 E2.94509
G1 X114.007 Y112.355 E2.59993
;WIPE_END
G92 E0
G1 Z.68 F7200
; AFTER_LAYER_CHANGE 2 @ 0.68mm
G1 X113.63 Y122.532
G1 E2 F4800
;TYPE:Support material
;WIDTH:0.42
G1 F2074
G1 X113.35 Y122.185 E2.01398
G1 X113.287 Y121.729 E2.02841
G1 X113.47 Y121.308 E2.0428
G1 X113.64 Y121.149 E2.0501
G1 X114.073 Y120.996 E2.0645
G1 X114.1 Y120.576 E2.0777
G1 X114.718 Y120.713 E2.09755
G1 X115.221 Y121.183 E2.11913
G1 X115.407 Y121.845 E2.14069
G1 X115.36 Y122.19 E2.15161
G1 X115.002 Y122.778 E2.17319
G1 X114.391 Y123.095 E2.19477
G1 X113.704 Y123.048 E2.21636
G1 X113.141 Y122.651 E2.23796
G1 X112.867 Y122.019 E2.25956
G1 X112.961 Y121.337 E2.28115
G1 X113.395 Y120.803 E2.30273
G1 X114.044 Y120.573 E2.32432
G1 E.92432 F4800
;WIPE_START
G1 F5760
G1 X113.395 Y120.803 E.37922
G1 X113.351 Y120.857 E.32432
;WIPE_END
G92 E0
G1 X118.179 Y121.524 F7200
G1 E2 F4800
G1 F2074
G1 X117.899 Y121.177 E2.01398
G1 X117.836 Y120.721 E2.02841
G1 X118.02 Y120.299 E2.04284
G1 X118.189 Y120.141 E2.05009
G1 X118.622 Y119.987 E2.0645
G1 X118.65 Y119.568 E2.07767
G1 X119.267 Y119.704 E2.09748
G1 X119.771 Y120.174 E2.11909
G1 X119.909 Y120.493 E2.12999
G1 X119.909 Y121.181 E2.15156
G1 X119.551 Y121.77 E2.17317
G1 X118.94 Y122.086 E2.19474
G1 X118.253 Y122.039 E2.21633
G1 X117.691 Y121.642 E2.2379
G1 X117.416 Y121.011 E2.25948
G1 X117.51 Y120.329 E2.28107
G1 X117.945 Y119.795 E2.30267
G1 X118.593 Y119.564 E2.32424
G1 E.92424 F4800
;WIPE_START
G1 F5760
G1 X117.945 Y119.795 E.37962
G1 X117.901 Y119.849 E.32424
;WIPE_END
G92 E0
G1 X121.056 Y117.837 F7200
G1 E2 F4800
G1 F2074
G1 X120.776 Y117.49 E2.01398
G1 X120.714 Y117.034 E2.02841
G1 X120.897 Y116.612 E2.04283
G1 X121.066 Y116.454 E2.05008
G1 X121.5 Y116.3 E2.06452
G1 X121.527 Y115.881 E2.07768
G1 X122.145 Y116.017 E2.09752
G1 X122.648 Y116.487 E2.1191
G1 X122.834 Y117.15 E2.14069
G1 X122.786 Y117.494 E2.15158
G1 X122.429 Y118.083 E2.17318
G1 X121.817 Y118.399 E2.19478
G1 X121.13 Y118.352 E2.21637
G1 X120.568 Y117.955 E2.23794
G1 X120.294 Y117.324 E2.25951
G1 X120.387 Y116.642 E2.28109
G1 X120.822 Y116.108 E2.30269
G1 X121.471 Y115.877 E2.32429
G1 E.92429 F4800
;WIPE_START
G1 F5760
G1 X120.822 Y116.108 E.37892
G1 X120.778 Y116.161 E.32429
;WIPE_END
G92 E0
G1 X120.952 Y113.245 F7200
G1 E2 F4800
G1 F2074
G1 X120.672 Y112.898 E2.01398
G1 X120.61 Y112.442 E2.02841
G1 X120.793 Y112.021 E2.0428
G1 X120.962 Y111.862 E2.05008
G1 X121.396 Y111.708 E2.06452
G1 X121.423 Y111.289 E2.07768
G1 X122.041 Y111.426 E2.09753
G1 X122.544 Y111.895 E2.11909
G1 X122.73 Y112.558 E2.14068
G1 X122.682 Y112.903 E2.1516
G1 X122.325 Y113.491 E2.17317
G1 X121.713 Y113.808 E2.19478
G1 X121.026 Y113.761 E2.21637
G1 X120.464 Y113.364 E2.23794
G1 X120.19 Y112.732 E2.25954
G1 X120.283 Y112.05 E2.28112
G1 X120.718 Y111.516 E2.30272
G1 X121.367 Y111.285 E2.32432
G1 E.92432 F4800
;WIPE_START
G1 F5760
G1 X120.718 Y111.516 E.37895
G1 X120.674 Y111.57 E.32432
;WIPE_END
G92 E0
G1 X115.047 Y108.806 F7200
G1 E2 F4800
G1 F2074
G1 X114.767 Y108.459 E2.01398
G1 X114.705 Y108.004 E2.02838
G1 X114.888 Y107.582 E2.0428
G1 X115.057 Y107.424 E2.05005
G1 X115.491 Y107.27 E2.06449
G1 X115.518 Y106.851 E2.07765
G1 X116.136 Y106.987 E2.09749
G1 X116.639 Y107.457 E2.11907
G1 X116.825 Y108.12 E2.14066
G1 X116.777 Y108.464 E2.15155
G1 X116.42 Y109.052 E2.17312
G1 X115.808 Y109.369 E2.19473
G1 X115.121 Y109.322 E2.21632
G1 X114.559 Y108.925 E2.23789
G1 X114.285 Y108.293 E2.25949
G1 X114.378 Y107.611 E2.28107
G1 X114.813 Y107.077 E2.30267
G1 X115.462 Y106.847 E2.32426
G1 E.92426 F4800
;WIPE_START
G1 F5760
G1 X114.813 Y107.077 E.37916
G1 X114.769 Y107.131 E.32426
;WIPE_END
G92 E0
G1 X109.033 Y111.476 F7200
G1 E2 F4800
G1 F2074
G1 X108.752 Y111.128 E2.01402
G1 X108.69 Y110.673 E2.02842
G1 X108.873 Y110.251 E2.04284
G1 X109.043 Y110.093 E2.05012
G1 X109.476 Y109.939 E2.06453
G1 X109.503 Y109.52 E2.07769
G1 X110.121 Y109.656 E2.09753
G1 X110.624 Y110.126 E2.11911
G1 X110.81 Y110.789 E2.1407
G1 X110.762 Y111.133 E2.15159
G1 X110.405 Y111.721 E2.17316
G1 X109.793 Y112.038 E2.19477
G1 X109.107 Y111.991 E2.21633
G1 X108.544 Y111.594 E2.23793
G1 X108.27 Y110.963 E2.2595
G1 X108.364 Y110.281 E2.28109
G1 X108.798 Y109.746 E2.30269
G1 X109.447 Y109.516 E2.32428
G1 E.92428 F4800
;WIPE_START
G1 F5760
G1 X108.798 Y109.746 E.37918
G1 X108.754 Y109.8 E.32428
;WIPE_END
G92 E0
G1 X107.596 Y115.784 F7200
G1 E2 F4800
G1 F2074
G1 X107.316 Y115.436 E2.014
G1 X107.254 Y114.981 E2.0284
G1 X107.437 Y114.559 E2.04282
G1 X107.606 Y114.401 E2.05007
G1 X108.04 Y114.247 E2.06451
G1 X108.067 Y113.828 E2.07767
G1 X108.685 Y113.964 E2.09751
G1 X109.188 Y114.434 E2.11909
G1 X109.374 Y115.097 E2.14068
G1 X109.326 Y115.441 E2.15157
G1 X108.969 Y116.029 E2.17314
G1 X108.357 Y116.346 E2.19475
G1 X107.67 Y116.299 E2.21634
G1 X107.108 Y115.902 E2.23791
G1 X106.834 Y115.271 E2.25948
G1 X106.927 Y114.589 E2.28106
G1 X107.362 Y114.054 E2.30268
G1 X108.011 Y113.824 E2.32427
G1 E.92427 F4800
;WIPE_START
G1 F5760
G1 X107.362 Y114.054 E.37917
G1 X107.318 Y114.108 E.32427
;WIPE_END
G92 E0
G1 X109.283 Y120.205 F7200
G1 E2 F4800
G1 F2074
G1 X109.003 Y119.858 E2.01398
G1 X108.94 Y119.402 E2.02841
G1 X109.123 Y118.981 E2.0428
G1 X109.293 Y118.822 E2.0501
G1 X109.726 Y118.668 E2.06451
G1 X109.754 Y118.249 E2.07768
G1 X110.371 Y118.385 E2.09749
G1 X110.874 Y118.855 E2.11907
G1 X111.06 Y119.518 E2.14066
G1 X111.013 Y119.862 E2.15155
G1 X110.655 Y120.451 E2.17316
G1 X110.044 Y120.767 E2.19473
G1 X109.357 Y120.72 E2.21632
G1 X108.795 Y120.323 E2.23789
G1 X108.52 Y119.692 E2.25947
G1 X108.614 Y119.01 E2.28106
G1 X109.048 Y118.476 E2.30264
G1 X109.697 Y118.245 E2.32424
G1 E.92424 F4800
;WIPE_START
G1 F5760
G1 X109.048 Y118.476 E.37887
G1 X109.004 Y118.53 E.32424
;WIPE_END
G92 E0
G1 X119.113 Y112.238 F7200
G1 E2 F4800
;TYPE:External perimeter
;WIDTH:0.45
G1 F2074
G1 X119.12 Y112.247 E2.00039
G1 X119.37 Y112.664 E2.01685
G1 X119.578 Y113.104 E2.03332
G1 X119.741 Y113.562 E2.04978
G1 X119.859 Y114.033 E2.06622
G1 X119.931 Y114.514 E2.08268
G1 X119.955 Y115 E2.09915
G1 X119.931 Y115.486 E2.11562
G1 X119.859 Y115.967 E2.13208
G1 X119.741 Y116.438 E2.14852
G1 X119.578 Y116.896 E2.16498
G1 X119.37 Y117.336 E2.18145
G1 X119.12 Y117.753 E2.19791
G1 X118.83 Y118.143 E2.21436
G1 X118.503 Y118.504 E2.23085
G1 X118.143 Y118.83 E2.24729
G1 X117.753 Y119.12 E2.26374
G1 X117.336 Y119.37 E2.2802
G1 X116.896 Y119.578 E2.29667
G1 X116.438 Y119.741 E2.31313
G1 X115.967 Y119.86 E2.32957
G1 X115.486 Y119.931 E2.34603
G1 X115 Y119.955 E2.3625
G1 X114.514 Y119.931 E2.37897
G1 X114.033 Y119.86 E2.39543
G1 X113.562 Y119.741 E2.41187
G1 X113.104 Y119.578 E2.42833
G1 X112.664 Y119.37 E2.4448
G1 X112.247 Y119.12 E2.46126
G1 X111.857 Y118.83 E2.47771
G1 X111.496 Y118.504 E2.49417
G1 X111.17 Y118.143 E2.51063
G1 X110.88 Y117.753 E2.52708
G1 X110.63 Y117.336 E2.54354
G1 X110.422 Y116.896 E2.56001
G1 X110.259 Y116.438 E2.57647
G1 X110.14 Y115.967 E2.59291
G1 X110.069 Y115.486 E2.60937
G1 X110.045 Y115 E2.62584
G1 X110.069 Y114.514 E2.64231
G1 X110.14 Y114.033 E2.65877
G1 X110.259 Y113.562 E2.67521
G1 X110.422 Y113.104 E2.69167
G1 X110.63 Y112.664 E2.70814
G1 X110.88 Y112.247 E2.7246
G1 X111.17 Y111.857 E2.74105
G1 X111.496 Y111.496 E2.75751
G1 X111.857 Y111.17 E2.77397
G1 X112.247 Y110.88 E2.79042
G1 X112.664 Y110.63 E2.80688
G1 X113.104 Y110.422 E2.82335
G1 X113.562 Y110.259 E2.83981
G1 X114.033 Y110.141 E2.85625
G1 X114.513 Y110.069 E2.87268
G1 X115.121 Y110.048 E2.89327
G1 X115.485 Y110.069 E2.90561
G1 X115.967 Y110.141 E2.92211
G1 X116.438 Y110.259 E2.93855
G1 X116.896 Y110.422 E2.95501
G1 X117.336 Y110.63 E2.97148
G1 X117.753 Y110.88 E2.98794
G1 X118.143 Y111.17 E3.00439
G1 X118.504 Y111.497 E3.02088
G1 X118.83 Y111.857 E3.03732
G1 X119.077 Y112.19 E3.05135
G1 X118.784 Y112.436 F7200
;TYPE:Perimeter
;WIDTH:0.4
G1 F2074
G1 X118.802 Y112.46 E3.05224
G1 X119.032 Y112.845 E3.06556
G1 X119.224 Y113.25 E3.07887
G1 X119.375 Y113.673 E3.09221
G1 X119.484 Y114.108 E3.10553
G1 X119.55 Y114.552 E3.11886
G1 X119.572 Y115 E3.13218
G1 X119.55 Y115.448 E3.1455
G1 X119.484 Y115.892 E3.15883
G1 X119.375 Y116.327 E3.17215
G1 X119.224 Y116.75 E3.18549
G1 X119.032 Y117.155 E3.1988
G1 X118.802 Y117.54 E3.21212
G1 X118.534 Y117.901 E3.22547
G1 X118.233 Y118.233 E3.23878
G1 X117.901 Y118.534 E3.25209
G1 X117.54 Y118.802 E3.26544
G1 X117.155 Y119.032 E3.27876
G1 X116.75 Y119.224 E3.29207
G1 X116.327 Y119.375 E3.30541
G1 X115.892 Y119.484 E3.31873
G1 X115.448 Y119.55 E3.33206
G1 X115 Y119.572 E3.34538
G1 X114.552 Y119.55 E3.3587
G1 X114.108 Y119.484 E3.37203
G1 X113.673 Y119.375 E3.38535
G1 X113.25 Y119.224 E3.39869
G1 X112.845 Y119.032 E3.412
G1 X112.46 Y118.802 E3.42532
G1 X112.099 Y118.534 E3.43867
G1 X111.767 Y118.233 E3.45198
G1 X111.466 Y117.901 E3.46529
G1 X111.198 Y117.54 E3.47864
G1 X110.968 Y117.155 E3.49196
G1 X110.776 Y116.75 E3.50527
G1 X110.625 Y116.327 E3.51861
G1 X110.516 Y115.892 E3.53193
G1 X110.45 Y115.448 E3.54526
G1 X110.428 Y115 E3.55858
G1 X110.45 Y114.552 E3.5719
G1 X110.516 Y114.108 E3.58523
G1 X110.625 Y113.673 E3.59855
G1 X110.776 Y113.25 E3.61189
G1 X110.968 Y112.845 E3.6252
G1 X111.198 Y112.46 E3.63852
G1 X111.466 Y112.099 E3.65187
G1 X111.767 Y111.767 E3.66518
G1 X112.099 Y111.466 E3.67849
G1 X112.46 Y111.198 E3.69184
G1 X112.845 Y110.968 E3.70516
G1 X113.25 Y110.776 E3.71847
G1 X113.673 Y110.625 E3.73181
G1 X114.108 Y110.516 E3.74513
G1 X114.547 Y110.451 E3.75831
G1 X115.116 Y110.431 E3.77521
G1 X115.446 Y110.449 E3.78502
G1 X115.892 Y110.516 E3.79841
G1 X116.327 Y110.625 E3.81173
G1 X116.75 Y110.776 E3.82507
G1 X117.155 Y110.968 E3.83838
G1 X117.54 Y111.198 E3.8517
G1 X117.901 Y111.466 E3.86505
G1 X118.233 Y111.767 E3.87836
G1 X118.534 Y112.099 E3.89167
G1 X118.748 Y112.388 E3.90235
G1 X118.476 Y112.621 F7200
G1 F2074
G1 X118.504 Y112.658 E3.90373
G1 X118.717 Y113.013 E3.91602
G1 X118.894 Y113.387 E3.92831
G1 X119.033 Y113.777 E3.9406
G1 X119.134 Y114.178 E3.95288
G1 X119.194 Y114.587 E3.96515
G1 X119.215 Y115 E3.97743
G1 X119.194 Y115.413 E3.98971
G1 X119.134 Y115.822 E4.00198
G1 X119.033 Y116.223 E4.01426
G1 X118.894 Y116.613 E4.02655
G1 X118.717 Y116.987 E4.03884
G1 X118.504 Y117.342 E4.05113
G1 X118.258 Y117.674 E4.0634
G1 X117.98 Y117.98 E4.07568
G1 X117.674 Y118.258 E4.08796
G1 X117.342 Y118.504 E4.10023
G1 X116.987 Y118.717 E4.11252
G1 X116.613 Y118.894 E4.12481
G1 X116.223 Y119.033 E4.1371
G1 X115.822 Y119.134 E4.14938
G1 X115.413 Y119.194 E4.16165
G1 X115 Y119.215 E4.17393
G1 X114.587 Y119.194 E4.18621
G1 X114.178 Y119.134 E4.19848
G1 X113.777 Y119.033 E4.21076
G1 X113.387 Y118.894 E4.22305
G1 X113.013 Y118.717 E4.23534
G1 X112.658 Y118.504 E4.24763
G1 X112.326 Y118.258 E4.2599
G1 X112.02 Y117.98 E4.27218
G1 X111.742 Y117.674 E4.28446
G1 X111.496 Y117.342 E4.29673
G1 X111.283 Y116.987 E4.30902
G1 X111.106 Y116.613 E4.32131
G1 X110.967 Y116.223 E4.3336
G1 X110.866 Y115.822 E4.34588
G1 X110.806 Y115.413 E4.35815
G1 X110.785 Y115 E4.37043
G1 X110.806 Y114.587 E4.38271
G1 X110.866 Y114.178 E4.39498
G1 X110.967 Y113.777 E4.40726
G1 X111.106 Y113.387 E4.41955
G1 X111.283 Y113.013 E4.43184
G1 X111.496 Y112.658 E4.44413
G1 X111.742 Y112.326 E4.4564
G1 X112.02 Y112.02 E4.46868
G1 X112.326 Y111.742 E4.48096
G1 X112.658 Y111.496 E4.49323
G1 X113.013 Y111.283 E4.50552
G1 X113.387 Y111.106 E4.51781
G1 X113.777 Y110.967 E4.5301
G1 X114.178 Y110.866 E4.54238
G1 X114.58 Y110.807 E4.55444
G1 X115.112 Y110.788 E4.57025
G1 X115.409 Y110.805 E4.57908
G1 X115.822 Y110.866 E4.59148
G1 X116.223 Y110.967 E4.60376
G1 X116.613 Y111.106 E4.61605
G1 X116.987 Y111.283 E4.62834
G1 X117.342 Y111.496 E4.64063
G1 X117.674 Y111.742 E4.6529
G1 X117.98 Y112.02 E4.66518
G1 X118.258 Y112.326 E4.67746
G1 X118.44 Y112.572 E4.68655
G1 E3.28655 F4800
;WIPE_START
G1 F5760
G1 X118.476 Y112.621 E3.23841
G1 X118.504 Y112.658 E3.20168
G1 X118.717 Y113.013 E2.87393
G1 X118.818 Y113.227 E2.68655
;WIPE_END
G92 E0
G1 X116.713 Y115.341 F7200
G1 E2 F4800
;TYPE:External perimeter
;WIDTH:0.45
G1 F2074
G1 X116.613 Y115.668 E2.01157
G1 X116.452 Y115.97 E2.02315
G1 X116.235 Y116.235 E2.03474
G1 X115.97 Y116.452 E2.04633
G1 X115.668 Y116.613 E2.05791
G1 X115.341 Y116.713 E2.06948
G1 X115 Y116.746 E2.08108
G1 X114.659 Y116.713 E2.09268
G1 X114.332 Y116.613 E2.10425
G1 X114.03 Y116.452 E2.11583
G1 X113.765 Y116.235 E2.12742
G1 X113.548 Y115.97 E2.13901
G1 X113.387 Y115.668 E2.15059
G1 X113.287 Y115.341 E2.16216
G1 X113.254 Y115 E2.17376
G1 X113.287 Y114.659 E2.18536
G1 X113.387 Y114.332 E2.19693
G1 X113.548 Y114.03 E2.20851
G1 X113.765 Y113.765 E2.2201
G1 X114.03 Y113.548 E2.23169
G1 X114.332 Y113.387 E2.24327
G1 X114.659 Y113.287 E2.25484
G1 X114.992 Y113.254 E2.26617
G1 X115.34 Y113.287 E2.278
G1 X115.668 Y113.387 E2.28961
G1 X115.97 Y113.548 E2.30119
G1 X116.235 Y113.765 E2.31278
G1 X116.452 Y114.03 E2.32437
G1 X116.613 Y114.332 E2.33595
G1 X116.713 Y114.659 E2.34752
G1 X116.746 Y115 E2.35912
G1 X116.719 Y115.281 E2.36868
G1 X117.089 Y115.416 F7200
;TYPE:Perimeter
;WIDTH:0.4
G1 F2074
G1 X116.968 Y115.815 E2.38106
G1 X116.771 Y116.183 E2.39345
G1 X116.506 Y116.506 E2.40585
G1 X116.183 Y116.771 E2.41825
G1 X115.815 Y116.968 E2.43064
G1 X115.416 Y117.089 E2.44302
G1 X115 Y117.13 E2.45543
G1 X114.584 Y117.089 E2.46784
G1 X114.185 Y116.968 E2.48022
G1 X113.817 Y116.771 E2.49261
G1 X113.494 Y116.506 E2.50501
G1 X113.229 Y116.183 E2.51741
G1 X113.032 Y115.815 E2.5298
G1 X112.911 Y115.416 E2.54218
G1 X112.87 Y115 E2.55459
G1 X112.911 Y114.584 E2.567
G1 X113.032 Y114.185 E2.57938
G1 X113.229 Y113.817 E2.59177
G1 X113.494 Y113.494 E2.60417
G1 X113.817 Y113.229 E2.61657
G1 X114.185 Y113.032 E2.62896
G1 X114.584 Y112.911 E2.64134
G1 X114.991 Y112.87 E2.65349
G1 X115.415 Y112.911 E2.66614
G1 X115.815 Y113.032 E2.67855
G1 X116.183 Y113.229 E2.69094
G1 X116.506 Y113.494 E2.70334
G1 X116.771 Y113.817 E2.71574
G1 X116.968 Y114.185 E2.72813
G1 X117.089 Y114.584 E2.74051
G1 X117.13 Y115 E2.75292
G1 X117.095 Y115.356 E2.76354
G1 X117.441 Y115.486 F7200
G1 F2074
G1 X117.299 Y115.952 E2.778
G1 X117.069 Y116.383 E2.79251
G1 X116.76 Y116.76 E2.80698
G1 X116.383 Y117.069 E2.82145
G1 X115.952 Y117.299 E2.83596
G1 X115.486 Y117.441 E2.85042
G1 X115 Y117.489 E2.86492
G1 X114.514 Y117.441 E2.87942
G1 X114.048 Y117.299 E2.89388
G1 X113.617 Y117.069 E2.90839
G1 X113.24 Y116.76 E2.92286
G1 X112.931 Y116.383 E2.93733
G1 X112.701 Y115.952 E2.95184
G1 X112.559 Y115.486 E2.9663
G1 X112.511 Y115 E2.9808
G1 X112.559 Y114.514 E2.9953
G1 X112.701 Y114.048 E3.00976
G1 X112.931 Y113.617 E3.02427
G1 X113.24 Y113.24 E3.03874
G1 X113.617 Y112.931 E3.05321
G1 X114.048 Y112.701 E3.06772
G1 X114.514 Y112.559 E3.08218
G1 X114.99 Y112.511 E3.09638
G1 X115.484 Y112.558 E3.11111
G1 X115.952 Y112.701 E3.12564
G1 X116.383 Y112.931 E3.14015
G1 X116.76 Y113.24 E3.15462
G1 X117.069 Y113.617 E3.16909
G1 X117.299 Y114.048 E3.1836
G1 X117.441 Y114.514 E3.19806
G1 X117.489 Y115 E3.21256
G1 X117.447 Y115.426 E3.22527
G1 E1.82527 F4800
;WIPE_START
G1 F5760
G1 X117.441 Y115.486 E1.77753
G1 X117.299 Y115.952 E1.39187
G1 X117.2 Y116.138 E1.22527
;WIPE_END
G92 E0
G1 X111.133 Y115 F7200
G1 E2 F4800
;TYPE:Solid infill
;WIDTH:0.499999
G1 F2074
G1 X111.207 Y114.246 E2.02879
G1 X111.427 Y113.52 E2.05762
G1 X111.784 Y112.851 E2.08644
G1 X112.265 Y112.265 E2.11525
G1 X112.851 Y111.784 E2.14406
G1 X113.52 Y111.427 E2.17288
G1 X114.126 Y111.243 E2.19695
G1 X114.611 Y111.152 E2.2157
G1 X115.14 Y111.139 E2.23581
G1 X115.871 Y111.242 E2.26387
G1 X116.589 Y111.485 E2.29268
G1 X117.244 Y111.863 E2.32142
G1 X117.767 Y112.305 E2.34745
G1 X118.216 Y112.851 E2.37432
G1 X118.573 Y113.52 E2.40314
G1 X118.793 Y114.246 E2.43197
G1 X118.867 Y115 E2.46076
G1 X118.793 Y115.754 E2.48955
G1 X118.573 Y116.48 E2.51838
G1 X118.216 Y117.149 E2.5472
G1 X117.735 Y117.735 E2.57601
G1 X117.149 Y118.216 E2.60482
G1 X116.48 Y118.573 E2.63364
G1 X115.754 Y118.793 E2.66247
G1 X115 Y118.867 E2.69126
G1 X114.245 Y118.793 E2.72009
G1 X113.52 Y118.573 E2.74889
G1 X112.851 Y118.216 E2.77771
G1 X112.265 Y117.735 E2.80652
G1 X111.784 Y117.149 E2.83533
G1 X111.427 Y116.48 E2.86415
G1 X111.207 Y115.754 E2.89298
G1 X111.155 Y115.227 E2.91311
G1 X111.673 Y115.155 E2.93299
;WIDTH:0.611656
G1 X111.705 Y115.581 E2.95319
G1 X111.882 Y116.213 E2.98423
G1 X112.178 Y116.798 E3.01523
G1 X112.583 Y117.314 E3.04625
G1 X113.081 Y117.741 E3.07727
G1 X113.653 Y118.062 E3.10829
G1 X114.276 Y118.266 E3.13929
G1 X114.927 Y118.345 E3.1703
G1 X115.581 Y118.295 E3.20132
G1 X116.213 Y118.118 E3.23236
G1 X116.798 Y117.822 E3.26336
G1 X117.314 Y117.417 E3.29438
G1 X117.741 Y116.919 E3.3254
G1 X118.062 Y116.347 E3.35642
G1 X118.266 Y115.724 E3.38742
G1 X118.345 Y115.073 E3.41843
G1 X118.295 Y114.419 E3.44945
G1 X118.118 Y113.787 E3.48049
G1 X117.822 Y113.202 E3.51149
G1 X117.417 Y112.686 E3.54251
;WIDTH:0.615238
G1 X116.919 Y112.259 E3.57373
;WIDTH:0.611662
G1 X116.347 Y111.938 E3.60475
G1 X115.722 Y111.733 E3.63586
;WIDTH:0.620342
G1 X115.083 Y111.653 E3.66678
G1 X114.416 Y111.703 E3.69889
;WIDTH:0.61802
G1 X113.787 Y111.882 E3.73016
;WIDTH:0.611658
G1 X113.202 Y112.178 E3.76116
G1 X112.686 Y112.583 E3.79218
G1 X112.259 Y113.081 E3.8232
G1 X111.938 Y113.653 E3.85422
G1 X111.734 Y114.276 E3.88522
G1 X111.655 Y114.927 E3.91623
;WIDTH:0.499999
G1 X112.166 Y115.022 E3.93598
G1 X112.216 Y114.469 E3.95708
G1 X112.373 Y113.936 E3.9782
G1 X112.631 Y113.444 E3.99931
G1 X112.98 Y113.012 E4.02042
G1 X113.407 Y112.656 E4.04155
G1 X113.895 Y112.39 E4.06267
G1 X114.424 Y112.225 E4.08373
G1 X114.967 Y112.166 E4.10449
G1 X115.529 Y112.215 E4.12593
G1 X116.064 Y112.373 E4.14713
G1 X116.556 Y112.631 E4.16824
G1 X116.988 Y112.98 E4.18935
G1 X117.344 Y113.407 E4.21048
G1 X117.61 Y113.895 E4.2316
G1 X117.776 Y114.425 E4.25271
G1 X117.834 Y114.978 E4.27384
G1 X117.784 Y115.531 E4.29494
G1 X117.627 Y116.064 E4.31606
G1 X117.369 Y116.556 E4.33717
G1 X117.02 Y116.988 E4.35828
G1 X116.593 Y117.344 E4.37941
G1 X116.105 Y117.61 E4.40053
G1 X115.575 Y117.776 E4.42164
G1 X115.022 Y117.834 E4.44277
G1 X114.469 Y117.784 E4.46387
G1 X113.936 Y117.627 E4.48499
G1 X113.444 Y117.369 E4.5061
G1 X113.012 Y117.02 E4.52721
G1 X112.656 Y116.593 E4.54834
G1 X112.39 Y116.105 E4.56946
G1 X112.224 Y115.575 E4.59057
G1 X112.188 Y115.25 E4.603
;LAYER_CHANGE
;Z:0.88
;HEIGHT:0.2
; BEFORE_LAYER_CHANGE 3 @ 0.88mm
G1 E3.203 F4800
;WIPE_START
G1 F5760
G1 X112.224 Y115.575 E2.94413
G1 X112.353 Y115.986 E2.603
;WIPE_END
G92 E0
G1 Z.88 F7200
; AFTER_LAYER_CHANGE 3 @ 0.88mm
G1 X113.63 Y122.533
G1 E2 F4800
;TYPE:Support material
;WIDTH:0.42
G1 F2077
G1 X113.35 Y122.185 E2.014
G1 X113.287 Y121.73 E2.0284
G1 X113.47 Y121.308 E2.04282
G1 X113.846 Y121.043 E2.05724
G1 X114.073 Y120.996 E2.06451
G1 X114.1 Y120.577 E2.07767
G1 X114.718 Y120.713 E2.09751
G1 X115.221 Y121.183 E2.11909
G1 X115.36 Y121.502 E2.13
G1 X115.36 Y122.19 E2.15157
G1 X115.002 Y122.778 E2.17315
G1 X114.391 Y123.095 E2.19473
G1 X113.704 Y123.048 E2.21632
G1 X113.141 Y122.651 E2.23792
G1 X112.867 Y122.02 E2.25949
G1 X112.961 Y121.338 E2.28108
G1 X113.395 Y120.804 E2.30266
G1 X114.044 Y120.573 E2.32426
G1 E.92426 F4800
;WIPE_START
G1 F5760
G1 X113.395 Y120.804 E.37889
G1 X113.351 Y120.858 E.32426
;WIPE_END
G92 E0
G1 X118.179 Y121.524 F7200
G1 E2 F4800
G1 F2077
G1 X117.899 Y121.177 E2.01398
G1 X117.837 Y120.721 E2.02841
G1 X118.02 Y120.3 E2.0428
G1 X118.189 Y120.141 E2.05008
G1 X118.622 Y119.987 E2.06449
G1 X118.65 Y119.568 E2.07766
G1 X119.268 Y119.704 E2.0975
G1 X119.771 Y120.174 E2.11908
G1 X119.909 Y120.493 E2.12998
G1 X119.909 Y121.182 E2.15158
G1 X119.551 Y121.77 E2.17316
G1 X118.94 Y122.087 E2.19474
G1 X118.253 Y122.04 E2.21633
G1 X117.691 Y121.643 E2.2379
G1 X117.417 Y121.011 E2.2595
G1 X117.51 Y120.329 E2.28108
G1 X117.945 Y119.795 E2.30268
G1 X118.594 Y119.564 E2.32428
G1 E.92428 F4800
;WIPE_START
G1 F5760
G1 X117.945 Y119.795 E.37891
G1 X117.901 Y119.849 E.32428
;WIPE_END
G92 E0
G1 X121.056 Y117.837 F7200
G1 E2 F4800
G1 F2077
G1 X120.776 Y117.49 E2.01398
G1 X120.714 Y117.034 E2.02841
G1 X120.897 Y116.612 E2.04283
G1 X121.066 Y116.454 E2.05008
G1 X121.5 Y116.3 E2.06452
G1 X121.527 Y115.881 E2.07768
G1 X122.145 Y116.017 E2.09752
G1 X122.648 Y116.487 E2.1191
G1 X122.834 Y117.15 E2.14069
G1 X122.786 Y117.494 E2.15158
G1 X122.429 Y118.083 E2.17318
G1 X121.817 Y118.399 E2.19478
G1 X121.13 Y118.352 E2.21637
G1 X120.568 Y117.955 E2.23794
G1 X120.294 Y117.324 E2.25951
G1 X120.387 Y116.642 E2.28109
G1 X120.822 Y116.108 E2.30269
G1 X121.471 Y115.877 E2.32429
G1 E.92429 F4800
;WIPE_START
G1 F5760
G1 X120.822 Y116.108 E.37892
G1 X120.778 Y116.161 E.32429
;WIPE_END
G92 E0
G1 X120.953 Y113.245 F7200
G1 E2 F4800
G1 F2077
G1 X120.673 Y112.898 E2.01398
G1 X120.61 Y112.442 E2.02841
G1 X120.794 Y112.02 E2.04284
G1 X121.169 Y111.755 E2.05724
G1 X121.396 Y111.708 E2.06451
G1 X121.424 Y111.289 E2.07768
G1 X122.041 Y111.425 E2.09749
G1 X122.545 Y111.895 E2.1191
G1 X122.73 Y112.558 E2.14068
G1 X122.683 Y112.902 E2.15157
G1 X122.325 Y113.491 E2.17318
G1 X121.714 Y113.807 E2.19475
G1 X121.027 Y113.76 E2.21634
G1 X120.465 Y113.363 E2.23791
G1 X120.19 Y112.732 E2.25949
G1 X120.284 Y112.05 E2.28108
G1 X120.719 Y111.516 E2.30268
G1 X121.367 Y111.285 E2.32425
G1 E.92425 F4800
;WIPE_START
G1 F5760
G1 X120.719 Y111.516 E.37963
G1 X120.675 Y111.57 E.32425
;WIPE_END
G92 E0
G1 X115.047 Y108.806 F7200
G1 E2 F4800
G1 F2077
G1 X114.767 Y108.459 E2.01398
G1 X114.705 Y108.004 E2.02838
G1 X114.827 Y107.682 E2.03918
G1 X115.057 Y107.424 E2.05002
G1 X115.491 Y107.27 E2.06446
G1 X115.518 Y106.851 E2.07762
G1 X116.136 Y106.987 E2.09746
G1 X116.639 Y107.457 E2.11904
G1 X116.825 Y108.12 E2.14063
G1 X116.777 Y108.464 E2.15152
G1 X116.42 Y109.052 E2.17309
G1 X115.808 Y109.369 E2.1947
G1 X115.121 Y109.322 E2.21629
G1 X114.559 Y108.925 E2.23786
G1 X114.285 Y108.293 E2.25946
G1 X114.378 Y107.611 E2.28104
G1 X114.813 Y107.077 E2.30264
G1 X115.462 Y106.847 E2.32423
G1 E.92423 F4800
;WIPE_START
G1 F5760
G1 X114.813 Y107.077 E.37913
G1 X114.769 Y107.131 E.32423
;WIPE_END
G92 E0
G1 X109.032 Y111.475 F7200
G1 E2 F4800
G1 F2077
G1 X108.752 Y111.128 E2.01398
G1 X108.689 Y110.672 E2.02841
G1 X108.872 Y110.251 E2.0428
G1 X109.042 Y110.092 E2.0501
G1 X109.475 Y109.938 E2.06451
G1 X109.503 Y109.519 E2.07768
G1 X110.12 Y109.655 E2.09749
G1 X110.623 Y110.125 E2.11907
G1 X110.809 Y110.788 E2.14066
G1 X110.762 Y111.133 E2.15158
G1 X110.404 Y111.721 E2.17316
G1 X109.793 Y112.038 E2.19474
G1 X109.106 Y111.991 E2.21633
G1 X108.544 Y111.594 E2.2379
G1 X108.269 Y110.962 E2.25951
G1 X108.363 Y110.28 E2.2811
G1 X108.797 Y109.746 E2.30268
G1 X109.446 Y109.515 E2.32428
G1 E.92428 F4800
;WIPE_START
G1 F5760
G1 X108.797 Y109.746 E.37891
G1 X108.753 Y109.8 E.32428
;WIPE_END
G92 E0
G1 X107.596 Y115.784 F7200
G1 E2 F4800
G1 F2077
G1 X107.316 Y115.436 E2.014
G1 X107.254 Y114.981 E2.0284
G1 X107.437 Y114.559 E2.04282
G1 X107.606 Y114.401 E2.05007
G1 X108.04 Y114.247 E2.06451
G1 X108.067 Y113.828 E2.07767
G1 X108.685 Y113.964 E2.09751
G1 X109.188 Y114.434 E2.11909
G1 X109.374 Y115.097 E2.14068
G1 X109.326 Y115.441 E2.15157
G1 X108.969 Y116.029 E2.17314
G1 X108.357 Y116.346 E2.19475
G1 X107.67 Y116.299 E2.21634
G1 X107.108 Y115.902 E2.23791
G1 X106.834 Y115.271 E2.25948
G1 X106.927 Y114.589 E2.28106
G1 X107.362 Y114.054 E2.30268
G1 X108.011 Y113.824 E2.32427
G1 E.92427 F4800
;WIPE_START
G1 F5760
G1 X107.362 Y114.054 E.37917
G1 X107.318 Y114.108 E.32427
;WIPE_END
G92 E0
G1 X109.283 Y120.205 F7200
G1 E2 F4800
G1 F2077
G1 X109.003 Y119.858 E2.01398
G1 X108.94 Y119.402 E2.02841
G1 X109.064 Y119.079 E2.03926
G1 X109.293 Y118.822 E2.05005
G1 X109.726 Y118.668 E2.06446
G1 X109.753 Y118.249 E2.07762
G1 X110.371 Y118.386 E2.09747
G1 X110.874 Y118.855 E2.11903
G1 X111.06 Y119.518 E2.14062
G1 X111.013 Y119.863 E2.15154
G1 X110.655 Y120.451 E2.17312
G1 X110.044 Y120.768 E2.1947
G1 X109.357 Y120.721 E2.21629
G1 X108.794 Y120.324 E2.23789
G1 X108.52 Y119.692 E2.25949
G1 X108.614 Y119.01 E2.28108
G1 X109.048 Y118.476 E2.30266
G1 X109.697 Y118.245 E2.32426
G1 E.92426 F4800
;WIPE_START
G1 F5760
G1 X109.048 Y118.476 E.37889
G1 X109.004 Y118.53 E.32426
;WIPE_END
G92 E0
G1 X119.115 Y112.251 F7200
G1 E2 F4800
;TYPE:External perimeter
;WIDTH:0.45
G1 F2077
G1 X119.25 Y112.453 E2.00822
G1 X119.479 Y112.882 E2.02468
G1 X119.665 Y113.331 E2.04113
G1 X119.806 Y113.796 E2.05758
G1 X119.901 Y114.273 E2.07404
G1 X119.949 Y114.757 E2.0905
G1 X119.949 Y115.243 E2.10695
G1 X119.901 Y115.727 E2.12341
G1 X119.806 Y116.204 E2.13987
G1 X119.665 Y116.669 E2.15632
G1 X119.479 Y117.118 E2.17277
G1 X119.25 Y117.547 E2.18923
G1 X118.98 Y117.952 E2.20571
G1 X118.671 Y118.327 E2.22216
G1 X118.327 Y118.671 E2.23863
G1 X117.952 Y118.98 E2.25508
G1 X117.547 Y119.25 E2.27156
G1 X117.118 Y119.479 E2.28802
G1 X116.669 Y119.665 E2.30447
G1 X116.204 Y119.806 E2.32092
G1 X115.727 Y119.901 E2.33738
G1 X115.243 Y119.949 E2.35384
G1 X114.757 Y119.949 E2.37029
G1 X114.273 Y119.901 E2.38675
G1 X113.796 Y119.806 E2.40321
G1 X113.331 Y119.665 E2.41966
G1 X112.882 Y119.479 E2.43611
G1 X112.453 Y119.25 E2.45257
G1 X112.048 Y118.98 E2.46905
G1 X111.673 Y118.671 E2.4855
G1 X111.329 Y118.327 E2.50197
G1 X111.02 Y117.952 E2.51842
G1 X110.75 Y117.547 E2.5349
G1 X110.521 Y117.118 E2.55136
G1 X110.335 Y116.669 E2.56781
G1 X110.194 Y116.204 E2.58426
G1 X110.099 Y115.727 E2.60072
G1 X110.051 Y115.243 E2.61718
G1 X110.051 Y114.757 E2.63363
G1 X110.099 Y114.273 E2.65009
G1 X110.194 Y113.796 E2.66655
G1 X110.335 Y113.331 E2.683
G1 X110.521 Y112.882 E2.69945
G1 X110.75 Y112.453 E2.71591
G1 X111.02 Y112.048 E2.73239
G1 X111.329 Y111.673 E2.74884
G1 X111.673 Y111.329 E2.76531
G1 X112.048 Y111.02 E2.78176
G1 X112.453 Y110.75 E2.79824
G1 X112.882 Y110.521 E2.8147
G1 X113.331 Y110.335 E2.83115
G1 X113.796 Y110.194 E2.8476
G1 X114.273 Y110.099 E2.86406
G1 X114.758 Y110.051 E2.88056
G1 X115.156 Y110.049 E2.89403
G1 X115.728 Y110.099 E2.91347
G1 X116.204 Y110.194 E2.9299
G1 X116.669 Y110.335 E2.94635
G1 X117.118 Y110.521 E2.9628
G1 X117.547 Y110.75 E2.97926
G1 X117.952 Y111.02 E2.99574
G1 X118.327 Y111.329 E3.01219
G1 X118.671 Y111.673 E3.02866
G1 X118.98 Y112.048 E3.04511
G1 X119.081 Y112.201 E3.05132
G1 X118.797 Y112.463 F7200
;TYPE:Perimeter
;WIDTH:0.4
G1 F2077
G1 X118.922 Y112.649 E3.05797
G1 X119.133 Y113.045 E3.07129
G1 X119.305 Y113.46 E3.08463
G1 X119.435 Y113.889 E3.09794
G1 X119.523 Y114.329 E3.11126
G1 X119.567 Y114.776 E3.1246
G1 X119.567 Y115.224 E3.1379
G1 X119.523 Y115.671 E3.15124
G1 X119.435 Y116.111 E3.16456
G1 X119.305 Y116.54 E3.17787
G1 X119.133 Y116.955 E3.19121
G1 X118.922 Y117.351 E3.20453
G1 X118.672 Y117.724 E3.21786
G1 X118.388 Y118.07 E3.23115
G1 X118.07 Y118.388 E3.2445
G1 X117.724 Y118.672 E3.25779
G1 X117.351 Y118.922 E3.27112
G1 X116.955 Y119.133 E3.28444
G1 X116.54 Y119.305 E3.29778
G1 X116.111 Y119.435 E3.31109
G1 X115.671 Y119.523 E3.32441
G1 X115.224 Y119.567 E3.33775
G1 X114.776 Y119.567 E3.35105
G1 X114.329 Y119.523 E3.36439
G1 X113.889 Y119.435 E3.37771
G1 X113.46 Y119.305 E3.39102
G1 X113.045 Y119.133 E3.40436
G1 X112.649 Y118.922 E3.41768
G1 X112.276 Y118.672 E3.43101
G1 X111.93 Y118.388 E3.4443
G1 X111.612 Y118.07 E3.45765
G1 X111.328 Y117.724 E3.47094
G1 X111.078 Y117.351 E3.48427
G1 X110.867 Y116.955 E3.49759
G1 X110.695 Y116.54 E3.51093
G1 X110.565 Y116.111 E3.52424
G1 X110.477 Y115.671 E3.53756
G1 X110.433 Y115.224 E3.5509
G1 X110.433 Y114.776 E3.5642
G1 X110.477 Y114.329 E3.57754
G1 X110.565 Y113.889 E3.59086
G1 X110.695 Y113.46 E3.60417
G1 X110.867 Y113.045 E3.61751
G1 X111.078 Y112.649 E3.63083
G1 X111.328 Y112.276 E3.64416
G1 X111.612 Y111.93 E3.65745
G1 X111.93 Y111.612 E3.6708
G1 X112.276 Y111.328 E3.68409
G1 X112.649 Y111.078 E3.69742
G1 X113.045 Y110.867 E3.71074
G1 X113.46 Y110.695 E3.72408
G1 X113.889 Y110.565 E3.73739
G1 X114.329 Y110.477 E3.75071
G1 X114.777 Y110.433 E3.76408
G1 X115.14 Y110.431 E3.77486
G1 X115.674 Y110.478 E3.79078
G1 X116.111 Y110.565 E3.80401
G1 X116.54 Y110.695 E3.81732
G1 X116.955 Y110.867 E3.83066
G1 X117.351 Y111.078 E3.84398
G1 X117.724 Y111.328 E3.85731
G1 X118.07 Y111.612 E3.8706
G1 X118.388 Y111.93 E3.88395
G1 X118.672 Y112.276 E3.89724
G1 X118.764 Y112.413 E3.90214
G1 X118.5 Y112.661 F7200
G1 F2077
G1 X118.615 Y112.833 E3.90828
G1 X118.81 Y113.198 E3.92057
G1 X118.968 Y113.58 E3.93284
G1 X119.088 Y113.976 E3.94513
G1 X119.169 Y114.382 E3.95742
G1 X119.21 Y114.793 E3.96968
G1 X119.21 Y115.207 E3.98197
G1 X119.169 Y115.618 E3.99423
G1 X119.088 Y116.024 E4.00652
G1 X118.968 Y116.42 E4.01881
G1 X118.81 Y116.802 E4.03108
G1 X118.615 Y117.167 E4.04337
G1 X118.385 Y117.511 E4.05566
G1 X118.123 Y117.83 E4.06792
G1 X117.83 Y118.123 E4.08022
G1 X117.511 Y118.385 E4.09248
G1 X117.167 Y118.615 E4.10477
G1 X116.802 Y118.81 E4.11706
G1 X116.42 Y118.968 E4.12933
G1 X116.024 Y119.088 E4.14162
G1 X115.618 Y119.169 E4.15391
G1 X115.207 Y119.21 E4.16617
G1 X114.793 Y119.21 E4.17846
G1 X114.382 Y119.169 E4.19072
G1 X113.976 Y119.088 E4.20301
G1 X113.58 Y118.968 E4.2153
G1 X113.198 Y118.81 E4.22757
G1 X112.833 Y118.615 E4.23986
G1 X112.489 Y118.385 E4.25215
G1 X112.17 Y118.123 E4.26441
G1 X111.877 Y117.83 E4.27671
G1 X111.615 Y117.511 E4.28897
G1 X111.385 Y117.167 E4.30126
G1 X111.19 Y116.802 E4.31355
G1 X111.032 Y116.42 E4.32582
G1 X110.912 Y116.024 E4.33811
G1 X110.831 Y115.618 E4.3504
G1 X110.79 Y115.207 E4.36266
G1 X110.79 Y114.793 E4.37495
G1 X110.831 Y114.382 E4.38721
G1 X110.912 Y113.976 E4.3995
G1 X111.032 Y113.58 E4.41179
G1 X111.19 Y113.198 E4.42406
G1 X111.385 Y112.833 E4.43635
G1 X111.615 Y112.489 E4.44864
G1 X111.877 Y112.17 E4.4609
G1 X112.17 Y111.877 E4.4732
G1 X112.489 Y111.615 E4.48546
G1 X112.833 Y111.385 E4.49775
G1 X113.198 Y111.19 E4.51004
G1 X113.58 Y111.032 E4.52231
G1 X113.976 Y110.912 E4.5346
G1 X114.382 Y110.831 E4.54689
G1 X114.796 Y110.79 E4.55924
G1 X115.125 Y110.788 E4.56901
G1 X115.624 Y110.832 E4.58388
G1 X116.024 Y110.912 E4.59599
G1 X116.42 Y111.032 E4.60828
G1 X116.802 Y111.19 E4.62055
G1 X117.167 Y111.385 E4.63284
G1 X117.511 Y111.615 E4.64513
G1 X117.83 Y111.877 E4.65739
G1 X118.123 Y112.17 E4.66969
G1 X118.385 Y112.489 E4.68195
G1 X118.467 Y112.611 E4.68631
G1 E3.28631 F4800
;WIPE_START
G1 F5760
G1 X118.5 Y112.661 E3.23888
G1 X118.615 Y112.833 E3.07508
G1 X118.81 Y113.198 E2.74747
G1 X118.84 Y113.269 E2.68631
;WIPE_END
G92 E0
G1 X116.713 Y115.341 F7200
G1 E2 F4800
;TYPE:External perimeter
;WIDTH:0.45
G1 F2077
G1 X116.613 Y115.668 E2.01157
G1 X116.452 Y115.97 E2.02315
G1 X116.235 Y116.235 E2.03474
G1 X115.97 Y116.452 E2.04633
G1 X115.668 Y116.613 E2.05791
G1 X115.341 Y116.713 E2.06948
G1 X115 Y116.746 E2.08108
G1 X114.659 Y116.713 E2.09268
G1 X114.332 Y116.613 E2.10425
G1 X114.03 Y116.452 E2.11583
G1 X113.765 Y116.235 E2.12742
G1 X113.548 Y115.97 E2.13901
G1 X113.387 Y115.668 E2.15059
G1 X113.287 Y115.341 E2.16216
G1 X113.254 Y115 E2.17376
G1 X113.287 Y114.659 E2.18536
G1 X113.387 Y114.332 E2.19693
G1 X113.548 Y114.03 E2.20851
G1 X113.765 Y113.765 E2.2201
G1 X114.03 Y113.548 E2.23169
G1 X114.332 Y113.387 E2.24327
G1 X114.659 Y113.287 E2.25484
G1 X114.989 Y113.254 E2.26607
G1 X115.34 Y113.287 E2.278
G1 X115.668 Y113.387 E2.28961
G1 X115.97 Y113.548 E2.30119
G1 X116.235 Y113.765 E2.31278
G1 X116.452 Y114.03 E2.32437
G1 X116.613 Y114.332 E2.33595
G1 X116.713 Y114.659 E2.34752
G1 X116.746 Y115 E2.35912
G1 X116.719 Y115.281 E2.36868
G1 X117.089 Y115.416 F7200
;TYPE:Perimeter
;WIDTH:0.4
G1 F2077
G1 X116.968 Y115.815 E2.38106
G1 X116.771 Y116.183 E2.39345
G1 X116.506 Y116.506 E2.40585
G1 X116.183 Y116.771 E2.41825
G1 X115.815 Y116.968 E2.43064
G1 X115.416 Y117.089 E2.44302
G1 X115 Y117.13 E2.45543
G1 X114.584 Y117.089 E2.46784
G1 X114.185 Y116.968 E2.48022
G1 X113.817 Y116.771 E2.49261
G1 X113.494 Y116.506 E2.50501
G1 X113.229 Y116.183 E2.51741
G1 X113.032 Y115.815 E2.5298
G1 X112.911 Y115.416 E2.54218
G1 X112.87 Y115 E2.55459
G1 X112.911 Y114.584 E2.567
G1 X113.032 Y114.185 E2.57938
G1 X113.229 Y113.817 E2.59177
G1 X113.494 Y113.494 E2.60417
G1 X113.817 Y113.229 E2.61657
G1 X114.185 Y113.032 E2.62896
G1 X114.584 Y112.911 E2.64134
G1 X114.988 Y112.87 E2.6534
G1 X115.414 Y112.91 E2.6661
G1 X115.815 Y113.032 E2.67855
G1 X116.183 Y113.229 E2.69094
G1 X116.506 Y113.494 E2.70334
G1 X116.771 Y113.817 E2.71574
G1 X116.968 Y114.185 E2.72813
G1 X117.089 Y114.584 E2.74051
G1 X117.13 Y115 E2.75292
G1 X117.095 Y115.356 E2.76354
G1 X117.441 Y115.486 F7200
G1 F2077
G1 X117.299 Y115.952 E2.778
G1 X117.069 Y116.383 E2.79251
G1 X116.76 Y116.76 E2.80698
G1 X116.383 Y117.069 E2.82145
G1 X115.952 Y117.299 E2.83596
G1 X115.486 Y117.441 E2.85042
G1 X115 Y117.489 E2.86492
G1 X114.514 Y117.441 E2.87942
G1 X114.048 Y117.299 E2.89388
G1 X113.617 Y117.069 E2.90839
G1 X113.24 Y116.76 E2.92286
G1 X112.931 Y116.383 E2.93733
G1 X112.701 Y115.952 E2.95184
G1 X112.559 Y115.486 E2.9663
G1 X112.511 Y115 E2.9808
G1 X112.559 Y114.514 E2.9953
G1 X112.701 Y114.048 E3.00976
G1 X112.931 Y113.617 E3.02427
G1 X113.24 Y113.24 E3.03874
G1 X113.617 Y112.931 E3.05321
G1 X114.048 Y112.701 E3.06772
G1 X114.513 Y112.559 E3.08216
G1 X114.987 Y112.511 E3.09631
G1 X115.484 Y112.558 E3.11113
G1 X115.952 Y112.701 E3.12566
G1 X116.383 Y112.931 E3.14017
G1 X116.76 Y113.24 E3.15464
G1 X117.069 Y113.617 E3.16911
G1 X117.299 Y114.048 E3.18362
G1 X117.441 Y114.514 E3.19808
G1 X117.489 Y115 E3.21258
G1 X117.447 Y115.426 E3.22529
G1 X117.852 Y115.153 F7200
;TYPE:Internal infill
;WIDTH:0.45
G1 F2077
G1 X117.772 Y114.306 E3.25409
G1 X117.451 Y113.531 E3.28248
G1 X116.919 Y112.883 E3.31086
G1 X116.177 Y112.399 E3.34085
G1 X116.195 Y112.466 E3.3432
G1 X116.562 Y112.662 E3.35728
G1 X116.988 Y113.012 E3.37594
G1 X117.338 Y113.438 E3.3946
G1 X117.597 Y113.924 E3.41324
G1 X117.757 Y114.451 E3.43188
G1 X117.811 Y115 E3.45055
G1 X117.778 Y115.341 E3.46215
G1 X117.833 Y115.356 E3.46408
G1 X117.772 Y115.694 E3.47571
G1 X117.583 Y116.222 E3.49469
G1 X117.117 Y116.919 E3.52307
G1 X116.702 Y117.295 E3.54203
G1 X116.222 Y117.583 E3.56098
G1 X115.694 Y117.772 E3.57996
G1 X114.86 Y117.854 E3.60833
G1 X114.813 Y117.793 E3.61094
G1 X114.452 Y117.757 E3.62322
G1 X113.924 Y117.597 E3.64189
G1 X113.438 Y117.338 E3.66053
G1 X112.892 Y116.842 E3.6855
G1 X112.799 Y116.817 E3.68876
G1 X112.549 Y116.469 E3.70326
G1 X112.228 Y115.694 E3.73165
G1 X112.146 Y114.86 E3.76002
G1 X112.31 Y114.037 E3.78843
G1 X112.549 Y113.531 E3.80737
G1 X112.883 Y113.081 E3.82634
G1 X113.531 Y112.549 E3.85472
G1 X114.306 Y112.228 E3.88311
G1 X115.103 Y112.145 E3.91023
G1 X115.989 Y112.321 E3.94081
G1 E2.54081 F4800
;WIPE_START
G1 F5760
G1 X115.246 Y112.174 E1.94081
;WIPE_END
G92 E0
G1 X114.995 Y111.186 F7200
G1 E2 F4800
;TYPE:Solid infill
;WIDTH:0.558745
G1 F2077
G1 X114.514 Y111.199 E2.02064
G1 X113.786 Y111.366 E2.05268
;WIDTH:0.558328
G1 X113.101 Y111.673 E2.08485
G1 X112.488 Y112.108 E2.11706
G1 X111.972 Y112.653 E2.14922
G1 X111.572 Y113.289 E2.18142
G1 X111.304 Y113.991 E2.21362
G1 X111.179 Y114.731 E2.24578
G1 X111.199 Y115.482 E2.27798
G1 X111.366 Y116.214 E2.31016
G1 X111.673 Y116.899 E2.34233
G1 X112.107 Y117.512 E2.37452
G1 X112.653 Y118.028 E2.40672
G1 X113.289 Y118.428 E2.43892
G1 X113.991 Y118.696 E2.47112
G1 X114.731 Y118.821 E2.50328
G1 X115.482 Y118.801 E2.53548
G1 X116.214 Y118.634 E2.56766
G1 X116.899 Y118.327 E2.59983
G1 X117.512 Y117.892 E2.63204
G1 X118.028 Y117.347 E2.6642
;WIDTH:0.559809
G1 X118.428 Y116.711 E2.69649
;WIDTH:0.558327
G1 X118.696 Y116.009 E2.72869
G1 X118.821 Y115.269 E2.76085
G1 X118.801 Y114.518 E2.79305
G1 X118.634 Y113.786 E2.82523
G1 X118.327 Y113.101 E2.8574
G1 X117.892 Y112.488 E2.88961
G1 X117.347 Y111.972 E2.92177
G1 X116.711 Y111.572 E2.95397
G1 X116.009 Y111.304 E2.98617
G1 X115.223 Y111.179 E3.02028
;WIDTH:0.499999
G1 X115.103 Y111.684 E3.04001
;WIDTH:0.560042
G1 X115.785 Y111.777 E3.06961
;WIDTH:0.558788
G1 X116.4 Y111.992 E3.09756
G1 X116.96 Y112.323 E3.12546
G1 X117.445 Y112.757 E3.15338
G1 X117.835 Y113.277 E3.18126
G1 X118.117 Y113.863 E3.20916
G1 X118.279 Y114.493 E3.23706
G1 X118.314 Y115.143 E3.26498
G1 X118.223 Y115.787 E3.29288
G1 X118.008 Y116.4 E3.32074
G1 X117.677 Y116.96 E3.34864
G1 X117.243 Y117.445 E3.37656
G1 X116.723 Y117.835 E3.40444
G1 X116.137 Y118.117 E3.43234
G1 X115.507 Y118.279 E3.46024
G1 X114.857 Y118.315 E3.48816
G1 X114.213 Y118.223 E3.51606
G1 X113.6 Y118.008 E3.54392
G1 X113.04 Y117.677 E3.57182
G1 X112.555 Y117.243 E3.59974
G1 X112.165 Y116.723 E3.62762
G1 X111.883 Y116.137 E3.65552
G1 X111.721 Y115.507 E3.68342
G1 X111.685 Y114.857 E3.71134
G1 X111.777 Y114.213 E3.73924
G1 X111.992 Y113.6 E3.7671
G1 X112.323 Y113.04 E3.795
G1 X112.757 Y112.555 E3.82292
;WIDTH:0.559812
G1 X113.277 Y112.165 E3.85086
;WIDTH:0.558789
G1 X113.863 Y111.883 E3.87876
G1 X114.493 Y111.721 E3.90666
;WIDTH:0.559573
G1 X114.875 Y111.698 E3.9231
;LAYER_CHANGE
;Z:1.08
;HEIGHT:0.2
; BEFORE_LAYER_CHANGE 4 @ 1.08mm
G1 E2.5231 F4800
;WIPE_START
G1 F5760
G1 X114.493 Y111.721 E2.22014
G1 X114.13 Y111.815 E1.9231
;WIPE_END
G92 E0
G1 Z1.08 F7200
; AFTER_LAYER_CHANGE 4 @ 1.08mm
G1 X113.63 Y122.533
G1 E2 F4800
;TYPE:Support material
;WIDTH:0.42
G1 F2075
G1 X113.35 Y122.186 E2.01398
G1 X113.287 Y121.73 E2.02841
G1 X113.47 Y121.309 E2.0428
G1 X113.846 Y121.044 E2.05722
G1 X114.073 Y120.996 E2.06449
G1 X114.1 Y120.577 E2.07765
G1 X114.718 Y120.714 E2.0975
G1 X115.221 Y121.183 E2.11906
G1 X115.407 Y121.846 E2.14065
G1 X115.36 Y122.191 E2.15157
G1 X115.002 Y122.779 E2.17315
G1 X114.391 Y123.096 E2.19473
G1 X113.704 Y123.049 E2.21632
G1 X113.141 Y122.652 E2.23792
G1 X112.867 Y122.02 E2.25952
G1 X112.961 Y121.338 E2.28111
G1 X113.395 Y120.804 E2.30269
G1 X114.044 Y120.573 E2.32429
G1 E.92429 F4800
;WIPE_START
G1 F5760
G1 X113.395 Y120.804 E.37892
G1 X113.351 Y120.858 E.32429
;WIPE_END
G92 E0
G1 X118.179 Y121.524 F7200
G1 E2 F4800
G1 F2075
G1 X117.899 Y121.177 E2.01398
G1 X117.837 Y120.722 E2.02838
G1 X118.02 Y120.3 E2.0428
G1 X118.189 Y120.142 E2.05005
G1 X118.623 Y119.988 E2.06449
G1 X118.65 Y119.568 E2.07769
G1 X119.268 Y119.705 E2.09754
G1 X119.771 Y120.175 E2.11912
G1 X119.957 Y120.838 E2.14071
G1 X119.909 Y121.182 E2.1516
G1 X119.552 Y121.77 E2.17317
G1 X118.94 Y122.087 E2.19478
G1 X118.253 Y122.04 E2.21637
G1 X117.691 Y121.643 E2.23794
G1 X117.417 Y121.011 E2.25954
G1 X117.51 Y120.329 E2.28112
G1 X117.945 Y119.795 E2.30272
G1 X118.594 Y119.565 E2.32431
G1 E.92431 F4800
;WIPE_START
G1 F5760
G1 X117.945 Y119.795 E.37921
G1 X117.901 Y119.849 E.32431
;WIPE_END
G92 E0
G1 X121.056 Y117.837 F7200
G1 E2 F4800
G1 F2075
G1 X120.776 Y117.49 E2.01398
G1 X120.714 Y117.034 E2.02841
G1 X120.897 Y116.612 E2.04283
G1 X121.066 Y116.454 E2.05008
G1 X121.5 Y116.3 E2.06452
G1 X121.527 Y115.881 E2.07768
G1 X122.145 Y116.017 E2.09752
G1 X122.648 Y116.487 E2.1191
G1 X122.834 Y117.15 E2.14069
G1 X122.786 Y117.494 E2.15158
G1 X122.429 Y118.083 E2.17318
G1 X121.817 Y118.399 E2.19478
G1 X121.13 Y118.352 E2.21637
G1 X120.568 Y117.955 E2.23794
G1 X120.294 Y117.324 E2.25951
G1 X120.387 Y116.642 E2.28109
G1 X120.822 Y116.108 E2.30269
G1 X121.471 Y115.877 E2.32429
G1 E.92429 F4800
;WIPE_START
G1 F5760
G1 X120.822 Y116.108 E.37892
G1 X120.778 Y116.161 E.32429
;WIPE_END
G92 E0
G1 X120.954 Y113.244 F7200
G1 E2 F4800
G1 F2075
G1 X120.674 Y112.897 E2.01398
G1 X120.611 Y112.442 E2.02838
G1 X120.794 Y112.02 E2.0428
G1 X120.964 Y111.862 E2.05008
G1 X121.397 Y111.708 E2.06449
G1 X121.425 Y111.289 E2.07766
G1 X122.042 Y111.425 E2.09747
G1 X122.545 Y111.895 E2.11905
G1 X122.731 Y112.558 E2.14064
G1 X122.684 Y112.902 E2.15153
G1 X122.326 Y113.49 E2.17311
G1 X121.715 Y113.807 E2.19469
G1 X121.028 Y113.76 E2.21628
G1 X120.466 Y113.363 E2.23785
G1 X120.191 Y112.732 E2.25943
G1 X120.285 Y112.049 E2.28105
G1 X120.719 Y111.515 E2.30263
G1 X121.368 Y111.285 E2.32422
G1 E.92422 F4800
;WIPE_START
G1 F5760
G1 X120.719 Y111.515 E.37912
G1 X120.675 Y111.569 E.32422
;WIPE_END
G92 E0
G1 X115.047 Y108.806 F7200
G1 E2 F4800
G1 F2075
G1 X114.767 Y108.459 E2.01398
G1 X114.705 Y108.004 E2.02838
G1 X114.888 Y107.582 E2.0428
G1 X115.057 Y107.424 E2.05005
G1 X115.491 Y107.27 E2.06449
G1 X115.518 Y106.85 E2.07769
G1 X116.136 Y106.987 E2.09754
G1 X116.639 Y107.457 E2.11912
G1 X116.825 Y108.12 E2.14071
G1 X116.777 Y108.464 E2.1516
G1 X116.42 Y109.052 E2.17317
G1 X115.808 Y109.369 E2.19478
G1 X115.121 Y109.322 E2.21637
G1 X114.559 Y108.925 E2.23794
G1 X114.285 Y108.293 E2.25954
G1 X114.378 Y107.611 E2.28112
G1 X114.813 Y107.077 E2.30272
G1 X115.462 Y106.847 E2.32431
G1 E.92431 F4800
;WIPE_START
G1 F5760
G1 X114.813 Y107.077 E.37921
G1 X114.769 Y107.131 E.32431
;WIPE_END
G92 E0
G1 X109.031 Y111.475 F7200
G1 E2 F4800
G1 F2075
G1 X108.751 Y111.127 E2.014
G1 X108.689 Y110.672 E2.0284
G1 X108.751 Y110.448 E2.03569
G1 X109.041 Y110.092 E2.05009
G1 X109.475 Y109.938 E2.06453
G1 X109.502 Y109.519 E2.07769
G1 X110.12 Y109.655 E2.09753
G1 X110.623 Y110.125 E2.11911
G1 X110.761 Y110.444 E2.13001
G1 X110.761 Y111.132 E2.15158
G1 X110.404 Y111.72 E2.17315
G1 X109.792 Y112.037 E2.19476
G1 X109.105 Y111.99 E2.21635
G1 X108.543 Y111.593 E2.23792
G1 X108.269 Y110.962 E2.25949
G1 X108.362 Y110.28 E2.28107
G1 X108.797 Y109.745 E2.30269
G1 X109.446 Y109.515 E2.32428
G1 E.92428 F4800
;WIPE_START
G1 F5760
G1 X108.797 Y109.745 E.37918
G1 X108.753 Y109.799 E.32428
;WIPE_END
G92 E0
G1 X107.596 Y115.784 F7200
G1 E2 F4800
G1 F2075
G1 X107.316 Y115.436 E2.014
G1 X107.254 Y114.981 E2.0284
G1 X107.437 Y114.559 E2.04282
G1 X107.606 Y114.401 E2.05007
G1 X108.04 Y114.247 E2.06451
G1 X108.067 Y113.828 E2.07767
G1 X108.685 Y113.964 E2.09751
G1 X109.188 Y114.434 E2.11909
G1 X109.374 Y115.097 E2.14068
G1 X109.326 Y115.441 E2.15157
G1 X108.969 Y116.029 E2.17314
G1 X108.357 Y116.346 E2.19475
G1 X107.67 Y116.299 E2.21634
G1 X107.108 Y115.902 E2.23791
G1 X106.834 Y115.271 E2.25948
G1 X106.927 Y114.589 E2.28106
G1 X107.362 Y114.054 E2.30268
G1 X108.011 Y113.824 E2.32427
G1 E.92427 F4800
;WIPE_START
G1 F5760
G1 X107.362 Y114.054 E.37917
G1 X107.318 Y114.108 E.32427
;WIPE_END
G92 E0
G1 X109.283 Y120.205 F7200
G1 E2 F4800
G1 F2075
G1 X109.002 Y119.858 E2.014
G1 X108.94 Y119.403 E2.0284
G1 X109.123 Y118.981 E2.04282
G1 X109.293 Y118.823 E2.0501
G1 X109.726 Y118.669 E2.06451
G1 X109.753 Y118.249 E2.07771
G1 X110.371 Y118.386 E2.09756
G1 X110.874 Y118.856 E2.11914
G1 X111.06 Y119.519 E2.14073
G1 X111.012 Y119.863 E2.15162
G1 X110.655 Y120.451 E2.17319
G1 X110.043 Y120.768 E2.1948
G1 X109.357 Y120.721 E2.21636
G1 X108.794 Y120.324 E2.23796
G1 X108.52 Y119.692 E2.25956
G1 X108.614 Y119.01 E2.28115
G1 X109.048 Y118.476 E2.30273
G1 X109.697 Y118.246 E2.32432
G1 E.92432 F4800
;WIPE_START
G1 F5760
G1 X109.048 Y118.476 E.37922
G1 X109.004 Y118.53 E.32432
;WIPE_END
G92 E0
G1 X119.115 Y112.251 F7200
G1 E2 F4800
;TYPE:External perimeter
;WIDTH:0.45
G1 F2075
G1 X119.25 Y112.453 E2.00822
G1 X119.479 Y112.882 E2.02468
G1 X119.665 Y113.331 E2.04113
G1 X119.806 Y113.796 E2.05758
G1 X119.901 Y114.273 E2.07404
G1 X119.949 Y114.757 E2.0905
G1 X119.949 Y115.243 E2.10695
G1 X119.901 Y115.727 E2.12341
G1 X119.806 Y116.204 E2.13987
G1 X119.665 Y116.669 E2.15632
G1 X119.479 Y117.118 E2.17277
G1 X119.25 Y117.547 E2.18923
G1 X118.98 Y117.952 E2.20571
G1 X118.671 Y118.327 E2.22216
G1 X118.327 Y118.671 E2.23863
G1 X117.952 Y118.98 E2.25508
G1 X117.547 Y119.25 E2.27156
G1 X117.118 Y119.479 E2.28802
G1 X116.669 Y119.665 E2.30447
G1 X116.204 Y119.806 E2.32092
G1 X115.727 Y119.901 E2.33738
G1 X115.243 Y119.949 E2.35384
G1 X114.757 Y119.949 E2.37029
G1 X114.273 Y119.901 E2.38675
G1 X113.796 Y119.806 E2.40321
G1 X113.331 Y119.665 E2.41966
G1 X112.882 Y119.479 E2.43611
G1 X112.453 Y119.25 E2.45257
G1 X112.048 Y118.98 E2.46905
G1 X111.673 Y118.671 E2.4855
G1 X111.329 Y118.327 E2.50197
G1 X111.02 Y117.952 E2.51842
G1 X110.75 Y117.547 E2.5349
G1 X110.521 Y117.118 E2.55136
G1 X110.335 Y116.669 E2.56781
G1 X110.194 Y116.204 E2.58426
G1 X110.099 Y115.727 E2.60072
G1 X110.051 Y115.243 E2.61718
G1 X110.051 Y114.757 E2.63363
G1 X110.099 Y114.273 E2.65009
G1 X110.194 Y113.796 E2.66655
G1 X110.335 Y113.331 E2.683
G1 X110.521 Y112.882 E2.69945
G1 X110.75 Y112.453 E2.71591
G1 X111.02 Y112.048 E2.73239
G1 X111.329 Y111.673 E2.74884
G1 X111.673 Y111.329 E2.76531
G1 X112.048 Y111.02 E2.78176
G1 X112.453 Y110.75 E2.79824
G1 X112.882 Y110.521 E2.8147
G1 X113.331 Y110.335 E2.83115
G1 X113.796 Y110.194 E2.8476
G1 X114.273 Y110.099 E2.86406
G1 X114.757 Y110.051 E2.88052
G1 X115.197 Y110.05 E2.89541
G1 X115.728 Y110.099 E2.91346
G1 X116.204 Y110.194 E2.92989
G1 X116.669 Y110.335 E2.94634
G1 X117.118 Y110.521 E2.96279
G1 X117.547 Y110.75 E2.97925
G1 X117.952 Y111.02 E2.99573
G1 X118.327 Y111.329 E3.01218
G1 X118.671 Y111.673 E3.02865
G1 X118.98 Y112.048 E3.0451
G1 X119.081 Y112.201 E3.05131
G1 X118.797 Y112.463 F7200
;TYPE:Perimeter
;WIDTH:0.4
G1 F2075
G1 X118.922 Y112.649 E3.05796
G1 X119.133 Y113.045 E3.07128
G1 X119.305 Y113.46 E3.08462
G1 X119.435 Y113.889 E3.09793
G1 X119.523 Y114.329 E3.11125
G1 X119.567 Y114.776 E3.12459
G1 X119.567 Y115.224 E3.13789
G1 X119.523 Y115.671 E3.15123
G1 X119.435 Y116.111 E3.16455
G1 X119.305 Y116.54 E3.17786
G1 X119.133 Y116.955 E3.1912
G1 X118.922 Y117.351 E3.20452
G1 X118.672 Y117.724 E3.21785
G1 X118.388 Y118.07 E3.23114
G1 X118.07 Y118.388 E3.24449
G1 X117.724 Y118.672 E3.25778
G1 X117.351 Y118.922 E3.27111
G1 X116.955 Y119.133 E3.28443
G1 X116.54 Y119.305 E3.29777
G1 X116.111 Y119.435 E3.31108
G1 X115.671 Y119.523 E3.3244
G1 X115.224 Y119.567 E3.33774
G1 X114.776 Y119.567 E3.35104
G1 X114.329 Y119.523 E3.36438
G1 X113.889 Y119.435 E3.3777
G1 X113.46 Y119.305 E3.39101
G1 X113.045 Y119.133 E3.40435
G1 X112.649 Y118.922 E3.41767
G1 X112.276 Y118.672 E3.431
G1 X111.93 Y118.388 E3.44429
G1 X111.612 Y118.07 E3.45764
G1 X111.328 Y117.724 E3.47093
G1 X111.078 Y117.351 E3.48426
G1 X110.867 Y116.955 E3.49758
G1 X110.695 Y116.54 E3.51092
G1 X110.565 Y116.111 E3.52423
G1 X110.477 Y115.671 E3.53755
G1 X110.433 Y115.224 E3.55089
G1 X110.433 Y114.776 E3.56419
G1 X110.477 Y114.329 E3.57753
G1 X110.565 Y113.889 E3.59085
G1 X110.695 Y113.46 E3.60416
G1 X110.867 Y113.045 E3.6175
G1 X111.078 Y112.649 E3.63082
G1 X111.328 Y112.276 E3.64415
G1 X111.612 Y111.93 E3.65744
G1 X111.93 Y111.612 E3.67079
G1 X112.276 Y111.328 E3.68408
G1 X112.649 Y111.078 E3.69741
G1 X113.045 Y110.867 E3.71073
G1 X113.46 Y110.695 E3.72407
G1 X113.889 Y110.565 E3.73738
G1 X114.329 Y110.477 E3.7507
G1 X114.776 Y110.433 E3.76404
G1 X115.18 Y110.432 E3.77604
G1 X115.673 Y110.478 E3.79074
G1 X116.111 Y110.565 E3.804
G1 X116.54 Y110.695 E3.81731
G1 X116.955 Y110.867 E3.83065
G1 X117.351 Y111.078 E3.84397
G1 X117.724 Y111.328 E3.8573
G1 X118.07 Y111.612 E3.87059
G1 X118.388 Y111.93 E3.88394
G1 X118.672 Y112.276 E3.89723
G1 X118.764 Y112.413 E3.90213
G1 X118.5 Y112.661 F7200
G1 F2075
G1 X118.615 Y112.833 E3.90827
G1 X118.81 Y113.198 E3.92056
G1 X118.968 Y113.58 E3.93283
G1 X119.088 Y113.976 E3.94512
G1 X119.169 Y114.382 E3.95741
G1 X119.21 Y114.793 E3.96967
G1 X119.21 Y115.207 E3.98196
G1 X119.169 Y115.618 E3.99422
G1 X119.088 Y116.024 E4.00651
G1 X118.968 Y116.42 E4.0188
G1 X118.81 Y116.802 E4.03107
G1 X118.615 Y117.167 E4.04336
G1 X118.385 Y117.511 E4.05565
G1 X118.123 Y117.83 E4.06791
G1 X117.83 Y118.123 E4.08021
G1 X117.511 Y118.385 E4.09247
G1 X117.167 Y118.615 E4.10476
G1 X116.802 Y118.81 E4.11705
G1 X116.42 Y118.968 E4.12932
G1 X116.024 Y119.088 E4.14161
G1 X115.618 Y119.169 E4.1539
G1 X115.207 Y119.21 E4.16616
G1 X114.793 Y119.21 E4.17845
G1 X114.382 Y119.169 E4.19071
G1 X113.976 Y119.088 E4.203
G1 X113.58 Y118.968 E4.21529
G1 X113.198 Y118.81 E4.22756
G1 X112.833 Y118.615 E4.23985
G1 X112.489 Y118.385 E4.25214
G1 X112.17 Y118.123 E4.2644
G1 X111.877 Y117.83 E4.2767
G1 X111.615 Y117.511 E4.28896
G1 X111.385 Y117.167 E4.30125
G1 X111.19 Y116.802 E4.31354
G1 X111.032 Y116.42 E4.32581
G1 X110.912 Y116.024 E4.3381
G1 X110.831 Y115.618 E4.35039
G1 X110.79 Y115.207 E4.36265
G1 X110.79 Y114.793 E4.37494
G1 X110.831 Y114.382 E4.3872
G1 X110.912 Y113.976 E4.39949
G1 X111.032 Y113.58 E4.41178
G1 X111.19 Y113.198 E4.42405
G1 X111.385 Y112.833 E4.43634
G1 X111.615 Y112.489 E4.44863
G1 X111.877 Y112.17 E4.46089
G1 X112.17 Y111.877 E4.47319
G1 X112.489 Y111.615 E4.48545
G1 X112.833 Y111.385 E4.49774
G1 X113.198 Y111.19 E4.51003
G1 X113.58 Y111.032 E4.5223
G1 X113.976 Y110.912 E4.53459
G1 X114.382 Y110.831 E4.54688
G1 X114.794 Y110.79 E4.55917
G1 X115.164 Y110.789 E4.57016
G1 X115.621 Y110.832 E4.58379
G1 X116.024 Y110.912 E4.59599
G1 X116.42 Y111.032 E4.60828
G1 X116.802 Y111.19 E4.62055
G1 X117.167 Y111.385 E4.63284
G1 X117.511 Y111.615 E4.64513
G1 X117.83 Y111.877 E4.65739
G1 X118.123 Y112.17 E4.66969
G1 X118.385 Y112.489 E4.68195
G1 X118.467 Y112.611 E4.68631
G1 E3.28631 F4800
;WIPE_START
G1 F5760
G1 X118.5 Y112.661 E3.23888
G1 X118.615 Y112.833 E3.07508
G1 X118.81 Y113.198 E2.74747
G1 X118.84 Y113.269 E2.68631
;WIPE_END
G92 E0
G1 X116.713 Y115.341 F7200
G1 E2 F4800
;TYPE:External perimeter
;WIDTH:0.45
G1 F2075
G1 X116.613 Y115.668 E2.01157
G1 X116.452 Y115.97 E2.02315
G1 X116.235 Y116.235 E2.03474
G1 X115.97 Y116.452 E2.04633
G1 X115.668 Y116.613 E2.05791
G1 X115.341 Y116.713 E2.06948
G1 X115 Y116.746 E2.08108
G1 X114.659 Y116.713 E2.09268
G1 X114.332 Y116.613 E2.10425
G1 X114.03 Y116.452 E2.11583
G1 X113.765 Y116.235 E2.12742
G1 X113.548 Y115.97 E2.13901
G1 X113.387 Y115.668 E2.15059
G1 X113.287 Y115.341 E2.16216
G1 X113.254 Y115 E2.17376
G1 X113.287 Y114.659 E2.18536
G1 X113.387 Y114.332 E2.19693
G1 X113.548 Y114.03 E2.20851
G1 X113.765 Y113.765 E2.2201
G1 X114.03 Y113.548 E2.23169
G1 X114.332 Y113.387 E2.24327
G1 X114.659 Y113.287 E2.25484
G1 X114.987 Y113.254 E2.266
G1 X115.34 Y113.287 E2.278
G1 X115.668 Y113.387 E2.28961
G1 X115.97 Y113.548 E2.30119
G1 X116.235 Y113.765 E2.31278
G1 X116.452 Y114.03 E2.32437
G1 X116.613 Y114.332 E2.33595
G1 X116.713 Y114.659 E2.34752
G1 X116.746 Y115 E2.35912
G1 X116.719 Y115.281 E2.36868
G1 X117.089 Y115.416 F7200
;TYPE:Perimeter
;WIDTH:0.4
G1 F2075
G1 X116.968 Y115.815 E2.38106
G1 X116.771 Y116.183 E2.39345
G1 X116.506 Y116.506 E2.40585
G1 X116.183 Y116.771 E2.41825
G1 X115.815 Y116.968 E2.43064
G1 X115.416 Y117.089 E2.44302
G1 X115 Y117.13 E2.45543
G1 X114.584 Y117.089 E2.46784
G1 X114.185 Y116.968 E2.48022
G1 X113.817 Y116.771 E2.49261
G1 X113.494 Y116.506 E2.50501
G1 X113.229 Y116.183 E2.51741
G1 X113.032 Y115.815 E2.5298
G1 X112.911 Y115.416 E2.54218
G1 X112.87 Y115 E2.55459
G1 X112.911 Y114.584 E2.567
G1 X113.032 Y114.185 E2.57938
G1 X113.229 Y113.817 E2.59177
G1 X113.494 Y113.494 E2.60417
G1 X113.817 Y113.229 E2.61657
G1 X114.185 Y113.032 E2.62896
G1 X114.583 Y112.911 E2.64131
G1 X114.985 Y112.87 E2.65331
G1 X115.414 Y112.91 E2.6661
G1 X115.815 Y113.032 E2.67855
G1 X116.183 Y113.229 E2.69094
G1 X116.506 Y113.494 E2.70334
G1 X116.771 Y113.817 E2.71574
G1 X116.968 Y114.185 E2.72813
G1 X117.089 Y114.584 E2.74051
G1 X117.13 Y115 E2.75292
G1 X117.095 Y115.356 E2.76354
G1 X117.441 Y115.486 F7200
G1 F2075
G1 X117.299 Y115.953 E2.77803
G1 X117.069 Y116.383 E2.79251
G1 X116.76 Y116.76 E2.80698
G1 X116.383 Y117.069 E2.82145
G1 X115.952 Y117.299 E2.83596
G1 X115.486 Y117.441 E2.85042
G1 X115 Y117.489 E2.86492
G1 X114.514 Y117.441 E2.87942
G1 X114.048 Y117.299 E2.89388
G1 X113.617 Y117.069 E2.90839
G1 X113.24 Y116.76 E2.92286
G1 X112.931 Y116.383 E2.93733
G1 X112.701 Y115.952 E2.95184
G1 X112.559 Y115.486 E2.9663
G1 X112.511 Y115 E2.9808
G1 X112.559 Y114.514 E2.9953
G1 X112.701 Y114.048 E3.00976
G1 X112.931 Y113.617 E3.02427
G1 X113.24 Y113.24 E3.03874
G1 X113.617 Y112.931 E3.05321
G1 X114.048 Y112.701 E3.06772
G1 X114.513 Y112.559 E3.08216
G1 X114.984 Y112.511 E3.09622
G1 X115.483 Y112.558 E3.1111
G1 X115.952 Y112.701 E3.12566
G1 X116.383 Y112.931 E3.14017
G1 X116.76 Y113.24 E3.15464
G1 X117.069 Y113.617 E3.16911
G1 X117.299 Y114.048 E3.18362
G1 X117.441 Y114.514 E3.19808
G1 X117.489 Y115 E3.21258
G1 X117.447 Y115.426 E3.22529
G1 E1.82529 F4800
;WIPE_START
G1 F5760
G1 X117.441 Y115.486 E1.77755
G1 X117.299 Y115.953 E1.39113
G1 X117.2 Y116.138 E1.22529
;WIPE_END
G92 E0
G1 X111.153 Y114.988 F7200
G1 E2 F4800
;TYPE:Solid infill
;WIDTH:0.499999
G1 F2075
G1 X111.172 Y115.516 E2.02008
G1 X111.346 Y116.253 E2.04886
G1 X111.661 Y116.942 E2.07765
G1 X112.104 Y117.556 E2.10643
G1 X112.658 Y118.072 E2.1352
G1 X113.303 Y118.47 E2.16401
G1 X114.012 Y118.734 E2.19276
G1 X114.76 Y118.855 E2.22156
G1 X115.516 Y118.828 E2.25031
G1 X116.253 Y118.654 E2.27909
G1 X116.942 Y118.339 E2.30788
G1 X117.556 Y117.896 E2.33666
G1 X118.072 Y117.342 E2.36543
G1 X118.47 Y116.697 E2.39424
G1 X118.734 Y115.988 E2.42299
G1 X118.855 Y115.24 E2.45179
G1 X118.828 Y114.484 E2.48054
G1 X118.654 Y113.747 E2.50932
G1 X118.339 Y113.058 E2.53811
G1 X117.896 Y112.444 E2.56689
G1 X117.342 Y111.928 E2.59566
G1 X116.697 Y111.53 E2.62447
G1 X115.99 Y111.267 E2.65314
G1 X115.199 Y111.143 E2.68357
G1 X114.483 Y111.172 E2.7108
G1 X113.747 Y111.346 E2.73954
G1 X113.058 Y111.661 E2.76833
G1 X112.444 Y112.104 E2.79711
G1 X111.928 Y112.658 E2.82588
G1 X111.53 Y113.303 E2.85469
G1 X111.266 Y114.012 E2.88344
G1 X111.145 Y114.76 E2.91224
G1 X111.658 Y114.836 E2.93195
;WIDTH:0.623742
G1 X111.754 Y114.187 E2.96363
G1 X111.975 Y113.569 E2.99533
G1 X112.313 Y113.007 E3.027
G1 X112.753 Y112.521 E3.05866
G1 X113.28 Y112.13 E3.09035
G1 X113.873 Y111.85 E3.12202
;WIDTH:0.624
G1 X114.511 Y111.69 E3.1538
G1 X115.126 Y111.657 E3.18356
;WIDTH:0.623628
G1 X115.815 Y111.755 E3.21716
;WIDTH:0.623738
G1 X116.431 Y111.975 E3.24875
G1 X116.993 Y112.313 E3.28042
G1 X117.479 Y112.753 E3.31208
G1 X117.87 Y113.28 E3.34377
G1 X118.15 Y113.873 E3.37544
G1 X118.31 Y114.509 E3.40711
G1 X118.342 Y115.164 E3.43878
G1 X118.246 Y115.813 E3.47046
G1 X118.025 Y116.431 E3.50216
G1 X117.687 Y116.993 E3.53383
G1 X117.247 Y117.479 E3.56549
G1 X116.72 Y117.87 E3.59718
G1 X116.127 Y118.15 E3.62885
G1 X115.491 Y118.31 E3.66052
G1 X114.836 Y118.342 E3.69219
G1 X114.187 Y118.246 E3.72387
G1 X113.569 Y118.025 E3.75557
G1 X113.007 Y117.687 E3.78724
G1 X112.521 Y117.247 E3.8189
G1 X112.13 Y116.72 E3.85059
G1 X111.85 Y116.127 E3.88226
G1 X111.69 Y115.491 E3.91393
G1 X111.669 Y115.064 E3.93458
;WIDTH:0.499999
G1 X112.188 Y115.115 E3.9544
G1 X112.207 Y115.44 E3.96677
G1 X112.346 Y115.977 E3.98785
G1 X112.588 Y116.476 E4.00893
G1 X112.922 Y116.918 E4.02999
G1 X113.336 Y117.286 E4.05104
G1 X113.814 Y117.567 E4.07211
G1 X114.338 Y117.749 E4.09319
G1 X114.887 Y117.825 E4.11425
G1 X115.44 Y117.793 E4.1353
G1 X115.977 Y117.654 E4.15638
G1 X116.476 Y117.412 E4.17746
G1 X116.918 Y117.078 E4.19852
G1 X117.286 Y116.664 E4.21957
G1 X117.567 Y116.186 E4.24064
G1 X117.749 Y115.662 E4.26172
G1 X117.825 Y115.113 E4.28278
G1 X117.793 Y114.56 E4.30383
G1 X117.654 Y114.023 E4.32491
G1 X117.412 Y113.524 E4.34599
G1 X117.078 Y113.082 E4.36705
G1 X116.664 Y112.714 E4.3881
G1 X116.186 Y112.433 E4.40917
G1 X115.665 Y112.252 E4.43013
G1 X115.078 Y112.173 E4.45264
G1 X114.563 Y112.206 E4.47225
G1 X114.023 Y112.346 E4.49345
G1 X113.524 Y112.588 E4.51453
G1 X113.082 Y112.922 E4.53559
G1 X112.714 Y113.336 E4.55664
G1 X112.433 Y113.814 E4.57771
G1 X112.251 Y114.338 E4.59879
G1 X112.175 Y114.887 E4.61985
;LAYER_CHANGE
;Z:1.28
;HEIGHT:0.2
; BEFORE_LAYER_CHANGE 5 @ 1.28mm
G1 E3.21985 F4800
;WIPE_START
G1 F5760
G1 X112.251 Y114.338 E2.78108
G1 X112.318 Y114.146 E2.61985
;WIPE_END
G92 E0
G1 Z1.28 F7200
; AFTER_LAYER_CHANGE 5 @ 1.28mm
G1 X113.63 Y122.533
G1 E2 F4800
;TYPE:Support material
;WIDTH:0.42
G1 F2215
G1 X113.35 Y122.186 E2.01398
G1 X113.287 Y121.731 E2.02838
G1 X113.47 Y121.309 E2.0428
G1 X113.64 Y121.151 E2.05008
G1 X114.073 Y120.997 E2.06449
G1 X114.1 Y120.577 E2.07769
G1 X114.718 Y120.714 E2.09754
G1 X115.221 Y121.184 E2.11912
G1 X115.407 Y121.847 E2.14071
G1 X115.36 Y122.191 E2.1516
G1 X115.002 Y122.779 E2.17318
G1 X114.391 Y123.096 E2.19476
G1 X113.704 Y123.049 E2.21635
G1 X113.141 Y122.652 E2.23795
G1 X112.867 Y122.02 E2.25955
G1 X112.961 Y121.338 E2.28114
G1 X113.395 Y120.804 E2.30272
G1 X114.044 Y120.574 E2.32431
G1 E.92431 F4800
;WIPE_START
G1 F5760
G1 X113.395 Y120.804 E.37921
G1 X113.351 Y120.858 E.32431
;WIPE_END
G92 E0
G1 X118.18 Y121.524 F7200
G1 E2 F4800
G1 F2215
G1 X117.899 Y121.177 E2.014
G1 X117.837 Y120.722 E2.0284
G1 X118.02 Y120.3 E2.04282
G1 X118.189 Y120.142 E2.05007
G1 X118.623 Y119.988 E2.06451
G1 X118.65 Y119.569 E2.07767
G1 X119.268 Y119.705 E2.09751
G1 X119.771 Y120.175 E2.11909
G1 X119.957 Y120.838 E2.14068
G1 X119.909 Y121.182 E2.15157
G1 X119.552 Y121.77 E2.17314
G1 X118.94 Y122.087 E2.19475
G1 X118.254 Y122.04 E2.21631
G1 X117.691 Y121.643 E2.23791
G1 X117.417 Y121.011 E2.25951
G1 X117.511 Y120.329 E2.2811
G1 X117.945 Y119.795 E2.30268
G1 X118.594 Y119.565 E2.32427
G1 E.92427 F4800
;WIPE_START
G1 F5760
G1 X117.945 Y119.795 E.37917
G1 X117.901 Y119.849 E.32427
;WIPE_END
G92 E0
G1 X121.056 Y117.837 F7200
G1 E2 F4800
G1 F2215
G1 X120.776 Y117.49 E2.01398
G1 X120.714 Y117.034 E2.02841
G1 X120.897 Y116.612 E2.04283
G1 X121.067 Y116.454 E2.05011
G1 X121.5 Y116.3 E2.06452
G1 X121.527 Y115.881 E2.07768
G1 X122.145 Y116.017 E2.09752
G1 X122.648 Y116.487 E2.1191
G1 X122.834 Y117.15 E2.14069
G1 X122.786 Y117.494 E2.15158
G1 X122.428 Y118.083 E2.17319
G1 X121.817 Y118.399 E2.19476
G1 X121.13 Y118.352 E2.21635
G1 X120.568 Y117.955 E2.23792
G1 X120.294 Y117.324 E2.25949
G1 X120.388 Y116.642 E2.28108
G1 X120.822 Y116.108 E2.30266
G1 X121.471 Y115.877 E2.32426
G1 E.92426 F4800
;WIPE_START
G1 F5760
G1 X120.822 Y116.108 E.37889
G1 X120.778 Y116.162 E.32426
;WIPE_END
G92 E0
G1 X120.954 Y113.244 F7200
G1 E2 F4800
G1 F2215
G1 X120.674 Y112.897 E2.01398
G1 X120.611 Y112.442 E2.02838
G1 X120.795 Y112.02 E2.04281
G1 X120.964 Y111.862 E2.05006
G1 X121.397 Y111.708 E2.06447
G1 X121.425 Y111.289 E2.07764
G1 X122.042 Y111.425 E2.09745
G1 X122.546 Y111.895 E2.11906
G1 X122.731 Y112.558 E2.14064
G1 X122.684 Y112.902 E2.15153
G1 X122.326 Y113.49 E2.17311
G1 X121.715 Y113.807 E2.19469
G1 X121.028 Y113.76 E2.21628
G1 X120.466 Y113.363 E2.23785
G1 X120.191 Y112.731 E2.25946
G1 X120.285 Y112.049 E2.28105
G1 X120.72 Y111.515 E2.30265
G1 X121.368 Y111.285 E2.32421
G1 E.92421 F4800
;WIPE_START
G1 F5760
G1 X120.72 Y111.515 E.37985
G1 X120.676 Y111.57 E.32421
;WIPE_END
G92 E0
G1 X115.047 Y108.806 F7200
G1 E2 F4800
G1 F2215
G1 X114.767 Y108.459 E2.01398
G1 X114.705 Y108.003 E2.02841
G1 X114.767 Y107.78 E2.03567
G1 X115.057 Y107.423 E2.05009
G1 X115.491 Y107.27 E2.06452
G1 X115.518 Y106.85 E2.07772
G1 X116.136 Y106.987 E2.09757
G1 X116.639 Y107.457 E2.11915
G1 X116.777 Y107.775 E2.13002
G1 X116.777 Y108.464 E2.15162
G1 X116.42 Y109.052 E2.17319
G1 X115.808 Y109.369 E2.1948
G1 X115.121 Y109.322 E2.21639
G1 X114.559 Y108.925 E2.23796
G1 X114.285 Y108.293 E2.25956
G1 X114.378 Y107.611 E2.28114
G1 X114.813 Y107.077 E2.30274
G1 X115.462 Y106.847 E2.32433
G1 E.92433 F4800
;WIPE_START
G1 F5760
G1 X114.813 Y107.077 E.37923
G1 X114.769 Y107.131 E.32433
;WIPE_END
G92 E0
G1 X109.031 Y111.474 F7200
G1 E2 F4800
G1 F2215
G1 X108.751 Y111.127 E2.01398
G1 X108.688 Y110.672 E2.02838
G1 X108.872 Y110.25 E2.04281
G1 X109.041 Y110.092 E2.05006
G1 X109.474 Y109.938 E2.06447
G1 X109.502 Y109.519 E2.07764
G1 X110.119 Y109.655 E2.09745
G1 X110.623 Y110.125 E2.11906
G1 X110.761 Y110.443 E2.12993
G1 X110.761 Y111.132 E2.15153
G1 X110.403 Y111.72 E2.17311
G1 X109.792 Y112.037 E2.19469
G1 X109.105 Y111.99 E2.21628
G1 X108.543 Y111.593 E2.23785
G1 X108.268 Y110.961 E2.25946
G1 X108.362 Y110.279 E2.28105
G1 X108.797 Y109.745 E2.30265
G1 X109.445 Y109.515 E2.32421
G1 E.92421 F4800
;WIPE_START
G1 F5760
G1 X108.797 Y109.745 E.37985
G1 X108.753 Y109.8 E.32421
;WIPE_END
G92 E0
G1 X107.596 Y115.784 F7200
G1 E2 F4800
G1 F2215
G1 X107.316 Y115.436 E2.014
G1 X107.254 Y114.981 E2.0284
G1 X107.437 Y114.559 E2.04282
G1 X107.606 Y114.401 E2.05007
G1 X108.04 Y114.247 E2.06451
G1 X108.067 Y113.828 E2.07767
G1 X108.685 Y113.964 E2.09751
G1 X109.188 Y114.434 E2.11909
G1 X109.374 Y115.097 E2.14068
G1 X109.326 Y115.441 E2.15157
G1 X108.969 Y116.029 E2.17314
G1 X108.357 Y116.346 E2.19475
G1 X107.67 Y116.299 E2.21634
G1 X107.108 Y115.902 E2.23791
G1 X106.834 Y115.271 E2.25948
G1 X106.927 Y114.589 E2.28106
G1 X107.362 Y114.054 E2.30268
G1 X108.011 Y113.824 E2.32427
G1 E.92427 F4800
;WIPE_START
G1 F5760
G1 X107.362 Y114.054 E.37917
G1 X107.318 Y114.108 E.32427
;WIPE_END
G92 E0
G1 X109.283 Y120.205 F7200
G1 E2 F4800
G1 F2215
G1 X109.002 Y119.858 E2.014
G1 X108.94 Y119.403 E2.0284
G1 X109.123 Y118.981 E2.04282
G1 X109.292 Y118.823 E2.05007
G1 X109.726 Y118.669 E2.06451
G1 X109.753 Y118.25 E2.07767
G1 X110.371 Y118.386 E2.09751
G1 X110.874 Y118.856 E2.11909
G1 X111.012 Y119.174 E2.12996
G1 X111.012 Y119.863 E2.15156
G1 X110.655 Y120.451 E2.17313
G1 X110.043 Y120.768 E2.19474
G1 X109.357 Y120.721 E2.2163
G1 X108.794 Y120.324 E2.2379
G1 X108.52 Y119.692 E2.2595
G1 X108.614 Y119.01 E2.28109
G1 X109.048 Y118.476 E2.30267
G1 X109.697 Y118.246 E2.32426
G1 E.92426 F4800
;WIPE_START
G1 F5760
G1 X109.048 Y118.476 E.37916
G1 X109.004 Y118.53 E.32426
;WIPE_END
G92 E0
G1 X119.115 Y112.251 F7200
G1 E2 F4800
;TYPE:External perimeter
;WIDTH:0.45
G1 F2215
G1 X119.25 Y112.453 E2.00822
G1 X119.479 Y112.882 E2.02468
G1 X119.665 Y113.331 E2.04113
G1 X119.806 Y113.796 E2.05758
G1 X119.901 Y114.273 E2.07404
G1 X119.949 Y114.757 E2.0905
G1 X119.949 Y115.243 E2.10695
G1 X119.901 Y115.727 E2.12341
G1 X119.806 Y116.204 E2.13987
G1 X119.665 Y116.669 E2.15632
G1 X119.479 Y117.118 E2.17277
G1 X119.25 Y117.547 E2.18923
G1 X118.98 Y117.952 E2.20571
G1 X118.671 Y118.327 E2.22216
G1 X118.327 Y118.671 E2.23863
G1 X117.952 Y118.98 E2.25508
G1 X117.547 Y119.25 E2.27156
G1 X117.118 Y119.479 E2.28802
G1 X116.669 Y119.665 E2.30447
G1 X116.204 Y119.806 E2.32092
G1 X115.727 Y119.901 E2.33738
G1 X115.243 Y119.949 E2.35384
G1 X114.757 Y119.949 E2.37029
G1 X114.273 Y119.901 E2.38675
G1 X113.796 Y119.806 E2.40321
G1 X113.331 Y119.665 E2.41966
G1 X112.882 Y119.479 E2.43611
G1 X112.453 Y119.25 E2.45257
G1 X112.048 Y118.98 E2.46905
G1 X111.673 Y118.671 E2.4855
G1 X111.329 Y118.327 E2.50197
G1 X111.02 Y117.952 E2.51842
G1 X110.75 Y117.547 E2.5349
G1 X110.521 Y117.118 E2.55136
G1 X110.335 Y116.669 E2.56781
G1 X110.194 Y116.204 E2.58426
G1 X110.099 Y115.727 E2.60072
G1 X110.051 Y115.243 E2.61718
G1 X110.051 Y114.757 E2.63363
G1 X110.099 Y114.273 E2.65009
G1 X110.194 Y113.796 E2.66655
G1 X110.335 Y113.331 E2.683
G1 X110.521 Y112.882 E2.69945
G1 X110.75 Y112.453 E2.71591
G1 X111.02 Y112.048 E2.73239
G1 X111.329 Y111.673 E2.74884
G1 X111.673 Y111.329 E2.76531
G1 X112.048 Y111.02 E2.78176
G1 X112.453 Y110.75 E2.79824
G1 X112.882 Y110.521 E2.8147
G1 X113.331 Y110.335 E2.83115
G1 X113.796 Y110.194 E2.8476
G1 X114.273 Y110.099 E2.86406
G1 X114.757 Y110.051 E2.88052
G1 X115.239 Y110.051 E2.89684
G1 X115.727 Y110.099 E2.91344
G1 X116.204 Y110.194 E2.9299
G1 X116.669 Y110.335 E2.94635
G1 X117.118 Y110.521 E2.9628
G1 X117.547 Y110.75 E2.97926
G1 X117.952 Y111.02 E2.99574
G1 X118.327 Y111.329 E3.01219
G1 X118.671 Y111.673 E3.02866
G1 X118.98 Y112.048 E3.04511
G1 X119.081 Y112.201 E3.05132
G1 X118.797 Y112.463 F7200
;TYPE:Perimeter
;WIDTH:0.4
G1 F2215
G1 X118.922 Y112.649 E3.05797
G1 X119.133 Y113.045 E3.07129
G1 X119.305 Y113.46 E3.08463
G1 X119.435 Y113.889 E3.09794
G1 X119.523 Y114.329 E3.11126
G1 X119.567 Y114.776 E3.1246
G1 X119.567 Y115.224 E3.1379
G1 X119.523 Y115.671 E3.15124
G1 X119.435 Y116.111 E3.16456
G1 X119.305 Y116.54 E3.17787
G1 X119.133 Y116.955 E3.19121
G1 X118.922 Y117.351 E3.20453
G1 X118.672 Y117.724 E3.21786
G1 X118.388 Y118.07 E3.23115
G1 X118.07 Y118.388 E3.2445
G1 X117.724 Y118.672 E3.25779
G1 X117.351 Y118.922 E3.27112
G1 X116.955 Y119.133 E3.28444
G1 X116.54 Y119.305 E3.29778
G1 X116.111 Y119.435 E3.31109
G1 X115.671 Y119.523 E3.32441
G1 X115.224 Y119.567 E3.33775
G1 X114.776 Y119.567 E3.35105
G1 X114.329 Y119.523 E3.36439
G1 X113.889 Y119.435 E3.37771
G1 X113.46 Y119.305 E3.39102
G1 X113.045 Y119.133 E3.40436
G1 X112.649 Y118.922 E3.41768
G1 X112.276 Y118.672 E3.43101
G1 X111.93 Y118.388 E3.4443
G1 X111.612 Y118.07 E3.45765
G1 X111.328 Y117.724 E3.47094
G1 X111.078 Y117.351 E3.48427
G1 X110.867 Y116.955 E3.49759
G1 X110.695 Y116.54 E3.51093
G1 X110.565 Y116.111 E3.52424
G1 X110.477 Y115.671 E3.53756
G1 X110.433 Y115.224 E3.5509
G1 X110.433 Y114.776 E3.5642
G1 X110.477 Y114.329 E3.57754
G1 X110.565 Y113.889 E3.59086
G1 X110.695 Y113.46 E3.60417
G1 X110.867 Y113.045 E3.61751
G1 X111.078 Y112.649 E3.63083
G1 X111.328 Y112.276 E3.64416
G1 X111.612 Y111.93 E3.65745
G1 X111.93 Y111.612 E3.6708
G1 X112.276 Y111.328 E3.68409
G1 X112.649 Y111.078 E3.69742
G1 X113.045 Y110.867 E3.71074
G1 X113.46 Y110.695 E3.72408
G1 X113.889 Y110.565 E3.73739
G1 X114.329 Y110.477 E3.75071
G1 X114.776 Y110.433 E3.76405
G1 X115.22 Y110.433 E3.77723
G1 X115.671 Y110.477 E3.79068
G1 X116.111 Y110.565 E3.804
G1 X116.54 Y110.695 E3.81731
G1 X116.955 Y110.867 E3.83065
G1 X117.351 Y111.078 E3.84397
G1 X117.724 Y111.328 E3.8573
G1 X118.07 Y111.612 E3.87059
G1 X118.388 Y111.93 E3.88394
G1 X118.672 Y112.276 E3.89723
G1 X118.764 Y112.413 E3.90213
G1 X118.5 Y112.661 F7200
G1 F2215
G1 X118.615 Y112.833 E3.90827
G1 X118.81 Y113.198 E3.92056
G1 X118.968 Y113.58 E3.93283
G1 X119.088 Y113.976 E3.94512
G1 X119.169 Y114.382 E3.95741
G1 X119.21 Y114.793 E3.96967
G1 X119.21 Y115.207 E3.98196
G1 X119.169 Y115.618 E3.99422
G1 X119.088 Y116.024 E4.00651
G1 X118.968 Y116.42 E4.0188
G1 X118.81 Y116.802 E4.03107
G1 X118.615 Y117.167 E4.04336
G1 X118.385 Y117.511 E4.05565
G1 X118.123 Y117.83 E4.06791
G1 X117.83 Y118.123 E4.08021
G1 X117.511 Y118.385 E4.09247
G1 X117.167 Y118.615 E4.10476
G1 X116.802 Y118.81 E4.11705
G1 X116.42 Y118.968 E4.12932
G1 X116.024 Y119.088 E4.14161
G1 X115.618 Y119.169 E4.1539
G1 X115.207 Y119.21 E4.16616
G1 X114.793 Y119.21 E4.17845
G1 X114.382 Y119.169 E4.19071
G1 X113.976 Y119.088 E4.203
G1 X113.58 Y118.968 E4.21529
G1 X113.198 Y118.81 E4.22756
G1 X112.833 Y118.615 E4.23985
G1 X112.489 Y118.385 E4.25214
G1 X112.17 Y118.123 E4.2644
G1 X111.877 Y117.83 E4.2767
G1 X111.615 Y117.511 E4.28896
G1 X111.385 Y117.167 E4.30125
G1 X111.19 Y116.802 E4.31354
G1 X111.032 Y116.42 E4.32581
G1 X110.912 Y116.024 E4.3381
G1 X110.831 Y115.618 E4.35039
G1 X110.79 Y115.207 E4.36265
G1 X110.79 Y114.793 E4.37494
G1 X110.831 Y114.382 E4.3872
G1 X110.912 Y113.976 E4.39949
G1 X111.032 Y113.58 E4.41178
G1 X111.19 Y113.198 E4.42405
G1 X111.385 Y112.833 E4.43634
G1 X111.615 Y112.489 E4.44863
G1 X111.877 Y112.17 E4.46089
G1 X112.17 Y111.877 E4.47319
G1 X112.489 Y111.615 E4.48545
G1 X112.833 Y111.385 E4.49774
G1 X113.198 Y111.19 E4.51003
G1 X113.58 Y111.032 E4.5223
G1 X113.976 Y110.912 E4.53459
G1 X114.382 Y110.831 E4.54688
G1 X114.793 Y110.79 E4.55914
G1 X115.203 Y110.79 E4.57131
G1 X115.619 Y110.831 E4.58372
G1 X116.024 Y110.912 E4.59598
G1 X116.42 Y111.032 E4.60827
G1 X116.802 Y111.19 E4.62054
G1 X117.167 Y111.385 E4.63283
G1 X117.511 Y111.615 E4.64512
G1 X117.83 Y111.877 E4.65738
G1 X118.123 Y112.17 E4.66968
G1 X118.385 Y112.489 E4.68194
G1 X118.467 Y112.611 E4.6863
G1 E3.2863 F4800
;WIPE_START
G1 F5760
G1 X118.5 Y112.661 E3.23887
G1 X118.615 Y112.833 E3.07507
G1 X118.81 Y113.198 E2.74746
G1 X118.84 Y113.269 E2.6863
;WIPE_END
G92 E0
G1 X116.713 Y115.341 F7200
G1 E2 F4800
;TYPE:External perimeter
;WIDTH:0.45
G1 F2215
G1 X116.613 Y115.668 E2.01157
G1 X116.452 Y115.97 E2.02315
G1 X116.235 Y116.235 E2.03474
G1 X115.97 Y116.452 E2.04633
G1 X115.668 Y116.613 E2.05791
G1 X115.341 Y116.713 E2.06948
G1 X115 Y116.746 E2.08108
G1 X114.659 Y116.713 E2.09268
G1 X114.332 Y116.613 E2.10425
G1 X114.03 Y116.452 E2.11583
G1 X113.765 Y116.235 E2.12742
G1 X113.548 Y115.97 E2.13901
G1 X113.387 Y115.668 E2.15059
G1 X113.287 Y115.341 E2.16216
G1 X113.254 Y115 E2.17376
G1 X113.287 Y114.659 E2.18536
G1 X113.387 Y114.332 E2.19693
G1 X113.548 Y114.03 E2.20851
G1 X113.765 Y113.765 E2.2201
G1 X114.03 Y113.548 E2.23169
G1 X114.332 Y113.387 E2.24327
G1 X114.659 Y113.288 E2.25483
G1 X114.984 Y113.254 E2.26589
G1 X115.34 Y113.287 E2.27799
G1 X115.668 Y113.387 E2.2896
G1 X115.97 Y113.548 E2.30118
G1 X116.235 Y113.765 E2.31277
G1 X116.452 Y114.03 E2.32436
G1 X116.613 Y114.332 E2.33594
G1 X116.713 Y114.659 E2.34751
G1 X116.746 Y115 E2.35911
G1 X116.719 Y115.281 E2.36867
G1 X117.089 Y115.416 F7200
;TYPE:Perimeter
;WIDTH:0.4
G1 F2215
G1 X116.968 Y115.815 E2.38105
G1 X116.771 Y116.183 E2.39344
G1 X116.506 Y116.506 E2.40584
G1 X116.183 Y116.771 E2.41824
G1 X115.815 Y116.968 E2.43063
G1 X115.416 Y117.089 E2.44301
G1 X115 Y117.13 E2.45542
G1 X114.584 Y117.089 E2.46783
G1 X114.185 Y116.968 E2.48021
G1 X113.817 Y116.771 E2.4926
G1 X113.494 Y116.506 E2.505
G1 X113.229 Y116.183 E2.5174
G1 X113.032 Y115.815 E2.52979
G1 X112.911 Y115.416 E2.54217
G1 X112.87 Y115 E2.55458
G1 X112.911 Y114.584 E2.56699
G1 X113.032 Y114.185 E2.57937
G1 X113.229 Y113.817 E2.59176
G1 X113.494 Y113.494 E2.60416
G1 X113.817 Y113.229 E2.61656
G1 X114.185 Y113.032 E2.62895
G1 X114.583 Y112.911 E2.6413
G1 X114.982 Y112.87 E2.65321
G1 X115.414 Y112.91 E2.66609
G1 X115.815 Y113.032 E2.67854
G1 X116.183 Y113.229 E2.69093
G1 X116.506 Y113.494 E2.70333
G1 X116.771 Y113.817 E2.71573
G1 X116.968 Y114.185 E2.72812
G1 X117.089 Y114.584 E2.7405
G1 X117.13 Y115 E2.75291
G1 X117.095 Y115.356 E2.76353
G1 X117.441 Y115.486 F7200
G1 F2215
G1 X117.299 Y115.952 E2.77799
G1 X117.069 Y116.383 E2.7925
G1 X116.76 Y116.76 E2.80697
G1 X116.383 Y117.069 E2.82144
G1 X115.952 Y117.299 E2.83595
G1 X115.486 Y117.441 E2.85041
G1 X115 Y117.489 E2.86491
G1 X114.514 Y117.441 E2.87941
G1 X114.048 Y117.299 E2.89387
G1 X113.617 Y117.069 E2.90838
G1 X113.24 Y116.76 E2.92285
G1 X112.931 Y116.383 E2.93732
G1 X112.701 Y115.952 E2.95183
G1 X112.559 Y115.486 E2.96629
G1 X112.511 Y115 E2.98079
G1 X112.559 Y114.514 E2.99529
G1 X112.701 Y114.048 E3.00975
G1 X112.931 Y113.617 E3.02426
G1 X113.24 Y113.24 E3.03873
G1 X113.617 Y112.931 E3.0532
G1 X114.048 Y112.701 E3.06771
G1 X114.513 Y112.559 E3.08215
G1 X114.98 Y112.512 E3.09609
G1 X115.483 Y112.558 E3.11109
G1 X115.952 Y112.701 E3.12565
G1 X116.383 Y112.931 E3.14016
G1 X116.76 Y113.24 E3.15463
G1 X117.069 Y113.617 E3.1691
G1 X117.299 Y114.048 E3.18361
G1 X117.441 Y114.514 E3.19807
G1 X117.489 Y115 E3.21257
G1 X117.447 Y115.426 E3.22528
G1 E1.82528 F4800
;WIPE_START
G1 F5760
G1 X117.441 Y115.486 E1.77754
G1 X117.299 Y115.952 E1.39188
G1 X117.2 Y116.138 E1.22528
;WIPE_END
G92 E0
G1 X118.606 Y116.892 F7200
G1 E2 F4800
;TYPE:Top solid infill
;WIDTH:0.452131
G1 F2215
G1 X117.606 Y117.892 E2.04812
G1 X117.319 Y118.127 E2.06074
G1 X117.002 Y118.339 E2.07372
G1 X116.665 Y118.519 E2.08672
G1 X116.228 Y118.691 E2.1027
G1 X118.691 Y116.228 E2.22122
G1 X118.777 Y115.946 E2.23125
G1 X118.86 Y115.48 E2.24736
G1 X115.48 Y118.86 E2.41001
G1 X115.191 Y118.889 E2.41989
G1 X114.873 Y118.889 E2.43071
G1 X118.889 Y114.873 E2.62396
G1 X118.835 Y114.348 E2.64192
G1 X117.771 Y115.412 E2.69312
G1 X117.811 Y115 E2.7072
G1 X117.793 Y114.811 E2.71366
G1 X118.724 Y113.88 E2.75846
G1 X118.569 Y113.456 E2.77382
G1 X117.715 Y114.311 E2.81494
G1 X117.571 Y113.875 E2.83056
G1 X118.377 Y113.069 E2.86934
G1 X118.151 Y112.717 E2.88357
G1 X117.37 Y113.498 E2.92115
G1 X117.118 Y113.171 E2.9352
G1 X117.893 Y112.396 E2.97249
G1 X117.604 Y112.107 E2.9864
G1 X116.829 Y112.882 E3.02369
G1 X116.502 Y112.63 E3.03774
G1 X117.283 Y111.849 E3.07532
G1 X117.002 Y111.661 E3.08682
G1 X116.93 Y111.623 E3.08959
G1 X116.125 Y112.429 E3.12835
G1 X115.689 Y112.285 E3.14397
G1 X116.544 Y111.431 E3.18509
G1 X116.12 Y111.276 E3.20045
G1 X115.187 Y112.208 E3.24532
G1 X114.979 Y112.189 E3.25243
G1 X114.588 Y112.229 E3.2658
G1 X115.808 Y111.009 E3.32451
G1 E1.92451 F4800
;WIPE_START
G1 F5760
G1 X115.272 Y111.545 E1.32451
;WIPE_END
G92 E0
G1 X115.647 Y117.536 F7200
G1 E2 F4800
G1 F2215
G1 X114.348 Y118.835 E2.06251
G1 X113.88 Y118.724 E2.07888
G1 X114.811 Y117.793 E2.12368
G1 X114.451 Y117.757 E2.13599
G1 X114.311 Y117.715 E2.14096
G1 X113.456 Y118.569 E2.18208
G1 X113.069 Y118.377 E2.19678
G1 X113.875 Y117.571 E2.23556
G1 X113.498 Y117.37 E2.2501
G1 X112.717 Y118.151 E2.28768
G1 X112.396 Y117.893 E2.30169
G1 X113.171 Y117.118 E2.33898
G1 X113.012 Y116.988 E2.34597
G1 X112.882 Y116.829 E2.35296
G1 X112.107 Y117.604 E2.39025
G1 X111.849 Y117.283 E2.40426
G1 X112.63 Y116.502 E2.44184
G1 X112.429 Y116.125 E2.45638
G1 X111.623 Y116.93 E2.49514
G1 X111.431 Y116.544 E2.50981
G1 X112.285 Y115.689 E2.55093
G1 X112.243 Y115.548 E2.55594
G1 X112.207 Y115.189 E2.56822
G1 X111.276 Y116.12 E2.61302
G1 X111.165 Y115.652 E2.62939
G1 X112.464 Y114.353 E2.6919
G1 E1.2919 F4800
;WIPE_START
G1 F5760
G1 X111.928 Y114.889 E.6919
;WIPE_END
G92 E0
G1 X110.938 Y115.3 F7200
G1 E2 F4800
G1 F2215
G1 X115.127 Y111.111 E2.20158
G1 X114.809 Y111.111 E2.2124
G1 X114.52 Y111.14 E2.22228
G1 X111.14 Y114.52 E2.38493
G1 X111.223 Y114.054 E2.40104
G1 X111.309 Y113.772 E2.41107
G1 X113.772 Y111.309 E2.52959
G1 X113.335 Y111.481 E2.54557
G1 X112.998 Y111.661 E2.55857
G1 X112.681 Y111.873 E2.57155
G1 X112.393 Y112.109 E2.58422
G1 X111.395 Y113.108 E2.63227
;LAYER_CHANGE
;Z:1.48
;HEIGHT:0.2
; BEFORE_LAYER_CHANGE 6 @ 1.48mm
G1 E1.23227 F4800
;WIPE_START
G1 F5760
G1 X111.931 Y112.572 E.63227
;WIPE_END
G92 E0
G1 Z1.48 F7200
; AFTER_LAYER_CHANGE 6 @ 1.48mm
G1 X113.632 Y122.533
G1 E2 F4800
;TYPE:Support material
;WIDTH:0.42
G1 F1500
G1 X113.35 Y122.184 E2.01407
G1 X113.287 Y121.73 E2.02844
G1 X113.469 Y121.31 E2.04279
G1 X113.645 Y121.146 E2.05033
G1 X114.083 Y120.964 E2.0652
G1 X114.077 Y120.544 E2.07837
G1 X114.685 Y120.651 E2.09773
G1 X114.971 Y120.855 E2.10874
G1 X115.359 Y121.503 E2.13242
G1 X115.36 Y122.19 E2.15396
G1 X115.002 Y122.778 E2.17554
G1 X114.391 Y123.094 E2.19711
G1 X113.704 Y123.047 E2.2187
G1 X113.142 Y122.651 E2.24026
G1 X112.867 Y122.02 E2.26184
G1 X112.961 Y121.339 E2.28339
G1 X113.396 Y120.804 E2.30501
G1 X114.021 Y120.544 E2.32623
G1 E.92623 F4800
;WIPE_START
G1 F5760
G1 X113.396 Y120.804 E.39033
G1 X113.345 Y120.867 E.32623
;WIPE_END
G92 E0
G1 X118.18 Y121.524 F7200
G1 E2 F4800
G1 F1500
G1 X117.899 Y121.177 E2.014
G1 X117.837 Y120.722 E2.0284
G1 X118.02 Y120.3 E2.04282
G1 X118.19 Y120.142 E2.0501
G1 X118.623 Y119.988 E2.06451
G1 X118.65 Y119.569 E2.07767
G1 X119.268 Y119.705 E2.09751
G1 X119.771 Y120.175 E2.11909
G1 X119.957 Y120.838 E2.14068
G1 X119.909 Y121.182 E2.15157
G1 X119.552 Y121.77 E2.17314
G1 X118.94 Y122.087 E2.19475
G1 X118.253 Y122.04 E2.21634
G1 X117.691 Y121.643 E2.23791
G1 X117.417 Y121.011 E2.25951
G1 X117.511 Y120.329 E2.2811
G1 X117.945 Y119.795 E2.30268
G1 X118.594 Y119.565 E2.32427
G1 E.92427 F4800
;WIPE_START
G1 F5760
G1 X117.945 Y119.795 E.37917
G1 X117.901 Y119.849 E.32427
;WIPE_END
G92 E0
G1 X121.122 Y117.876 F7200
G1 E2 F4800
G1 F1500
G1 X120.786 Y117.515 E2.01546
G1 X120.809 Y117.031 E2.03065
G1 X121.112 Y116.416 E2.05215
G1 X121.499 Y116.299 E2.06483
G1 X121.527 Y115.88 E2.078
G1 X122.142 Y116.017 E2.09776
G1 X122.645 Y116.487 E2.11934
G1 X122.83 Y117.15 E2.14092
G1 X122.782 Y117.494 E2.15181
G1 X122.424 Y118.082 E2.17339
G1 X121.813 Y118.398 E2.19496
G1 X121.126 Y118.351 E2.21655
G1 X120.571 Y117.958 E2.23787
G1 X120.376 Y117.652 E2.24925
G1 X120.348 Y117.297 E2.26042
G1 X120.507 Y116.598 E2.2829
G1 X120.847 Y116.076 E2.30243
G1 X121.47 Y115.876 E2.32295
G1 E.92295 F4800
;WIPE_START
G1 F5760
G1 X120.847 Y116.076 E.40495
G1 X120.791 Y116.163 E.32295
;WIPE_END
G92 E0
G1 X120.954 Y113.244 F7200
G1 E2 F4800
G1 F1500
G1 X120.674 Y112.897 E2.01398
G1 X120.611 Y112.442 E2.02838
G1 X120.795 Y112.02 E2.04281
G1 X120.964 Y111.862 E2.05006
G1 X121.397 Y111.708 E2.06447
G1 X121.425 Y111.289 E2.07764
G1 X122.042 Y111.425 E2.09745
G1 X122.546 Y111.895 E2.11906
G1 X122.731 Y112.558 E2.14064
G1 X122.684 Y112.902 E2.15153
G1 X122.326 Y113.49 E2.17311
G1 X121.715 Y113.807 E2.19469
G1 X121.028 Y113.76 E2.21628
G1 X120.466 Y113.363 E2.23785
G1 X120.191 Y112.731 E2.25946
G1 X120.285 Y112.049 E2.28105
G1 X120.72 Y111.515 E2.30265
G1 X121.368 Y111.285 E2.32421
G1 E.92421 F4800
;WIPE_START
G1 F5760
G1 X120.72 Y111.515 E.37985
G1 X120.676 Y111.57 E.32421
;WIPE_END
G92 E0
G1 X115.047 Y108.806 F7200
G1 E2 F4800
G1 F1500
G1 X114.767 Y108.459 E2.01398
G1 X114.705 Y108.003 E2.02841
G1 X114.767 Y107.78 E2.03567
G1 X115.057 Y107.423 E2.05009
G1 X115.491 Y107.27 E2.06452
G1 X115.518 Y106.85 E2.07772
G1 X116.136 Y106.987 E2.09757
G1 X116.639 Y107.457 E2.11915
G1 X116.777 Y107.775 E2.13002
G1 X116.777 Y108.464 E2.15162
G1 X116.42 Y109.052 E2.17319
G1 X115.808 Y109.369 E2.1948
G1 X115.121 Y109.322 E2.21639
G1 X114.559 Y108.925 E2.23796
G1 X114.285 Y108.293 E2.25956
G1 X114.378 Y107.611 E2.28114
G1 X114.813 Y107.077 E2.30274
G1 X115.462 Y106.847 E2.32433
G1 E.92433 F4800
;WIPE_START
G1 F5760
G1 X114.813 Y107.077 E.37923
G1 X114.769 Y107.131 E.32433
;WIPE_END
G92 E0
G1 X109.032 Y111.475 F7200
G1 E2 F4800
G1 F1500
G1 X108.752 Y111.128 E2.01398
G1 X108.69 Y110.673 E2.02838
G1 X108.873 Y110.251 E2.0428
G1 X109.043 Y110.093 E2.05008
G1 X109.477 Y109.939 E2.06452
G1 X109.504 Y109.52 E2.07768
G1 X110.122 Y109.656 E2.09752
G1 X110.624 Y110.126 E2.11908
G1 X110.761 Y110.444 E2.12994
G1 X110.761 Y111.219 E2.15424
G1 X110.38 Y111.786 E2.17566
G1 X109.797 Y112.036 E2.19555
G1 X109.104 Y111.99 E2.21733
G1 X108.544 Y111.593 E2.23885
G1 X108.27 Y110.962 E2.26042
G1 X108.364 Y110.28 E2.28201
G1 X108.799 Y109.746 E2.30361
G1 X109.448 Y109.516 E2.3252
G1 E.9252 F4800
;WIPE_START
G1 F5760
G1 X108.799 Y109.746 E.3801
G1 X108.755 Y109.8 E.3252
;WIPE_END
G92 E0
G1 X107.596 Y115.784 F7200
G1 E2 F4800
G1 F1500
G1 X107.316 Y115.436 E2.014
G1 X107.254 Y114.981 E2.0284
G1 X107.437 Y114.559 E2.04282
G1 X107.812 Y114.294 E2.05722
G1 X108.04 Y114.247 E2.06452
G1 X108.067 Y113.828 E2.07768
G1 X108.685 Y113.964 E2.09752
G1 X109.188 Y114.434 E2.1191
G1 X109.374 Y115.097 E2.14069
G1 X109.326 Y115.441 E2.15158
G1 X108.969 Y116.029 E2.17315
G1 X108.357 Y116.346 E2.19476
G1 X107.67 Y116.299 E2.21635
G1 X107.108 Y115.902 E2.23792
G1 X106.834 Y115.271 E2.25949
G1 X106.927 Y114.589 E2.28107
G1 X107.362 Y114.054 E2.30269
G1 X108.011 Y113.824 E2.32428
G1 E.92428 F4800
;WIPE_START
G1 F5760
G1 X107.362 Y114.054 E.37918
G1 X107.318 Y114.108 E.32428
;WIPE_END
G92 E0
G1 X109.116 Y120.039 F7200
G1 E2 F4800
G1 F1500
G1 X108.942 Y119.633 E2.01385
G1 X109.004 Y119.177 E2.02828
G1 X109.292 Y118.822 E2.04261
G1 X109.741 Y118.666 E2.05751
G1 X109.745 Y118.246 E2.07068
G1 X109.958 Y118.248 E2.07736
G1 X110.201 Y118.362 E2.08578
G1 X110.685 Y118.79 E2.10604
G1 X111.059 Y119.462 E2.13015
G1 X111.014 Y119.859 E2.14268
G1 X110.657 Y120.448 E2.16428
G1 X110.047 Y120.765 E2.18583
G1 X109.359 Y120.719 E2.20745
G1 X108.797 Y120.322 E2.22902
G1 X108.522 Y119.691 E2.2506
G1 X108.615 Y119.009 E2.27218
G1 X109.047 Y118.476 E2.29369
G1 X109.689 Y118.245 E2.31508
G1 E.91508 F4800
;WIPE_START
G1 F5760
G1 X109.047 Y118.476 E.37493
G1 X108.999 Y118.535 E.31508
;WIPE_END
G92 E0
G1 X117.373 Y116.76 F7200
G1 E2 F4800
;TYPE:External perimeter
;WIDTH:0.45
G1 F1500
G1 X117.189 Y116.984 E2.00981
G1 X116.984 Y117.189 E2.01962
G1 X116.76 Y117.373 E2.02943
G1 X116.519 Y117.534 E2.03924
G1 X116.263 Y117.671 E2.04907
G1 X115.995 Y117.782 E2.05889
G1 X115.718 Y117.866 E2.06869
G1 X115.434 Y117.923 E2.07849
G1 X115.145 Y117.951 E2.08832
G1 X114.855 Y117.951 E2.09814
G1 X114.566 Y117.923 E2.10797
G1 X114.282 Y117.866 E2.11777
G1 X114.005 Y117.782 E2.12757
G1 X113.737 Y117.671 E2.13739
G1 X113.481 Y117.534 E2.14722
G1 X113.24 Y117.373 E2.15703
G1 X113.016 Y117.189 E2.16684
G1 X112.811 Y116.984 E2.17665
G1 X112.627 Y116.76 E2.18646
G1 X112.466 Y116.519 E2.19627
G1 X112.329 Y116.263 E2.2061
G1 X112.218 Y115.995 E2.21592
G1 X112.134 Y115.718 E2.22572
G1 X112.077 Y115.434 E2.23552
G1 X112.049 Y115.145 E2.24535
G1 X112.049 Y114.855 E2.25517
G1 X112.077 Y114.566 E2.265
G1 X112.134 Y114.282 E2.2748
G1 X112.218 Y114.005 E2.2846
G1 X112.329 Y113.737 E2.29442
G1 X112.466 Y113.481 E2.30425
G1 X112.627 Y113.24 E2.31406
G1 X112.811 Y113.016 E2.32387
G1 X113.016 Y112.811 E2.33368
G1 X113.24 Y112.627 E2.34349
G1 X113.481 Y112.466 E2.3533
G1 X113.737 Y112.329 E2.36313
G1 X114.005 Y112.218 E2.37295
G1 X114.282 Y112.134 E2.38275
G1 X114.566 Y112.077 E2.39255
G1 X114.855 Y112.049 E2.40238
G1 X115.107 Y112.048 E2.41091
G1 X115.435 Y112.077 E2.42206
G1 X115.718 Y112.134 E2.43183
G1 X115.995 Y112.218 E2.44163
G1 X116.263 Y112.329 E2.45145
G1 X116.519 Y112.466 E2.46128
G1 X116.76 Y112.627 E2.47109
G1 X116.984 Y112.811 E2.4809
G1 X117.189 Y113.016 E2.49071
G1 X117.373 Y113.24 E2.50052
G1 X117.534 Y113.481 E2.51033
G1 X117.671 Y113.737 E2.52016
G1 X117.782 Y114.005 E2.52998
G1 X117.866 Y114.282 E2.53978
G1 X117.923 Y114.566 E2.54958
G1 X117.951 Y114.855 E2.55941
G1 X117.951 Y115.145 E2.56923
G1 X117.923 Y115.434 E2.57906
G1 X117.866 Y115.718 E2.58886
G1 X117.782 Y115.995 E2.59866
G1 X117.671 Y116.263 E2.60848
G1 X117.534 Y116.519 E2.61831
G1 X117.407 Y116.71 E2.62607
G1 X117.066 Y116.532 F7200
;TYPE:Perimeter
;WIDTH:0.4
G1 F1500
G1 X116.906 Y116.727 E2.63356
G1 X116.727 Y116.906 E2.64108
G1 X116.532 Y117.066 E2.64857
G1 X116.322 Y117.206 E2.65606
G1 X116.1 Y117.325 E2.66354
G1 X115.867 Y117.422 E2.67103
G1 X115.625 Y117.495 E2.67854
G1 X115.377 Y117.544 E2.68605
G1 X115.126 Y117.569 E2.69354
G1 X114.874 Y117.569 E2.70102
G1 X114.623 Y117.544 E2.70851
G1 X114.375 Y117.495 E2.71602
G1 X114.133 Y117.422 E2.72353
G1 X113.9 Y117.325 E2.73102
G1 X113.678 Y117.206 E2.7385
G1 X113.468 Y117.066 E2.74599
G1 X113.273 Y116.906 E2.75348
G1 X113.094 Y116.727 E2.761
G1 X112.934 Y116.532 E2.76849
G1 X112.794 Y116.322 E2.77598
G1 X112.675 Y116.1 E2.78346
G1 X112.578 Y115.867 E2.79095
G1 X112.505 Y115.625 E2.79846
G1 X112.456 Y115.377 E2.80597
G1 X112.431 Y115.126 E2.81346
G1 X112.431 Y114.874 E2.82094
G1 X112.456 Y114.623 E2.82843
G1 X112.505 Y114.375 E2.83594
G1 X112.578 Y114.133 E2.84345
G1 X112.675 Y113.9 E2.85094
G1 X112.794 Y113.678 E2.85842
G1 X112.934 Y113.468 E2.86591
G1 X113.094 Y113.273 E2.8734
G1 X113.273 Y113.094 E2.88092
G1 X113.468 Y112.934 E2.88841
G1 X113.678 Y112.794 E2.8959
G1 X113.9 Y112.675 E2.90338
G1 X114.133 Y112.578 E2.91087
G1 X114.375 Y112.505 E2.91838
G1 X114.623 Y112.456 E2.92589
G1 X114.875 Y112.431 E2.93341
G1 X115.38 Y112.456 E2.94842
G1 X115.625 Y112.505 E2.95584
G1 X115.867 Y112.578 E2.96335
G1 X116.1 Y112.675 E2.97084
G1 X116.322 Y112.794 E2.97832
G1 X116.532 Y112.934 E2.98581
G1 X116.727 Y113.094 E2.9933
G1 X116.906 Y113.273 E3.00082
G1 X117.066 Y113.468 E3.00831
G1 X117.206 Y113.678 E3.0158
G1 X117.325 Y113.9 E3.02328
G1 X117.422 Y114.133 E3.03077
G1 X117.495 Y114.375 E3.03828
G1 X117.544 Y114.623 E3.04579
G1 X117.569 Y114.874 E3.05328
G1 X117.569 Y115.126 E3.06076
G1 X117.544 Y115.377 E3.06825
G1 X117.495 Y115.625 E3.07576
G1 X117.422 Y115.867 E3.08327
G1 X117.325 Y116.1 E3.09076
G1 X117.206 Y116.322 E3.09824
G1 X117.099 Y116.482 E3.10396
G1 E1.70396 F4800
;WIPE_START
G1 F5760
G1 X117.066 Y116.532 E1.65653
G1 X116.906 Y116.727 E1.45684
G1 X116.727 Y116.906 E1.25643
G1 X116.578 Y117.028 E1.10396
;WIPE_END
G92 E0
G1 X116.713 Y115.341 F7200
G1 E2 F4800
;TYPE:External perimeter
;WIDTH:0.45
G1 F1500
G1 X116.613 Y115.668 E2.01157
G1 X116.452 Y115.97 E2.02315
G1 X116.235 Y116.235 E2.03474
G1 X115.97 Y116.452 E2.04633
G1 X115.668 Y116.613 E2.05791
G1 X115.341 Y116.713 E2.06948
G1 X115 Y116.746 E2.08108
G1 X114.659 Y116.713 E2.09268
G1 X114.332 Y116.613 E2.10425
G1 X114.03 Y116.452 E2.11583
G1 X113.765 Y116.235 E2.12742
G1 X113.548 Y115.97 E2.13901
G1 X113.387 Y115.668 E2.15059
G1 X113.287 Y115.341 E2.16216
G1 X113.254 Y115 E2.17376
G1 X113.287 Y114.659 E2.18536
G1 X113.387 Y114.332 E2.19693
G1 X113.548 Y114.03 E2.20851
G1 X113.765 Y113.765 E2.2201
G1 X114.03 Y113.548 E2.23169
G1 X114.332 Y113.387 E2.24327
G1 X114.659 Y113.288 E2.25483
G1 X114.981 Y113.254 E2.26579
G1 X115.34 Y113.287 E2.27799
G1 X115.668 Y113.387 E2.2896
G1 X115.97 Y113.548 E2.30118
G1 X116.235 Y113.765 E2.31277
G1 X116.452 Y114.03 E2.32436
G1 X116.613 Y114.332 E2.33594
G1 X116.713 Y114.659 E2.34751
G1 X116.746 Y115 E2.35911
G1 X116.719 Y115.281 E2.36867
G1 X117.089 Y115.416 F7200
;TYPE:Perimeter
;WIDTH:0.4
G1 F1500
G1 X116.968 Y115.815 E2.38105
G1 X116.771 Y116.183 E2.39344
G1 X116.506 Y116.506 E2.40584
G1 X116.183 Y116.771 E2.41824
G1 X115.815 Y116.968 E2.43063
G1 X115.416 Y117.089 E2.44301
G1 X115 Y117.13 E2.45542
G1 X114.584 Y117.089 E2.46783
G1 X114.185 Y116.968 E2.48021
G1 X113.817 Y116.771 E2.4926
G1 X113.494 Y116.506 E2.505
G1 X113.229 Y116.183 E2.5174
G1 X113.032 Y115.815 E2.52979
G1 X112.911 Y115.416 E2.54217
G1 X112.87 Y115 E2.55458
G1 X112.911 Y114.584 E2.56699
G1 X113.032 Y114.185 E2.57937
G1 X113.229 Y113.817 E2.59176
G1 X113.494 Y113.494 E2.60416
G1 X113.817 Y113.229 E2.61656
G1 X114.185 Y113.032 E2.62895
G1 X114.583 Y112.911 E2.6413
G1 X114.979 Y112.87 E2.65312
G1 X115.414 Y112.91 E2.66609
G1 X115.815 Y113.032 E2.67854
G1 X116.183 Y113.229 E2.69093
G1 X116.506 Y113.494 E2.70333
G1 X116.771 Y113.817 E2.71573
G1 X116.968 Y114.185 E2.72812
G1 X117.089 Y114.584 E2.7405
G1 X117.13 Y115 E2.75291
G1 X117.095 Y115.356 E2.76353
G1 X117.312 Y115.378 F7200
;TYPE:Gap fill
;WIDTH:0.124129
G1 F1500
G1 X117.35 Y115.004 E2.76607
G1 X117.306 Y114.545 E2.76918
G1 X117.173 Y114.104 E2.77229
G1 X116.956 Y113.698 E2.7754
G1 X116.659 Y113.336 E2.77856
G1 X116.302 Y113.044 E2.78167
G1 X115.896 Y112.827 E2.78478
G1 X115.452 Y112.694 E2.78791
G1 X114.982 Y112.65 E2.7911
G1 X114.536 Y112.696 E2.79413
G1 X114.097 Y112.83 E2.79723
G1 X113.691 Y113.048 E2.80034
G1 X113.336 Y113.341 E2.80345
G1 X113.048 Y113.691 E2.80651
G1 X112.83 Y114.097 E2.80962
G1 X112.696 Y114.538 E2.81273
G1 X112.65 Y114.996 E2.81584
G1 X112.694 Y115.455 E2.81895
G1 X112.827 Y115.896 E2.82206
G1 X113.044 Y116.302 E2.82517
G1 X113.336 Y116.659 E2.82828
G1 X113.691 Y116.952 E2.83139
G1 X114.097 Y117.17 E2.8345
G1 X114.538 Y117.304 E2.83761
G1 X114.996 Y117.35 E2.84072
G1 X115.455 Y117.306 E2.84383
G1 X115.896 Y117.173 E2.84694
G1 X116.302 Y116.956 E2.85005
G1 X116.659 Y116.664 E2.85316
G1 X116.952 Y116.309 E2.85627
G1 X117.17 Y115.903 E2.85938
G1 X117.304 Y115.462 E2.86249
G1 X117.306 Y115.437 E2.86266
;LAYER_CHANGE
;Z:1.68
;HEIGHT:0.2
; BEFORE_LAYER_CHANGE 7 @ 1.68mm
G1 E1.46266 F4800
;WIPE_START
G1 F5760
G1 X117.304 Y115.462 E1.44281
G1 X117.17 Y115.903 E1.07792
G1 X117.041 Y116.142 E.86266
;WIPE_END
G92 E0
G1 Z1.68 F7200
; AFTER_LAYER_CHANGE 7 @ 1.68mm
G1 X113.54 Y122.442
G1 E2 F4800
;TYPE:Support material
;WIDTH:0.42
G1 F1500
G1 X113.344 Y122.149 E2.01105
G1 X113.29 Y121.72 E2.02461
G1 X113.479 Y121.272 E2.03986
G1 X113.665 Y121.071 E2.04845
G1 X113.963 Y121.005 E2.05802
G1 X113.965 Y120.585 E2.07119
G1 X114.523 Y120.657 E2.08883
G1 X115.218 Y121.082 E2.11437
G1 X115.362 Y121.396 E2.1252
G1 X115.412 Y121.81 E2.13828
G1 X115.365 Y122.17 E2.14966
G1 X115.006 Y122.769 E2.17156
G1 X114.392 Y123.091 E2.1933
G1 X113.706 Y123.044 E2.21486
G1 X113.146 Y122.649 E2.23635
G1 X112.87 Y122.013 E2.25809
G1 X112.962 Y121.329 E2.27973
G1 X113.392 Y120.747 E2.30242
G1 X113.909 Y120.585 E2.31941
G1 E.91941 F4800
;WIPE_START
G1 F5760
G1 X113.392 Y120.747 E.4905
G1 X113.264 Y120.921 E.31941
;WIPE_END
G92 E0
G1 X118.141 Y121.487 F7200
G1 E2 F4800
G1 F1500
G1 X117.898 Y121.175 E2.0124
G1 X117.836 Y120.952 E2.01966
G1 X117.92 Y120.411 E2.03683
G1 X118.204 Y120.068 E2.05079
G1 X118.615 Y119.962 E2.0641
G1 X118.687 Y119.549 E2.07724
G1 X119.269 Y119.705 E2.09613
G1 X119.771 Y120.174 E2.11767
G1 X119.955 Y120.836 E2.13921
G1 X119.908 Y121.18 E2.1501
G1 X119.55 Y121.768 E2.17168
G1 X118.938 Y122.085 E2.19329
G1 X118.251 Y122.037 E2.21488
G1 X117.689 Y121.64 E2.23645
G1 X117.416 Y121.009 E2.25801
G1 X117.417 Y120.661 E2.26892
G1 X117.53 Y120.243 E2.2825
G1 X117.718 Y119.934 E2.29384
G1 X117.978 Y119.708 E2.30464
G1 X118.289 Y119.574 E2.31526
G1 X118.632 Y119.538 E2.32607
G1 E.92607 F4800
;WIPE_START
G1 F5760
G1 X118.289 Y119.574 E.65304
G1 X117.978 Y119.708 E.38495
G1 X117.922 Y119.757 E.32607
;WIPE_END
G92 E0
G1 X121.06 Y117.849 F7200
G1 E2 F4800
G1 F1500
G1 X120.951 Y117.768 E2.00426
G1 X120.886 Y117.54 E2.01169
G1 X120.895 Y117.147 E2.02402
G1 X121.139 Y116.54 E2.04453
G1 X121.456 Y116.286 E2.05727
G1 X121.499 Y115.868 E2.07045
G1 X122.129 Y116.014 E2.09073
G1 X122.415 Y116.215 E2.10169
G1 X122.645 Y116.505 E2.1133
G1 X122.821 Y117.148 E2.1342
G1 X122.773 Y117.492 E2.14509
G1 X122.414 Y118.08 E2.16669
G1 X122.13 Y118.28 E2.17758
G1 X121.801 Y118.395 E2.18851
G1 X121.445 Y118.416 E2.19969
G1 X121.093 Y118.34 E2.21098
G1 X120.628 Y118.049 E2.22818
G1 X120.45 Y117.346 E2.25092
G1 X120.559 Y116.765 E2.26945
G1 X120.967 Y116.098 E2.29397
G1 X121.191 Y115.924 E2.30286
G1 X121.443 Y115.862 E2.311
G1 E.911 F4800
;WIPE_START
G1 F5760
G1 X121.191 Y115.924 E.70555
G1 X120.967 Y116.098 E.481
G1 X120.855 Y116.281 E.311
;WIPE_END
G92 E0
G1 X120.954 Y113.244 F7200
G1 E2 F4800
G1 F1500
G1 X120.674 Y112.897 E2.01398
G1 X120.611 Y112.442 E2.02838
G1 X120.795 Y112.02 E2.04281
G1 X120.964 Y111.862 E2.05006
G1 X121.397 Y111.708 E2.06447
G1 X121.425 Y111.289 E2.07764
G1 X122.042 Y111.425 E2.09745
G1 X122.546 Y111.895 E2.11906
G1 X122.731 Y112.558 E2.14064
G1 X122.684 Y112.902 E2.15153
G1 X122.326 Y113.49 E2.17311
G1 X121.715 Y113.807 E2.19469
G1 X121.028 Y113.76 E2.21628
G1 X120.466 Y113.363 E2.23785
G1 X120.191 Y112.731 E2.25946
G1 X120.285 Y112.049 E2.28105
G1 X120.72 Y111.515 E2.30265
G1 X121.368 Y111.285 E2.32421
G1 E.92421 F4800
;WIPE_START
G1 F5760
G1 X120.72 Y111.515 E.37985
G1 X120.676 Y111.57 E.32421
;WIPE_END
G92 E0
G1 X115.047 Y108.806 F7200
G1 E2 F4800
G1 F1500
G1 X114.767 Y108.459 E2.01398
G1 X114.705 Y108.003 E2.02841
G1 X114.767 Y107.78 E2.03567
G1 X115.057 Y107.423 E2.05009
G1 X115.491 Y107.27 E2.06452
G1 X115.518 Y106.85 E2.07772
G1 X116.136 Y106.987 E2.09757
G1 X116.639 Y107.457 E2.11915
G1 X116.777 Y107.775 E2.13002
G1 X116.777 Y108.464 E2.15162
G1 X116.42 Y109.052 E2.17319
G1 X115.808 Y109.369 E2.1948
G1 X115.121 Y109.322 E2.21639
G1 X114.559 Y108.925 E2.23796
G1 X114.285 Y108.293 E2.25956
G1 X114.378 Y107.611 E2.28114
G1 X114.813 Y107.077 E2.30274
G1 X115.462 Y106.847 E2.32433
G1 E.92433 F4800
;WIPE_START
G1 F5760
G1 X114.813 Y107.077 E.37923
G1 X114.769 Y107.131 E.32433
;WIPE_END
G92 E0
G1 X109.011 Y111.455 F7200
G1 E2 F4800
G1 F1500
G1 X108.758 Y111.129 E2.01294
G1 X108.696 Y110.676 E2.02728
G1 X108.878 Y110.254 E2.04169
G1 X109.252 Y109.99 E2.05604
G1 X109.481 Y109.943 E2.06337
G1 X109.511 Y109.524 E2.07654
G1 X110.141 Y109.67 E2.09682
G1 X110.43 Y109.878 E2.10798
G1 X110.669 Y110.179 E2.12003
G1 X110.836 Y110.561 E2.1331
G1 X110.89 Y110.937 E2.14501
G1 X110.839 Y111.288 E2.15613
G1 X110.693 Y111.599 E2.1669
G1 X110.461 Y111.85 E2.17762
G1 X110.16 Y112.023 E2.18851
G1 X109.807 Y112.106 E2.19988
G1 X109.104 Y111.999 E2.22218
G1 X108.55 Y111.596 E2.24366
G1 X108.279 Y110.98 E2.26476
G1 X108.275 Y110.617 E2.27614
G1 X108.382 Y110.26 E2.28783
G1 X108.804 Y109.749 E2.30861
G1 X109.455 Y109.52 E2.33025
G1 E.93025 F4800
;WIPE_START
G1 F5760
G1 X108.804 Y109.749 E.38392
G1 X108.761 Y109.801 E.33025
;WIPE_END
G92 E0
G1 X107.599 Y115.784 F7200
G1 E2 F4800
G1 F1500
G1 X107.319 Y115.436 E2.014
G1 X107.256 Y114.981 E2.0284
G1 X107.439 Y114.559 E2.04282
G1 X107.608 Y114.401 E2.05007
G1 X108.041 Y114.247 E2.06448
G1 X108.068 Y113.828 E2.07764
G1 X108.684 Y113.964 E2.09742
G1 X109.214 Y114.43 E2.11955
G1 X109.37 Y114.742 E2.13049
G1 X109.422 Y115.077 E2.14112
G1 X109.369 Y115.417 E2.15191
G1 X108.969 Y116.028 E2.17481
G1 X108.358 Y116.346 E2.19641
G1 X107.672 Y116.299 E2.21797
G1 X107.11 Y115.902 E2.23954
G1 X106.836 Y115.271 E2.26111
G1 X106.93 Y114.588 E2.28273
G1 X107.364 Y114.054 E2.30431
G1 X108.012 Y113.824 E2.32587
G1 E.92587 F4800
;WIPE_START
G1 F5760
G1 X107.364 Y114.054 E.38151
G1 X107.32 Y114.109 E.32587
;WIPE_END
G92 E0
G1 X109.245 Y120.155 F7200
G1 E2 F4800
G1 F1500
G1 X109.01 Y119.851 E2.01205
G1 X108.948 Y119.394 E2.02651
G1 X109.131 Y118.971 E2.04096
G1 X109.569 Y118.678 E2.05748
G1 X109.639 Y118.264 E2.07064
G1 X110.087 Y118.407 E2.08538
G1 X110.565 Y118.801 E2.1048
G1 X110.911 Y119.392 E2.12627
G1 X111 Y119.927 E2.14328
G1 X110.679 Y120.425 E2.16186
G1 X110.387 Y120.636 E2.17316
G1 X110.054 Y120.758 E2.18428
G1 X109.366 Y120.713 E2.2059
G1 X108.803 Y120.318 E2.22746
G1 X108.533 Y119.709 E2.24835
G1 X108.527 Y119.339 E2.25995
G1 X108.622 Y119.004 E2.27087
G1 X109.048 Y118.468 E2.29234
G1 X109.347 Y118.296 E2.30316
G1 X109.583 Y118.254 E2.31068
G1 E.91068 F4800
;WIPE_START
G1 F5760
G1 X109.347 Y118.296 E.72091
G1 X109.048 Y118.468 E.44783
G1 X108.94 Y118.604 E.31068
;WIPE_END
G92 E0
G1 X117.366 Y116.769 F7200
G1 E2 F4800
;TYPE:External perimeter
;WIDTH:0.45
G1 F1500
G1 X117.189 Y116.984 E2.00943
G1 X116.984 Y117.189 E2.01924
G1 X116.76 Y117.373 E2.02905
G1 X116.519 Y117.534 E2.03886
G1 X116.263 Y117.671 E2.04869
G1 X115.995 Y117.782 E2.05851
G1 X115.718 Y117.866 E2.06831
G1 X115.434 Y117.923 E2.07811
G1 X115.145 Y117.951 E2.08794
G1 X114.855 Y117.951 E2.09776
G1 X114.566 Y117.923 E2.10759
G1 X114.282 Y117.866 E2.11739
G1 X114.005 Y117.782 E2.12719
G1 X113.737 Y117.671 E2.13701
G1 X113.481 Y117.534 E2.14684
G1 X113.24 Y117.373 E2.15665
G1 X113.016 Y117.189 E2.16646
G1 X112.811 Y116.984 E2.17627
G1 X112.627 Y116.76 E2.18608
G1 X112.466 Y116.519 E2.19589
G1 X112.329 Y116.263 E2.20572
G1 X112.218 Y115.995 E2.21554
G1 X112.134 Y115.718 E2.22534
G1 X112.077 Y115.434 E2.23514
G1 X112.049 Y115.145 E2.24497
G1 X112.049 Y114.855 E2.25479
G1 X112.077 Y114.566 E2.26462
G1 X112.134 Y114.282 E2.27442
G1 X112.218 Y114.005 E2.28422
G1 X112.329 Y113.737 E2.29404
G1 X112.466 Y113.481 E2.30387
G1 X112.627 Y113.24 E2.31368
G1 X112.811 Y113.016 E2.32349
G1 X113.016 Y112.811 E2.3333
G1 X113.24 Y112.627 E2.34311
G1 X113.481 Y112.466 E2.35292
G1 X113.737 Y112.329 E2.36275
G1 X114.005 Y112.218 E2.37257
G1 X114.282 Y112.134 E2.38237
G1 X114.566 Y112.077 E2.39217
G1 X114.855 Y112.049 E2.402
G1 X115.138 Y112.049 E2.41158
G1 X115.434 Y112.077 E2.42164
G1 X115.718 Y112.134 E2.43144
G1 X115.995 Y112.218 E2.44124
G1 X116.263 Y112.329 E2.45106
G1 X116.519 Y112.466 E2.46089
G1 X116.76 Y112.627 E2.4707
G1 X116.984 Y112.811 E2.48051
G1 X117.189 Y113.016 E2.49032
G1 X117.373 Y113.24 E2.50013
G1 X117.534 Y113.481 E2.50994
G1 X117.671 Y113.737 E2.51977
G1 X117.782 Y114.005 E2.52959
G1 X117.866 Y114.282 E2.53939
G1 X117.923 Y114.566 E2.54919
G1 X117.951 Y114.855 E2.55902
G1 X117.951 Y115.145 E2.56884
G1 X117.923 Y115.434 E2.57867
G1 X117.866 Y115.718 E2.58847
G1 X117.782 Y115.995 E2.59827
G1 X117.671 Y116.263 E2.60809
G1 X117.534 Y116.519 E2.61792
G1 X117.4 Y116.719 E2.62607
G1 X117.047 Y116.555 F7200
;TYPE:Perimeter
;WIDTH:0.4
G1 F1500
G1 X116.906 Y116.727 E2.63267
G1 X116.727 Y116.906 E2.64019
G1 X116.532 Y117.066 E2.64768
G1 X116.322 Y117.206 E2.65517
G1 X116.1 Y117.325 E2.66265
G1 X115.867 Y117.422 E2.67014
G1 X115.625 Y117.495 E2.67765
G1 X115.377 Y117.544 E2.68516
G1 X115.126 Y117.569 E2.69265
G1 X114.874 Y117.569 E2.70013
G1 X114.623 Y117.544 E2.70762
G1 X114.375 Y117.495 E2.71513
G1 X114.133 Y117.422 E2.72264
G1 X113.9 Y117.325 E2.73013
G1 X113.678 Y117.206 E2.73761
G1 X113.468 Y117.066 E2.7451
G1 X113.273 Y116.906 E2.75259
G1 X113.094 Y116.727 E2.76011
G1 X112.934 Y116.532 E2.7676
G1 X112.794 Y116.322 E2.77509
G1 X112.675 Y116.1 E2.78257
G1 X112.578 Y115.867 E2.79006
G1 X112.505 Y115.625 E2.79757
G1 X112.456 Y115.377 E2.80508
G1 X112.431 Y115.126 E2.81257
G1 X112.431 Y114.874 E2.82005
G1 X112.456 Y114.623 E2.82754
G1 X112.505 Y114.375 E2.83505
G1 X112.578 Y114.133 E2.84256
G1 X112.675 Y113.9 E2.85005
G1 X112.794 Y113.678 E2.85753
G1 X112.934 Y113.468 E2.86502
G1 X113.094 Y113.273 E2.87251
G1 X113.273 Y113.094 E2.88003
G1 X113.468 Y112.934 E2.88752
G1 X113.678 Y112.794 E2.89501
G1 X113.9 Y112.675 E2.90249
G1 X114.133 Y112.578 E2.90998
G1 X114.375 Y112.505 E2.91749
G1 X114.623 Y112.456 E2.925
G1 X114.874 Y112.431 E2.93249
G1 X115.12 Y112.431 E2.93979
G1 X115.378 Y112.456 E2.94749
G1 X115.625 Y112.505 E2.95497
G1 X115.867 Y112.578 E2.96248
G1 X116.1 Y112.675 E2.96997
G1 X116.322 Y112.794 E2.97745
G1 X116.532 Y112.934 E2.98494
G1 X116.727 Y113.094 E2.99243
G1 X116.906 Y113.273 E2.99995
G1 X117.066 Y113.468 E3.00744
G1 X117.206 Y113.678 E3.01493
G1 X117.325 Y113.9 E3.02241
G1 X117.422 Y114.133 E3.0299
G1 X117.495 Y114.375 E3.03741
G1 X117.544 Y114.623 E3.04492
G1 X117.569 Y114.874 E3.05241
G1 X117.569 Y115.126 E3.05989
G1 X117.544 Y115.377 E3.06738
G1 X117.495 Y115.625 E3.07489
G1 X117.422 Y115.867 E3.0824
G1 X117.325 Y116.1 E3.08989
G1 X117.206 Y116.322 E3.09737
G1 X117.083 Y116.507 E3.10397
G1 E1.70397 F4800
;WIPE_START
G1 F5760
G1 X117.047 Y116.555 E1.65647
G1 X116.906 Y116.727 E1.4804
G1 X116.727 Y116.906 E1.27999
G1 X116.555 Y117.047 E1.10397
;WIPE_END
G92 E0
G1 X116.713 Y115.341 F7200
G1 E2 F4800
;TYPE:External perimeter
;WIDTH:0.45
G1 F1500
G1 X116.613 Y115.668 E2.01157
G1 X116.452 Y115.97 E2.02315
G1 X116.235 Y116.235 E2.03474
G1 X115.97 Y116.452 E2.04633
G1 X115.668 Y116.613 E2.05791
G1 X115.341 Y116.713 E2.06948
G1 X115 Y116.746 E2.08108
G1 X114.659 Y116.713 E2.09268
G1 X114.332 Y116.613 E2.10425
G1 X114.03 Y116.452 E2.11583
G1 X113.765 Y116.235 E2.12742
G1 X113.548 Y115.97 E2.13901
G1 X113.387 Y115.668 E2.15059
G1 X113.287 Y115.341 E2.16216
G1 X113.254 Y115 E2.17376
G1 X113.287 Y114.659 E2.18536
G1 X113.387 Y114.332 E2.19693
G1 X113.548 Y114.03 E2.20851
G1 X113.765 Y113.765 E2.2201
G1 X114.03 Y113.548 E2.23169
G1 X114.332 Y113.387 E2.24327
G1 X114.659 Y113.288 E2.25483
G1 X114.979 Y113.254 E2.26572
G1 X115.34 Y113.287 E2.27799
G1 X115.668 Y113.387 E2.2896
G1 X115.97 Y113.548 E2.30118
G1 X116.235 Y113.765 E2.31277
G1 X116.452 Y114.03 E2.32436
G1 X116.613 Y114.332 E2.33594
G1 X116.713 Y114.659 E2.34751
G1 X116.746 Y115 E2.35911
G1 X116.719 Y115.281 E2.36867
G1 X117.089 Y115.416 F7200
;TYPE:Perimeter
;WIDTH:0.4
G1 F1500
G1 X116.968 Y115.815 E2.38105
G1 X116.771 Y116.183 E2.39344
G1 X116.506 Y116.506 E2.40584
G1 X116.183 Y116.771 E2.41824
G1 X115.815 Y116.968 E2.43063
G1 X115.416 Y117.089 E2.44301
G1 X115 Y117.13 E2.45542
G1 X114.584 Y117.089 E2.46783
G1 X114.185 Y116.968 E2.48021
G1 X113.817 Y116.771 E2.4926
G1 X113.494 Y116.506 E2.505
G1 X113.229 Y116.183 E2.5174
G1 X113.032 Y115.815 E2.52979
G1 X112.911 Y115.416 E2.54217
G1 X112.87 Y115 E2.55458
G1 X112.911 Y114.584 E2.56699
G1 X113.032 Y114.185 E2.57937
G1 X113.229 Y113.817 E2.59176
G1 X113.494 Y113.494 E2.60416
G1 X113.817 Y113.229 E2.61656
G1 X114.185 Y113.032 E2.62895
G1 X114.583 Y112.911 E2.6413
G1 X114.976 Y112.87 E2.65303
G1 X115.413 Y112.91 E2.66606
G1 X115.815 Y113.032 E2.67853
G1 X116.183 Y113.229 E2.69092
G1 X116.506 Y113.494 E2.70332
G1 X116.771 Y113.817 E2.71572
G1 X116.968 Y114.185 E2.72811
G1 X117.089 Y114.584 E2.74049
G1 X117.13 Y115 E2.7529
G1 X117.095 Y115.356 E2.76352
G1 X117.312 Y115.378 F7200
;TYPE:Gap fill
;WIDTH:0.124129
G1 F1500
G1 X117.35 Y115.004 E2.76606
G1 X117.306 Y114.545 E2.76917
G1 X117.173 Y114.104 E2.77228
G1 X116.956 Y113.698 E2.77539
G1 X116.659 Y113.336 E2.77855
G1 X116.302 Y113.044 E2.78166
G1 X115.896 Y112.827 E2.78477
G1 X115.451 Y112.694 E2.78791
G1 X114.979 Y112.65 E2.79111
G1 X114.536 Y112.697 E2.79412
G1 X114.097 Y112.83 E2.79722
G1 X113.691 Y113.048 E2.80033
G1 X113.336 Y113.341 E2.80344
G1 X113.048 Y113.691 E2.8065
G1 X112.83 Y114.097 E2.80961
G1 X112.696 Y114.538 E2.81272
G1 X112.65 Y114.996 E2.81583
G1 X112.694 Y115.455 E2.81894
G1 X112.827 Y115.896 E2.82205
G1 X113.044 Y116.302 E2.82516
G1 X113.336 Y116.659 E2.82827
G1 X113.691 Y116.952 E2.83138
G1 X114.097 Y117.17 E2.83449
G1 X114.538 Y117.304 E2.8376
G1 X114.996 Y117.35 E2.84071
G1 X115.455 Y117.306 E2.84382
G1 X115.896 Y117.173 E2.84693
G1 X116.302 Y116.956 E2.85004
G1 X116.659 Y116.664 E2.85315
G1 X116.952 Y116.309 E2.85626
G1 X117.17 Y115.903 E2.85937
G1 X117.304 Y115.462 E2.86248
G1 X117.306 Y115.437 E2.86265
;LAYER_CHANGE
;Z:1.88
;HEIGHT:0.2
; BEFORE_LAYER_CHANGE 8 @ 1.88mm
G1 E1.46265 F4800
;WIPE_START
G1 F5760
G1 X117.304 Y115.462 E1.4428
G1 X117.17 Y115.903 E1.07791
G1 X117.041 Y116.142 E.86265
;WIPE_END
G92 E0
G1 Z1.88 F7200
; AFTER_LAYER_CHANGE 8 @ 1.88mm
G1 X113.648 Y122.505
G1 E2 F4800
;TYPE:Support material
;WIDTH:0.42
G1 F1500
G1 X113.363 Y122.153 E2.0142
G1 X113.299 Y121.69 E2.02886
G1 X113.481 Y121.22 E2.04466
G1 X113.874 Y121.09 E2.05764
G1 X113.881 Y120.67 E2.07081
G1 X114.418 Y120.725 E2.08774
G1 X114.916 Y120.933 E2.10466
G1 X115.341 Y121.355 E2.12344
G1 X115.438 Y121.684 E2.13419
G1 X115.386 Y122.097 E2.14724
G1 X115.241 Y122.452 E2.15926
G1 X115.018 Y122.734 E2.17053
G1 X114.733 Y122.939 E2.18154
G1 X114.059 Y123.085 E2.20316
G1 X113.41 Y122.857 E2.22473
G1 X112.975 Y122.324 E2.2463
G1 X112.88 Y121.991 E2.25716
G1 X112.879 Y121.636 E2.26829
G1 X112.972 Y121.282 E2.27977
G1 X113.176 Y120.914 E2.29296
G1 X113.825 Y120.669 E2.31471
G1 E.91471 F4800
;WIPE_START
G1 F5760
G1 X113.176 Y120.914 E.36553
G1 X113.145 Y120.97 E.31471
;WIPE_END
G92 E0
G1 X118.077 Y121.415 F7200
G1 E2 F4800
G1 F1500
G1 X117.88 Y121.141 E2.01058
G1 X117.804 Y120.862 E2.01965
G1 X117.868 Y120.31 E2.03707
G1 X118.148 Y119.976 E2.05074
G1 X118.566 Y119.869 E2.06427
G1 X118.64 Y119.456 E2.07743
G1 X119.283 Y119.679 E2.09877
G1 X119.767 Y120.168 E2.12034
G1 X119.95 Y120.832 E2.14194
G1 X119.904 Y121.177 E2.15285
G1 X119.547 Y121.761 E2.17431
G1 X118.933 Y122.08 E2.196
G1 X118.246 Y122.03 E2.2176
G1 X117.674 Y121.617 E2.23972
G1 X117.491 Y121.308 E2.25098
G1 X117.384 Y120.914 E2.26378
G1 X117.381 Y120.5 E2.27676
G1 X117.479 Y120.141 E2.28843
G1 X117.664 Y119.841 E2.29948
G1 X117.922 Y119.616 E2.31021
G1 X118.235 Y119.481 E2.3209
G1 X118.584 Y119.445 E2.3319
G1 E.9319 F4800
;WIPE_START
G1 F5760
G1 X118.235 Y119.481 E.65414
G1 X117.922 Y119.616 E.38428
G1 X117.872 Y119.659 E.3319
;WIPE_END
G92 E0
G1 X121.078 Y117.785 F7200
G1 E2 F4800
G1 F1500
G1 X120.922 Y117.325 E2.01523
G1 X120.937 Y116.995 E2.02559
G1 X121.174 Y116.604 E2.03993
G1 X121.659 Y116.294 E2.05798
G1 X121.714 Y115.874 E2.07126
G1 X122.133 Y116.031 E2.08529
G1 X122.604 Y116.481 E2.10571
G1 X122.743 Y116.801 E2.11665
G1 X122.743 Y117.487 E2.13816
G1 X122.602 Y117.805 E2.14907
G1 X122.379 Y118.073 E2.16
G1 X121.926 Y118.328 E2.1763
G1 X121.399 Y118.403 E2.19299
G1 X121.003 Y118.312 E2.20573
G1 X120.797 Y118.133 E2.21429
G1 X120.644 Y117.878 E2.22361
G1 X120.505 Y117.386 E2.23964
G1 X120.529 Y116.885 E2.25537
G1 X120.75 Y116.447 E2.27075
G1 X121.077 Y116.125 E2.28514
G1 X121.657 Y115.868 E2.30503
G1 E.90503 F4800
;WIPE_START
G1 F5760
G1 X121.077 Y116.125 E.40281
G1 X120.989 Y116.212 E.30503
;WIPE_END
G92 E0
G1 X120.788 Y113.084 F7200
G1 E2 F4800
G1 F1500
G1 X120.612 Y112.674 E2.01399
G1 X120.674 Y112.218 E2.02842
G1 X120.964 Y111.862 E2.04282
G1 X121.397 Y111.708 E2.05723
G1 X121.425 Y111.289 E2.0704
G1 X122.042 Y111.425 E2.09021
G1 X122.546 Y111.895 E2.11182
G1 X122.731 Y112.558 E2.1334
G1 X122.684 Y112.902 E2.14429
G1 X122.326 Y113.49 E2.16587
G1 X121.715 Y113.807 E2.18745
G1 X121.028 Y113.76 E2.20904
G1 X120.466 Y113.363 E2.23061
G1 X120.192 Y112.731 E2.25221
G1 X120.285 Y112.049 E2.27379
G1 X120.72 Y111.515 E2.29539
G1 X121.368 Y111.285 E2.31695
G1 E.91695 F4800
;WIPE_START
G1 F5760
G1 X120.72 Y111.515 E.37259
G1 X120.676 Y111.57 E.31695
;WIPE_END
G92 E0
G1 X115.048 Y108.806 F7200
G1 E2 F4800
G1 F1500
G1 X114.767 Y108.459 E2.014
G1 X114.705 Y108.004 E2.0284
G1 X114.84 Y107.661 E2.03996
G1 X115.057 Y107.424 E2.05004
G1 X115.491 Y107.27 E2.06448
G1 X115.518 Y106.851 E2.07764
G1 X116.136 Y106.987 E2.09748
G1 X116.639 Y107.457 E2.11906
G1 X116.825 Y108.119 E2.14062
G1 X116.777 Y108.464 E2.15154
G1 X116.42 Y109.052 E2.17311
G1 X115.808 Y109.368 E2.19471
G1 X115.121 Y109.321 E2.2163
G1 X114.559 Y108.924 E2.23787
G1 X114.285 Y108.293 E2.25944
G1 X114.378 Y107.611 E2.28102
G1 X114.813 Y107.077 E2.30262
G1 X115.462 Y106.847 E2.32421
G1 E.92421 F4800
;WIPE_START
G1 F5760
G1 X114.813 Y107.077 E.37911
G1 X114.769 Y107.131 E.32421
;WIPE_END
G92 E0
G1 X108.894 Y111.325 F7200
G1 E2 F4800
G1 F1500
G1 X108.72 Y110.918 E2.01388
G1 X108.783 Y110.467 E2.02816
G1 X109.075 Y110.113 E2.04255
G1 X109.517 Y109.963 E2.05718
G1 X109.548 Y109.544 E2.07035
G1 X110.185 Y109.701 E2.09092
G1 X110.509 Y109.946 E2.10366
G1 X110.764 Y110.274 E2.11669
G1 X110.918 Y110.633 E2.12894
G1 X110.933 Y110.953 E2.13898
G1 X110.617 Y111.62 E2.16212
G1 X110.273 Y111.95 E2.17707
G1 X109.865 Y112.169 E2.19159
G1 X109.507 Y112.153 E2.20283
G1 X108.826 Y111.855 E2.22614
G1 X108.39 Y111.308 E2.24807
G1 X108.299 Y110.974 E2.25892
G1 X108.355 Y110.432 E2.276
G1 X108.578 Y109.998 E2.2913
G1 X108.834 Y109.764 E2.30217
G1 X109.146 Y109.607 E2.31312
G1 X109.492 Y109.54 E2.32417
G1 E.92417 F4800
;WIPE_START
G1 F5760
G1 X109.146 Y109.607 E.64517
G1 X108.834 Y109.764 E.36866
G1 X108.793 Y109.802 E.32417
;WIPE_END
G92 E0
G1 X107.601 Y115.779 F7200
G1 E2 F4800
G1 F1500
G1 X107.323 Y115.436 E2.01384
G1 X107.261 Y114.98 E2.02827
G1 X107.392 Y114.643 E2.03961
G1 X107.615 Y114.402 E2.04991
G1 X108.056 Y114.245 E2.06459
G1 X108.083 Y113.826 E2.07775
G1 X108.745 Y113.958 E2.09892
G1 X109.073 Y114.155 E2.11092
G1 X109.321 Y114.42 E2.1223
G1 X109.466 Y114.711 E2.13249
G1 X109.528 Y115.069 E2.14388
G1 X109.476 Y115.407 E2.1546
G1 X109.32 Y115.727 E2.16576
G1 X109.067 Y116.006 E2.17757
G1 X108.381 Y116.344 E2.20155
G1 X108.031 Y116.368 E2.21255
G1 X107.643 Y116.278 E2.22504
G1 X107.115 Y115.901 E2.24538
G1 X106.841 Y115.27 E2.26695
G1 X106.934 Y114.588 E2.28853
G1 X107.372 Y114.054 E2.31018
G1 X108.027 Y113.823 E2.33196
G1 E.93196 F4800
;WIPE_START
G1 F5760
G1 X107.372 Y114.054 E.38212
G1 X107.332 Y114.103 E.33196
;WIPE_END
G92 E0
G1 X109.314 Y120.177 F7200
G1 E2 F4800
G1 F1500
G1 X109.037 Y119.838 E2.01373
G1 X108.972 Y119.379 E2.02827
G1 X109.154 Y118.95 E2.04288
G1 X109.313 Y118.789 E2.04997
G1 X109.568 Y118.773 E2.05798
G1 X109.618 Y118.356 E2.07115
G1 X110.306 Y118.583 E2.09387
G1 X110.689 Y118.973 E2.11101
G1 X110.836 Y119.362 E2.12405
G1 X110.877 Y120.06 E2.14597
G1 X110.754 Y120.349 E2.15582
G1 X110.429 Y120.599 E2.16868
G1 X110.094 Y120.727 E2.17992
G1 X109.74 Y120.758 E2.19106
G1 X109.397 Y120.693 E2.20201
G1 X109.085 Y120.536 E2.21296
G1 X108.829 Y120.301 E2.22386
G1 X108.553 Y119.673 E2.24537
G1 X108.64 Y118.994 E2.26683
G1 X109.069 Y118.44 E2.2888
G1 X109.562 Y118.349 E2.30452
G1 E.90452 F4800
;WIPE_START
G1 F5760
G1 X109.069 Y118.44 E.50764
G1 X108.912 Y118.643 E.30452
;WIPE_END
G92 E0
G1 X117.379 Y116.751 F7200
G1 E2 F4800
;TYPE:External perimeter
;WIDTH:0.45
G1 F1500
G1 X117.373 Y116.76 E2.00037
G1 X117.189 Y116.984 E2.01018
G1 X116.984 Y117.189 E2.01999
G1 X116.76 Y117.373 E2.0298
G1 X116.519 Y117.534 E2.03961
G1 X116.263 Y117.671 E2.04944
G1 X115.995 Y117.782 E2.05926
G1 X115.718 Y117.866 E2.06906
G1 X115.434 Y117.923 E2.07886
G1 X115.145 Y117.951 E2.08869
G1 X114.855 Y117.951 E2.09851
G1 X114.566 Y117.923 E2.10834
G1 X114.282 Y117.866 E2.11814
G1 X114.005 Y117.782 E2.12794
G1 X113.737 Y117.671 E2.13776
G1 X113.481 Y117.534 E2.14759
G1 X113.24 Y117.373 E2.1574
G1 X113.016 Y117.189 E2.16721
G1 X112.811 Y116.984 E2.17702
G1 X112.627 Y116.76 E2.18683
G1 X112.466 Y116.519 E2.19664
G1 X112.329 Y116.263 E2.20647
G1 X112.218 Y115.995 E2.21629
G1 X112.134 Y115.718 E2.22609
G1 X112.077 Y115.434 E2.23589
G1 X112.049 Y115.145 E2.24572
G1 X112.049 Y114.855 E2.25554
G1 X112.077 Y114.566 E2.26537
G1 X112.134 Y114.282 E2.27517
G1 X112.218 Y114.005 E2.28497
G1 X112.329 Y113.737 E2.29479
G1 X112.466 Y113.481 E2.30462
G1 X112.627 Y113.24 E2.31443
G1 X112.811 Y113.016 E2.32424
G1 X113.016 Y112.811 E2.33405
G1 X113.24 Y112.627 E2.34386
G1 X113.481 Y112.466 E2.35367
G1 X113.737 Y112.329 E2.3635
G1 X114.005 Y112.218 E2.37332
G1 X114.282 Y112.134 E2.38312
G1 X114.566 Y112.077 E2.39292
G1 X114.855 Y112.049 E2.40275
G1 X115.128 Y112.048 E2.41199
G1 X115.434 Y112.077 E2.42239
G1 X115.718 Y112.134 E2.43219
G1 X115.995 Y112.218 E2.44199
G1 X116.263 Y112.329 E2.45181
G1 X116.519 Y112.466 E2.46164
G1 X116.76 Y112.627 E2.47145
G1 X116.984 Y112.811 E2.48126
G1 X117.189 Y113.016 E2.49107
G1 X117.373 Y113.24 E2.50088
G1 X117.534 Y113.481 E2.51069
G1 X117.671 Y113.737 E2.52052
G1 X117.782 Y114.005 E2.53034
G1 X117.866 Y114.282 E2.54014
G1 X117.923 Y114.566 E2.54994
G1 X117.951 Y114.855 E2.55977
G1 X117.951 Y115.145 E2.56959
G1 X117.923 Y115.434 E2.57942
G1 X117.866 Y115.718 E2.58922
G1 X117.782 Y115.995 E2.59902
G1 X117.671 Y116.263 E2.60884
G1 X117.534 Y116.519 E2.61867
G1 X117.413 Y116.701 E2.62607
G1 X117.083 Y116.508 F7200
;TYPE:Perimeter
;WIDTH:0.4
G1 F1500
G1 X117.066 Y116.532 E2.62694
G1 X116.906 Y116.727 E2.63443
G1 X116.727 Y116.906 E2.64195
G1 X116.532 Y117.066 E2.64944
G1 X116.322 Y117.206 E2.65693
G1 X116.1 Y117.325 E2.66441
G1 X115.867 Y117.422 E2.6719
G1 X115.625 Y117.495 E2.67941
G1 X115.377 Y117.544 E2.68692
G1 X115.126 Y117.569 E2.69441
G1 X114.874 Y117.569 E2.70189
G1 X114.623 Y117.544 E2.70938
G1 X114.375 Y117.495 E2.71689
G1 X114.133 Y117.422 E2.7244
G1 X113.9 Y117.325 E2.73189
G1 X113.678 Y117.206 E2.73937
G1 X113.468 Y117.066 E2.74686
G1 X113.273 Y116.906 E2.75435
G1 X113.094 Y116.727 E2.76187
G1 X112.934 Y116.532 E2.76936
G1 X112.794 Y116.322 E2.77685
G1 X112.675 Y116.1 E2.78433
G1 X112.578 Y115.867 E2.79182
G1 X112.505 Y115.625 E2.79933
G1 X112.456 Y115.377 E2.80684
G1 X112.431 Y115.126 E2.81433
G1 X112.431 Y114.874 E2.82181
G1 X112.456 Y114.623 E2.8293
G1 X112.505 Y114.375 E2.83681
G1 X112.578 Y114.133 E2.84432
G1 X112.675 Y113.9 E2.85181
G1 X112.794 Y113.678 E2.85929
G1 X112.934 Y113.468 E2.86678
G1 X113.094 Y113.273 E2.87427
G1 X113.273 Y113.094 E2.88179
G1 X113.468 Y112.934 E2.88928
G1 X113.678 Y112.794 E2.89677
G1 X113.9 Y112.675 E2.90425
G1 X114.133 Y112.578 E2.91174
G1 X114.375 Y112.505 E2.91925
G1 X114.623 Y112.456 E2.92676
G1 X114.874 Y112.431 E2.93425
G1 X115.11 Y112.431 E2.94126
G1 X115.379 Y112.456 E2.94928
G1 X115.625 Y112.505 E2.95673
G1 X115.867 Y112.578 E2.96424
G1 X116.1 Y112.675 E2.97173
G1 X116.322 Y112.794 E2.97921
G1 X116.532 Y112.934 E2.9867
G1 X116.727 Y113.094 E2.99419
G1 X116.906 Y113.273 E3.00171
G1 X117.066 Y113.468 E3.0092
G1 X117.206 Y113.678 E3.01669
G1 X117.325 Y113.9 E3.02417
G1 X117.422 Y114.133 E3.03166
G1 X117.495 Y114.375 E3.03917
G1 X117.544 Y114.623 E3.04668
G1 X117.569 Y114.874 E3.05417
G1 X117.569 Y115.126 E3.06165
G1 X117.544 Y115.377 E3.06914
G1 X117.495 Y115.625 E3.07665
G1 X117.422 Y115.867 E3.08416
G1 X117.325 Y116.1 E3.09165
G1 X117.206 Y116.322 E3.09913
G1 X117.116 Y116.458 E3.10397
G1 E1.70397 F4800
;WIPE_START
G1 F5760
G1 X117.083 Y116.508 E1.65654
G1 X117.066 Y116.532 E1.63326
G1 X116.906 Y116.727 E1.43357
G1 X116.727 Y116.906 E1.23316
G1 X116.601 Y117.01 E1.10397
;WIPE_END
G92 E0
G1 X116.713 Y115.341 F7200
G1 E2 F4800
;TYPE:External perimeter
;WIDTH:0.45
G1 F1500
G1 X116.613 Y115.668 E2.01157
G1 X116.452 Y115.97 E2.02315
G1 X116.235 Y116.235 E2.03474
G1 X115.97 Y116.452 E2.04633
G1 X115.668 Y116.613 E2.05791
G1 X115.341 Y116.713 E2.06948
G1 X115 Y116.746 E2.08108
G1 X114.659 Y116.713 E2.09268
G1 X114.332 Y116.613 E2.10425
G1 X114.03 Y116.452 E2.11583
G1 X113.765 Y116.235 E2.12742
G1 X113.548 Y115.97 E2.13901
G1 X113.387 Y115.668 E2.15059
G1 X113.287 Y115.341 E2.16216
G1 X113.254 Y115 E2.17376
G1 X113.287 Y114.659 E2.18536
G1 X113.387 Y114.332 E2.19693
G1 X113.548 Y114.03 E2.20851
G1 X113.765 Y113.765 E2.2201
G1 X114.03 Y113.548 E2.23169
G1 X114.332 Y113.387 E2.24327
G1 X114.659 Y113.288 E2.25483
G1 X114.976 Y113.254 E2.26562
G1 X115.34 Y113.287 E2.27799
G1 X115.668 Y113.387 E2.2896
G1 X115.97 Y113.548 E2.30118
G1 X116.235 Y113.765 E2.31277
G1 X116.452 Y114.03 E2.32436
G1 X116.613 Y114.332 E2.33594
G1 X116.713 Y114.659 E2.34751
G1 X116.746 Y115 E2.35911
G1 X116.719 Y115.281 E2.36867
G1 X117.089 Y115.416 F7200
;TYPE:Perimeter
;WIDTH:0.4
G1 F1500
G1 X116.968 Y115.815 E2.38105
G1 X116.771 Y116.183 E2.39344
G1 X116.506 Y116.506 E2.40584
G1 X116.183 Y116.771 E2.41824
G1 X115.815 Y116.968 E2.43063
G1 X115.416 Y117.089 E2.44301
G1 X115 Y117.13 E2.45542
G1 X114.584 Y117.089 E2.46783
G1 X114.185 Y116.968 E2.48021
G1 X113.817 Y116.771 E2.4926
G1 X113.494 Y116.506 E2.505
G1 X113.229 Y116.183 E2.5174
G1 X113.032 Y115.815 E2.52979
G1 X112.911 Y115.416 E2.54217
G1 X112.87 Y115 E2.55458
G1 X112.911 Y114.584 E2.56699
G1 X113.032 Y114.185 E2.57937
G1 X113.229 Y113.817 E2.59176
G1 X113.494 Y113.494 E2.60416
G1 X113.817 Y113.229 E2.61656
G1 X114.185 Y113.032 E2.62895
G1 X114.583 Y112.911 E2.6413
G1 X114.973 Y112.871 E2.65294
G1 X115.413 Y112.91 E2.66606
G1 X115.815 Y113.032 E2.67853
G1 X116.183 Y113.229 E2.69092
G1 X116.506 Y113.494 E2.70332
G1 X116.771 Y113.817 E2.71572
G1 X116.968 Y114.185 E2.72811
G1 X117.089 Y114.584 E2.74049
G1 X117.13 Y115 E2.7529
G1 X117.095 Y115.356 E2.76352
G1 X117.312 Y115.378 F7200
;TYPE:Gap fill
;WIDTH:0.124129
G1 F1500
G1 X117.35 Y115.004 E2.76606
G1 X117.306 Y114.545 E2.76917
G1 X117.173 Y114.104 E2.77228
G1 X116.956 Y113.698 E2.77539
G1 X116.659 Y113.336 E2.77855
G1 X116.302 Y113.044 E2.78166
G1 X115.896 Y112.827 E2.78477
G1 X115.451 Y112.694 E2.78791
G1 X114.975 Y112.65 E2.79114
G1 X114.535 Y112.697 E2.79413
G1 X114.097 Y112.83 E2.79722
G1 X113.691 Y113.048 E2.80033
G1 X113.336 Y113.341 E2.80344
G1 X113.048 Y113.691 E2.8065
G1 X112.83 Y114.097 E2.80961
G1 X112.696 Y114.538 E2.81272
G1 X112.65 Y114.996 E2.81583
G1 X112.694 Y115.455 E2.81894
G1 X112.827 Y115.896 E2.82205
G1 X113.044 Y116.302 E2.82516
G1 X113.336 Y116.659 E2.82827
G1 X113.691 Y116.952 E2.83138
G1 X114.097 Y117.17 E2.83449
G1 X114.538 Y117.304 E2.8376
G1 X114.996 Y117.35 E2.84071
G1 X115.455 Y117.306 E2.84382
G1 X115.896 Y117.173 E2.84693
G1 X116.302 Y116.956 E2.85004
G1 X116.659 Y116.664 E2.85315
G1 X116.952 Y116.309 E2.85626
G1 X117.17 Y115.903 E2.85937
G1 X117.304 Y115.462 E2.86248
G1 X117.306 Y115.437 E2.86265
;LAYER_CHANGE
;Z:2.08
;HEIGHT:0.2
; BEFORE_LAYER_CHANGE 9 @ 2.08mm
G1 E1.46265 F4800
;WIPE_START
G1 F5760
G1 X117.304 Y115.462 E1.4428
G1 X117.17 Y115.903 E1.07791
G1 X117.041 Y116.142 E.86265
;WIPE_END
G92 E0
G1 Z2.08 F7200
; AFTER_LAYER_CHANGE 9 @ 2.08mm
G1 X113.561 Y122.385
G1 E2 F4800
;TYPE:Support material
;WIDTH:0.42
G1 F1500
G1 X113.381 Y122.128 E2.00984
G1 X113.319 Y121.891 E2.01752
G1 X113.383 Y121.403 E2.03295
G1 X113.677 Y121.217 E2.04386
G1 X114.108 Y121.118 E2.05773
G1 X114.138 Y120.699 E2.0709
G1 X114.623 Y120.802 E2.08645
G1 X114.9 Y120.978 E2.09674
G1 X115.348 Y121.555 E2.11964
G1 X115.417 Y121.983 E2.13323
G1 X115.268 Y122.366 E2.14612
G1 X115.037 Y122.677 E2.15827
G1 X114.743 Y122.905 E2.16994
G1 X114.419 Y123.026 E2.18078
G1 X113.731 Y122.986 E2.20239
G1 X113.169 Y122.595 E2.22386
G1 X112.991 Y122.293 E2.23485
G1 X112.899 Y121.945 E2.24614
G1 X112.899 Y121.578 E2.25765
G1 X113.009 Y121.181 E2.27057
G1 X113.545 Y120.814 E2.29094
G1 X114.082 Y120.695 E2.30819
G1 E.90819 F4800
;WIPE_START
G1 F5760
G1 X113.545 Y120.814 E.47275
G1 X113.373 Y120.932 E.30819
;WIPE_END
G92 E0
G1 X118.002 Y121.331 F7200
G1 E2 F4800
G1 F1500
G1 X117.746 Y120.742 E2.02014
G1 X117.813 Y120.218 E2.0367
G1 X118.07 Y119.904 E2.04942
G1 X118.511 Y119.776 E2.06382
G1 X118.584 Y119.363 E2.07697
G1 X119.237 Y119.592 E2.09867
G1 X119.751 Y120.141 E2.12225
G1 X119.889 Y120.471 E2.13347
G1 X119.882 Y121.158 E2.15501
G1 X119.523 Y121.743 E2.17653
G1 X118.911 Y122.054 E2.19805
G1 X118.561 Y122.073 E2.20904
G1 X118.217 Y121.996 E2.22009
G1 X117.905 Y121.827 E2.23122
G1 X117.638 Y121.562 E2.24301
G1 X117.432 Y121.196 E2.25618
G1 X117.326 Y120.795 E2.26918
G1 X117.327 Y120.407 E2.28135
G1 X117.424 Y120.05 E2.29295
G1 X117.609 Y119.749 E2.30403
G1 X117.838 Y119.549 E2.31356
G1 X118.183 Y119.388 E2.3255
G1 X118.528 Y119.352 E2.33638
G1 E.93638 F4800
;WIPE_START
G1 F5760
G1 X118.183 Y119.388 E.66177
G1 X117.838 Y119.549 E.36037
G1 X117.815 Y119.569 E.33638
;WIPE_END
G92 E0
G1 X121 Y117.482 F7200
G1 E2 F4800
G1 F1500
G1 X120.778 Y116.876 E2.02024
G1 X121.496 Y116.455 E2.04634
G1 X121.83 Y116.386 E2.05703
G1 X121.864 Y115.967 E2.07021
G1 X121.999 Y115.978 E2.07446
G1 X122.335 Y116.203 E2.08714
G1 X122.569 Y116.478 E2.09846
G1 X122.705 Y116.796 E2.1093
G1 X122.701 Y117.481 E2.13078
G1 X122.559 Y117.799 E2.1417
G1 X122.335 Y118.065 E2.1526
G1 X122.045 Y118.261 E2.16357
G1 X121.688 Y118.368 E2.17526
G1 X121.285 Y118.375 E2.1879
G1 X120.863 Y118.05 E2.2046
G1 X120.34 Y117.054 E2.23987
G1 X120.34 Y116.812 E2.24746
G1 X120.446 Y116.603 E2.25481
G1 X120.662 Y116.434 E2.26341
G1 X121.338 Y116.065 E2.28756
G1 X121.808 Y115.962 E2.30265
G1 E.90265 F4800
;WIPE_START
G1 F5760
G1 X121.338 Y116.065 E.52174
G1 X121.095 Y116.198 E.30265
;WIPE_END
G92 E0
G1 X120.887 Y113.227 F7200
G1 E2 F4800
G1 F1500
G1 X120.618 Y112.934 E2.01247
G1 X120.559 Y112.522 E2.02552
G1 X120.792 Y112.021 E2.04284
G1 X120.961 Y111.863 E2.05009
G1 X121.393 Y111.709 E2.06447
G1 X121.42 Y111.29 E2.07763
G1 X122.038 Y111.426 E2.09747
G1 X122.542 Y111.896 E2.11908
G1 X122.728 Y112.558 E2.14064
G1 X122.681 Y112.903 E2.15156
G1 X122.324 Y113.491 E2.17313
G1 X121.714 Y113.807 E2.19467
G1 X121.033 Y113.763 E2.21607
G1 X120.44 Y113.412 E2.23768
G1 X120.238 Y113.122 E2.24876
G1 X120.142 Y112.824 E2.25858
G1 X120.138 Y112.46 E2.26999
G1 X120.249 Y112.108 E2.28156
G1 X120.463 Y111.755 E2.2945
G1 X120.716 Y111.517 E2.30539
G1 X121.364 Y111.286 E2.32696
G1 E.92696 F4800
;WIPE_START
G1 F5760
G1 X120.716 Y111.517 E.38234
G1 X120.665 Y111.565 E.32696
;WIPE_END
G92 E0
G1 X115.034 Y108.824 F7200
G1 E2 F4800
G1 F1500
G1 X114.768 Y108.466 E2.01398
G1 X114.706 Y108.01 E2.02841
G1 X114.889 Y107.587 E2.04286
G1 X115.059 Y107.428 E2.05016
G1 X115.491 Y107.275 E2.06453
G1 X115.519 Y106.855 E2.07773
G1 X116.137 Y106.992 E2.09758
G1 X116.64 Y107.464 E2.11921
G1 X116.825 Y108.128 E2.14082
G1 X116.777 Y108.473 E2.15174
G1 X116.405 Y109.13 E2.17541
G1 X116.121 Y109.345 E2.18658
G1 X115.799 Y109.464 E2.19734
G1 X115.458 Y109.479 E2.20804
G1 X115.122 Y109.389 E2.21895
G1 X114.559 Y108.936 E2.24161
G1 X114.285 Y108.299 E2.26335
G1 X114.38 Y107.617 E2.28494
G1 X114.814 Y107.082 E2.30654
G1 X115.463 Y106.852 E2.32813
G1 E.92813 F4800
;WIPE_START
G1 F5760
G1 X114.814 Y107.082 E.38303
G1 X114.77 Y107.136 E.32813
;WIPE_END
G92 E0
G1 X109.079 Y111.506 F7200
G1 E2 F4800
G1 F1500
G1 X108.814 Y111.154 E2.01381
G1 X108.751 Y110.69 E2.02849
G1 X108.934 Y110.286 E2.0424
G1 X109.102 Y110.133 E2.04952
G1 X109.544 Y109.99 E2.06409
G1 X109.589 Y109.572 E2.07727
G1 X110.267 Y109.763 E2.09936
G1 X110.602 Y110.023 E2.11266
G1 X110.86 Y110.373 E2.12629
G1 X110.833 Y111.007 E2.14619
G1 X110.471 Y111.618 E2.16846
G1 X110.018 Y112.015 E2.18735
G1 X109.759 Y112.122 E2.19614
G1 X109.449 Y112.174 E2.206
G1 X109.211 Y112.1 E2.21381
G1 X108.608 Y111.63 E2.23778
G1 X108.339 Y111.025 E2.25854
G1 X108.329 Y110.635 E2.27077
G1 X108.426 Y110.305 E2.28155
G1 X108.866 Y109.781 E2.303
G1 X109.202 Y109.621 E2.31467
G1 X109.533 Y109.566 E2.32519
G1 E.92519 F4800
;WIPE_START
G1 F5760
G1 X109.202 Y109.621 E.65956
G1 X108.866 Y109.781 E.36494
G1 X108.834 Y109.819 E.32519
;WIPE_END
G92 E0
G1 X107.453 Y115.592 F7200
G1 E2 F4800
G1 F1500
G1 X107.292 Y115.211 E2.01297
G1 X107.354 Y114.757 E2.02734
G1 X107.645 Y114.402 E2.04173
G1 X108.115 Y114.24 E2.05732
G1 X108.137 Y113.821 E2.07048
G1 X108.852 Y113.948 E2.09325
G1 X109.18 Y114.145 E2.10525
G1 X109.428 Y114.409 E2.11661
G1 X109.577 Y114.708 E2.12708
G1 X109.583 Y115.396 E2.14865
G1 X109.427 Y115.717 E2.15984
G1 X109.176 Y115.995 E2.17158
G1 X108.845 Y116.208 E2.18392
G1 X108.461 Y116.336 E2.19661
G1 X108.073 Y116.365 E2.20881
G1 X107.718 Y116.296 E2.22015
G1 X107.149 Y115.9 E2.24189
G1 X106.872 Y115.269 E2.2635
G1 X106.966 Y114.588 E2.28505
G1 X107.403 Y114.054 E2.30669
G1 X107.728 Y113.889 E2.31812
G1 X108.08 Y113.818 E2.32938
G1 E.92938 F4800
;WIPE_START
G1 F5760
G1 X107.728 Y113.889 E.6451
G1 X107.403 Y114.054 E.35655
G1 X107.381 Y114.081 E.32938
;WIPE_END
G92 E0
G1 X109.643 Y120.278 F7200
G1 E2 F4800
G1 F1500
G1 X109.19 Y120.013 E2.01646
G1 X109.002 Y119.597 E2.03077
G1 X109.067 Y119.136 E2.04537
G1 X109.168 Y118.962 E2.05168
G1 X109.537 Y118.851 E2.06376
G1 X109.582 Y118.433 E2.07694
G1 X110.453 Y118.515 E2.10437
G1 X110.68 Y118.623 E2.11225
G1 X110.822 Y118.804 E2.11946
G1 X110.874 Y119.065 E2.1278
G1 X110.771 Y120.028 E2.15817
G1 X110.553 Y120.498 E2.17441
G1 X110.148 Y120.684 E2.18838
G1 X109.778 Y120.73 E2.20007
G1 X109.434 Y120.667 E2.21104
G1 X108.864 Y120.283 E2.23259
G1 X108.582 Y119.658 E2.25409
G1 X108.581 Y119.311 E2.26497
G1 X108.864 Y118.654 E2.2874
G1 X109.211 Y118.48 E2.29957
G1 X109.526 Y118.427 E2.30959
G1 E.90959 F4800
;WIPE_START
G1 F5760
G1 X109.211 Y118.48 E.65671
G1 X108.864 Y118.654 E.3494
G1 X108.844 Y118.7 E.30959
;WIPE_END
G92 E0
G1 X117.366 Y116.769 F7200
G1 E2 F4800
;TYPE:External perimeter
;WIDTH:0.45
G1 F1500
G1 X117.189 Y116.984 E2.00943
G1 X116.984 Y117.189 E2.01924
G1 X116.76 Y117.373 E2.02905
G1 X116.519 Y117.534 E2.03886
G1 X116.263 Y117.671 E2.04869
G1 X115.995 Y117.782 E2.05851
G1 X115.718 Y117.866 E2.06831
G1 X115.434 Y117.923 E2.07811
G1 X115.145 Y117.951 E2.08794
G1 X114.855 Y117.951 E2.09776
G1 X114.566 Y117.923 E2.10759
G1 X114.282 Y117.866 E2.11739
G1 X114.005 Y117.782 E2.12719
G1 X113.737 Y117.671 E2.13701
G1 X113.481 Y117.534 E2.14684
G1 X113.24 Y117.373 E2.15665
G1 X113.016 Y117.189 E2.16646
G1 X112.811 Y116.984 E2.17627
G1 X112.627 Y116.76 E2.18608
G1 X112.466 Y116.519 E2.19589
G1 X112.329 Y116.263 E2.20572
G1 X112.218 Y115.995 E2.21554
G1 X112.134 Y115.718 E2.22534
G1 X112.077 Y115.434 E2.23514
G1 X112.049 Y115.145 E2.24497
G1 X112.049 Y114.855 E2.25479
G1 X112.077 Y114.566 E2.26462
G1 X112.134 Y114.282 E2.27442
G1 X112.218 Y114.005 E2.28422
G1 X112.329 Y113.737 E2.29404
G1 X112.466 Y113.481 E2.30387
G1 X112.627 Y113.24 E2.31368
G1 X112.811 Y113.016 E2.32349
G1 X113.016 Y112.811 E2.3333
G1 X113.24 Y112.627 E2.34311
G1 X113.481 Y112.466 E2.35292
G1 X113.737 Y112.329 E2.36275
G1 X114.005 Y112.218 E2.37257
G1 X114.282 Y112.134 E2.38237
G1 X114.566 Y112.077 E2.39217
G1 X114.855 Y112.049 E2.402
G1 X115.118 Y112.048 E2.4109
G1 X115.434 Y112.077 E2.42164
G1 X115.718 Y112.134 E2.43144
G1 X115.995 Y112.218 E2.44124
G1 X116.263 Y112.329 E2.45106
G1 X116.519 Y112.466 E2.46089
G1 X116.76 Y112.627 E2.4707
G1 X116.984 Y112.811 E2.48051
G1 X117.189 Y113.016 E2.49032
G1 X117.373 Y113.24 E2.50013
G1 X117.534 Y113.481 E2.50994
G1 X117.671 Y113.737 E2.51977
G1 X117.782 Y114.005 E2.52959
G1 X117.866 Y114.282 E2.53939
G1 X117.923 Y114.566 E2.54919
G1 X117.951 Y114.855 E2.55902
G1 X117.951 Y115.145 E2.56884
G1 X117.923 Y115.434 E2.57867
G1 X117.866 Y115.718 E2.58847
G1 X117.782 Y115.995 E2.59827
G1 X117.671 Y116.263 E2.60809
G1 X117.534 Y116.519 E2.61792
G1 X117.4 Y116.719 E2.62607
G1 X117.047 Y116.555 F7200
;TYPE:Perimeter
;WIDTH:0.4
G1 F1500
G1 X116.906 Y116.727 E2.63267
G1 X116.727 Y116.906 E2.64019
G1 X116.532 Y117.066 E2.64768
G1 X116.322 Y117.206 E2.65517
G1 X116.1 Y117.325 E2.66265
G1 X115.867 Y117.422 E2.67014
G1 X115.625 Y117.495 E2.67765
G1 X115.377 Y117.544 E2.68516
G1 X115.126 Y117.569 E2.69265
G1 X114.874 Y117.569 E2.70013
G1 X114.623 Y117.544 E2.70762
G1 X114.375 Y117.495 E2.71513
G1 X114.133 Y117.422 E2.72264
G1 X113.9 Y117.325 E2.73013
G1 X113.678 Y117.206 E2.73761
G1 X113.468 Y117.066 E2.7451
G1 X113.273 Y116.906 E2.75259
G1 X113.094 Y116.727 E2.76011
G1 X112.934 Y116.532 E2.7676
G1 X112.794 Y116.322 E2.77509
G1 X112.675 Y116.1 E2.78257
G1 X112.578 Y115.867 E2.79006
G1 X112.505 Y115.625 E2.79757
G1 X112.456 Y115.377 E2.80508
G1 X112.431 Y115.126 E2.81257
G1 X112.431 Y114.874 E2.82005
G1 X112.456 Y114.623 E2.82754
G1 X112.505 Y114.375 E2.83505
G1 X112.578 Y114.133 E2.84256
G1 X112.675 Y113.9 E2.85005
G1 X112.794 Y113.678 E2.85753
G1 X112.934 Y113.468 E2.86502
G1 X113.094 Y113.273 E2.87251
G1 X113.273 Y113.094 E2.88003
G1 X113.468 Y112.934 E2.88752
G1 X113.678 Y112.794 E2.89501
G1 X113.9 Y112.675 E2.90249
G1 X114.133 Y112.578 E2.90998
G1 X114.375 Y112.505 E2.91749
G1 X114.623 Y112.456 E2.925
G1 X114.875 Y112.431 E2.93252
G1 X115.379 Y112.456 E2.9475
G1 X115.625 Y112.505 E2.95495
G1 X115.867 Y112.578 E2.96246
G1 X116.1 Y112.675 E2.96995
G1 X116.322 Y112.794 E2.97743
G1 X116.532 Y112.934 E2.98492
G1 X116.727 Y113.094 E2.99241
G1 X116.906 Y113.273 E2.99993
G1 X117.066 Y113.468 E3.00742
G1 X117.206 Y113.678 E3.01491
G1 X117.325 Y113.9 E3.02239
G1 X117.422 Y114.133 E3.02988
G1 X117.495 Y114.375 E3.03739
G1 X117.544 Y114.623 E3.0449
G1 X117.569 Y114.874 E3.05239
G1 X117.569 Y115.126 E3.05987
G1 X117.544 Y115.377 E3.06736
G1 X117.495 Y115.625 E3.07487
G1 X117.422 Y115.867 E3.08238
G1 X117.325 Y116.1 E3.08987
G1 X117.206 Y116.322 E3.09735
G1 X117.083 Y116.507 E3.10395
G1 E1.70395 F4800
;WIPE_START
G1 F5760
G1 X117.047 Y116.555 E1.65645
G1 X116.906 Y116.727 E1.48038
G1 X116.727 Y116.906 E1.27997
G1 X116.555 Y117.047 E1.10395
;WIPE_END
G92 E0
G1 X116.713 Y115.341 F7200
G1 E2 F4800
;TYPE:External perimeter
;WIDTH:0.45
G1 F1500
G1 X116.613 Y115.668 E2.01157
G1 X116.452 Y115.97 E2.02315
G1 X116.235 Y116.235 E2.03474
G1 X115.97 Y116.452 E2.04633
G1 X115.668 Y116.613 E2.05791
G1 X115.341 Y116.713 E2.06948
G1 X115 Y116.746 E2.08108
G1 X114.659 Y116.713 E2.09268
G1 X114.332 Y116.613 E2.10425
G1 X114.03 Y116.452 E2.11583
G1 X113.765 Y116.235 E2.12742
G1 X113.548 Y115.97 E2.13901
G1 X113.387 Y115.668 E2.15059
G1 X113.287 Y115.341 E2.16216
G1 X113.254 Y115 E2.17376
G1 X113.287 Y114.659 E2.18536
G1 X113.387 Y114.332 E2.19693
G1 X113.548 Y114.03 E2.20851
G1 X113.765 Y113.765 E2.2201
G1 X114.03 Y113.548 E2.23169
G1 X114.332 Y113.387 E2.24327
G1 X114.659 Y113.288 E2.25483
G1 X114.973 Y113.254 E2.26552
G1 X115.34 Y113.287 E2.27799
G1 X115.668 Y113.387 E2.2896
G1 X115.97 Y113.548 E2.30118
G1 X116.235 Y113.765 E2.31277
G1 X116.452 Y114.03 E2.32436
G1 X116.613 Y114.332 E2.33594
G1 X116.713 Y114.659 E2.34751
G1 X116.746 Y115 E2.35911
G1 X116.719 Y115.281 E2.36867
G1 X117.089 Y115.416 F7200
;TYPE:Perimeter
;WIDTH:0.4
G1 F1500
G1 X116.968 Y115.815 E2.38105
G1 X116.771 Y116.183 E2.39344
G1 X116.506 Y116.506 E2.40584
G1 X116.183 Y116.771 E2.41824
G1 X115.815 Y116.968 E2.43063
G1 X115.416 Y117.089 E2.44301
G1 X115 Y117.13 E2.45542
G1 X114.584 Y117.089 E2.46783
G1 X114.185 Y116.968 E2.48021
G1 X113.817 Y116.771 E2.4926
G1 X113.494 Y116.506 E2.505
G1 X113.229 Y116.183 E2.5174
G1 X113.032 Y115.815 E2.52979
G1 X112.911 Y115.416 E2.54217
G1 X112.87 Y115 E2.55458
G1 X112.911 Y114.584 E2.56699
G1 X113.032 Y114.185 E2.57937
G1 X113.229 Y113.817 E2.59176
G1 X113.494 Y113.494 E2.60416
G1 X113.817 Y113.229 E2.61656
G1 X114.185 Y113.032 E2.62895
G1 X114.582 Y112.911 E2.64127
G1 X114.97 Y112.871 E2.65285
G1 X115.413 Y112.91 E2.66605
G1 X115.815 Y113.032 E2.67852
G1 X116.183 Y113.229 E2.69091
G1 X116.506 Y113.494 E2.70331
G1 X116.771 Y113.817 E2.71571
G1 X116.968 Y114.185 E2.7281
G1 X117.089 Y114.584 E2.74048
G1 X117.13 Y115 E2.75289
G1 X117.095 Y115.356 E2.76351
G1 X117.312 Y115.378 F7200
;TYPE:Gap fill
;WIDTH:0.124128
G1 F1500
G1 X117.35 Y115.004 E2.76605
G1 X117.306 Y114.545 E2.76916
G1 X117.173 Y114.104 E2.77227
G1 X116.956 Y113.698 E2.77538
G1 X116.659 Y113.336 E2.77854
G1 X116.302 Y113.044 E2.78165
G1 X115.896 Y112.827 E2.78476
G1 X115.45 Y112.693 E2.7879
G1 X114.972 Y112.65 E2.79114
G1 X114.535 Y112.697 E2.79411
G1 X114.097 Y112.83 E2.7972
G1 X113.691 Y113.048 E2.80031
G1 X113.336 Y113.341 E2.80342
G1 X113.048 Y113.691 E2.80648
G1 X112.83 Y114.097 E2.80959
G1 X112.696 Y114.538 E2.8127
G1 X112.65 Y114.996 E2.81581
G1 X112.694 Y115.455 E2.81892
G1 X112.827 Y115.896 E2.82203
G1 X113.044 Y116.302 E2.82514
G1 X113.336 Y116.659 E2.82825
G1 X113.691 Y116.952 E2.83136
G1 X114.097 Y117.17 E2.83447
G1 X114.538 Y117.304 E2.83758
G1 X114.996 Y117.35 E2.84069
G1 X115.455 Y117.306 E2.8438
G1 X115.896 Y117.173 E2.84691
G1 X116.302 Y116.956 E2.85002
G1 X116.659 Y116.664 E2.85313
G1 X116.952 Y116.309 E2.85624
G1 X117.17 Y115.903 E2.85935
G1 X117.304 Y115.462 E2.86246
G1 X117.306 Y115.437 E2.86263
;LAYER_CHANGE
;Z:2.28
;HEIGHT:0.2
; BEFORE_LAYER_CHANGE 10 @ 2.28mm
G1 E1.46263 F4800
;WIPE_START
G1 F5760
G1 X117.304 Y115.462 E1.44278
G1 X117.17 Y115.903 E1.07789
G1 X117.041 Y116.142 E.86263
;WIPE_END
G92 E0
G1 Z2.28 F7200
; AFTER_LAYER_CHANGE 10 @ 2.28mm
G1 X113.512 Y122.243
G1 E2 F4800
;TYPE:Support material
;WIDTH:0.42
G1 F1500
G1 X113.346 Y121.831 E2.01393
G1 X113.35 Y121.628 E2.0203
G1 X113.588 Y121.356 E2.03163
G1 X114.359 Y120.946 E2.05901
G1 X114.462 Y120.537 E2.07223
G1 X114.813 Y120.792 E2.08583
G1 X115.249 Y121.537 E2.1129
G1 X115.347 Y121.938 E2.12584
G1 X115.3 Y122.259 E2.13601
G1 X115.068 Y122.59 E2.14868
G1 X114.775 Y122.822 E2.1604
G1 X114.44 Y122.961 E2.17177
G1 X114.093 Y122.998 E2.18271
G1 X113.754 Y122.934 E2.19353
G1 X113.448 Y122.776 E2.20433
G1 X113.198 Y122.536 E2.2152
G1 X113.018 Y122.231 E2.2263
G1 X112.925 Y121.881 E2.23765
G1 X112.933 Y121.491 E2.24988
G1 X113.156 Y121.173 E2.26206
G1 X114.164 Y120.546 E2.29928
G1 X114.409 Y120.517 E2.30702
G1 E.90702 F4800
;WIPE_START
G1 F5760
G1 X114.164 Y120.546 E.71171
G1 X113.73 Y120.816 E.30702
;WIPE_END
G92 E0
G1 X117.817 Y121.03 F7200
G1 E2 F4800
G1 F1500
G1 X117.692 Y120.65 E2.01254
G1 X117.722 Y120.328 E2.02268
G1 X118.189 Y119.899 E2.04256
G1 X118.762 Y119.76 E2.06105
G1 X118.905 Y119.362 E2.07431
G1 X119.486 Y119.761 E2.09641
G1 X119.856 Y120.433 E2.12046
G1 X119.866 Y121.097 E2.14128
G1 X119.718 Y121.453 E2.15337
G1 X119.211 Y121.914 E2.17486
G1 X118.534 Y122.041 E2.19646
G1 X118.184 Y121.953 E2.20778
G1 X117.856 Y121.758 E2.21974
G1 X117.573 Y121.46 E2.23263
G1 X117.372 Y121.092 E2.24578
G1 X117.272 Y120.704 E2.25834
G1 X117.272 Y120.316 E2.27051
G1 X117.535 Y119.883 E2.28639
G1 X117.992 Y119.525 E2.30459
G1 X118.409 Y119.375 E2.31848
G1 X118.854 Y119.337 E2.33248
G1 E.93248 F4800
;WIPE_START
G1 F5760
G1 X118.409 Y119.375 E.57891
G1 X118.116 Y119.481 E.33248
;WIPE_END
G92 E0
G1 X120.862 Y117.255 F7200
G1 E2 F4800
G1 F1500
G1 X120.616 Y117.028 E2.0105
G1 X120.581 Y116.816 E2.01724
G1 X120.862 Y116.685 E2.02696
G1 X121.807 Y116.511 E2.05709
G1 X121.876 Y116.096 E2.07028
G1 X122.063 Y116.128 E2.07623
G1 X122.283 Y116.21 E2.08359
G1 X122.645 Y116.789 E2.105
G1 X122.697 Y117.133 E2.11591
G1 X122.648 Y117.472 E2.12665
G1 X122.503 Y117.785 E2.13747
G1 X122.27 Y118.047 E2.14846
G1 X121.959 Y118.24 E2.15994
G1 X121.625 Y118.333 E2.17081
G1 X121.369 Y118.266 E2.17911
G1 X120.924 Y117.977 E2.19575
G1 X120.26 Y117.262 E2.22634
G1 X120.142 Y116.994 E2.23552
G1 X120.142 Y116.752 E2.24311
G1 X120.248 Y116.543 E2.25046
G1 X120.467 Y116.371 E2.25919
G1 X121.82 Y116.087 E2.30254
G1 E.90254 F4800
;WIPE_START
G1 F5760
G1 X121.078 Y116.243 E.30254
;WIPE_END
G92 E0
G1 X120.637 Y113.005 F7200
G1 E2 F4800
G1 F1500
G1 X120.482 Y112.548 E2.01513
G1 X120.537 Y112.309 E2.02282
G1 X120.906 Y111.891 E2.0403
G1 X121.425 Y111.717 E2.05746
G1 X121.45 Y111.297 E2.07065
G1 X121.7 Y111.312 E2.0785
G1 X122.028 Y111.428 E2.08941
G1 X122.532 Y111.897 E2.111
G1 X122.719 Y112.56 E2.1326
G1 X122.537 Y113.218 E2.15401
G1 X122.028 Y113.695 E2.17588
G1 X121.344 Y113.854 E2.1979
G1 X120.678 Y113.686 E2.21944
G1 X120.347 Y113.377 E2.23364
G1 X120.065 Y112.615 E2.25912
G1 X120.164 Y112.112 E2.27519
G1 X120.348 Y111.83 E2.28575
G1 X120.663 Y111.545 E2.29907
G1 X120.991 Y111.37 E2.31073
G1 X121.394 Y111.294 E2.32359
G1 E.92359 F4800
;WIPE_START
G1 F5760
G1 X120.991 Y111.37 E.59892
G1 X120.684 Y111.534 E.32359
;WIPE_END
G92 E0
G1 X114.992 Y108.865 F7200
G1 E2 F4800
G1 F1500
G1 X114.776 Y108.528 E2.01255
G1 X114.709 Y108.027 E2.0284
G1 X114.891 Y107.603 E2.04287
G1 X115.267 Y107.338 E2.05729
G1 X115.495 Y107.291 E2.06459
G1 X115.522 Y106.872 E2.07775
G1 X116.14 Y107.01 E2.0976
G1 X116.64 Y107.478 E2.11907
G1 X116.782 Y107.812 E2.13045
G1 X116.831 Y108.178 E2.14203
G1 X116.781 Y108.569 E2.15439
G1 X116.639 Y108.933 E2.16664
G1 X116.407 Y109.232 E2.17851
G1 X116.083 Y109.448 E2.19072
G1 X115.265 Y109.505 E2.21643
G1 X114.822 Y109.299 E2.23175
G1 X114.566 Y109.023 E2.24355
G1 X114.289 Y108.329 E2.26698
G1 X114.382 Y107.631 E2.28906
G1 X114.817 Y107.098 E2.31063
G1 X115.466 Y106.869 E2.33221
G1 E.93221 F4800
;WIPE_START
G1 F5760
G1 X114.817 Y107.098 E.38737
G1 X114.773 Y107.152 E.33221
;WIPE_END
G92 E0
G1 X108.972 Y111.361 F7200
G1 E2 F4800
G1 F1500
G1 X108.804 Y110.948 E2.01398
G1 X108.866 Y110.5 E2.02816
G1 X109.153 Y110.169 E2.0419
G1 X109.622 Y110.037 E2.05718
G1 X109.671 Y109.619 E2.07038
G1 X109.992 Y109.669 E2.08057
G1 X110.365 Y109.836 E2.09338
G1 X110.671 Y110.086 E2.10577
G1 X110.799 Y110.625 E2.12314
G1 X110.678 Y111.247 E2.14301
G1 X110.42 Y111.645 E2.15788
G1 X110.214 Y111.816 E2.16627
G1 X109.704 Y112.043 E2.18377
G1 X109.105 Y112.05 E2.20255
G1 X108.669 Y111.673 E2.22062
G1 X108.384 Y111.007 E2.24333
G1 X108.479 Y110.328 E2.26483
G1 X108.66 Y110.04 E2.2755
G1 X108.924 Y109.811 E2.28646
G1 X109.247 Y109.665 E2.29757
G1 X109.615 Y109.613 E2.30922
G1 E.90922 F4800
;WIPE_START
G1 F5760
G1 X109.247 Y109.665 E.61499
G1 X108.924 Y109.811 E.33437
G1 X108.9 Y109.832 E.30922
;WIPE_END
G92 E0
G1 X107.461 Y115.546 F7200
G1 E2 F4800
G1 F1500
G1 X107.326 Y115.209 E2.01138
G1 X107.326 Y114.978 E2.01862
G1 X107.485 Y114.596 E2.03159
G1 X107.696 Y114.401 E2.0406
G1 X108.21 Y114.232 E2.05756
G1 X108.228 Y113.812 E2.07074
G1 X108.577 Y113.826 E2.08169
G1 X109.216 Y114.092 E2.10339
G1 X109.402 Y114.387 E2.11432
G1 X109.57 Y115.055 E2.13592
G1 X109.455 Y115.739 E2.15767
G1 X109.283 Y115.985 E2.16708
G1 X108.952 Y116.198 E2.17942
G1 X108.16 Y116.358 E2.20475
G1 X107.689 Y116.247 E2.21992
G1 X107.183 Y115.897 E2.23921
G1 X106.906 Y115.268 E2.26076
G1 X106.999 Y114.586 E2.28234
G1 X107.455 Y114.052 E2.30436
G1 X107.786 Y113.888 E2.31594
G1 X108.171 Y113.81 E2.32826
G1 E.92826 F4800
;WIPE_START
G1 F5760
G1 X107.786 Y113.888 E.61728
G1 X107.458 Y114.05 E.32826
;WIPE_END
G92 E0
G1 X109.281 Y120.022 F7200
G1 E2 F4800
G1 F1500
G1 X109.055 Y119.57 E2.01584
G1 X109.095 Y119.189 E2.02785
G1 X109.454 Y118.952 E2.04134
G1 X110.373 Y118.786 E2.07062
G1 X110.39 Y118.367 E2.08377
G1 X110.613 Y118.378 E2.09077
G1 X110.843 Y118.486 E2.09874
G1 X110.985 Y118.667 E2.10595
G1 X111.037 Y118.924 E2.11417
G1 X110.647 Y120.092 E2.15278
G1 X110.221 Y120.616 E2.17395
G1 X109.855 Y120.675 E2.18557
G1 X109.491 Y120.626 E2.19709
G1 X109.167 Y120.48 E2.20823
G1 X108.911 Y120.255 E2.21892
G1 X108.73 Y119.964 E2.22967
G1 X108.636 Y119.631 E2.24052
G1 X108.717 Y118.976 E2.26121
G1 X109.021 Y118.692 E2.27425
G1 X109.316 Y118.553 E2.28447
G1 X110.334 Y118.364 E2.31693
G1 E.91693 F4800
;WIPE_START
G1 F5760
G1 X109.589 Y118.502 E.31693
;WIPE_END
G92 E0
G1 X117.366 Y116.769 F7200
G1 E2 F4800
;TYPE:External perimeter
;WIDTH:0.45
G1 F1500
G1 X117.189 Y116.984 E2.00943
G1 X116.984 Y117.189 E2.01924
G1 X116.76 Y117.373 E2.02905
G1 X116.519 Y117.534 E2.03886
G1 X116.263 Y117.671 E2.04869
G1 X115.995 Y117.782 E2.05851
G1 X115.718 Y117.866 E2.06831
G1 X115.434 Y117.923 E2.07811
G1 X115.145 Y117.951 E2.08794
G1 X114.855 Y117.951 E2.09776
G1 X114.566 Y117.923 E2.10759
G1 X114.282 Y117.866 E2.11739
G1 X114.005 Y117.782 E2.12719
G1 X113.737 Y117.671 E2.13701
G1 X113.481 Y117.534 E2.14684
G1 X113.24 Y117.373 E2.15665
G1 X113.016 Y117.189 E2.16646
G1 X112.811 Y116.984 E2.17627
G1 X112.627 Y116.76 E2.18608
G1 X112.466 Y116.519 E2.19589
G1 X112.329 Y116.263 E2.20572
G1 X112.218 Y115.995 E2.21554
G1 X112.134 Y115.718 E2.22534
G1 X112.077 Y115.434 E2.23514
G1 X112.049 Y115.145 E2.24497
G1 X112.049 Y114.855 E2.25479
G1 X112.077 Y114.566 E2.26462
G1 X112.134 Y114.282 E2.27442
G1 X112.218 Y114.005 E2.28422
G1 X112.329 Y113.737 E2.29404
G1 X112.466 Y113.481 E2.30387
G1 X112.627 Y113.24 E2.31368
G1 X112.811 Y113.016 E2.32349
G1 X113.016 Y112.811 E2.3333
G1 X113.24 Y112.627 E2.34311
G1 X113.481 Y112.466 E2.35292
G1 X113.737 Y112.329 E2.36275
G1 X114.005 Y112.218 E2.37257
G1 X114.282 Y112.134 E2.38237
G1 X114.566 Y112.077 E2.39217
G1 X114.855 Y112.049 E2.402
G1 X115.108 Y112.048 E2.41056
G1 X115.435 Y112.077 E2.42167
G1 X115.718 Y112.134 E2.43144
G1 X115.995 Y112.218 E2.44124
G1 X116.263 Y112.329 E2.45106
G1 X116.519 Y112.466 E2.46089
G1 X116.76 Y112.627 E2.4707
G1 X116.984 Y112.811 E2.48051
G1 X117.189 Y113.016 E2.49032
G1 X117.373 Y113.24 E2.50013
G1 X117.534 Y113.481 E2.50994
G1 X117.671 Y113.737 E2.51977
G1 X117.782 Y114.005 E2.52959
G1 X117.866 Y114.282 E2.53939
G1 X117.923 Y114.566 E2.54919
G1 X117.951 Y114.855 E2.55902
G1 X117.951 Y115.145 E2.56884
G1 X117.923 Y115.434 E2.57867
G1 X117.866 Y115.718 E2.58847
G1 X117.782 Y115.995 E2.59827
G1 X117.671 Y116.263 E2.60809
G1 X117.534 Y116.519 E2.61792
G1 X117.4 Y116.719 E2.62607
G1 X117.047 Y116.555 F7200
;TYPE:Perimeter
;WIDTH:0.4
G1 F1500
G1 X116.906 Y116.727 E2.63267
G1 X116.727 Y116.906 E2.64019
G1 X116.532 Y117.066 E2.64768
G1 X116.322 Y117.206 E2.65517
G1 X116.1 Y117.325 E2.66265
G1 X115.867 Y117.422 E2.67014
G1 X115.625 Y117.495 E2.67765
G1 X115.377 Y117.544 E2.68516
G1 X115.126 Y117.569 E2.69265
G1 X114.874 Y117.569 E2.70013
G1 X114.623 Y117.544 E2.70762
G1 X114.375 Y117.495 E2.71513
G1 X114.133 Y117.422 E2.72264
G1 X113.9 Y117.325 E2.73013
G1 X113.678 Y117.206 E2.73761
G1 X113.468 Y117.066 E2.7451
G1 X113.273 Y116.906 E2.75259
G1 X113.094 Y116.727 E2.76011
G1 X112.934 Y116.532 E2.7676
G1 X112.794 Y116.322 E2.77509
G1 X112.675 Y116.1 E2.78257
G1 X112.578 Y115.867 E2.79006
G1 X112.505 Y115.625 E2.79757
G1 X112.456 Y115.377 E2.80508
G1 X112.431 Y115.126 E2.81257
G1 X112.431 Y114.874 E2.82005
G1 X112.456 Y114.623 E2.82754
G1 X112.505 Y114.375 E2.83505
G1 X112.578 Y114.133 E2.84256
G1 X112.675 Y113.9 E2.85005
G1 X112.794 Y113.678 E2.85753
G1 X112.934 Y113.468 E2.86502
G1 X113.094 Y113.273 E2.87251
G1 X113.273 Y113.094 E2.88003
G1 X113.468 Y112.934 E2.88752
G1 X113.678 Y112.794 E2.89501
G1 X113.9 Y112.675 E2.90249
G1 X114.133 Y112.578 E2.90998
G1 X114.375 Y112.505 E2.91749
G1 X114.623 Y112.456 E2.925
G1 X114.875 Y112.431 E2.93252
G1 X115.38 Y112.456 E2.94753
G1 X115.625 Y112.505 E2.95495
G1 X115.867 Y112.578 E2.96246
G1 X116.1 Y112.675 E2.96995
G1 X116.322 Y112.794 E2.97743
G1 X116.532 Y112.934 E2.98492
G1 X116.727 Y113.094 E2.99241
G1 X116.906 Y113.273 E2.99993
G1 X117.066 Y113.468 E3.00742
G1 X117.206 Y113.678 E3.01491
G1 X117.325 Y113.9 E3.02239
G1 X117.422 Y114.133 E3.02988
G1 X117.495 Y114.375 E3.03739
G1 X117.544 Y114.623 E3.0449
G1 X117.569 Y114.874 E3.05239
G1 X117.569 Y115.126 E3.05987
G1 X117.544 Y115.377 E3.06736
G1 X117.495 Y115.625 E3.07487
G1 X117.422 Y115.867 E3.08238
G1 X117.325 Y116.1 E3.08987
G1 X117.206 Y116.322 E3.09735
G1 X117.083 Y116.507 E3.10395
G1 E1.70395 F4800
;WIPE_START
G1 F5760
G1 X117.047 Y116.555 E1.65645
G1 X116.906 Y116.727 E1.48038
G1 X116.727 Y116.906 E1.27997
G1 X116.555 Y117.047 E1.10395
;WIPE_END
G92 E0
G1 X116.713 Y115.341 F7200
G1 E2 F4800
;TYPE:External perimeter
;WIDTH:0.45
G1 F1500
G1 X116.613 Y115.668 E2.01157
G1 X116.452 Y115.97 E2.02315
G1 X116.235 Y116.235 E2.03474
G1 X115.97 Y116.452 E2.04633
G1 X115.668 Y116.613 E2.05791
G1 X115.341 Y116.713 E2.06948
G1 X115 Y116.746 E2.08108
G1 X114.659 Y116.713 E2.09268
G1 X114.332 Y116.613 E2.10425
G1 X114.03 Y116.452 E2.11583
G1 X113.765 Y116.235 E2.12742
G1 X113.548 Y115.97 E2.13901
G1 X113.387 Y115.668 E2.15059
G1 X113.287 Y115.341 E2.16216
G1 X113.254 Y115 E2.17376
G1 X113.287 Y114.659 E2.18536
G1 X113.387 Y114.332 E2.19693
G1 X113.548 Y114.03 E2.20851
G1 X113.765 Y113.765 E2.2201
G1 X114.03 Y113.548 E2.23169
G1 X114.332 Y113.387 E2.24327
G1 X114.658 Y113.288 E2.2548
G1 X114.971 Y113.255 E2.26545
G1 X115.339 Y113.287 E2.27795
G1 X115.668 Y113.387 E2.28959
G1 X115.97 Y113.548 E2.30117
G1 X116.235 Y113.765 E2.31276
G1 X116.452 Y114.03 E2.32435
G1 X116.613 Y114.332 E2.33593
G1 X116.713 Y114.659 E2.3475
G1 X116.746 Y115 E2.3591
G1 X116.719 Y115.281 E2.36866
G1 X117.089 Y115.416 F7200
;TYPE:Perimeter
;WIDTH:0.4
G1 F1500
G1 X116.968 Y115.815 E2.38104
G1 X116.771 Y116.183 E2.39343
G1 X116.506 Y116.506 E2.40583
G1 X116.183 Y116.771 E2.41823
G1 X115.815 Y116.968 E2.43062
G1 X115.416 Y117.089 E2.443
G1 X115 Y117.13 E2.45541
G1 X114.584 Y117.089 E2.46782
G1 X114.185 Y116.968 E2.4802
G1 X113.817 Y116.771 E2.49259
G1 X113.494 Y116.506 E2.50499
G1 X113.229 Y116.183 E2.51739
G1 X113.032 Y115.815 E2.52978
G1 X112.911 Y115.416 E2.54216
G1 X112.87 Y115 E2.55457
G1 X112.911 Y114.584 E2.56698
G1 X113.032 Y114.185 E2.57936
G1 X113.229 Y113.817 E2.59175
G1 X113.494 Y113.494 E2.60415
G1 X113.817 Y113.229 E2.61655
G1 X114.185 Y113.032 E2.62894
G1 X114.582 Y112.912 E2.64125
G1 X114.967 Y112.871 E2.65275
G1 X115.412 Y112.91 E2.66601
G1 X115.815 Y113.032 E2.67851
G1 X116.183 Y113.229 E2.6909
G1 X116.506 Y113.494 E2.7033
G1 X116.771 Y113.817 E2.7157
G1 X116.968 Y114.185 E2.72809
G1 X117.089 Y114.584 E2.74047
G1 X117.13 Y115 E2.75288
G1 X117.095 Y115.356 E2.7635
G1 X117.312 Y115.378 F7200
;TYPE:Gap fill
;WIDTH:0.124129
G1 F1500
G1 X117.35 Y115.004 E2.76604
G1 X117.306 Y114.545 E2.76915
G1 X117.173 Y114.104 E2.77226
G1 X116.956 Y113.698 E2.77537
G1 X116.659 Y113.336 E2.77853
G1 X116.302 Y113.044 E2.78164
G1 X115.896 Y112.827 E2.78475
G1 X115.45 Y112.693 E2.78789
G1 X114.969 Y112.65 E2.79115
G1 X114.535 Y112.697 E2.7941
G1 X114.097 Y112.83 E2.79719
G1 X113.691 Y113.048 E2.8003
G1 X113.336 Y113.341 E2.80341
G1 X113.044 Y113.698 E2.80652
G1 X112.83 Y114.097 E2.80958
G1 X112.696 Y114.538 E2.81269
G1 X112.65 Y114.996 E2.8158
G1 X112.694 Y115.455 E2.81891
G1 X112.827 Y115.896 E2.82202
G1 X113.044 Y116.302 E2.82513
G1 X113.336 Y116.659 E2.82824
G1 X113.691 Y116.952 E2.83135
G1 X114.097 Y117.17 E2.83446
G1 X114.538 Y117.304 E2.83757
G1 X114.996 Y117.35 E2.84068
G1 X115.455 Y117.306 E2.84379
G1 X115.896 Y117.173 E2.8469
G1 X116.302 Y116.956 E2.85001
G1 X116.659 Y116.664 E2.85312
G1 X116.952 Y116.309 E2.85623
G1 X117.17 Y115.903 E2.85934
G1 X117.304 Y115.462 E2.86245
G1 X117.306 Y115.437 E2.86262
;LAYER_CHANGE
;Z:2.48
;HEIGHT:0.2
; BEFORE_LAYER_CHANGE 11 @ 2.48mm
G1 E1.46262 F4800
;WIPE_START
G1 F5760
G1 X117.304 Y115.462 E1.44277
G1 X117.17 Y115.903 E1.07788
G1 X117.041 Y116.142 E.86262
;WIPE_END
G92 E0
G1 Z2.48 F7200
; AFTER_LAYER_CHANGE 11 @ 2.48mm
G1 X113.537 Y122.166
G1 E2 F4800
;TYPE:Support material
;WIDTH:0.42
G1 F1500
G1 X113.402 Y121.846 E2.01089
G1 X113.476 Y121.643 E2.01766
G1 X114.218 Y120.825 E2.05229
G1 X114.411 Y120.744 E2.05885
G1 X114.532 Y120.34 E2.07207
G1 X114.869 Y120.598 E2.08538
G1 X114.995 Y120.893 E2.09544
G1 X115.219 Y121.792 E2.12449
G1 X115.145 Y122.42 E2.14432
G1 X114.804 Y122.736 E2.1589
G1 X114.472 Y122.882 E2.17027
G1 X114.124 Y122.922 E2.18125
G1 X113.785 Y122.861 E2.19205
G1 X113.478 Y122.706 E2.20283
G1 X113.227 Y122.47 E2.21363
G1 X113.048 Y122.157 E2.22494
G1 X112.963 Y121.823 E2.23575
G1 X113.251 Y121.223 E2.25662
G1 X113.952 Y120.492 E2.28838
G1 X114.232 Y120.336 E2.29843
G1 X114.48 Y120.318 E2.30623
G1 E.90623 F4800
;WIPE_START
G1 F5760
G1 X114.232 Y120.336 E.70938
G1 X113.952 Y120.492 E.45563
G1 X113.821 Y120.628 E.30623
;WIPE_END
G92 E0
G1 X117.811 Y121.03 F7200
G1 E2 F4800
G1 F1500
G1 X117.662 Y120.65 E2.0128
G1 X117.836 Y120.292 E2.02528
G1 X118.191 Y120.009 E2.03951
G1 X118.777 Y119.834 E2.05869
G1 X118.798 Y119.415 E2.07184
G1 X118.948 Y119.422 E2.07655
G1 X119.221 Y119.486 E2.08534
G1 X119.43 Y119.667 E2.09401
G1 X119.667 Y120.002 E2.10688
G1 X119.813 Y120.373 E2.11938
G1 X119.862 Y120.744 E2.13111
G1 X119.677 Y121.412 E2.15284
G1 X119.458 Y121.679 E2.16367
G1 X119.173 Y121.871 E2.17444
G1 X118.844 Y121.974 E2.18525
G1 X118.483 Y121.977 E2.19657
G1 X118.125 Y121.875 E2.20824
G1 X117.791 Y121.665 E2.22061
G1 X117.512 Y121.359 E2.23359
G1 X117.319 Y121.001 E2.24634
G1 X117.227 Y120.646 E2.25784
G1 X117.512 Y120.02 E2.27941
G1 X117.983 Y119.643 E2.29833
G1 X118.742 Y119.412 E2.32321
G1 E.92321 F4800
;WIPE_START
G1 F5760
G1 X118.017 Y119.632 E.32321
;WIPE_END
G92 E0
G1 X121.226 Y117.568 F7200
G1 E2 F4800
G1 F1500
G1 X120.574 Y117.138 E2.02449
G1 X120.368 Y116.857 E2.03541
G1 X120.47 Y116.688 E2.0416
G1 X120.952 Y116.615 E2.05689
G1 X121.039 Y116.204 E2.07006
G1 X122.034 Y116.276 E2.10134
G1 X122.398 Y116.497 E2.11469
G1 X122.568 Y116.775 E2.12491
G1 X122.617 Y117.118 E2.13577
G1 X122.566 Y117.457 E2.14652
G1 X122.418 Y117.769 E2.15735
G1 X122.18 Y118.031 E2.16845
G1 X121.934 Y118.149 E2.177
G1 X121.388 Y118.117 E2.19415
G1 X120.304 Y117.464 E2.23383
G1 X120.062 Y117.203 E2.24499
G1 X119.945 Y116.939 E2.25404
G1 X119.954 Y116.673 E2.26239
G1 X120.05 Y116.484 E2.26904
G1 X120.269 Y116.312 E2.27777
G1 X120.594 Y116.206 E2.28849
G1 X120.984 Y116.193 E2.30072
G1 E.90072 F4800
;WIPE_START
G1 F5760
G1 X120.594 Y116.206 E.5918
G1 X120.269 Y116.312 E.32117
G1 X120.249 Y116.328 E.30072
;WIPE_END
G92 E0
G1 X120.94 Y113.273 F7200
G1 E2 F4800
G1 F1500
G1 X120.594 Y112.703 E2.02091
G1 X120.566 Y112.162 E2.0379
G1 X120.78 Y111.945 E2.04746
G1 X121.337 Y111.731 E2.06617
G1 X121.353 Y111.311 E2.07935
G1 X121.989 Y111.439 E2.09969
G1 X122.278 Y111.637 E2.11067
G1 X122.501 Y111.904 E2.12158
G1 X122.655 Y112.308 E2.13514
G1 X122.642 Y112.909 E2.15399
G1 X122.337 Y113.436 E2.17308
G1 X121.996 Y113.706 E2.18672
G1 X121.264 Y113.886 E2.21036
G1 X120.832 Y113.805 E2.22414
G1 X120.7 Y113.663 E2.23022
G1 X120.293 Y113.105 E2.25188
G1 X120.185 Y112.807 E2.26182
G1 X120.17 Y111.989 E2.28747
G1 X120.537 Y111.598 E2.30428
G1 X120.91 Y111.401 E2.31751
G1 X121.296 Y111.308 E2.32996
G1 E.92996 F4800
;WIPE_START
G1 F5760
G1 X120.91 Y111.401 E.61563
G1 X120.591 Y111.57 E.32996
;WIPE_END
G92 E0
G1 X114.985 Y108.876 F7200
G1 E2 F4800
G1 F1500
G1 X114.787 Y108.623 E2.01007
G1 X114.717 Y108.074 E2.02742
G1 X114.903 Y107.633 E2.04243
G1 X115.073 Y107.471 E2.04979
G1 X115.498 Y107.318 E2.06395
G1 X115.527 Y106.899 E2.07712
G1 X116.144 Y107.044 E2.09699
G1 X116.429 Y107.254 E2.10809
G1 X116.651 Y107.537 E2.11937
G1 X116.792 Y107.879 E2.13097
G1 X116.842 Y108.277 E2.14355
G1 X116.793 Y108.674 E2.15609
G1 X116.607 Y109.07 E2.16981
G1 X116.456 Y109.205 E2.17616
G1 X116.022 Y109.374 E2.19076
G1 X115.343 Y109.4 E2.21207
G1 X114.698 Y109.237 E2.23293
G1 X114.558 Y109.084 E2.23943
G1 X114.297 Y108.395 E2.26253
G1 X114.297 Y108.017 E2.27438
G1 X114.391 Y107.674 E2.28553
G1 X114.825 Y107.127 E2.30742
G1 X115.132 Y106.965 E2.3183
G1 X115.47 Y106.895 E2.32912
G1 E.92912 F4800
;WIPE_START
G1 F5760
G1 X115.132 Y106.965 E.65586
G1 X114.825 Y107.127 E.38106
G1 X114.784 Y107.178 E.32912
;WIPE_END
G92 E0
G1 X109.041 Y111.406 F7200
G1 E2 F4800
G1 F1500
G1 X108.865 Y110.979 E2.01448
G1 X108.929 Y110.539 E2.02842
G1 X109.221 Y110.21 E2.04221
G1 X109.684 Y110.093 E2.05718
G1 X109.751 Y109.678 E2.07036
G1 X110.403 Y109.881 E2.09177
G1 X110.574 Y110.133 E2.10132
G1 X110.733 Y110.779 E2.12218
G1 X110.713 Y111.573 E2.14708
G1 X110.57 Y111.763 E2.15454
G1 X110.347 Y111.872 E2.16232
G1 X109.434 Y111.987 E2.19117
G1 X108.843 Y111.831 E2.21034
G1 X108.547 Y111.395 E2.22686
G1 X108.446 Y111.039 E2.23846
G1 X108.445 Y110.689 E2.24943
G1 X108.544 Y110.361 E2.26017
G1 X108.731 Y110.073 E2.27094
G1 X108.997 Y109.849 E2.28184
G1 X109.322 Y109.708 E2.29295
G1 X109.695 Y109.669 E2.30471
G1 E.90471 F4800
;WIPE_START
G1 F5760
G1 X109.322 Y109.708 E.60781
G1 X108.997 Y109.849 E.32735
G1 X108.975 Y109.867 E.30471
;WIPE_END
G92 E0
G1 X107.504 Y115.504 F7200
G1 E2 F4800
G1 F1500
G1 X107.382 Y115.204 E2.01015
G1 X107.382 Y114.983 E2.01708
G1 X107.576 Y114.567 E2.03147
G1 X108.014 Y114.282 E2.04785
G1 X108.317 Y114.222 E2.05753
G1 X108.333 Y113.802 E2.07071
G1 X108.684 Y113.815 E2.08172
G1 X108.949 Y113.924 E2.0907
G1 X109.327 Y114.417 E2.11018
G1 X109.475 Y115.044 E2.13038
G1 X109.392 Y115.702 E2.15117
G1 X109.06 Y116.187 E2.1696
G1 X108.676 Y116.316 E2.1823
G1 X108.269 Y116.349 E2.1951
G1 X107.869 Y116.283 E2.20781
G1 X107.529 Y116.126 E2.21955
G1 X107.254 Y115.89 E2.23091
G1 X107.061 Y115.595 E2.24196
G1 X106.962 Y115.265 E2.25276
G1 X106.963 Y114.921 E2.26355
G1 X107.062 Y114.588 E2.27444
G1 X107.255 Y114.29 E2.28557
G1 X107.527 Y114.049 E2.29696
G1 X107.879 Y113.881 E2.30919
G1 X108.277 Y113.8 E2.32192
G1 E.92192 F4800
;WIPE_START
G1 F5760
G1 X107.879 Y113.881 E.60038
G1 X107.562 Y114.033 E.32192
;WIPE_END
G92 E0
G1 X109.263 Y119.874 F7200
G1 E2 F4800
G1 F1500
G1 X109.118 Y119.489 E2.0129
G1 X109.256 Y119.228 E2.02216
G1 X109.569 Y119.012 E2.03408
G1 X110.519 Y118.65 E2.06596
G1 X110.535 Y118.23 E2.07914
G1 X110.775 Y118.242 E2.08667
G1 X111.007 Y118.351 E2.09471
G1 X111.149 Y118.531 E2.1019
G1 X111.202 Y118.786 E2.11007
G1 X111.144 Y119.107 E2.1203
G1 X110.966 Y119.454 E2.13253
G1 X110.426 Y120.224 E2.16202
G1 X109.863 Y120.586 E2.18301
G1 X109.574 Y120.575 E2.19208
G1 X109.247 Y120.435 E2.20323
G1 X108.983 Y120.212 E2.21407
G1 X108.798 Y119.928 E2.2247
G1 X108.697 Y119.449 E2.24005
G1 X108.928 Y118.957 E2.25709
G1 X109.161 Y118.754 E2.26678
G1 X110.094 Y118.322 E2.29902
G1 X110.478 Y118.227 E2.31142
G1 E.91142 F4800
;WIPE_START
G1 F5760
G1 X110.094 Y118.322 E.59826
G1 X109.765 Y118.474 E.31142
;WIPE_END
G92 E0
G1 X117.379 Y116.751 F7200
G1 E2 F4800
;TYPE:External perimeter
;WIDTH:0.45
G1 F1500
G1 X117.373 Y116.76 E2.00037
G1 X117.189 Y116.984 E2.01018
G1 X116.984 Y117.189 E2.01999
G1 X116.76 Y117.373 E2.0298
G1 X116.519 Y117.534 E2.03961
G1 X116.263 Y117.671 E2.04944
G1 X115.995 Y117.782 E2.05926
G1 X115.718 Y117.866 E2.06906
G1 X115.434 Y117.923 E2.07886
G1 X115.145 Y117.951 E2.08869
G1 X114.855 Y117.951 E2.09851
G1 X114.566 Y117.923 E2.10834
G1 X114.282 Y117.866 E2.11814
G1 X114.005 Y117.782 E2.12794
G1 X113.737 Y117.671 E2.13776
G1 X113.481 Y117.534 E2.14759
G1 X113.24 Y117.373 E2.1574
G1 X113.016 Y117.189 E2.16721
G1 X112.811 Y116.984 E2.17702
G1 X112.627 Y116.76 E2.18683
G1 X112.466 Y116.519 E2.19664
G1 X112.329 Y116.263 E2.20647
G1 X112.218 Y115.995 E2.21629
G1 X112.134 Y115.718 E2.22609
G1 X112.077 Y115.434 E2.23589
G1 X112.049 Y115.145 E2.24572
G1 X112.049 Y114.855 E2.25554
G1 X112.077 Y114.566 E2.26537
G1 X112.134 Y114.282 E2.27517
G1 X112.218 Y114.005 E2.28497
G1 X112.329 Y113.737 E2.29479
G1 X112.466 Y113.481 E2.30462
G1 X112.627 Y113.24 E2.31443
G1 X112.811 Y113.016 E2.32424
G1 X113.016 Y112.811 E2.33405
G1 X113.24 Y112.627 E2.34386
G1 X113.481 Y112.466 E2.35367
G1 X113.737 Y112.329 E2.3635
G1 X114.005 Y112.218 E2.37332
G1 X114.282 Y112.134 E2.38312
G1 X114.566 Y112.077 E2.39292
G1 X114.856 Y112.049 E2.40278
G1 X115.098 Y112.048 E2.41097
G1 X115.435 Y112.078 E2.42242
G1 X115.718 Y112.134 E2.43218
G1 X115.995 Y112.218 E2.44198
G1 X116.263 Y112.329 E2.4518
G1 X116.519 Y112.466 E2.46163
G1 X116.76 Y112.627 E2.47144
G1 X116.984 Y112.811 E2.48125
G1 X117.189 Y113.016 E2.49106
G1 X117.373 Y113.24 E2.50087
G1 X117.534 Y113.481 E2.51068
G1 X117.671 Y113.737 E2.52051
G1 X117.782 Y114.005 E2.53033
G1 X117.866 Y114.282 E2.54013
G1 X117.923 Y114.566 E2.54993
G1 X117.951 Y114.855 E2.55976
G1 X117.951 Y115.145 E2.56958
G1 X117.923 Y115.434 E2.57941
G1 X117.866 Y115.718 E2.58921
G1 X117.782 Y115.995 E2.59901
G1 X117.671 Y116.263 E2.60883
G1 X117.534 Y116.519 E2.61866
G1 X117.413 Y116.701 E2.62606
G1 X117.083 Y116.508 F7200
;TYPE:Perimeter
;WIDTH:0.4
G1 F1500
G1 X117.066 Y116.532 E2.62693
G1 X116.906 Y116.727 E2.63442
G1 X116.727 Y116.906 E2.64194
G1 X116.532 Y117.066 E2.64943
G1 X116.322 Y117.206 E2.65692
G1 X116.1 Y117.325 E2.6644
G1 X115.867 Y117.422 E2.67189
G1 X115.625 Y117.495 E2.6794
G1 X115.377 Y117.544 E2.68691
G1 X115.126 Y117.569 E2.6944
G1 X114.874 Y117.569 E2.70188
G1 X114.623 Y117.544 E2.70937
G1 X114.375 Y117.495 E2.71688
G1 X114.133 Y117.422 E2.72439
G1 X113.9 Y117.325 E2.73188
G1 X113.678 Y117.206 E2.73936
G1 X113.468 Y117.066 E2.74685
G1 X113.273 Y116.906 E2.75434
G1 X113.094 Y116.727 E2.76186
G1 X112.934 Y116.532 E2.76935
G1 X112.794 Y116.322 E2.77684
G1 X112.675 Y116.1 E2.78432
G1 X112.578 Y115.867 E2.79181
G1 X112.505 Y115.625 E2.79932
G1 X112.456 Y115.377 E2.80683
G1 X112.431 Y115.126 E2.81432
G1 X112.431 Y114.874 E2.8218
G1 X112.456 Y114.623 E2.82929
G1 X112.505 Y114.375 E2.8368
G1 X112.578 Y114.133 E2.84431
G1 X112.675 Y113.9 E2.8518
G1 X112.794 Y113.678 E2.85928
G1 X112.934 Y113.468 E2.86677
G1 X113.094 Y113.273 E2.87426
G1 X113.273 Y113.094 E2.88178
G1 X113.468 Y112.934 E2.88927
G1 X113.678 Y112.794 E2.89676
G1 X113.9 Y112.675 E2.90424
G1 X114.133 Y112.578 E2.91173
G1 X114.375 Y112.505 E2.91924
G1 X114.623 Y112.456 E2.92675
G1 X114.875 Y112.431 E2.93427
G1 X115.38 Y112.456 E2.94928
G1 X115.625 Y112.505 E2.9567
G1 X115.867 Y112.578 E2.96421
G1 X116.1 Y112.675 E2.9717
G1 X116.322 Y112.794 E2.97918
G1 X116.532 Y112.934 E2.98667
G1 X116.727 Y113.094 E2.99416
G1 X116.906 Y113.273 E3.00168
G1 X117.066 Y113.468 E3.00917
G1 X117.206 Y113.678 E3.01666
G1 X117.325 Y113.9 E3.02414
G1 X117.422 Y114.133 E3.03163
G1 X117.495 Y114.375 E3.03914
G1 X117.544 Y114.623 E3.04665
G1 X117.569 Y114.874 E3.05414
G1 X117.569 Y115.126 E3.06162
G1 X117.544 Y115.377 E3.06911
G1 X117.495 Y115.625 E3.07662
G1 X117.422 Y115.867 E3.08413
G1 X117.325 Y116.1 E3.09162
G1 X117.206 Y116.322 E3.0991
G1 X117.116 Y116.458 E3.10394
G1 E1.70394 F4800
;WIPE_START
G1 F5760
G1 X117.083 Y116.508 E1.65651
G1 X117.066 Y116.532 E1.63323
G1 X116.906 Y116.727 E1.43354
G1 X116.727 Y116.906 E1.23313
G1 X116.601 Y117.009 E1.10394
;WIPE_END
G92 E0
G1 X116.713 Y115.341 F7200
G1 E2 F4800
;TYPE:External perimeter
;WIDTH:0.45
G1 F1500
G1 X116.613 Y115.668 E2.01157
G1 X116.452 Y115.97 E2.02315
G1 X116.235 Y116.235 E2.03474
G1 X115.97 Y116.452 E2.04633
G1 X115.668 Y116.613 E2.05791
G1 X115.341 Y116.713 E2.06948
G1 X115 Y116.746 E2.08108
G1 X114.659 Y116.713 E2.09268
G1 X114.332 Y116.613 E2.10425
G1 X114.03 Y116.452 E2.11583
G1 X113.765 Y116.235 E2.12742
G1 X113.548 Y115.97 E2.13901
G1 X113.387 Y115.668 E2.15059
G1 X113.287 Y115.341 E2.16216
G1 X113.254 Y115 E2.17376
G1 X113.287 Y114.659 E2.18536
G1 X113.387 Y114.332 E2.19693
G1 X113.548 Y114.03 E2.20851
G1 X113.765 Y113.765 E2.2201
G1 X114.03 Y113.548 E2.23169
G1 X114.332 Y113.387 E2.24327
G1 X114.658 Y113.288 E2.2548
G1 X114.968 Y113.255 E2.26535
G1 X115.339 Y113.287 E2.27795
G1 X115.668 Y113.387 E2.28959
G1 X115.97 Y113.548 E2.30117
G1 X116.235 Y113.765 E2.31276
G1 X116.452 Y114.03 E2.32435
G1 X116.613 Y114.332 E2.33593
G1 X116.713 Y114.659 E2.3475
G1 X116.746 Y115 E2.3591
G1 X116.719 Y115.281 E2.36866
G1 X117.089 Y115.416 F7200
;TYPE:Perimeter
;WIDTH:0.4
G1 F1500
G1 X116.968 Y115.815 E2.38104
G1 X116.771 Y116.183 E2.39343
G1 X116.506 Y116.506 E2.40583
G1 X116.183 Y116.771 E2.41823
G1 X115.815 Y116.968 E2.43062
G1 X115.416 Y117.089 E2.443
G1 X115 Y117.13 E2.45541
G1 X114.584 Y117.089 E2.46782
G1 X114.185 Y116.968 E2.4802
G1 X113.817 Y116.771 E2.49259
G1 X113.494 Y116.506 E2.50499
G1 X113.229 Y116.183 E2.51739
G1 X113.032 Y115.815 E2.52978
G1 X112.911 Y115.416 E2.54216
G1 X112.87 Y115 E2.55457
G1 X112.911 Y114.584 E2.56698
G1 X113.032 Y114.185 E2.57936
G1 X113.229 Y113.817 E2.59175
G1 X113.494 Y113.494 E2.60415
G1 X113.817 Y113.229 E2.61655
G1 X114.185 Y113.032 E2.62894
G1 X114.582 Y112.912 E2.64125
G1 X114.964 Y112.871 E2.65266
G1 X115.412 Y112.91 E2.66601
G1 X115.815 Y113.032 E2.67851
G1 X116.183 Y113.229 E2.6909
G1 X116.506 Y113.494 E2.7033
G1 X116.771 Y113.817 E2.7157
G1 X116.968 Y114.185 E2.72809
G1 X117.089 Y114.584 E2.74047
G1 X117.13 Y115 E2.75288
G1 X117.095 Y115.356 E2.7635
G1 X117.312 Y115.378 F7200
;TYPE:Gap fill
;WIDTH:0.124129
G1 F1500
G1 X117.35 Y115.004 E2.76604
G1 X117.306 Y114.545 E2.76915
G1 X117.173 Y114.104 E2.77226
G1 X116.956 Y113.698 E2.77537
G1 X116.659 Y113.336 E2.77853
G1 X116.302 Y113.044 E2.78164
G1 X115.896 Y112.827 E2.78475
G1 X115.45 Y112.693 E2.78789
G1 X114.966 Y112.65 E2.79117
G1 X114.534 Y112.697 E2.7941
G1 X114.097 Y112.83 E2.79718
G1 X113.691 Y113.048 E2.80029
G1 X113.336 Y113.341 E2.8034
G1 X113.048 Y113.691 E2.80646
G1 X112.83 Y114.097 E2.80957
G1 X112.696 Y114.538 E2.81268
G1 X112.65 Y114.996 E2.81579
G1 X112.694 Y115.455 E2.8189
G1 X112.827 Y115.896 E2.82201
G1 X113.044 Y116.302 E2.82512
G1 X113.336 Y116.659 E2.82823
G1 X113.691 Y116.952 E2.83134
G1 X114.097 Y117.17 E2.83445
G1 X114.538 Y117.304 E2.83756
G1 X114.996 Y117.35 E2.84067
G1 X115.455 Y117.306 E2.84378
G1 X115.896 Y117.173 E2.84689
G1 X116.302 Y116.956 E2.85
G1 X116.659 Y116.664 E2.85311
G1 X116.952 Y116.309 E2.85622
G1 X117.17 Y115.903 E2.85933
G1 X117.304 Y115.462 E2.86244
G1 X117.306 Y115.437 E2.86261
;LAYER_CHANGE
;Z:2.68
;HEIGHT:0.2
; BEFORE_LAYER_CHANGE 12 @ 2.68mm
G1 E1.46261 F4800
;WIPE_START
G1 F5760
G1 X117.304 Y115.462 E1.44276
G1 X117.17 Y115.903 E1.07787
G1 X117.041 Y116.142 E.86261
;WIPE_END
G92 E0
G1 Z2.68 F7200
; AFTER_LAYER_CHANGE 12 @ 2.68mm
G1 X113.637 Y122.159
G1 E2 F4800
;TYPE:Support material
;WIDTH:0.42
G1 F1500
G1 X113.552 Y122.042 E2.00453
G1 X113.627 Y121.625 E2.01781
G1 X114.111 Y120.794 E2.04796
G1 X114.39 Y120.544 E2.05971
G1 X114.364 Y120.123 E2.07294
G1 X114.54 Y120.129 E2.07846
G1 X114.816 Y120.291 E2.08849
G1 X115.049 Y120.712 E2.10358
G1 X115.094 Y122.027 E2.14484
G1 X114.977 Y122.392 E2.15686
G1 X114.817 Y122.636 E2.16601
G1 X114.501 Y122.786 E2.17698
G1 X114.154 Y122.836 E2.18797
G1 X113.817 Y122.78 E2.19868
G1 X113.513 Y122.625 E2.20938
G1 X113.137 Y122.161 E2.22811
G1 X113.153 Y121.737 E2.24141
G1 X113.368 Y121.221 E2.25894
G1 X113.76 Y120.556 E2.28314
G1 X114.036 Y120.254 E2.29597
G1 X114.308 Y120.121 E2.30546
G1 E.90546 F4800
;WIPE_START
G1 F5760
G1 X114.036 Y120.254 E.66576
G1 X113.76 Y120.556 E.34187
G1 X113.737 Y120.596 E.30546
;WIPE_END
G92 E0
G1 X117.962 Y121.198 F7200
G1 E2 F4800
G1 F1500
G1 X117.723 Y120.859 E2.01301
G1 X117.796 Y120.508 E2.02425
G1 X118.171 Y120.036 E2.04315
G1 X118.623 Y119.914 E2.05783
G1 X118.649 Y119.495 E2.07099
G1 X119.007 Y119.517 E2.08224
G1 X119.48 Y119.721 E2.09839
G1 X119.761 Y120.288 E2.11823
G1 X119.811 Y120.676 E2.1305
G1 X119.765 Y121.043 E2.1421
G1 X119.624 Y121.361 E2.15301
G1 X119.405 Y121.62 E2.16364
G1 X119.118 Y121.809 E2.17441
G1 X118.783 Y121.907 E2.18535
G1 X118.425 Y121.905 E2.19658
G1 X118.062 Y121.788 E2.20854
G1 X117.73 Y121.568 E2.22103
G1 X117.461 Y121.27 E2.23362
G1 X117.296 Y120.943 E2.2451
G1 X117.322 Y120.589 E2.25623
G1 X117.567 Y120.059 E2.27454
G1 X117.946 Y119.679 E2.29137
G1 X118.209 Y119.552 E2.30053
G1 X118.593 Y119.492 E2.31272
G1 E.91272 F4800
;WIPE_START
G1 F5760
G1 X118.209 Y119.552 E.60503
G1 X117.946 Y119.679 E.37382
G1 X117.892 Y119.734 E.31272
;WIPE_END
G92 E0
G1 X121.089 Y117.388 F7200
G1 E2 F4800
G1 F1500
G1 X120.375 Y117.078 E2.02441
G1 X120.165 Y116.788 E2.03564
G1 X120.272 Y116.63 E2.04162
G1 X120.759 Y116.555 E2.05707
G1 X120.845 Y116.144 E2.07024
G1 X121.739 Y116.338 E2.09892
G1 X122.115 Y116.518 E2.11199
G1 X122.367 Y116.807 E2.12401
G1 X122.467 Y117.122 E2.13437
G1 X122.433 Y117.431 E2.14412
G1 X122.264 Y117.716 E2.15451
G1 X121.961 Y117.92 E2.16596
G1 X121.404 Y117.966 E2.18348
G1 X120.448 Y117.618 E2.21538
G1 X120.105 Y117.405 E2.22804
G1 X119.863 Y117.144 E2.2392
G1 X119.745 Y116.877 E2.24835
G1 X119.751 Y116.642 E2.25572
G1 X119.854 Y116.424 E2.26328
G1 X120.071 Y116.253 E2.27194
G1 X120.396 Y116.147 E2.28266
G1 X120.79 Y116.133 E2.29502
G1 E.89502 F4800
;WIPE_START
G1 F5760
G1 X120.396 Y116.147 E.58291
G1 X120.071 Y116.253 E.31228
G1 X120.054 Y116.266 E.29502
;WIPE_END
G92 E0
G1 X120.841 Y113.139 F7200
G1 E2 F4800
G1 F1500
G1 X120.611 Y112.725 E2.01485
G1 X120.603 Y112.274 E2.02899
G1 X120.695 Y111.985 E2.0385
G1 X121.249 Y111.76 E2.05725
G1 X121.255 Y111.34 E2.07042
G1 X121.593 Y111.345 E2.08102
G1 X121.944 Y111.452 E2.09253
G1 X122.234 Y111.647 E2.10349
G1 X122.458 Y111.914 E2.11442
G1 X122.601 Y112.23 E2.1253
G1 X122.606 Y112.913 E2.14672
G1 X122.234 Y113.511 E2.1688
G1 X121.935 Y113.726 E2.18035
G1 X121.566 Y113.866 E2.19272
G1 X121.173 Y113.894 E2.20507
G1 X120.679 Y113.577 E2.22347
G1 X120.415 Y113.301 E2.23545
G1 X120.197 Y112.809 E2.25232
G1 X120.161 Y112.463 E2.26323
G1 X120.252 Y111.942 E2.27981
G1 X120.358 Y111.714 E2.28769
G1 X120.536 Y111.578 E2.29471
G1 X121.198 Y111.34 E2.31677
G1 E.91677 F4800
;WIPE_START
G1 F5760
G1 X120.536 Y111.578 E.35985
G1 X120.493 Y111.611 E.31677
;WIPE_END
G92 E0
G1 X115.101 Y108.832 F7200
G1 E2 F4800
G1 F1500
G1 X114.781 Y108.642 E2.01167
G1 X114.728 Y108.145 E2.02734
G1 X114.914 Y107.683 E2.04296
G1 X115.081 Y107.524 E2.05019
G1 X115.508 Y107.372 E2.0644
G1 X115.537 Y106.953 E2.07757
G1 X116.154 Y107.099 E2.09745
G1 X116.437 Y107.309 E2.1085
G1 X116.661 Y107.611 E2.12029
G1 X116.805 Y107.978 E2.13265
G1 X116.854 Y108.379 E2.14532
G1 X116.793 Y108.77 E2.15773
G1 X116.578 Y109.036 E2.16845
G1 X116.256 Y109.264 E2.18082
G1 X115.664 Y109.413 E2.19996
G1 X115.042 Y109.276 E2.21993
G1 X114.466 Y108.957 E2.24057
G1 X114.308 Y108.487 E2.25612
G1 X114.308 Y108.093 E2.26847
G1 X114.402 Y107.727 E2.28032
G1 X114.581 Y107.419 E2.29149
G1 X114.834 Y107.179 E2.30242
G1 X115.142 Y107.018 E2.31332
G1 X115.481 Y106.948 E2.32417
G1 E.92417 F4800
;WIPE_START
G1 F5760
G1 X115.142 Y107.018 E.65013
G1 X114.834 Y107.179 E.37499
G1 X114.788 Y107.223 E.32417
;WIPE_END
G92 E0
G1 X109.19 Y111.386 F7200
G1 E2 F4800
G1 F1500
G1 X109.007 Y111.264 E2.0069
G1 X108.942 Y111.032 E2.01445
G1 X109.004 Y110.582 E2.02869
G1 X109.291 Y110.267 E2.04205
G1 X109.764 Y110.156 E2.05728
G1 X109.836 Y109.742 E2.07046
G1 X110.08 Y109.785 E2.07823
G1 X110.541 Y110.306 E2.10004
G1 X110.865 Y111.134 E2.12792
G1 X110.923 Y111.454 E2.13812
G1 X110.87 Y111.702 E2.14607
G1 X110.722 Y111.892 E2.15362
G1 X110.501 Y112.006 E2.16142
G1 X110.188 Y112.025 E2.17125
G1 X109.219 Y111.856 E2.20209
G1 X108.771 Y111.617 E2.21801
G1 X108.625 Y111.455 E2.22485
G1 X108.522 Y111.09 E2.23674
G1 X108.522 Y110.733 E2.24793
G1 X108.619 Y110.402 E2.25874
G1 X108.808 Y110.118 E2.26944
G1 X109.076 Y109.901 E2.28025
G1 X109.409 Y109.767 E2.2915
G1 X109.781 Y109.732 E2.30322
G1 E.90322 F4800
;WIPE_START
G1 F5760
G1 X109.409 Y109.767 E.60742
G1 X109.076 Y109.901 E.32325
G1 X109.056 Y109.917 E.30322
;WIPE_END
G92 E0
G1 X107.569 Y115.478 F7200
G1 E2 F4800
G1 F1500
G1 X107.461 Y115.2 E2.00935
G1 X107.525 Y114.761 E2.02326
G1 X107.855 Y114.399 E2.03862
G1 X108.425 Y114.211 E2.05744
G1 X108.441 Y113.791 E2.07062
G1 X108.531 Y113.795 E2.07344
G1 X108.89 Y113.987 E2.0862
G1 X109.305 Y114.48 E2.10641
G1 X109.467 Y115.023 E2.12418
G1 X109.348 Y115.611 E2.14299
G1 X108.982 Y116.154 E2.16352
G1 X108.754 Y116.308 E2.17215
G1 X108.375 Y116.339 E2.18407
G1 X107.977 Y116.274 E2.19671
G1 X107.619 Y116.117 E2.20897
G1 X107.334 Y115.884 E2.22051
G1 X107.141 Y115.591 E2.23151
G1 X107.041 Y115.261 E2.24232
G1 X107.041 Y114.917 E2.25311
G1 X107.14 Y114.584 E2.264
G1 X107.334 Y114.289 E2.27507
G1 X107.625 Y114.043 E2.28702
G1 X107.984 Y113.871 E2.2995
G1 X108.384 Y113.789 E2.3123
G1 E.9123 F4800
;WIPE_START
G1 F5760
G1 X107.984 Y113.871 E.58905
G1 X107.669 Y114.022 E.3123
;WIPE_END
G92 E0
G1 X109.418 Y119.861 F7200
G1 E2 F4800
G1 F1500
G1 X109.314 Y119.588 E2.00916
G1 X109.429 Y119.278 E2.01953
G1 X110.138 Y118.733 E2.04757
G1 X110.674 Y118.516 E2.0657
G1 X110.69 Y118.096 E2.07888
G1 X111.131 Y118.199 E2.09308
G1 X111.308 Y118.407 E2.10164
G1 X111.368 Y118.654 E2.10961
G1 X111.312 Y118.959 E2.11933
G1 X111.131 Y119.315 E2.13185
G1 X110.169 Y120.244 E2.17378
G1 X109.8 Y120.378 E2.18609
G1 X109.302 Y120.299 E2.2019
G1 X109.105 Y120.153 E2.20959
G1 X108.939 Y119.888 E2.21939
G1 X108.887 Y119.579 E2.22921
G1 X108.959 Y119.238 E2.24014
G1 X109.098 Y119.014 E2.24841
G1 X109.893 Y118.389 E2.28012
G1 X110.248 Y118.191 E2.29287
G1 X110.633 Y118.093 E2.30533
G1 E.90533 F4800
;WIPE_START
G1 F5760
G1 X110.248 Y118.191 E.59082
G1 X109.933 Y118.366 E.30533
;WIPE_END
G92 E0
G1 X117.366 Y116.769 F7200
G1 E2 F4800
;TYPE:External perimeter
;WIDTH:0.45
G1 F1500
G1 X117.189 Y116.984 E2.00943
G1 X116.984 Y117.189 E2.01924
G1 X116.76 Y117.373 E2.02905
G1 X116.519 Y117.534 E2.03886
G1 X116.263 Y117.671 E2.04869
G1 X115.995 Y117.782 E2.05851
G1 X115.718 Y117.866 E2.06831
G1 X115.434 Y117.923 E2.07811
G1 X115.145 Y117.951 E2.08794
G1 X114.855 Y117.951 E2.09776
G1 X114.566 Y117.923 E2.10759
G1 X114.282 Y117.866 E2.11739
G1 X114.005 Y117.782 E2.12719
G1 X113.737 Y117.671 E2.13701
G1 X113.481 Y117.534 E2.14684
G1 X113.24 Y117.373 E2.15665
G1 X113.016 Y117.189 E2.16646
G1 X112.811 Y116.984 E2.17627
G1 X112.627 Y116.76 E2.18608
G1 X112.466 Y116.519 E2.19589
G1 X112.329 Y116.263 E2.20572
G1 X112.218 Y115.995 E2.21554
G1 X112.134 Y115.718 E2.22534
G1 X112.077 Y115.434 E2.23514
G1 X112.049 Y115.145 E2.24497
G1 X112.049 Y114.855 E2.25479
G1 X112.077 Y114.566 E2.26462
G1 X112.134 Y114.282 E2.27442
G1 X112.218 Y114.005 E2.28422
G1 X112.329 Y113.737 E2.29404
G1 X112.466 Y113.481 E2.30387
G1 X112.627 Y113.24 E2.31368
G1 X112.811 Y113.016 E2.32349
G1 X113.016 Y112.811 E2.3333
G1 X113.24 Y112.627 E2.34311
G1 X113.481 Y112.466 E2.35292
G1 X113.737 Y112.329 E2.36275
G1 X114.005 Y112.218 E2.37257
G1 X114.282 Y112.134 E2.38237
G1 X114.566 Y112.077 E2.39217
G1 X114.856 Y112.049 E2.40203
G1 X115.087 Y112.047 E2.40985
G1 X115.435 Y112.078 E2.42168
G1 X115.718 Y112.134 E2.43144
G1 X115.995 Y112.218 E2.44124
G1 X116.263 Y112.329 E2.45106
G1 X116.519 Y112.466 E2.46089
G1 X116.76 Y112.627 E2.4707
G1 X116.984 Y112.811 E2.48051
G1 X117.189 Y113.016 E2.49032
G1 X117.373 Y113.24 E2.50013
G1 X117.534 Y113.481 E2.50994
G1 X117.671 Y113.737 E2.51977
G1 X117.782 Y114.005 E2.52959
G1 X117.866 Y114.282 E2.53939
G1 X117.923 Y114.566 E2.54919
G1 X117.951 Y114.855 E2.55902
G1 X117.951 Y115.145 E2.56884
G1 X117.923 Y115.434 E2.57867
G1 X117.866 Y115.718 E2.58847
G1 X117.782 Y115.995 E2.59827
G1 X117.671 Y116.263 E2.60809
G1 X117.534 Y116.519 E2.61792
G1 X117.4 Y116.719 E2.62607
G1 X117.047 Y116.555 F7200
;TYPE:Perimeter
;WIDTH:0.4
G1 F1500
G1 X116.906 Y116.727 E2.63267
G1 X116.727 Y116.906 E2.64019
G1 X116.532 Y117.066 E2.64768
G1 X116.322 Y117.206 E2.65517
G1 X116.1 Y117.325 E2.66265
G1 X115.867 Y117.422 E2.67014
G1 X115.625 Y117.495 E2.67765
G1 X115.377 Y117.544 E2.68516
G1 X115.126 Y117.569 E2.69265
G1 X114.874 Y117.569 E2.70013
G1 X114.623 Y117.544 E2.70762
G1 X114.375 Y117.495 E2.71513
G1 X114.133 Y117.422 E2.72264
G1 X113.9 Y117.325 E2.73013
G1 X113.678 Y117.206 E2.73761
G1 X113.468 Y117.066 E2.7451
G1 X113.273 Y116.906 E2.75259
G1 X113.094 Y116.727 E2.76011
G1 X112.934 Y116.532 E2.7676
G1 X112.794 Y116.322 E2.77509
G1 X112.675 Y116.1 E2.78257
G1 X112.578 Y115.867 E2.79006
G1 X112.505 Y115.625 E2.79757
G1 X112.456 Y115.377 E2.80508
G1 X112.431 Y115.126 E2.81257
G1 X112.431 Y114.874 E2.82005
G1 X112.456 Y114.623 E2.82754
G1 X112.505 Y114.375 E2.83505
G1 X112.578 Y114.133 E2.84256
G1 X112.675 Y113.9 E2.85005
G1 X112.794 Y113.678 E2.85753
G1 X112.934 Y113.468 E2.86502
G1 X113.094 Y113.273 E2.87251
G1 X113.273 Y113.094 E2.88003
G1 X113.468 Y112.934 E2.88752
G1 X113.678 Y112.794 E2.89501
G1 X113.9 Y112.675 E2.90249
G1 X114.133 Y112.578 E2.90998
G1 X114.375 Y112.505 E2.91749
G1 X114.623 Y112.456 E2.925
G1 X114.876 Y112.431 E2.93255
G1 X115.381 Y112.456 E2.94756
G1 X115.625 Y112.505 E2.95495
G1 X115.867 Y112.578 E2.96246
G1 X116.1 Y112.675 E2.96995
G1 X116.322 Y112.794 E2.97743
G1 X116.532 Y112.934 E2.98492
G1 X116.727 Y113.094 E2.99241
G1 X116.906 Y113.273 E2.99993
G1 X117.066 Y113.468 E3.00742
G1 X117.206 Y113.678 E3.01491
G1 X117.325 Y113.9 E3.02239
G1 X117.422 Y114.133 E3.02988
G1 X117.495 Y114.375 E3.03739
G1 X117.544 Y114.623 E3.0449
G1 X117.569 Y114.874 E3.05239
G1 X117.569 Y115.126 E3.05987
G1 X117.544 Y115.377 E3.06736
G1 X117.495 Y115.625 E3.07487
G1 X117.422 Y115.867 E3.08238
G1 X117.325 Y116.1 E3.08987
G1 X117.206 Y116.322 E3.09735
G1 X117.083 Y116.507 E3.10395
G1 E1.70395 F4800
;WIPE_START
G1 F5760
G1 X117.047 Y116.555 E1.65645
G1 X116.906 Y116.727 E1.48038
G1 X116.727 Y116.906 E1.27997
G1 X116.555 Y117.047 E1.10395
;WIPE_END
G92 E0
G1 X116.713 Y115.341 F7200
G1 E2 F4800
;TYPE:External perimeter
;WIDTH:0.45
G1 F1500
G1 X116.613 Y115.668 E2.01157
G1 X116.452 Y115.97 E2.02315
G1 X116.235 Y116.235 E2.03474
G1 X115.97 Y116.452 E2.04633
G1 X115.668 Y116.613 E2.05791
G1 X115.341 Y116.713 E2.06948
G1 X115 Y116.746 E2.08108
G1 X114.659 Y116.713 E2.09268
G1 X114.332 Y116.613 E2.10425
G1 X114.03 Y116.452 E2.11583
G1 X113.765 Y116.235 E2.12742
G1 X113.548 Y115.97 E2.13901
G1 X113.387 Y115.668 E2.15059
G1 X113.287 Y115.341 E2.16216
G1 X113.254 Y115 E2.17376
G1 X113.287 Y114.659 E2.18536
G1 X113.387 Y114.332 E2.19693
G1 X113.548 Y114.03 E2.20851
G1 X113.765 Y113.765 E2.2201
G1 X114.03 Y113.548 E2.23169
G1 X114.332 Y113.387 E2.24327
G1 X114.658 Y113.288 E2.2548
G1 X114.965 Y113.255 E2.26525
G1 X115.339 Y113.287 E2.27796
G1 X115.668 Y113.387 E2.2896
G1 X115.97 Y113.548 E2.30118
G1 X116.235 Y113.765 E2.31277
G1 X116.452 Y114.03 E2.32436
G1 X116.613 Y114.332 E2.33594
G1 X116.713 Y114.659 E2.34751
G1 X116.746 Y115 E2.35911
G1 X116.719 Y115.281 E2.36867
G1 X117.089 Y115.416 F7200
;TYPE:Perimeter
;WIDTH:0.4
G1 F1500
G1 X116.968 Y115.815 E2.38105
G1 X116.771 Y116.183 E2.39344
G1 X116.506 Y116.506 E2.40584
G1 X116.183 Y116.771 E2.41824
G1 X115.815 Y116.968 E2.43063
G1 X115.416 Y117.089 E2.44301
G1 X115 Y117.13 E2.45542
G1 X114.584 Y117.089 E2.46783
G1 X114.185 Y116.968 E2.48021
G1 X113.817 Y116.771 E2.4926
G1 X113.494 Y116.506 E2.505
G1 X113.229 Y116.183 E2.5174
G1 X113.032 Y115.815 E2.52979
G1 X112.911 Y115.416 E2.54217
G1 X112.87 Y115 E2.55458
G1 X112.911 Y114.584 E2.56699
G1 X113.032 Y114.185 E2.57937
G1 X113.229 Y113.817 E2.59176
G1 X113.494 Y113.494 E2.60416
G1 X113.817 Y113.229 E2.61656
G1 X114.185 Y113.032 E2.62895
G1 X114.582 Y112.912 E2.64126
G1 X114.961 Y112.871 E2.65258
G1 X115.412 Y112.91 E2.66602
G1 X115.815 Y113.032 E2.67852
G1 X116.183 Y113.229 E2.69091
G1 X116.506 Y113.494 E2.70331
G1 X116.771 Y113.817 E2.71571
G1 X116.968 Y114.185 E2.7281
G1 X117.089 Y114.584 E2.74048
G1 X117.13 Y115 E2.75289
G1 X117.095 Y115.356 E2.76351
G1 X117.312 Y115.378 F7200
;TYPE:Gap fill
;WIDTH:0.124129
G1 F1500
G1 X117.35 Y115.004 E2.76605
G1 X117.306 Y114.545 E2.76916
G1 X117.173 Y114.104 E2.77227
G1 X116.956 Y113.698 E2.77538
G1 X116.659 Y113.336 E2.77854
G1 X116.302 Y113.044 E2.78165
G1 X115.896 Y112.827 E2.78476
G1 X115.449 Y112.693 E2.78791
G1 X114.963 Y112.65 E2.7912
G1 X114.534 Y112.697 E2.79411
G1 X114.097 Y112.83 E2.79719
G1 X113.691 Y113.048 E2.8003
G1 X113.336 Y113.341 E2.80341
G1 X113.048 Y113.691 E2.80647
G1 X112.83 Y114.097 E2.80958
G1 X112.696 Y114.538 E2.81269
G1 X112.65 Y114.996 E2.8158
G1 X112.694 Y115.455 E2.81891
G1 X112.827 Y115.896 E2.82202
G1 X113.044 Y116.302 E2.82513
G1 X113.336 Y116.659 E2.82824
G1 X113.691 Y116.952 E2.83135
G1 X114.097 Y117.17 E2.83446
G1 X114.538 Y117.304 E2.83757
G1 X114.996 Y117.35 E2.84068
G1 X115.455 Y117.306 E2.84379
G1 X115.896 Y117.173 E2.8469
G1 X116.302 Y116.956 E2.85001
G1 X116.659 Y116.664 E2.85312
G1 X116.952 Y116.309 E2.85623
G1 X117.17 Y115.903 E2.85934
G1 X117.304 Y115.462 E2.86245
G1 X117.306 Y115.437 E2.86262
;LAYER_CHANGE
;Z:2.88
;HEIGHT:0.2
; BEFORE_LAYER_CHANGE 13 @ 2.88mm
G1 E1.46262 F4800
;WIPE_START
G1 F5760
G1 X117.304 Y115.462 E1.44277
G1 X117.17 Y115.903 E1.07788
G1 X117.041 Y116.142 E.86262
;WIPE_END
G92 E0
G1 Z2.88 F7200
; AFTER_LAYER_CHANGE 13 @ 2.88mm
G1 X113.828 Y122.136
G1 E2 F4800
;TYPE:Support material
;WIDTH:0.42
G1 F1500
G1 X113.746 Y121.754 E2.01225
G1 X114.016 Y120.87 E2.04123
G1 X114.19 Y120.542 E2.05287
G1 X114.437 Y120.459 E2.06104
G1 X114.536 Y120.05 E2.07423
G1 X114.985 Y120.295 E2.09027
G1 X115.1 Y120.557 E2.09924
G1 X115.141 Y120.899 E2.11004
G1 X115.003 Y121.792 E2.13837
G1 X114.879 Y122.183 E2.15123
G1 X114.662 Y122.474 E2.16261
G1 X114.177 Y122.722 E2.17969
G1 X113.855 Y122.678 E2.18988
G1 X113.591 Y122.528 E2.1994
G1 X113.421 Y122.288 E2.20862
G1 X113.326 Y121.709 E2.22702
G1 X113.619 Y120.725 E2.25921
G1 X113.881 Y120.249 E2.27625
G1 X114.136 Y120.084 E2.28577
G1 X114.482 Y120.034 E2.29673
G1 E.89673 F4800
;WIPE_START
G1 F5760
G1 X114.136 Y120.084 E.61997
G1 X113.881 Y120.249 E.37952
G1 X113.831 Y120.341 E.29673
;WIPE_END
G92 E0
G1 X118.16 Y121.293 F7200
G1 E2 F4800
G1 F1500
G1 X117.859 Y121.052 E2.01209
G1 X117.829 Y120.673 E2.02401
G1 X118.087 Y120.03 E2.04573
G1 X118.194 Y119.942 E2.05007
G1 X118.444 Y119.912 E2.05796
G1 X118.492 Y119.494 E2.07115
G1 X119.129 Y119.642 E2.09165
G1 X119.632 Y120.004 E2.11108
G1 X119.757 Y120.589 E2.12984
G1 X119.707 Y120.965 E2.14173
G1 X119.567 Y121.292 E2.15288
G1 X119.347 Y121.555 E2.16363
G1 X119.06 Y121.738 E2.1743
G1 X118.725 Y121.828 E2.18518
G1 X118.361 Y121.813 E2.1966
G1 X118.003 Y121.693 E2.20844
G1 X117.47 Y121.247 E2.23023
G1 X117.414 Y120.587 E2.251
G1 X117.593 Y120.038 E2.26911
G1 X117.763 Y119.752 E2.27954
G1 X117.978 Y119.576 E2.28825
G1 X118.436 Y119.488 E2.30287
G1 E.90287 F4800
;WIPE_START
G1 F5760
G1 X117.978 Y119.576 E.53365
G1 X117.763 Y119.752 E.31368
G1 X117.756 Y119.764 E.30287
;WIPE_END
G92 E0
G1 X121.043 Y117.306 F7200
G1 E2 F4800
G1 F1500
G1 X120.429 Y117.176 E2.01968
G1 X120.099 Y116.936 E2.03247
G1 X120.084 Y116.719 E2.03929
G1 X120.226 Y116.524 E2.04685
G1 X120.563 Y116.497 E2.05745
G1 X120.648 Y116.085 E2.07064
G1 X121.004 Y116.159 E2.08204
G1 X121.83 Y116.558 E2.1108
G1 X122.087 Y116.81 E2.12209
G1 X122.19 Y117.097 E2.13165
G1 X122.155 Y117.375 E2.14044
G1 X121.973 Y117.625 E2.15014
G1 X121.607 Y117.786 E2.16268
G1 X120.652 Y117.693 E2.19277
G1 X120.25 Y117.559 E2.20606
G1 X119.907 Y117.346 E2.21872
G1 X119.713 Y117.126 E2.22792
G1 X119.648 Y116.858 E2.23657
G1 X119.783 Y116.377 E2.25223
G1 X120.062 Y116.133 E2.26385
G1 X120.592 Y116.074 E2.28057
G1 E.88057 F4800
;WIPE_START
G1 F5760
G1 X120.062 Y116.133 E.45839
G1 X119.893 Y116.281 E.28057
;WIPE_END
G92 E0
G1 X120.775 Y113.059 F7200
G1 E2 F4800
G1 F1500
G1 X120.606 Y112.592 E2.01557
G1 X120.69 Y112.133 E2.0302
G1 X120.853 Y111.88 E2.03964
G1 X121.405 Y111.793 E2.05716
G1 X121.509 Y111.386 E2.07033
G1 X121.864 Y111.476 E2.08181
G1 X122.171 Y111.666 E2.09313
G1 X122.406 Y111.93 E2.10421
G1 X122.549 Y112.24 E2.11491
G1 X122.596 Y112.58 E2.12567
G1 X122.544 Y112.925 E2.13661
G1 X122.167 Y113.528 E2.15891
G1 X121.845 Y113.751 E2.17119
G1 X121.466 Y113.875 E2.18369
G1 X120.901 Y113.689 E2.20234
G1 X120.368 Y113.232 E2.22435
G1 X120.183 Y112.604 E2.24488
G1 X120.222 Y112.194 E2.25779
G1 X120.433 Y111.727 E2.27386
G1 X120.598 Y111.53 E2.28192
G1 X120.807 Y111.445 E2.28899
G1 X121.454 Y111.372 E2.3094
G1 E.9094 F4800
;WIPE_START
G1 F5760
G1 X120.807 Y111.445 E.39394
G1 X120.708 Y111.485 E.3094
;WIPE_END
G92 E0
G1 X115.246 Y108.873 F7200
G1 E2 F4800
G1 F1500
G1 X114.742 Y108.452 E2.02059
G1 X114.741 Y108.238 E2.0273
G1 X114.935 Y107.744 E2.04394
G1 X115.271 Y107.483 E2.05728
G1 X115.53 Y107.427 E2.06559
G1 X115.56 Y107.008 E2.07876
G1 X116.16 Y107.166 E2.09821
G1 X116.449 Y107.396 E2.10979
G1 X116.675 Y107.708 E2.12187
G1 X116.811 Y108.064 E2.13382
G1 X116.852 Y108.465 E2.14646
G1 X116.716 Y108.785 E2.15736
G1 X116.459 Y109.096 E2.17001
G1 X116.122 Y109.308 E2.18249
G1 X115.699 Y109.409 E2.19613
G1 X115.133 Y109.294 E2.21424
G1 X114.836 Y109.12 E2.22503
G1 X114.367 Y108.687 E2.24504
G1 X114.321 Y108.186 E2.26081
G1 X114.416 Y107.809 E2.273
G1 X114.597 Y107.488 E2.28455
G1 X115.123 Y107.086 E2.30531
G1 X115.504 Y107.003 E2.31754
G1 E.91754 F4800
;WIPE_START
G1 F5760
G1 X115.123 Y107.086 E.60884
G1 X114.831 Y107.309 E.31754
;WIPE_END
G92 E0
G1 X109.656 Y111.443 F7200
G1 E2 F4800
G1 F1500
G1 X109.136 Y111.159 E2.01858
G1 X109.022 Y110.852 E2.02885
G1 X109.204 Y110.462 E2.04234
G1 X109.612 Y110.242 E2.05687
G1 X109.673 Y109.827 E2.07002
G1 X110.021 Y109.953 E2.08162
G1 X110.317 Y110.182 E2.09335
G1 X111.029 Y111.286 E2.13454
G1 X110.924 Y111.782 E2.15044
G1 X110.693 Y112.017 E2.16077
G1 X110.331 Y112.152 E2.17288
G1 X109.308 Y111.776 E2.20705
G1 X108.824 Y111.445 E2.22543
G1 X108.602 Y111.092 E2.2385
G1 X108.701 Y110.457 E2.25865
G1 X108.892 Y110.174 E2.26936
G1 X109.161 Y109.96 E2.28014
G1 X109.617 Y109.818 E2.29511
G1 E.89511 F4800
;WIPE_START
G1 F5760
G1 X109.161 Y109.96 E.51701
G1 X108.942 Y110.134 E.29511
;WIPE_END
G92 E0
G1 X107.864 Y115.68 F7200
G1 E2 F4800
G1 F1500
G1 X107.614 Y115.395 E2.01189
G1 X107.549 Y114.979 E2.02509
G1 X107.753 Y114.565 E2.03956
G1 X108.234 Y114.26 E2.05742
G1 X108.27 Y113.842 E2.07057
G1 X108.894 Y114.1 E2.09174
G1 X109.355 Y114.531 E2.11153
G1 X109.538 Y115.001 E2.12734
G1 X109.502 Y115.259 E2.13551
G1 X109.196 Y115.797 E2.15492
G1 X108.959 Y116.052 E2.16584
G1 X108.451 Y116.323 E2.18389
G1 X107.726 Y116.108 E2.2076
G1 X107.435 Y115.874 E2.21931
G1 X107.232 Y115.582 E2.23046
G1 X107.129 Y115.255 E2.24121
G1 X107.129 Y114.914 E2.2519
G1 X107.234 Y114.582 E2.26282
G1 X107.438 Y114.281 E2.27422
G1 X107.731 Y114.033 E2.28626
G1 X108.214 Y113.835 E2.30263
G1 E.90263 F4800
;WIPE_START
G1 F5760
G1 X107.731 Y114.033 E.48937
G1 X107.551 Y114.186 E.30263
;WIPE_END
G92 E0
G1 X109.774 Y119.711 F7200
G1 E2 F4800
G1 F1500
G1 X109.577 Y119.601 E2.00707
G1 X109.636 Y119.304 E2.01656
G1 X110.298 Y118.599 E2.04688
G1 X110.779 Y118.401 E2.06319
G1 X110.84 Y117.982 E2.07647
G1 X111.205 Y118.143 E2.08898
G1 X111.372 Y118.334 E2.09693
G1 X111.47 Y118.845 E2.11324
G1 X111.299 Y119.176 E2.12492
G1 X111.015 Y119.497 E2.13836
G1 X110.657 Y119.753 E2.15216
G1 X109.921 Y120.132 E2.17812
G1 X109.616 Y120.129 E2.18768
G1 X109.358 Y120.009 E2.1966
G1 X109.182 Y119.776 E2.20576
G1 X109.169 Y119.304 E2.22056
G1 X109.283 Y119.069 E2.22875
G1 X109.738 Y118.539 E2.25065
G1 X110.053 Y118.254 E2.26397
G1 X110.415 Y118.055 E2.27692
G1 X110.785 Y117.968 E2.28884
G1 E.88884 F4800
;WIPE_START
G1 F5760
G1 X110.415 Y118.055 E.58793
G1 X110.084 Y118.237 E.28884
;WIPE_END
G92 E0
G1 X117.379 Y116.751 F7200
G1 E2 F4800
;TYPE:External perimeter
;WIDTH:0.45
G1 F1500
G1 X117.373 Y116.76 E2.00037
G1 X117.189 Y116.984 E2.01018
G1 X116.984 Y117.189 E2.01999
G1 X116.76 Y117.373 E2.0298
G1 X116.519 Y117.534 E2.03961
G1 X116.263 Y117.671 E2.04944
G1 X115.995 Y117.782 E2.05926
G1 X115.718 Y117.866 E2.06906
G1 X115.434 Y117.923 E2.07886
G1 X115.145 Y117.951 E2.08869
G1 X114.855 Y117.951 E2.09851
G1 X114.566 Y117.923 E2.10834
G1 X114.282 Y117.866 E2.11814
G1 X114.005 Y117.782 E2.12794
G1 X113.737 Y117.671 E2.13776
G1 X113.481 Y117.534 E2.14759
G1 X113.24 Y117.373 E2.1574
G1 X113.016 Y117.189 E2.16721
G1 X112.811 Y116.984 E2.17702
G1 X112.627 Y116.76 E2.18683
G1 X112.466 Y116.519 E2.19664
G1 X112.329 Y116.263 E2.20647
G1 X112.218 Y115.995 E2.21629
G1 X112.134 Y115.718 E2.22609
G1 X112.077 Y115.434 E2.23589
G1 X112.049 Y115.145 E2.24572
G1 X112.049 Y114.855 E2.25554
G1 X112.077 Y114.566 E2.26537
G1 X112.134 Y114.282 E2.27517
G1 X112.218 Y114.005 E2.28497
G1 X112.329 Y113.737 E2.29479
G1 X112.466 Y113.481 E2.30462
G1 X112.627 Y113.24 E2.31443
G1 X112.811 Y113.016 E2.32424
G1 X113.016 Y112.811 E2.33405
G1 X113.24 Y112.627 E2.34386
G1 X113.481 Y112.466 E2.35367
G1 X113.737 Y112.329 E2.3635
G1 X114.005 Y112.218 E2.37332
G1 X114.282 Y112.134 E2.38312
G1 X114.566 Y112.077 E2.39292
G1 X114.856 Y112.049 E2.40278
G1 X115.077 Y112.047 E2.41026
G1 X115.435 Y112.078 E2.42242
G1 X115.718 Y112.134 E2.43218
G1 X115.995 Y112.218 E2.44198
G1 X116.263 Y112.329 E2.4518
G1 X116.519 Y112.466 E2.46163
G1 X116.76 Y112.627 E2.47144
G1 X116.984 Y112.811 E2.48125
G1 X117.189 Y113.016 E2.49106
G1 X117.373 Y113.24 E2.50087
G1 X117.534 Y113.481 E2.51068
G1 X117.671 Y113.737 E2.52051
G1 X117.782 Y114.005 E2.53033
G1 X117.866 Y114.282 E2.54013
G1 X117.923 Y114.566 E2.54993
G1 X117.951 Y114.855 E2.55976
G1 X117.951 Y115.145 E2.56958
G1 X117.923 Y115.434 E2.57941
G1 X117.866 Y115.718 E2.58921
G1 X117.782 Y115.995 E2.59901
G1 X117.671 Y116.263 E2.60883
G1 X117.534 Y116.519 E2.61866
G1 X117.413 Y116.701 E2.62606
G1 X117.083 Y116.508 F7200
;TYPE:Perimeter
;WIDTH:0.4
G1 F1500
G1 X117.066 Y116.532 E2.62693
G1 X116.906 Y116.727 E2.63442
G1 X116.727 Y116.906 E2.64194
G1 X116.532 Y117.066 E2.64943
G1 X116.322 Y117.206 E2.65692
G1 X116.1 Y117.325 E2.6644
G1 X115.867 Y117.422 E2.67189
G1 X115.625 Y117.495 E2.6794
G1 X115.377 Y117.544 E2.68691
G1 X115.126 Y117.569 E2.6944
G1 X114.874 Y117.569 E2.70188
G1 X114.623 Y117.544 E2.70937
G1 X114.375 Y117.495 E2.71688
G1 X114.133 Y117.422 E2.72439
G1 X113.9 Y117.325 E2.73188
G1 X113.678 Y117.206 E2.73936
G1 X113.468 Y117.066 E2.74685
G1 X113.273 Y116.906 E2.75434
G1 X113.094 Y116.727 E2.76186
G1 X112.934 Y116.532 E2.76935
G1 X112.794 Y116.322 E2.77684
G1 X112.675 Y116.1 E2.78432
G1 X112.578 Y115.867 E2.79181
G1 X112.505 Y115.625 E2.79932
G1 X112.456 Y115.377 E2.80683
G1 X112.431 Y115.126 E2.81432
G1 X112.431 Y114.874 E2.8218
G1 X112.456 Y114.623 E2.82929
G1 X112.505 Y114.375 E2.8368
G1 X112.578 Y114.133 E2.84431
G1 X112.675 Y113.9 E2.8518
G1 X112.794 Y113.678 E2.85928
G1 X112.934 Y113.468 E2.86677
G1 X113.094 Y113.273 E2.87426
G1 X113.273 Y113.094 E2.88178
G1 X113.468 Y112.934 E2.88927
G1 X113.678 Y112.794 E2.89676
G1 X113.9 Y112.675 E2.90424
G1 X114.133 Y112.578 E2.91173
G1 X114.375 Y112.505 E2.91924
G1 X114.623 Y112.456 E2.92675
G1 X114.876 Y112.431 E2.9343
G1 X115.382 Y112.457 E2.94934
G1 X115.625 Y112.505 E2.95669
G1 X115.867 Y112.578 E2.9642
G1 X116.1 Y112.675 E2.97169
G1 X116.322 Y112.794 E2.97917
G1 X116.532 Y112.934 E2.98666
G1 X116.727 Y113.094 E2.99415
G1 X116.906 Y113.273 E3.00167
G1 X117.066 Y113.468 E3.00916
G1 X117.206 Y113.678 E3.01665
G1 X117.325 Y113.9 E3.02413
G1 X117.422 Y114.133 E3.03162
G1 X117.495 Y114.375 E3.03913
G1 X117.544 Y114.623 E3.04664
G1 X117.569 Y114.874 E3.05413
G1 X117.569 Y115.126 E3.06161
G1 X117.544 Y115.377 E3.0691
G1 X117.495 Y115.625 E3.07661
G1 X117.422 Y115.867 E3.08412
G1 X117.325 Y116.1 E3.09161
G1 X117.206 Y116.322 E3.09909
G1 X117.116 Y116.458 E3.10393
G1 E1.70393 F4800
;WIPE_START
G1 F5760
G1 X117.083 Y116.508 E1.6565
G1 X117.066 Y116.532 E1.63322
G1 X116.906 Y116.727 E1.43353
G1 X116.727 Y116.906 E1.23312
G1 X116.601 Y117.01 E1.10393
;WIPE_END
G92 E0
G1 X116.713 Y115.341 F7200
G1 E2 F4800
;TYPE:External perimeter
;WIDTH:0.45
G1 F1500
G1 X116.613 Y115.668 E2.01157
G1 X116.452 Y115.97 E2.02315
G1 X116.235 Y116.235 E2.03474
G1 X115.97 Y116.452 E2.04633
G1 X115.668 Y116.613 E2.05791
G1 X115.341 Y116.713 E2.06948
G1 X115 Y116.746 E2.08108
G1 X114.659 Y116.713 E2.09268
G1 X114.332 Y116.613 E2.10425
G1 X114.03 Y116.452 E2.11583
G1 X113.765 Y116.235 E2.12742
G1 X113.548 Y115.97 E2.13901
G1 X113.387 Y115.668 E2.15059
G1 X113.287 Y115.341 E2.16216
G1 X113.254 Y115 E2.17376
G1 X113.287 Y114.659 E2.18536
G1 X113.387 Y114.332 E2.19693
G1 X113.548 Y114.03 E2.20851
G1 X113.765 Y113.765 E2.2201
G1 X114.03 Y113.548 E2.23169
G1 X114.332 Y113.387 E2.24327
G1 X114.658 Y113.288 E2.2548
G1 X114.962 Y113.255 E2.26515
G1 X115.339 Y113.287 E2.27796
G1 X115.668 Y113.387 E2.2896
G1 X115.97 Y113.548 E2.30118
G1 X116.235 Y113.765 E2.31277
G1 X116.452 Y114.03 E2.32436
G1 X116.613 Y114.332 E2.33594
G1 X116.713 Y114.659 E2.34751
G1 X116.746 Y115 E2.35911
G1 X116.719 Y115.281 E2.36867
G1 X117.089 Y115.416 F7200
;TYPE:Perimeter
;WIDTH:0.4
G1 F1500
G1 X116.968 Y115.815 E2.38105
G1 X116.771 Y116.183 E2.39344
G1 X116.506 Y116.506 E2.40584
G1 X116.183 Y116.771 E2.41824
G1 X115.815 Y116.968 E2.43063
G1 X115.416 Y117.089 E2.44301
G1 X115 Y117.13 E2.45542
G1 X114.584 Y117.089 E2.46783
G1 X114.185 Y116.968 E2.48021
G1 X113.817 Y116.771 E2.4926
G1 X113.494 Y116.506 E2.505
G1 X113.229 Y116.183 E2.5174
G1 X113.032 Y115.815 E2.52979
G1 X112.911 Y115.416 E2.54217
G1 X112.87 Y115 E2.55458
G1 X112.911 Y114.584 E2.56699
G1 X113.032 Y114.185 E2.57937
G1 X113.229 Y113.817 E2.59176
G1 X113.494 Y113.494 E2.60416
G1 X113.817 Y113.229 E2.61656
G1 X114.185 Y113.032 E2.62895
G1 X114.581 Y112.912 E2.64124
G1 X114.958 Y112.871 E2.6525
G1 X115.412 Y112.91 E2.66603
G1 X115.815 Y113.032 E2.67853
G1 X116.183 Y113.229 E2.69092
G1 X116.506 Y113.494 E2.70332
G1 X116.771 Y113.817 E2.71572
G1 X116.968 Y114.185 E2.72811
G1 X117.089 Y114.584 E2.74049
G1 X117.13 Y115 E2.7529
G1 X117.095 Y115.356 E2.76352
G1 X117.312 Y115.378 F7200
;TYPE:Gap fill
;WIDTH:0.124129
G1 F1500
G1 X117.35 Y115.004 E2.76606
G1 X117.306 Y114.545 E2.76917
G1 X117.173 Y114.104 E2.77228
G1 X116.956 Y113.698 E2.77539
G1 X116.659 Y113.336 E2.77855
G1 X116.302 Y113.044 E2.78166
G1 X115.896 Y112.827 E2.78477
G1 X115.449 Y112.693 E2.78792
G1 X114.959 Y112.65 E2.79124
G1 X114.534 Y112.697 E2.79413
G1 X114.097 Y112.83 E2.79721
G1 X113.691 Y113.048 E2.80032
G1 X113.336 Y113.341 E2.80343
G1 X113.048 Y113.691 E2.80649
G1 X112.83 Y114.097 E2.8096
G1 X112.696 Y114.538 E2.81271
G1 X112.65 Y114.996 E2.81582
G1 X112.694 Y115.455 E2.81893
G1 X112.827 Y115.896 E2.82204
G1 X113.044 Y116.302 E2.82515
G1 X113.336 Y116.659 E2.82826
G1 X113.691 Y116.952 E2.83137
G1 X114.097 Y117.17 E2.83448
G1 X114.538 Y117.304 E2.83759
G1 X114.996 Y117.35 E2.8407
G1 X115.455 Y117.306 E2.84381
G1 X115.896 Y117.173 E2.84692
G1 X116.302 Y116.956 E2.85003
G1 X116.659 Y116.664 E2.85314
G1 X116.952 Y116.309 E2.85625
G1 X117.17 Y115.903 E2.85936
G1 X117.304 Y115.462 E2.86247
G1 X117.306 Y115.437 E2.86264
;LAYER_CHANGE
;Z:3.08
;HEIGHT:0.2
; BEFORE_LAYER_CHANGE 14 @ 3.08mm
G1 E1.46264 F4800
;WIPE_START
G1 F5760
G1 X117.304 Y115.462 E1.44279
G1 X117.17 Y115.903 E1.0779
G1 X117.041 Y116.142 E.86264
;WIPE_END
G92 E0
G1 Z3.08 F7200
; AFTER_LAYER_CHANGE 14 @ 3.08mm
G1 X114.142 Y121.967
G1 E2 F4800
;TYPE:Support material
;WIDTH:0.42
G1 F1500
G1 X113.952 Y121.816 E2.00761
G1 X113.988 Y120.995 E2.03338
G1 X114.092 Y120.578 E2.04686
G1 X114.447 Y120.368 E2.05979
G1 X114.503 Y119.952 E2.07295
G1 X114.903 Y120.145 E2.08688
G1 X115.147 Y120.459 E2.09935
G1 X115.136 Y121.109 E2.11973
G1 X114.81 Y121.924 E2.14725
G1 X114.603 Y122.213 E2.1584
G1 X114.342 Y122.369 E2.16793
G1 X114.06 Y122.397 E2.17682
G1 X113.786 Y122.283 E2.18612
G1 X113.638 Y122.118 E2.19307
G1 X113.509 Y121.648 E2.20835
G1 X113.692 Y120.44 E2.24666
G1 X114.001 Y120.091 E2.26128
G1 X114.447 Y119.942 E2.27602
G1 E.87602 F4800
;WIPE_START
G1 F5760
G1 X114.001 Y120.091 E.50375
G1 X113.81 Y120.306 E.27602
;WIPE_END
G92 E0
G1 X118.483 Y121.308 F7200
G1 E2 F4800
G1 F1500
G1 X118.038 Y121.155 E2.01475
G1 X117.914 Y120.768 E2.02749
G1 X118.011 Y120.036 E2.05064
G1 X118.2 Y119.859 E2.05876
G1 X118.203 Y119.439 E2.07193
G1 X118.504 Y119.459 E2.08139
G1 X118.941 Y119.625 E2.09605
G1 X119.294 Y119.847 E2.10912
G1 X119.683 Y120.341 E2.12883
G1 X119.653 Y120.872 E2.14551
G1 X119.509 Y121.206 E2.15691
G1 X119.285 Y121.47 E2.16777
G1 X118.997 Y121.651 E2.17844
G1 X118.664 Y121.737 E2.18922
G1 X118.306 Y121.721 E2.20046
G1 X117.951 Y121.601 E2.21221
G1 X117.698 Y121.422 E2.22193
G1 X117.556 Y121.106 E2.23279
G1 X117.49 Y120.528 E2.25103
G1 X117.62 Y119.871 E2.27203
G1 X117.742 Y119.669 E2.27943
G1 X118.146 Y119.437 E2.29404
G1 E.89404 F4800
;WIPE_START
G1 F5760
G1 X117.742 Y119.669 E.52522
G1 X117.62 Y119.871 E.3384
G1 X117.609 Y119.926 E.29404
;WIPE_END
G92 E0
G1 X121.074 Y117.205 F7200
G1 E2 F4800
G1 F1500
G1 X120.54 Y117.219 E2.01675
G1 X120.23 Y117.117 E2.02698
G1 X120.028 Y116.907 E2.03612
G1 X120.002 Y116.682 E2.04322
G1 X120.151 Y116.52 E2.05012
G1 X120.364 Y116.438 E2.05728
G1 X120.449 Y116.027 E2.07044
G1 X121.185 Y116.277 E2.09481
G1 X121.478 Y116.516 E2.10667
G1 X121.767 Y116.811 E2.11962
G1 X121.884 Y117.071 E2.12856
G1 X121.85 Y117.297 E2.13573
G1 X121.515 Y117.551 E2.14891
G1 X120.864 Y117.669 E2.16965
G1 X120.454 Y117.633 E2.18255
G1 X119.82 Y117.357 E2.20423
G1 X119.637 Y117.071 E2.21488
G1 X119.585 Y116.605 E2.22958
G1 X119.673 Y116.402 E2.23652
G1 X119.899 Y116.178 E2.2465
G1 X120.393 Y116.015 E2.26281
G1 E.86281 F4800
;WIPE_START
G1 F5760
G1 X119.899 Y116.178 E.45099
G1 X119.73 Y116.345 E.26281
;WIPE_END
G92 E0
G1 X120.853 Y113.125 F7200
G1 E2 F4800
G1 F1500
G1 X120.596 Y112.882 E2.01109
G1 X120.725 Y112.173 E2.03369
G1 X121.024 Y111.847 E2.04756
G1 X121.335 Y111.824 E2.05734
G1 X121.439 Y111.417 E2.07051
G1 X121.766 Y111.501 E2.0811
G1 X122.082 Y111.688 E2.09261
G1 X122.319 Y111.948 E2.10364
G1 X122.466 Y112.257 E2.11437
G1 X122.516 Y112.597 E2.12515
G1 X122.468 Y112.94 E2.13601
G1 X122.319 Y113.265 E2.14722
G1 X122.074 Y113.549 E2.15898
G1 X121.715 Y113.772 E2.17223
G1 X121.158 Y113.73 E2.18974
G1 X120.788 Y113.595 E2.20209
G1 X120.27 Y113.165 E2.2232
G1 X120.169 Y112.717 E2.2376
G1 X120.343 Y111.989 E2.26107
G1 X120.861 Y111.448 E2.28455
G1 X121.385 Y111.403 E2.30104
G1 E.90104 F4800
;WIPE_START
G1 F5760
G1 X120.861 Y111.448 E.48468
G1 X120.701 Y111.615 E.30104
;WIPE_END
G92 E0
G1 X115.377 Y108.915 F7200
G1 E2 F4800
G1 F1500
G1 X114.983 Y108.613 E2.01557
G1 X114.775 Y108.263 E2.02834
G1 X114.953 Y107.827 E2.04311
G1 X115.118 Y107.663 E2.0504
G1 X115.528 Y107.513 E2.06409
G1 X115.562 Y107.095 E2.07724
G1 X116.175 Y107.259 E2.09714
G1 X116.462 Y107.493 E2.10875
G1 X116.682 Y107.806 E2.12075
G1 X116.813 Y108.211 E2.1341
G1 X116.595 Y108.874 E2.15598
G1 X116.178 Y109.254 E2.17367
G1 X115.661 Y109.461 E2.19113
G1 X115.427 Y109.443 E2.19849
G1 X114.949 Y109.151 E2.21605
G1 X114.665 Y108.891 E2.22812
G1 X114.351 Y108.402 E2.24634
G1 X114.43 Y107.906 E2.26209
G1 X114.613 Y107.573 E2.274
G1 X114.865 Y107.323 E2.28513
G1 X115.17 Y107.157 E2.29602
G1 X115.505 Y107.089 E2.30674
G1 E.90674 F4800
;WIPE_START
G1 F5760
G1 X115.17 Y107.157 E.63612
G1 X114.865 Y107.323 E.36122
G1 X114.816 Y107.372 E.30674
;WIPE_END
G92 E0
G1 X110.154 Y111.724 F7200
G1 E2 F4800
G1 F1500
G1 X109.46 Y111.246 E2.02642
G1 X109.258 Y110.988 E2.03669
G1 X109.234 Y110.659 E2.04703
G1 X109.489 Y110.469 E2.057
G1 X109.5 Y110.049 E2.07017
G1 X110.06 Y110.167 E2.08811
G1 X111.016 Y111.072 E2.12939
G1 X111.064 Y111.624 E2.14676
G1 X110.818 Y112.033 E2.16172
G1 X110.598 Y112.145 E2.16946
G1 X110.122 Y112.184 E2.18443
G1 X109.786 Y112.003 E2.1964
G1 X109.006 Y111.387 E2.22756
G1 X108.785 Y110.82 E2.24664
G1 X108.832 Y110.51 E2.25647
G1 X108.993 Y110.257 E2.26587
G1 X109.444 Y110.048 E2.28146
G1 E.88146 F4800
;WIPE_START
G1 F5760
G1 X108.993 Y110.257 E.48794
G1 X108.853 Y110.477 E.28146
;WIPE_END
G92 E0
G1 X108.212 Y115.803 F7200
G1 E2 F4800
G1 F1500
G1 X107.852 Y115.575 E2.01336
G1 X107.655 Y115.184 E2.02709
G1 X107.721 Y114.758 E2.04061
G1 X108.106 Y114.387 E2.05737
G1 X108.124 Y113.968 E2.07052
G1 X108.655 Y114.059 E2.08741
G1 X109.226 Y114.361 E2.10766
G1 X109.57 Y114.757 E2.12411
G1 X109.619 Y114.987 E2.13148
G1 X109.451 Y115.469 E2.14748
G1 X108.997 Y115.918 E2.1675
G1 X108.399 Y116.202 E2.18826
G1 X108.157 Y116.237 E2.19593
G1 X107.832 Y116.097 E2.20703
G1 X107.542 Y115.864 E2.21869
G1 X107.339 Y115.574 E2.22979
G1 X107.235 Y115.25 E2.24046
G1 X107.235 Y114.906 E2.25125
G1 X107.339 Y114.574 E2.26216
G1 X107.529 Y114.294 E2.27277
G1 X107.839 Y114.022 E2.2857
G1 X108.068 Y113.965 E2.2931
G1 E.8931 F4800
;WIPE_START
G1 F5760
G1 X107.839 Y114.022 E.70628
G1 X107.529 Y114.294 E.37979
G1 X107.468 Y114.384 E.2931
;WIPE_END
G92 E0
G1 X110.177 Y119.372 F7200
G1 E2 F4800
G1 F1500
G1 X109.851 Y119.439 E2.01044
G1 X110.215 Y118.687 E2.03664
G1 X110.457 Y118.469 E2.04685
G1 X110.769 Y118.354 E2.05728
G1 X110.848 Y117.941 E2.07046
G1 X111.277 Y118.087 E2.08467
G1 X111.433 Y118.257 E2.0919
G1 X111.52 Y118.491 E2.09973
G1 X111.456 Y119.053 E2.11747
G1 X110.829 Y119.612 E2.14381
G1 X110.446 Y119.767 E2.15676
G1 X109.757 Y119.865 E2.17858
G1 X109.547 Y119.755 E2.18601
G1 X109.427 Y119.542 E2.19368
G1 X109.436 Y119.314 E2.20083
G1 X109.67 Y118.738 E2.22032
G1 X109.897 Y118.408 E2.23288
G1 X110.213 Y118.123 E2.24622
G1 X110.56 Y117.936 E2.25858
G1 X110.793 Y117.931 E2.26589
G1 E.86589 F4800
;WIPE_START
G1 F5760
G1 X110.56 Y117.936 E.68139
G1 X110.213 Y118.123 E.36933
G1 X110.116 Y118.21 E.26589
;WIPE_END
G92 E0
G1 X117.37 Y116.758 F7200
G1 E2 F4800
;TYPE:External perimeter
;WIDTH:0.45
G1 F1500
G1 X117.284 Y116.874 E2.00489
G1 X117.089 Y117.089 E2.01471
G1 X116.874 Y117.284 E2.02453
G1 X116.642 Y117.457 E2.03433
G1 X116.393 Y117.606 E2.04415
G1 X116.131 Y117.73 E2.05396
G1 X115.858 Y117.827 E2.06377
G1 X115.576 Y117.898 E2.07361
G1 X115.29 Y117.94 E2.08339
G1 X115 Y117.955 E2.09322
G1 X114.71 Y117.94 E2.10305
G1 X114.424 Y117.898 E2.11283
G1 X114.142 Y117.827 E2.12267
G1 X113.869 Y117.73 E2.13248
G1 X113.607 Y117.606 E2.14229
G1 X113.358 Y117.457 E2.15211
G1 X113.126 Y117.284 E2.16191
G1 X112.911 Y117.089 E2.17173
G1 X112.716 Y116.874 E2.18155
G1 X112.543 Y116.642 E2.19135
G1 X112.394 Y116.393 E2.20117
G1 X112.27 Y116.131 E2.21098
G1 X112.173 Y115.858 E2.22079
G1 X112.102 Y115.576 E2.23063
G1 X112.06 Y115.29 E2.24041
G1 X112.045 Y115 E2.25024
G1 X112.06 Y114.71 E2.26007
G1 X112.102 Y114.424 E2.26985
G1 X112.173 Y114.142 E2.27969
G1 X112.27 Y113.869 E2.2895
G1 X112.394 Y113.607 E2.29931
G1 X112.543 Y113.358 E2.30913
G1 X112.716 Y113.126 E2.31893
G1 X112.911 Y112.911 E2.32875
G1 X113.126 Y112.716 E2.33857
G1 X113.358 Y112.543 E2.34837
G1 X113.607 Y112.394 E2.35819
G1 X113.869 Y112.27 E2.368
G1 X114.142 Y112.173 E2.37781
G1 X114.424 Y112.102 E2.38765
G1 X114.709 Y112.06 E2.3974
G1 X115.074 Y112.047 E2.40976
G1 X115.289 Y112.059 E2.41705
G1 X115.576 Y112.102 E2.42687
G1 X115.858 Y112.173 E2.43671
G1 X116.131 Y112.27 E2.44652
G1 X116.393 Y112.394 E2.45633
G1 X116.642 Y112.543 E2.46615
G1 X116.874 Y112.716 E2.47595
G1 X117.089 Y112.911 E2.48577
G1 X117.284 Y113.126 E2.49559
G1 X117.457 Y113.358 E2.50539
G1 X117.606 Y113.607 E2.51521
G1 X117.73 Y113.869 E2.52502
G1 X117.827 Y114.142 E2.53483
G1 X117.898 Y114.424 E2.54467
G1 X117.94 Y114.71 E2.55445
G1 X117.955 Y115 E2.56428
G1 X117.94 Y115.29 E2.57411
G1 X117.898 Y115.576 E2.58389
G1 X117.827 Y115.858 E2.59373
G1 X117.73 Y116.131 E2.60354
G1 X117.606 Y116.393 E2.61335
G1 X117.457 Y116.642 E2.62317
G1 X117.406 Y116.71 E2.62605
G1 X117.063 Y116.53 F7200
;TYPE:Perimeter
;WIDTH:0.4
G1 F1500
G1 X116.988 Y116.632 E2.62981
G1 X116.819 Y116.819 E2.63729
G1 X116.632 Y116.988 E2.64477
G1 X116.429 Y117.139 E2.65228
G1 X116.213 Y117.268 E2.65975
G1 X115.984 Y117.376 E2.66727
G1 X115.747 Y117.461 E2.67475
G1 X115.502 Y117.523 E2.68225
G1 X115.252 Y117.56 E2.68975
G1 X115 Y117.572 E2.69724
G1 X114.748 Y117.56 E2.70473
G1 X114.498 Y117.523 E2.71223
G1 X114.253 Y117.461 E2.71973
G1 X114.016 Y117.376 E2.72721
G1 X113.787 Y117.268 E2.73473
G1 X113.571 Y117.139 E2.7422
G1 X113.368 Y116.988 E2.74971
G1 X113.181 Y116.819 E2.75719
G1 X113.012 Y116.632 E2.76467
G1 X112.861 Y116.429 E2.77218
G1 X112.732 Y116.213 E2.77965
G1 X112.624 Y115.984 E2.78717
G1 X112.539 Y115.747 E2.79465
G1 X112.477 Y115.502 E2.80215
G1 X112.44 Y115.252 E2.80965
G1 X112.428 Y115 E2.81714
G1 X112.44 Y114.748 E2.82463
G1 X112.477 Y114.498 E2.83213
G1 X112.539 Y114.253 E2.83963
G1 X112.624 Y114.016 E2.84711
G1 X112.732 Y113.787 E2.85463
G1 X112.861 Y113.571 E2.8621
G1 X113.012 Y113.368 E2.86961
G1 X113.181 Y113.181 E2.87709
G1 X113.368 Y113.012 E2.88457
G1 X113.571 Y112.861 E2.89208
G1 X113.787 Y112.732 E2.89955
G1 X114.016 Y112.624 E2.90707
G1 X114.253 Y112.539 E2.91455
G1 X114.498 Y112.477 E2.92205
G1 X114.743 Y112.441 E2.9294
G1 X115.25 Y112.44 E2.94445
G1 X115.502 Y112.477 E2.95201
G1 X115.747 Y112.539 E2.95951
G1 X115.984 Y112.624 E2.96699
G1 X116.212 Y112.732 E2.97448
G1 X116.429 Y112.861 E2.98198
G1 X116.632 Y113.012 E2.98949
G1 X116.819 Y113.181 E2.99697
G1 X116.988 Y113.368 E3.00445
G1 X117.139 Y113.571 E3.01196
G1 X117.268 Y113.788 E3.01946
G1 X117.376 Y114.016 E3.02695
G1 X117.461 Y114.253 E3.03443
G1 X117.523 Y114.498 E3.04193
G1 X117.56 Y114.748 E3.04943
G1 X117.572 Y115 E3.05692
G1 X117.56 Y115.252 E3.06441
G1 X117.523 Y115.502 E3.07191
G1 X117.461 Y115.747 E3.07941
G1 X117.376 Y115.984 E3.08689
G1 X117.268 Y116.213 E3.09441
G1 X117.139 Y116.429 E3.10188
G1 X117.099 Y116.482 E3.10385
G1 E1.70385 F4800
;WIPE_START
G1 F5760
G1 X117.063 Y116.53 E1.65635
G1 X116.988 Y116.632 E1.55612
G1 X116.819 Y116.819 E1.35658
G1 X116.632 Y116.988 E1.15704
G1 X116.578 Y117.028 E1.10385
;WIPE_END
G92 E0
G1 X116.727 Y115.256 F7200
G1 E2 F4800
;TYPE:External perimeter
;WIDTH:0.45
G1 F1500
G1 X116.644 Y115.588 E2.01158
G1 X116.498 Y115.898 E2.02318
G1 X116.294 Y116.173 E2.03477
G1 X116.04 Y116.403 E2.04637
G1 X115.747 Y116.579 E2.05794
G1 X115.424 Y116.694 E2.06955
G1 X115.086 Y116.744 E2.08112
G1 X114.744 Y116.727 E2.09271
G1 X114.412 Y116.644 E2.10429
G1 X114.102 Y116.498 E2.11589
G1 X113.827 Y116.294 E2.12748
G1 X113.597 Y116.04 E2.13908
G1 X113.421 Y115.747 E2.15065
G1 X113.306 Y115.424 E2.16226
G1 X113.256 Y115.086 E2.17383
G1 X113.273 Y114.744 E2.18542
G1 X113.356 Y114.412 E2.197
G1 X113.502 Y114.102 E2.2086
G1 X113.706 Y113.827 E2.22019
G1 X113.96 Y113.597 E2.23179
G1 X114.253 Y113.421 E2.24336
G1 X114.577 Y113.306 E2.255
G1 X114.954 Y113.255 E2.26788
G1 X115.257 Y113.273 E2.27815
G1 X115.588 Y113.356 E2.2897
G1 X115.898 Y113.502 E2.3013
G1 X116.173 Y113.706 E2.31289
G1 X116.403 Y113.96 E2.32449
G1 X116.579 Y114.253 E2.33606
G1 X116.694 Y114.576 E2.34767
G1 X116.744 Y114.914 E2.35924
G1 X116.73 Y115.196 E2.3688
G1 X117.107 Y115.313 F7200
;TYPE:Perimeter
;WIDTH:0.4
G1 F1500
G1 X117.006 Y115.718 E2.38119
G1 X116.827 Y116.095 E2.39358
G1 X116.578 Y116.43 E2.40597
G1 X116.269 Y116.711 E2.41837
G1 X115.911 Y116.926 E2.43077
G1 X115.518 Y117.066 E2.44316
G1 X115.105 Y117.128 E2.45556
G1 X114.687 Y117.107 E2.46799
G1 X114.282 Y117.006 E2.48038
G1 X113.905 Y116.827 E2.49277
G1 X113.569 Y116.578 E2.50519
G1 X113.289 Y116.269 E2.51757
G1 X113.074 Y115.911 E2.52997
G1 X112.934 Y115.518 E2.54236
G1 X112.872 Y115.105 E2.55476
G1 X112.893 Y114.687 E2.56719
G1 X112.994 Y114.282 E2.57958
G1 X113.173 Y113.905 E2.59197
G1 X113.422 Y113.57 E2.60436
G1 X113.731 Y113.289 E2.61676
G1 X114.089 Y113.074 E2.62916
G1 X114.486 Y112.932 E2.64168
G1 X114.939 Y112.871 E2.65525
G1 X115.316 Y112.894 E2.66646
G1 X115.718 Y112.994 E2.67876
G1 X116.095 Y113.173 E2.69115
G1 X116.43 Y113.422 E2.70354
G1 X116.711 Y113.731 E2.71594
G1 X116.926 Y114.089 E2.72834
G1 X117.066 Y114.482 E2.74073
G1 X117.128 Y114.895 E2.75313
G1 X117.11 Y115.253 E2.76377
G1 X117.328 Y115.264 F7200
;TYPE:Gap fill
;WIDTH:0.124126
G1 F1500
G1 X117.347 Y114.889 E2.76631
G1 X117.28 Y114.433 E2.76942
G1 X117.126 Y113.999 E2.77253
G1 X116.89 Y113.603 E2.77564
G1 X116.581 Y113.261 E2.77875
G1 X116.212 Y112.986 E2.78186
G1 X115.795 Y112.789 E2.78497
G1 X115.353 Y112.677 E2.78805
G1 X114.927 Y112.653 E2.79093
G1 X114.439 Y112.718 E2.79425
G1 X113.999 Y112.874 E2.7974
G1 X113.603 Y113.11 E2.80051
G1 X113.261 Y113.419 E2.80362
G1 X112.986 Y113.788 E2.80673
G1 X112.789 Y114.205 E2.80984
G1 X112.676 Y114.651 E2.81295
G1 X112.653 Y115.111 E2.81606
G1 X112.72 Y115.567 E2.81917
G1 X112.874 Y116.001 E2.82228
G1 X113.11 Y116.397 E2.82539
G1 X113.419 Y116.739 E2.8285
G1 X113.788 Y117.014 E2.83161
G1 X114.205 Y117.211 E2.83472
G1 X114.651 Y117.324 E2.83783
G1 X115.111 Y117.347 E2.84094
G1 X115.567 Y117.28 E2.84405
G1 X116.001 Y117.126 E2.84716
G1 X116.397 Y116.89 E2.85027
G1 X116.739 Y116.581 E2.85338
G1 X117.014 Y116.212 E2.85649
G1 X117.211 Y115.795 E2.8596
G1 X117.324 Y115.349 E2.86271
G1 X117.325 Y115.324 E2.86288
;LAYER_CHANGE
;Z:3.28
;HEIGHT:0.2
; BEFORE_LAYER_CHANGE 15 @ 3.28mm
G1 E1.46288 F4800
;WIPE_START
G1 F5760
G1 X117.324 Y115.349 E1.44307
G1 X117.211 Y115.795 E1.07883
G1 X117.094 Y116.041 E.86288
;WIPE_END
G92 E0
G1 Z3.28 F7200
; AFTER_LAYER_CHANGE 15 @ 3.28mm
G1 X114.406 Y121.414
G1 E2 F4800
;TYPE:Support material
;WIDTH:0.42
G1 F1500
G1 X114.175 Y121.643 E2.0102
G1 X114.037 Y121.103 E2.02768
G1 X114.061 Y120.631 E2.0425
G1 X114.283 Y120.353 E2.05365
G1 X114.438 Y120.281 E2.05901
G1 X114.48 Y119.862 E2.07221
G1 X114.846 Y120.022 E2.08473
G1 X115.066 Y120.298 E2.0958
G1 X115.205 Y120.64 E2.10738
G1 X115.167 Y120.949 E2.11714
G1 X114.825 Y121.612 E2.14053
G1 X114.319 Y122.069 E2.16191
G1 X114.086 Y122.081 E2.16923
G1 X113.862 Y121.944 E2.17746
G1 X113.769 Y121.777 E2.18345
G1 X113.617 Y121.152 E2.20362
G1 X113.622 Y120.671 E2.2187
G1 X113.716 Y120.385 E2.22814
G1 X114.017 Y120.024 E2.24288
G1 X114.424 Y119.853 E2.25672
G1 E.85672 F4800
;WIPE_START
G1 F5760
G1 X114.017 Y120.024 E.50723
G1 X113.814 Y120.267 E.25672
;WIPE_END
G92 E0
G1 X110.693 Y119.145 F7200
G1 E2 F4800
G1 F1500
G1 X110.515 Y119.217 E2.00602
G1 X110.176 Y119.211 E2.01665
G1 X110.133 Y119.014 E2.02297
G1 X110.208 Y118.8 E2.03008
G1 X110.591 Y118.366 E2.04823
G1 X110.887 Y118.329 E2.05758
G1 X110.927 Y117.911 E2.07075
G1 X111.35 Y118.031 E2.08454
G1 X111.575 Y118.396 E2.09798
G1 X111.577 Y118.672 E2.10663
G1 X111.371 Y119.206 E2.12458
G1 X110.997 Y119.475 E2.13902
G1 X110.619 Y119.628 E2.15181
G1 X110.266 Y119.667 E2.16295
G1 X109.986 Y119.596 E2.17201
G1 X109.804 Y119.452 E2.17929
G1 X109.712 Y119.229 E2.18685
G1 X109.714 Y118.942 E2.19585
G1 X109.83 Y118.609 E2.20691
G1 X110.059 Y118.276 E2.21958
G1 X110.409 Y117.977 E2.23401
G1 X110.87 Y117.906 E2.24863
G1 E.84863 F4800
;WIPE_START
G1 F5760
G1 X110.409 Y117.977 E.47937
G1 X110.187 Y118.167 E.24863
;WIPE_END
G92 E0
G1 X108.494 Y115.597 F7200
G1 E2 F4800
G1 F1500
G1 X108.027 Y115.619 E2.01466
G1 X107.761 Y115.172 E2.03097
G1 X107.827 Y114.752 E2.0443
G1 X107.98 Y114.586 E2.05138
G1 X108.363 Y114.532 E2.06351
G1 X108.462 Y114.124 E2.07667
G1 X109.299 Y114.386 E2.10417
G1 X109.528 Y114.567 E2.11332
G1 X109.703 Y114.977 E2.1273
G1 X109.531 Y115.415 E2.14205
G1 X109.082 Y115.79 E2.16039
G1 X108.433 Y116.052 E2.18233
G1 X107.832 Y116.001 E2.20124
G1 X107.445 Y115.563 E2.21957
G1 X107.341 Y115.237 E2.2303
G1 X107.341 Y114.896 E2.24099
G1 X107.446 Y114.565 E2.25188
G1 X107.65 Y114.273 E2.26305
G1 X108.086 Y114.123 E2.27751
G1 X108.407 Y114.11 E2.28758
G1 E.88758 F4800
;WIPE_START
G1 F5760
G1 X108.086 Y114.123 E.63325
G1 X107.673 Y114.265 E.28758
;WIPE_END
G92 E0
G1 X110.609 Y111.747 F7200
G1 E2 F4800
G1 F1500
G1 X110.137 Y111.743 E2.0148
G1 X109.55 Y111.107 E2.04194
G1 X109.491 Y110.834 E2.0507
G1 X109.63 Y110.712 E2.0565
G1 X109.755 Y110.706 E2.06042
G1 X109.871 Y110.3 E2.07366
G1 X110.541 Y110.633 E2.09712
G1 X110.941 Y110.934 E2.11282
G1 X111.116 Y111.442 E2.12967
G1 X111.028 Y111.936 E2.1454
G1 X110.675 Y112.183 E2.15891
G1 X110.414 Y112.215 E2.16715
G1 X109.927 Y112.119 E2.18271
G1 X109.192 Y111.331 E2.2165
G1 X109.058 Y110.991 E2.22796
G1 X109.098 Y110.66 E2.23841
G1 X109.27 Y110.423 E2.24759
G1 X109.521 Y110.297 E2.2564
G1 X109.817 Y110.282 E2.26569
G1 E.86569 F4800
;WIPE_START
G1 F5760
G1 X109.521 Y110.297 E.63106
G1 X109.27 Y110.423 E.40872
G1 X109.164 Y110.569 E.26569
;WIPE_END
G92 E0
G1 X115.474 Y109.085 F7200
G1 E2 F4800
G1 F1500
G1 X114.988 Y108.49 E2.02409
G1 X114.871 Y108.125 E2.03611
G1 X115.137 Y107.755 E2.0504
G1 X115.539 Y107.607 E2.06383
G1 X115.576 Y107.188 E2.07702
G1 X116.188 Y107.36 E2.09695
G1 X116.46 Y107.587 E2.10806
G1 X116.663 Y107.881 E2.11926
G1 X116.715 Y108.216 E2.12989
G1 X116.527 Y108.876 E2.15141
G1 X116.095 Y109.3 E2.17039
G1 X115.841 Y109.487 E2.18028
G1 X115.601 Y109.552 E2.18808
G1 X115.208 Y109.418 E2.2011
G1 X114.616 Y108.696 E2.23037
G1 X114.435 Y108.11 E2.2496
G1 X114.627 Y107.675 E2.26451
G1 X114.881 Y107.417 E2.27586
G1 X115.186 Y107.249 E2.28678
G1 X115.52 Y107.182 E2.29746
G1 E.89746 F4800
;WIPE_START
G1 F5760
G1 X115.186 Y107.249 E.62778
G1 X114.881 Y107.417 E.35212
G1 X114.833 Y107.466 E.29746
;WIPE_END
G92 E0
G1 X121.048 Y113.196 F7200
G1 E2 F4800
G1 F1500
G1 X120.568 Y112.978 E2.01653
G1 X120.515 Y112.809 E2.02208
G1 X120.842 Y112.119 E2.04602
G1 X121.226 Y111.872 E2.06034
G1 X121.251 Y111.452 E2.07353
G1 X121.65 Y111.53 E2.08628
G1 X121.982 Y111.715 E2.0982
G1 X122.227 Y111.971 E2.10931
G1 X122.378 Y112.278 E2.12004
G1 X122.429 Y112.614 E2.1307
G1 X122.375 Y112.96 E2.14168
G1 X122.227 Y113.273 E2.15254
G1 X121.946 Y113.576 E2.1655
G1 X121.178 Y113.67 E2.18976
G1 X120.28 Y113.292 E2.22031
G1 X120.139 Y113.111 E2.2275
G1 X120.102 Y112.713 E2.24003
G1 X120.485 Y111.894 E2.26838
G1 X120.939 Y111.53 E2.28663
G1 X121.195 Y111.444 E2.2951
G1 E.8951 F4800
;WIPE_START
G1 F5760
G1 X120.939 Y111.53 E.6813
G1 X120.558 Y111.835 E.2951
;WIPE_END
G92 E0
G1 X121.085 Y117.008 F7200
G1 E2 F4800
G1 F1500
G1 X120.897 Y117.145 E2.00729
G1 X120.34 Y117.16 E2.02476
G1 X120.176 Y117.106 E2.03017
G1 X119.953 Y116.841 E2.04103
G1 X119.92 Y116.673 E2.0464
G1 X119.984 Y116.58 E2.04994
G1 X120.383 Y116.424 E2.06337
G1 X120.466 Y116.013 E2.07652
G1 X120.987 Y116.218 E2.09407
G1 X121.283 Y116.46 E2.10606
G1 X121.463 Y116.728 E2.11618
G1 X121.522 Y116.984 E2.12442
G1 X121.472 Y117.202 E2.13143
G1 X121.308 Y117.404 E2.13959
G1 X121.032 Y117.548 E2.14935
G1 X120.666 Y117.61 E2.16099
G1 X119.956 Y117.476 E2.18364
G1 X119.715 Y117.251 E2.19398
G1 X119.509 Y116.849 E2.20814
G1 X119.552 Y116.446 E2.22085
G1 X119.869 Y116.154 E2.23436
G1 X120.411 Y116.001 E2.25202
G1 E.85202 F4800
;WIPE_START
G1 F5760
G1 X119.869 Y116.154 E.40617
G1 X119.726 Y116.286 E.25202
;WIPE_END
G92 E0
G1 X118.593 Y121.215 F7200
G1 E2 F4800
G1 F1500
G1 X118.286 Y121.189 E2.00966
G1 X117.992 Y120.649 E2.02894
G1 X117.992 Y119.956 E2.05067
G1 X118.073 Y119.823 E2.05555
G1 X118.234 Y119.8 E2.06065
G1 X118.357 Y119.398 E2.07383
G1 X118.696 Y119.52 E2.08513
G1 X119.09 Y119.796 E2.10021
G1 X119.369 Y120.099 E2.11312
G1 X119.551 Y120.463 E2.12588
G1 X119.603 Y120.753 E2.13512
G1 X119.456 Y121.111 E2.14725
G1 X119.232 Y121.377 E2.15815
G1 X118.944 Y121.557 E2.1688
G1 X118.611 Y121.644 E2.17959
G1 X118.254 Y121.628 E2.19079
G1 X118.005 Y121.507 E2.19947
G1 X117.658 Y121.006 E2.21858
G1 X117.543 Y120.436 E2.23681
G1 X117.545 Y120.03 E2.24954
G1 X117.682 Y119.624 E2.26298
G1 X117.823 Y119.475 E2.26941
G1 X118.02 Y119.384 E2.27621
G1 X118.303 Y119.378 E2.28509
G1 E.88509 F4800
;WIPE_START
G1 F5760
G1 X118.02 Y119.384 E.661
G1 X117.823 Y119.475 E.48921
G1 X117.682 Y119.624 E.32681
G1 X117.665 Y119.674 E.28509
;WIPE_END
G92 E0
G1 X117.37 Y116.758 F7200
G1 E2 F4800
;TYPE:External perimeter
;WIDTH:0.45
G1 F1500
G1 X117.284 Y116.874 E2.00489
G1 X117.089 Y117.089 E2.01471
G1 X116.874 Y117.284 E2.02453
G1 X116.642 Y117.457 E2.03433
G1 X116.393 Y117.606 E2.04415
G1 X116.131 Y117.73 E2.05396
G1 X115.858 Y117.827 E2.06377
G1 X115.576 Y117.898 E2.07361
G1 X115.29 Y117.94 E2.08339
G1 X115 Y117.955 E2.09322
G1 X114.71 Y117.94 E2.10305
G1 X114.424 Y117.898 E2.11283
G1 X114.142 Y117.827 E2.12267
G1 X113.869 Y117.73 E2.13248
G1 X113.607 Y117.606 E2.14229
G1 X113.358 Y117.457 E2.15211
G1 X113.126 Y117.284 E2.16191
G1 X112.911 Y117.089 E2.17173
G1 X112.716 Y116.874 E2.18155
G1 X112.543 Y116.642 E2.19135
G1 X112.394 Y116.393 E2.20117
G1 X112.27 Y116.131 E2.21098
G1 X112.173 Y115.858 E2.22079
G1 X112.102 Y115.576 E2.23063
G1 X112.06 Y115.29 E2.24041
G1 X112.045 Y115 E2.25024
G1 X112.06 Y114.71 E2.26007
G1 X112.102 Y114.424 E2.26985
G1 X112.173 Y114.142 E2.27969
G1 X112.27 Y113.869 E2.2895
G1 X112.394 Y113.607 E2.29931
G1 X112.543 Y113.358 E2.30913
G1 X112.716 Y113.126 E2.31893
G1 X112.911 Y112.911 E2.32875
G1 X113.126 Y112.716 E2.33857
G1 X113.358 Y112.543 E2.34837
G1 X113.607 Y112.394 E2.35819
G1 X113.869 Y112.27 E2.368
G1 X114.142 Y112.173 E2.37781
G1 X114.424 Y112.102 E2.38765
G1 X114.709 Y112.06 E2.3974
G1 X115.064 Y112.047 E2.40942
G1 X115.289 Y112.059 E2.41705
G1 X115.576 Y112.102 E2.42687
G1 X115.858 Y112.173 E2.43671
G1 X116.131 Y112.27 E2.44652
G1 X116.393 Y112.394 E2.45633
G1 X116.642 Y112.543 E2.46615
G1 X116.874 Y112.716 E2.47595
G1 X117.089 Y112.911 E2.48577
G1 X117.284 Y113.126 E2.49559
G1 X117.457 Y113.358 E2.50539
G1 X117.606 Y113.607 E2.51521
G1 X117.73 Y113.869 E2.52502
G1 X117.827 Y114.142 E2.53483
G1 X117.898 Y114.424 E2.54467
G1 X117.94 Y114.71 E2.55445
G1 X117.955 Y115 E2.56428
G1 X117.94 Y115.29 E2.57411
G1 X117.898 Y115.576 E2.58389
G1 X117.827 Y115.858 E2.59373
G1 X117.73 Y116.131 E2.60354
G1 X117.606 Y116.393 E2.61335
G1 X117.457 Y116.642 E2.62317
G1 X117.406 Y116.71 E2.62605
G1 X117.063 Y116.53 F7200
;TYPE:Perimeter
;WIDTH:0.4
G1 F1500
G1 X116.988 Y116.632 E2.62981
G1 X116.819 Y116.819 E2.63729
G1 X116.632 Y116.988 E2.64477
G1 X116.429 Y117.139 E2.65228
G1 X116.213 Y117.268 E2.65975
G1 X115.984 Y117.376 E2.66727
G1 X115.747 Y117.461 E2.67475
G1 X115.502 Y117.523 E2.68225
G1 X115.252 Y117.56 E2.68975
G1 X115 Y117.572 E2.69724
G1 X114.748 Y117.56 E2.70473
G1 X114.498 Y117.523 E2.71223
G1 X114.253 Y117.461 E2.71973
G1 X114.016 Y117.376 E2.72721
G1 X113.787 Y117.268 E2.73473
G1 X113.571 Y117.139 E2.7422
G1 X113.368 Y116.988 E2.74971
G1 X113.181 Y116.819 E2.75719
G1 X113.012 Y116.632 E2.76467
G1 X112.861 Y116.429 E2.77218
G1 X112.732 Y116.213 E2.77965
G1 X112.624 Y115.984 E2.78717
G1 X112.539 Y115.747 E2.79465
G1 X112.477 Y115.502 E2.80215
G1 X112.44 Y115.252 E2.80965
G1 X112.428 Y115 E2.81714
G1 X112.44 Y114.748 E2.82463
G1 X112.477 Y114.498 E2.83213
G1 X112.539 Y114.253 E2.83963
G1 X112.624 Y114.016 E2.84711
G1 X112.732 Y113.787 E2.85463
G1 X112.861 Y113.571 E2.8621
G1 X113.012 Y113.368 E2.86961
G1 X113.181 Y113.181 E2.87709
G1 X113.368 Y113.012 E2.88457
G1 X113.571 Y112.861 E2.89208
G1 X113.787 Y112.732 E2.89955
G1 X114.016 Y112.624 E2.90707
G1 X114.253 Y112.539 E2.91455
G1 X114.498 Y112.477 E2.92205
G1 X114.744 Y112.441 E2.92943
G1 X115.25 Y112.44 E2.94445
G1 X115.502 Y112.477 E2.95201
G1 X115.747 Y112.539 E2.95951
G1 X115.984 Y112.624 E2.96699
G1 X116.212 Y112.732 E2.97448
G1 X116.429 Y112.861 E2.98198
G1 X116.632 Y113.012 E2.98949
G1 X116.819 Y113.181 E2.99697
G1 X116.988 Y113.368 E3.00445
G1 X117.139 Y113.571 E3.01196
G1 X117.268 Y113.788 E3.01946
G1 X117.376 Y114.016 E3.02695
G1 X117.461 Y114.253 E3.03443
G1 X117.523 Y114.498 E3.04193
G1 X117.56 Y114.748 E3.04943
G1 X117.572 Y115 E3.05692
G1 X117.56 Y115.252 E3.06441
G1 X117.523 Y115.502 E3.07191
G1 X117.461 Y115.747 E3.07941
G1 X117.376 Y115.984 E3.08689
G1 X117.268 Y116.213 E3.09441
G1 X117.139 Y116.429 E3.10188
G1 X117.099 Y116.482 E3.10385
G1 E1.70385 F4800
;WIPE_START
G1 F5760
G1 X117.063 Y116.53 E1.65635
G1 X116.988 Y116.632 E1.55612
G1 X116.819 Y116.819 E1.35658
G1 X116.632 Y116.988 E1.15704
G1 X116.578 Y117.028 E1.10385
;WIPE_END
G92 E0
G1 X116.727 Y115.256 F7200
G1 E2 F4800
;TYPE:External perimeter
;WIDTH:0.45
G1 F1500
G1 X116.644 Y115.588 E2.01158
G1 X116.498 Y115.898 E2.02318
G1 X116.294 Y116.173 E2.03477
G1 X116.04 Y116.403 E2.04637
G1 X115.747 Y116.579 E2.05794
G1 X115.424 Y116.694 E2.06955
G1 X115.086 Y116.744 E2.08112
G1 X114.744 Y116.727 E2.09271
G1 X114.412 Y116.644 E2.10429
G1 X114.102 Y116.498 E2.11589
G1 X113.827 Y116.294 E2.12748
G1 X113.597 Y116.04 E2.13908
G1 X113.421 Y115.747 E2.15065
G1 X113.306 Y115.424 E2.16226
G1 X113.256 Y115.086 E2.17383
G1 X113.273 Y114.744 E2.18542
G1 X113.356 Y114.412 E2.197
G1 X113.502 Y114.102 E2.2086
G1 X113.706 Y113.827 E2.22019
G1 X113.96 Y113.597 E2.23179
G1 X114.253 Y113.421 E2.24336
G1 X114.577 Y113.306 E2.255
G1 X114.951 Y113.255 E2.26778
G1 X115.257 Y113.273 E2.27816
G1 X115.588 Y113.356 E2.28971
G1 X115.898 Y113.502 E2.30131
G1 X116.173 Y113.706 E2.3129
G1 X116.403 Y113.96 E2.3245
G1 X116.579 Y114.253 E2.33607
G1 X116.694 Y114.576 E2.34768
G1 X116.744 Y114.914 E2.35925
G1 X116.73 Y115.196 E2.36881
G1 X117.107 Y115.313 F7200
;TYPE:Perimeter
;WIDTH:0.4
G1 F1500
G1 X117.006 Y115.718 E2.3812
G1 X116.827 Y116.095 E2.39359
G1 X116.578 Y116.43 E2.40598
G1 X116.269 Y116.711 E2.41838
G1 X115.911 Y116.926 E2.43078
G1 X115.518 Y117.066 E2.44317
G1 X115.105 Y117.128 E2.45557
G1 X114.687 Y117.107 E2.468
G1 X114.282 Y117.006 E2.48039
G1 X113.905 Y116.827 E2.49278
G1 X113.569 Y116.578 E2.5052
G1 X113.289 Y116.269 E2.51758
G1 X113.074 Y115.911 E2.52998
G1 X112.934 Y115.518 E2.54237
G1 X112.872 Y115.105 E2.55477
G1 X112.893 Y114.687 E2.5672
G1 X112.994 Y114.282 E2.57959
G1 X113.173 Y113.905 E2.59198
G1 X113.422 Y113.57 E2.60437
G1 X113.731 Y113.289 E2.61677
G1 X114.089 Y113.074 E2.62917
G1 X114.486 Y112.932 E2.64169
G1 X114.936 Y112.871 E2.65517
G1 X115.315 Y112.894 E2.66644
G1 X115.718 Y112.994 E2.67877
G1 X116.095 Y113.173 E2.69116
G1 X116.43 Y113.422 E2.70355
G1 X116.711 Y113.731 E2.71595
G1 X116.926 Y114.089 E2.72835
G1 X117.066 Y114.482 E2.74074
G1 X117.128 Y114.895 E2.75314
G1 X117.11 Y115.253 E2.76378
G1 X117.328 Y115.264 F7200
;TYPE:Gap fill
;WIDTH:0.124124
G1 F1500
G1 X117.347 Y114.889 E2.76632
G1 X117.28 Y114.433 E2.76943
G1 X117.126 Y113.999 E2.77254
G1 X116.89 Y113.603 E2.77565
G1 X116.581 Y113.261 E2.77876
G1 X116.212 Y112.986 E2.78187
G1 X115.795 Y112.789 E2.78498
G1 X115.353 Y112.677 E2.78806
G1 X114.924 Y112.653 E2.79096
G1 X114.438 Y112.718 E2.79427
G1 X113.999 Y112.874 E2.79742
G1 X113.603 Y113.11 E2.80053
G1 X113.261 Y113.419 E2.80364
G1 X112.986 Y113.788 E2.80675
G1 X112.789 Y114.205 E2.80986
G1 X112.676 Y114.651 E2.81297
G1 X112.653 Y115.111 E2.81608
G1 X112.72 Y115.567 E2.81919
G1 X112.874 Y116.001 E2.8223
G1 X113.11 Y116.397 E2.82541
G1 X113.419 Y116.739 E2.82852
G1 X113.788 Y117.014 E2.83163
G1 X114.205 Y117.211 E2.83474
G1 X114.651 Y117.324 E2.83785
G1 X115.111 Y117.347 E2.84096
G1 X115.567 Y117.28 E2.84407
G1 X116.001 Y117.126 E2.84718
G1 X116.397 Y116.89 E2.85029
G1 X116.739 Y116.581 E2.8534
G1 X117.014 Y116.212 E2.85651
G1 X117.211 Y115.795 E2.85962
G1 X117.324 Y115.349 E2.86273
G1 X117.325 Y115.324 E2.8629
;LAYER_CHANGE
;Z:3.48
;HEIGHT:0.2
; BEFORE_LAYER_CHANGE 16 @ 3.48mm
G1 E1.4629 F4800
;WIPE_START
G1 F5760
G1 X117.324 Y115.349 E1.44309
G1 X117.211 Y115.795 E1.07885
G1 X117.094 Y116.041 E.8629
;WIPE_END
G92 E0
G1 Z3.48 F7200
; AFTER_LAYER_CHANGE 16 @ 3.48mm
G1 X114.699 Y120.909
G1 E2 F4800
;TYPE:Support material
;WIDTH:0.42
G1 F1500
G1 X114.557 Y121.127 E2.00816
G1 X114.312 Y121.283 E2.01727
G1 X114.15 Y121.128 E2.0243
G1 X114.079 Y120.847 E2.03339
G1 X114.229 Y120.384 E2.04865
G1 X114.448 Y120.193 E2.05776
G1 X114.458 Y119.772 E2.07096
G1 X114.785 Y119.898 E2.08195
G1 X114.977 Y120.13 E2.09139
G1 X115.184 Y120.806 E2.11356
G1 X115.066 Y121.128 E2.12431
G1 X114.617 Y121.622 E2.14524
G1 X114.359 Y121.711 E2.1538
G1 X114.131 Y121.685 E2.161
G1 X113.923 Y121.549 E2.16879
G1 X113.76 Y121.299 E2.17815
G1 X113.656 Y120.637 E2.19916
G1 X113.754 Y120.372 E2.20802
G1 X114.042 Y119.954 E2.22394
G1 X114.401 Y119.767 E2.23663
G1 E.83663 F4800
;WIPE_START
G1 F5760
G1 X114.042 Y119.954 E.51618
G1 X113.841 Y120.245 E.23663
;WIPE_END
G92 E0
G1 X110.926 Y118.985 F7200
G1 E2 F4800
G1 F1500
G1 X110.461 Y119.105 E2.01506
G1 X110.315 Y119.053 E2.01992
G1 X110.296 Y118.881 E2.02535
G1 X110.538 Y118.43 E2.0414
G1 X111.034 Y118.307 E2.05742
G1 X111.071 Y117.888 E2.07061
G1 X111.225 Y117.902 E2.07546
G1 X111.546 Y118.118 E2.08759
G1 X111.624 Y118.519 E2.1004
G1 X111.536 Y118.855 E2.11129
G1 X111.168 Y119.34 E2.13038
G1 X110.786 Y119.492 E2.14327
G1 X110.435 Y119.531 E2.15434
G1 X110.16 Y119.465 E2.16321
G1 X109.974 Y119.318 E2.17064
G1 X109.876 Y119.101 E2.17811
G1 X109.876 Y118.81 E2.18723
G1 X109.992 Y118.477 E2.19829
G1 X110.305 Y118.075 E2.21426
G1 X111.015 Y117.883 E2.23732
G1 E.83732 F4800
;WIPE_START
G1 F5760
G1 X110.305 Y118.075 E.25505
G1 X110.291 Y118.093 E.23732
;WIPE_END
G92 E0
G1 X108.648 Y115.436 F7200
G1 E2 F4800
G1 F1500
G1 X108.288 Y115.469 E2.01133
G1 X108.057 Y115.391 E2.01897
G1 X107.872 Y115.143 E2.02867
G1 X107.936 Y114.894 E2.03673
G1 X108.135 Y114.738 E2.04466
G1 X108.529 Y114.657 E2.05727
G1 X108.589 Y114.241 E2.07045
G1 X109.119 Y114.315 E2.08723
G1 X109.412 Y114.436 E2.09717
G1 X109.626 Y114.603 E2.10568
G1 X109.787 Y114.979 E2.1185
G1 X109.621 Y115.357 E2.13144
G1 X109.145 Y115.705 E2.14993
G1 X108.535 Y115.894 E2.16995
G1 X108.214 Y115.888 E2.18002
G1 X107.86 Y115.767 E2.19175
G1 X107.573 Y115.523 E2.20356
G1 X107.449 Y115.22 E2.21383
G1 X107.457 Y114.907 E2.22365
G1 X107.617 Y114.611 E2.2342
G1 X107.928 Y114.367 E2.24659
G1 X108.533 Y114.233 E2.26602
G1 E.86602 F4800
;WIPE_START
G1 F5760
G1 X107.928 Y114.367 E.37545
G1 X107.819 Y114.452 E.26602
;WIPE_END
G92 E0
G1 X110.678 Y111.409 F7200
G1 E2 F4800
G1 F1500
G1 X110.719 Y111.78 E2.0117
G1 X110.53 Y111.815 E2.01773
G1 X110.093 Y111.685 E2.03203
G1 X109.762 Y111.011 E2.05557
G1 X109.862 Y110.966 E2.05901
G1 X109.989 Y110.565 E2.0722
G1 X110.331 Y110.622 E2.08307
G1 X110.821 Y110.849 E2.1
G1 X111.076 Y111.264 E2.11527
G1 X111.159 Y111.82 E2.1329
G1 X111.086 Y112.007 E2.13919
G1 X110.765 Y112.217 E2.15122
G1 X110.228 Y112.191 E2.16808
G1 X109.788 Y111.983 E2.18334
G1 X109.395 Y111.251 E2.20939
G1 X109.337 Y110.891 E2.22082
G1 X109.451 Y110.662 E2.22884
G1 X109.656 Y110.55 E2.23616
G1 X109.936 Y110.544 E2.24494
G1 E.84494 F4800
;WIPE_START
G1 F5760
G1 X109.656 Y110.55 E.62322
G1 X109.451 Y110.662 E.43829
G1 X109.342 Y110.88 E.24494
;WIPE_END
G92 E0
G1 X115.62 Y109.174 F7200
G1 E2 F4800
G1 F1500
G1 X115.518 Y109.206 E2.00335
G1 X115.435 Y109.116 E2.00719
G1 X115.286 Y108.721 E2.02043
G1 X115.051 Y108.373 E2.0336
G1 X115.028 Y108.157 E2.04041
G1 X115.13 Y107.883 E2.04958
G1 X115.568 Y107.713 E2.06431
G1 X115.606 Y107.294 E2.0775
G1 X116.159 Y107.451 E2.09552
G1 X116.412 Y107.653 E2.10567
G1 X116.556 Y107.971 E2.11662
G1 X116.595 Y108.345 E2.12841
G1 X116.515 Y108.731 E2.14077
G1 X115.993 Y109.432 E2.16817
G1 X115.744 Y109.596 E2.17752
G1 X115.529 Y109.639 E2.18439
G1 X115.199 Y109.493 E2.1957
G1 X114.64 Y108.478 E2.23203
G1 X114.628 Y107.873 E2.251
G1 X114.953 Y107.49 E2.26675
G1 X115.55 Y107.288 E2.28651
G1 E.88651 F4800
;WIPE_START
G1 F5760
G1 X114.953 Y107.49 E.38756
G1 X114.87 Y107.587 E.28651
;WIPE_END
G92 E0
G1 X120.894 Y113.102 F7200
G1 E2 F4800
G1 F1500
G1 X120.55 Y113.026 E2.01105
G1 X120.435 Y112.875 E2.017
G1 X120.959 Y112.141 E2.04528
G1 X121.404 Y111.99 E2.06001
G1 X121.537 Y111.588 E2.07329
G1 X121.858 Y111.743 E2.08447
G1 X122.118 Y111.998 E2.09589
G1 X122.272 Y112.304 E2.10663
G1 X122.324 Y112.638 E2.11723
G1 X122.265 Y112.984 E2.12824
G1 X122.106 Y113.291 E2.13908
G1 X121.697 Y113.508 E2.1536
G1 X121.321 Y113.595 E2.1657
G1 X120.389 Y113.418 E2.19544
G1 X120.102 Y113.209 E2.20657
G1 X120.02 Y113.05 E2.21218
G1 X120.041 Y112.724 E2.22242
G1 X120.647 Y111.857 E2.25559
G1 X120.984 Y111.644 E2.26809
G1 X121.486 Y111.564 E2.28403
G1 E.88403 F4800
;WIPE_START
G1 F5760
G1 X120.984 Y111.644 E.4816
G1 X120.773 Y111.777 E.28403
;WIPE_END
G92 E0
G1 X120.891 Y116.932 F7200
G1 E2 F4800
G1 F1500
G1 X120.698 Y117.086 E2.00774
G1 X120.236 Y117.11 E2.02225
G1 X119.898 Y116.8 E2.03663
G1 X119.879 Y116.583 E2.04346
G1 X120.295 Y116.469 E2.05698
G1 X120.303 Y116.049 E2.07015
G1 X120.563 Y116.055 E2.0783
G1 X121.085 Y116.401 E2.09794
G1 X121.266 Y116.67 E2.10811
G1 X121.323 Y116.928 E2.11639
G1 X121.27 Y117.153 E2.12364
G1 X121.108 Y117.346 E2.13154
G1 X120.834 Y117.489 E2.14123
G1 X120.468 Y117.551 E2.15287
G1 X120.098 Y117.52 E2.16451
G1 X119.536 Y117.02 E2.1881
G1 X119.416 Y116.646 E2.20042
G1 X119.562 Y116.296 E2.21231
G1 X119.795 Y116.149 E2.22095
G1 X120.246 Y116.048 E2.23544
G1 E.83544 F4800
;WIPE_START
G1 F5760
G1 X119.795 Y116.149 E.46955
G1 X119.562 Y116.296 E.25145
G1 X119.554 Y116.315 E.23544
;WIPE_END
G92 E0
G1 X118.748 Y121.055 F7200
G1 E2 F4800
G1 F1500
G1 X118.509 Y121.054 E2.00749
G1 X118.222 Y120.848 E2.01857
G1 X117.974 Y120.186 E2.04074
G1 X117.98 Y119.864 E2.05084
G1 X118.106 Y119.727 E2.05668
G1 X118.2 Y119.317 E2.06987
G1 X118.463 Y119.401 E2.07853
G1 X118.857 Y119.675 E2.09358
G1 X119.156 Y120.017 E2.10782
G1 X119.326 Y120.361 E2.11985
G1 X119.375 Y120.716 E2.13109
G1 X119.316 Y121.036 E2.14129
G1 X119.157 Y121.289 E2.15066
G1 X118.9 Y121.458 E2.1603
G1 X118.612 Y121.502 E2.16943
G1 X118.356 Y121.448 E2.17763
G1 X117.896 Y121.117 E2.1954
G1 X117.645 Y120.616 E2.21297
G1 X117.543 Y119.995 E2.2327
G1 X117.639 Y119.573 E2.24627
G1 X117.878 Y119.346 E2.25661
G1 X118.144 Y119.306 E2.26504
G1 E.86504 F4800
;WIPE_START
G1 F5760
G1 X117.878 Y119.346 E.65209
G1 X117.639 Y119.573 E.39114
G1 X117.604 Y119.728 E.26504
;WIPE_END
G92 E0
G1 X117.37 Y116.758 F7200
G1 E2 F4800
;TYPE:External perimeter
;WIDTH:0.45
G1 F1500
G1 X117.284 Y116.874 E2.00489
G1 X117.089 Y117.089 E2.01471
G1 X116.874 Y117.284 E2.02453
G1 X116.642 Y117.457 E2.03433
G1 X116.393 Y117.606 E2.04415
G1 X116.131 Y117.73 E2.05396
G1 X115.858 Y117.827 E2.06377
G1 X115.576 Y117.898 E2.07361
G1 X115.29 Y117.94 E2.08339
G1 X115 Y117.955 E2.09322
G1 X114.71 Y117.94 E2.10305
G1 X114.424 Y117.898 E2.11283
G1 X114.142 Y117.827 E2.12267
G1 X113.869 Y117.73 E2.13248
G1 X113.607 Y117.606 E2.14229
G1 X113.358 Y117.457 E2.15211
G1 X113.126 Y117.284 E2.16191
G1 X112.911 Y117.089 E2.17173
G1 X112.716 Y116.874 E2.18155
G1 X112.543 Y116.642 E2.19135
G1 X112.394 Y116.393 E2.20117
G1 X112.27 Y116.131 E2.21098
G1 X112.173 Y115.858 E2.22079
G1 X112.102 Y115.576 E2.23063
G1 X112.06 Y115.29 E2.24041
G1 X112.045 Y115 E2.25024
G1 X112.06 Y114.71 E2.26007
G1 X112.102 Y114.424 E2.26985
G1 X112.173 Y114.142 E2.27969
G1 X112.27 Y113.869 E2.2895
G1 X112.394 Y113.607 E2.29931
G1 X112.543 Y113.358 E2.30913
G1 X112.716 Y113.126 E2.31893
G1 X112.911 Y112.911 E2.32875
G1 X113.126 Y112.716 E2.33857
G1 X113.358 Y112.543 E2.34837
G1 X113.607 Y112.394 E2.35819
G1 X113.869 Y112.27 E2.368
G1 X114.142 Y112.173 E2.37781
G1 X114.424 Y112.102 E2.38765
G1 X114.709 Y112.06 E2.3974
G1 X115.053 Y112.047 E2.40905
G1 X115.289 Y112.059 E2.41705
G1 X115.576 Y112.102 E2.42687
G1 X115.858 Y112.173 E2.43671
G1 X116.131 Y112.27 E2.44652
G1 X116.393 Y112.394 E2.45633
G1 X116.642 Y112.543 E2.46615
G1 X116.874 Y112.716 E2.47595
G1 X117.089 Y112.911 E2.48577
G1 X117.284 Y113.126 E2.49559
G1 X117.457 Y113.358 E2.50539
G1 X117.606 Y113.607 E2.51521
G1 X117.73 Y113.869 E2.52502
G1 X117.827 Y114.142 E2.53483
G1 X117.898 Y114.424 E2.54467
G1 X117.94 Y114.71 E2.55445
G1 X117.955 Y115 E2.56428
G1 X117.94 Y115.29 E2.57411
G1 X117.898 Y115.576 E2.58389
G1 X117.827 Y115.858 E2.59373
G1 X117.73 Y116.131 E2.60354
G1 X117.606 Y116.393 E2.61335
G1 X117.457 Y116.642 E2.62317
G1 X117.406 Y116.71 E2.62605
G1 X117.063 Y116.53 F7200
;TYPE:Perimeter
;WIDTH:0.4
G1 F1500
G1 X116.988 Y116.632 E2.62981
G1 X116.819 Y116.819 E2.63729
G1 X116.632 Y116.988 E2.64477
G1 X116.429 Y117.139 E2.65228
G1 X116.213 Y117.268 E2.65975
G1 X115.984 Y117.376 E2.66727
G1 X115.747 Y117.461 E2.67475
G1 X115.502 Y117.523 E2.68225
G1 X115.252 Y117.56 E2.68975
G1 X115 Y117.572 E2.69724
G1 X114.748 Y117.56 E2.70473
G1 X114.498 Y117.523 E2.71223
G1 X114.253 Y117.461 E2.71973
G1 X114.016 Y117.376 E2.72721
G1 X113.787 Y117.268 E2.73473
G1 X113.571 Y117.139 E2.7422
G1 X113.368 Y116.988 E2.74971
G1 X113.181 Y116.819 E2.75719
G1 X113.012 Y116.632 E2.76467
G1 X112.861 Y116.429 E2.77218
G1 X112.732 Y116.213 E2.77965
G1 X112.624 Y115.984 E2.78717
G1 X112.539 Y115.747 E2.79465
G1 X112.477 Y115.502 E2.80215
G1 X112.44 Y115.252 E2.80965
G1 X112.428 Y115 E2.81714
G1 X112.44 Y114.748 E2.82463
G1 X112.477 Y114.498 E2.83213
G1 X112.539 Y114.253 E2.83963
G1 X112.624 Y114.016 E2.84711
G1 X112.732 Y113.787 E2.85463
G1 X112.861 Y113.571 E2.8621
G1 X113.012 Y113.368 E2.86961
G1 X113.181 Y113.181 E2.87709
G1 X113.368 Y113.012 E2.88457
G1 X113.571 Y112.861 E2.89208
G1 X113.787 Y112.732 E2.89955
G1 X114.016 Y112.624 E2.90707
G1 X114.253 Y112.539 E2.91455
G1 X114.498 Y112.477 E2.92205
G1 X114.744 Y112.441 E2.92943
G1 X115.25 Y112.44 E2.94445
G1 X115.502 Y112.477 E2.95201
G1 X115.747 Y112.539 E2.95951
G1 X115.984 Y112.624 E2.96699
G1 X116.213 Y112.732 E2.97451
G1 X116.429 Y112.861 E2.98198
G1 X116.632 Y113.012 E2.98949
G1 X116.819 Y113.181 E2.99697
G1 X116.988 Y113.368 E3.00445
G1 X117.139 Y113.571 E3.01196
G1 X117.268 Y113.787 E3.01943
G1 X117.376 Y114.016 E3.02695
G1 X117.461 Y114.253 E3.03443
G1 X117.523 Y114.498 E3.04193
G1 X117.56 Y114.748 E3.04943
G1 X117.572 Y115 E3.05692
G1 X117.56 Y115.252 E3.06441
G1 X117.523 Y115.502 E3.07191
G1 X117.461 Y115.747 E3.07941
G1 X117.376 Y115.984 E3.08689
G1 X117.268 Y116.213 E3.09441
G1 X117.139 Y116.429 E3.10188
G1 X117.099 Y116.482 E3.10385
G1 E1.70385 F4800
;WIPE_START
G1 F5760
G1 X117.063 Y116.53 E1.65635
G1 X116.988 Y116.632 E1.55612
G1 X116.819 Y116.819 E1.35658
G1 X116.632 Y116.988 E1.15704
G1 X116.578 Y117.028 E1.10385
;WIPE_END
G92 E0
G1 X116.727 Y115.256 F7200
G1 E2 F4800
;TYPE:External perimeter
;WIDTH:0.45
G1 F1500
G1 X116.644 Y115.588 E2.01158
G1 X116.498 Y115.898 E2.02318
G1 X116.294 Y116.173 E2.03477
G1 X116.04 Y116.403 E2.04637
G1 X115.747 Y116.579 E2.05794
G1 X115.424 Y116.694 E2.06955
G1 X115.086 Y116.744 E2.08112
G1 X114.744 Y116.727 E2.09271
G1 X114.412 Y116.644 E2.10429
G1 X114.102 Y116.498 E2.11589
G1 X113.827 Y116.294 E2.12748
G1 X113.597 Y116.04 E2.13908
G1 X113.421 Y115.747 E2.15065
G1 X113.306 Y115.424 E2.16226
G1 X113.256 Y115.086 E2.17383
G1 X113.273 Y114.744 E2.18542
G1 X113.356 Y114.412 E2.197
G1 X113.502 Y114.102 E2.2086
G1 X113.706 Y113.827 E2.22019
G1 X113.96 Y113.597 E2.23179
G1 X114.253 Y113.421 E2.24336
G1 X114.577 Y113.306 E2.255
G1 X114.948 Y113.255 E2.26768
G1 X115.257 Y113.273 E2.27816
G1 X115.588 Y113.356 E2.28971
G1 X115.898 Y113.502 E2.30131
G1 X116.173 Y113.706 E2.3129
G1 X116.403 Y113.96 E2.3245
G1 X116.579 Y114.253 E2.33607
G1 X116.694 Y114.576 E2.34768
G1 X116.744 Y114.914 E2.35925
G1 X116.73 Y115.196 E2.36881
G1 X117.107 Y115.313 F7200
;TYPE:Perimeter
;WIDTH:0.4
G1 F1500
G1 X117.006 Y115.718 E2.3812
G1 X116.827 Y116.095 E2.39359
G1 X116.578 Y116.43 E2.40598
G1 X116.269 Y116.711 E2.41838
G1 X115.911 Y116.926 E2.43078
G1 X115.518 Y117.066 E2.44317
G1 X115.104 Y117.128 E2.4556
G1 X114.687 Y117.107 E2.468
G1 X114.282 Y117.006 E2.48039
G1 X113.905 Y116.827 E2.49278
G1 X113.57 Y116.578 E2.50517
G1 X113.289 Y116.269 E2.51757
G1 X113.074 Y115.911 E2.52997
G1 X112.934 Y115.518 E2.54236
G1 X112.872 Y115.105 E2.55476
G1 X112.893 Y114.687 E2.56719
G1 X112.994 Y114.282 E2.57958
G1 X113.173 Y113.905 E2.59197
G1 X113.422 Y113.57 E2.60436
G1 X113.731 Y113.289 E2.61676
G1 X114.089 Y113.074 E2.62916
G1 X114.486 Y112.932 E2.64168
G1 X114.933 Y112.872 E2.65507
G1 X115.315 Y112.894 E2.66643
G1 X115.718 Y112.994 E2.67876
G1 X116.095 Y113.173 E2.69115
G1 X116.43 Y113.422 E2.70354
G1 X116.711 Y113.731 E2.71594
G1 X116.926 Y114.089 E2.72834
G1 X117.066 Y114.482 E2.74073
G1 X117.128 Y114.895 E2.75313
G1 X117.11 Y115.253 E2.76377
G1 X117.328 Y115.264 F7200
;TYPE:Gap fill
;WIDTH:0.124124
G1 F1500
G1 X117.347 Y114.889 E2.76631
G1 X117.28 Y114.433 E2.76942
G1 X117.126 Y113.999 E2.77253
G1 X116.89 Y113.603 E2.77564
G1 X116.581 Y113.261 E2.77875
G1 X116.211 Y112.986 E2.78186
G1 X115.795 Y112.789 E2.78497
G1 X115.352 Y112.677 E2.78806
G1 X114.921 Y112.653 E2.79097
G1 X114.438 Y112.718 E2.79426
G1 X113.999 Y112.874 E2.79741
G1 X113.603 Y113.11 E2.80052
G1 X113.261 Y113.419 E2.80363
G1 X112.986 Y113.788 E2.80674
G1 X112.789 Y114.205 E2.80985
G1 X112.676 Y114.651 E2.81296
G1 X112.653 Y115.111 E2.81607
G1 X112.72 Y115.567 E2.81918
G1 X112.874 Y116.001 E2.82229
G1 X113.11 Y116.397 E2.8254
G1 X113.419 Y116.739 E2.82851
G1 X113.788 Y117.014 E2.83162
G1 X114.205 Y117.211 E2.83473
G1 X114.651 Y117.324 E2.83784
G1 X115.111 Y117.347 E2.84095
G1 X115.567 Y117.28 E2.84406
G1 X116.001 Y117.126 E2.84717
G1 X116.397 Y116.89 E2.85028
G1 X116.739 Y116.581 E2.85339
G1 X117.014 Y116.212 E2.8565
G1 X117.211 Y115.795 E2.85961
G1 X117.324 Y115.349 E2.86272
G1 X117.325 Y115.324 E2.86289
;LAYER_CHANGE
;Z:3.68
;HEIGHT:0.2
; BEFORE_LAYER_CHANGE 17 @ 3.68mm
G1 E1.46289 F4800
;WIPE_START
G1 F5760
G1 X117.324 Y115.349 E1.44308
G1 X117.211 Y115.795 E1.07884
G1 X117.094 Y116.041 E.86289
;WIPE_END
G92 E0
G1 Z3.68 F7200
; AFTER_LAYER_CHANGE 17 @ 3.68mm
G1 X114.635 Y120.464
G1 E2 F4800
;TYPE:Support material
;WIDTH:0.42
G1 F1500
G1 X114.67 Y120.817 E2.01112
G1 X114.45 Y121.051 E2.02119
G1 X114.327 Y121.075 E2.02512
G1 X114.145 Y120.727 E2.03743
G1 X114.303 Y120.287 E2.05209
G1 X114.459 Y120.111 E2.05946
G1 X114.451 Y119.684 E2.07285
G1 X114.726 Y119.776 E2.08194
G1 X114.897 Y119.975 E2.09017
G1 X115.033 Y120.293 E2.10101
G1 X115.083 Y120.942 E2.12142
G1 X114.89 Y121.237 E2.13247
G1 X114.655 Y121.425 E2.14191
G1 X114.413 Y121.507 E2.14992
G1 X114.179 Y121.481 E2.1573
G1 X113.971 Y121.343 E2.16513
G1 X113.794 Y121.063 E2.17552
G1 X113.73 Y120.65 E2.18862
G1 X113.941 Y120.071 E2.20794
G1 X114.085 Y119.876 E2.21554
G1 X114.395 Y119.682 E2.22701
G1 E.82701 F4800
;WIPE_START
G1 F5760
G1 X114.085 Y119.876 E.5375
G1 X113.941 Y120.071 E.34559
G1 X113.89 Y120.212 E.22701
;WIPE_END
G92 E0
G1 X111.134 Y118.64 F7200
G1 E2 F4800
G1 F1500
G1 X110.856 Y118.947 E2.01299
G1 X110.63 Y118.971 E2.02012
G1 X110.46 Y118.876 E2.02623
G1 X110.536 Y118.54 E2.03703
G1 X111.115 Y118.286 E2.05685
G1 X111.136 Y117.867 E2.07
G1 X111.494 Y117.914 E2.08132
G1 X111.677 Y118.201 E2.09199
G1 X111.662 Y118.437 E2.0994
G1 X111.413 Y118.994 E2.11853
G1 X111.092 Y119.305 E2.13254
G1 X110.603 Y119.396 E2.14814
G1 X110.324 Y119.33 E2.15713
G1 X110.138 Y119.184 E2.16454
G1 X110.04 Y118.966 E2.17203
G1 X110.04 Y118.679 E2.18103
G1 X110.239 Y118.232 E2.19637
G1 X110.529 Y118.044 E2.20721
G1 X111.08 Y117.864 E2.22538
G1 E.82538 F4800
;WIPE_START
G1 F5760
G1 X110.529 Y118.044 E.36649
G1 X110.379 Y118.141 E.22538
;WIPE_END
G92 E0
G1 X109.057 Y115.218 F7200
G1 E2 F4800
G1 F1500
G1 X108.444 Y115.304 E2.01941
G1 X108.23 Y115.181 E2.02715
G1 X108.197 Y115.038 E2.03175
G1 X108.328 Y114.869 E2.03845
G1 X108.49 Y114.802 E2.04395
G1 X108.929 Y114.764 E2.05777
G1 X108.989 Y114.349 E2.07092
G1 X109.525 Y114.497 E2.08835
G1 X109.841 Y114.825 E2.10263
G1 X109.837 Y115.142 E2.11257
G1 X109.718 Y115.304 E2.11887
G1 X109.514 Y115.462 E2.12696
G1 X108.954 Y115.692 E2.14594
G1 X108.357 Y115.721 E2.16468
G1 X108.088 Y115.618 E2.17371
G1 X107.884 Y115.434 E2.18232
G1 X107.771 Y115.183 E2.19095
G1 X107.781 Y114.93 E2.19889
G1 X107.903 Y114.689 E2.20736
G1 X108.099 Y114.51 E2.21568
G1 X108.377 Y114.395 E2.22511
G1 X108.934 Y114.341 E2.24266
G1 E.84266 F4800
;WIPE_START
G1 F5760
G1 X108.377 Y114.395 E.39963
G1 X108.194 Y114.47 E.24266
;WIPE_END
G92 E0
G1 X110.509 Y111.256 F7200
G1 E2 F4800
G1 F1500
G1 X110.736 Y111.591 E2.01269
G1 X110.792 Y111.821 E2.02011
G1 X110.48 Y111.797 E2.02992
G1 X110.095 Y111.584 E2.04372
G1 X110.023 Y111.254 E2.05431
G1 X110.191 Y111.147 E2.06056
G1 X110.211 Y110.727 E2.07374
G1 X110.659 Y110.819 E2.08808
G1 X111.123 Y111.422 E2.11194
G1 X111.215 Y111.909 E2.12748
G1 X111.041 Y112.173 E2.13739
G1 X110.625 Y112.256 E2.15069
G1 X110.353 Y112.2 E2.1594
G1 X110.075 Y112.079 E2.16891
G1 X109.719 Y111.784 E2.18341
G1 X109.604 Y111.453 E2.1944
G1 X109.602 Y111.17 E2.20327
G1 X109.696 Y110.949 E2.2108
G1 X109.877 Y110.796 E2.21823
G1 X110.154 Y110.722 E2.22722
G1 E.82722 F4800
;WIPE_START
G1 F5760
G1 X109.877 Y110.796 E.60024
G1 X109.696 Y110.949 E.41261
G1 X109.605 Y111.164 E.22722
;WIPE_END
G92 E0
G1 X115.739 Y109.066 F7200
G1 E2 F4800
G1 F1500
G1 X115.522 Y109.292 E2.00982
G1 X115.403 Y109.053 E2.01819
G1 X115.358 Y108.657 E2.03069
G1 X115.182 Y108.292 E2.0434
G1 X115.215 Y108.101 E2.04948
G1 X115.352 Y107.89 E2.05737
G1 X115.521 Y107.837 E2.06292
G1 X115.519 Y107.417 E2.07609
G1 X115.767 Y107.424 E2.08387
G1 X116.073 Y107.558 E2.09434
G1 X116.298 Y107.807 E2.10486
G1 X116.436 Y108.127 E2.11579
G1 X116.464 Y108.488 E2.12714
G1 X116.094 Y109.301 E2.15515
G1 X115.684 Y109.687 E2.17281
G1 X115.465 Y109.724 E2.17977
G1 X115.224 Y109.599 E2.18828
G1 X114.998 Y109.171 E2.20346
G1 X114.94 Y108.763 E2.21638
G1 X114.767 Y108.377 E2.22964
G1 X114.811 Y107.972 E2.24241
G1 X114.931 Y107.722 E2.2511
G1 X115.125 Y107.521 E2.25986
G1 X115.462 Y107.415 E2.27094
G1 E.87094 F4800
;WIPE_START
G1 F5760
G1 X115.125 Y107.521 E.59126
G1 X114.931 Y107.722 E.37011
G1 X114.877 Y107.835 E.27094
;WIPE_END
G92 E0
G1 X121.091 Y113.024 F7200
G1 E2 F4800
G1 F1500
G1 X120.567 Y113.038 E2.01644
G1 X120.353 Y112.962 E2.02356
G1 X121.071 Y112.226 E2.0558
G1 X121.265 Y112.166 E2.06217
G1 X121.278 Y111.746 E2.07535
G1 X121.697 Y111.808 E2.08863
G1 X121.98 Y112.016 E2.09964
G1 X122.146 Y112.325 E2.11064
G1 X122.201 Y112.665 E2.12144
G1 X122.107 Y112.969 E2.13142
G1 X121.833 Y113.257 E2.14388
G1 X121.454 Y113.457 E2.15732
G1 X120.529 Y113.459 E2.18632
G1 X120.038 Y113.253 E2.20302
G1 X119.921 Y112.976 E2.21245
G1 X119.983 Y112.74 E2.2201
G1 X120.254 Y112.403 E2.23366
G1 X120.576 Y112.189 E2.24578
G1 X120.826 Y111.879 E2.25827
G1 X121.222 Y111.743 E2.2714
G1 E.8714 F4800
;WIPE_START
G1 F5760
G1 X120.826 Y111.879 E.53993
G1 X120.613 Y112.143 E.2714
;WIPE_END
G92 E0
G1 X120.225 Y116.534 F7200
G1 E2 F4800
G1 F1500
G1 X120.478 Y116.551 E2.00795
G1 X120.676 Y116.78 E2.01744
G1 X120.686 Y116.9 E2.02122
G1 X120.499 Y117.027 E2.02831
G1 X120.228 Y117.024 E2.03681
G1 X119.795 Y116.659 E2.05457
G1 X119.774 Y116.586 E2.05695
G1 X119.983 Y116.528 E2.06375
G1 X119.988 Y116.108 E2.07692
G1 X120.549 Y116.135 E2.09453
G1 X120.887 Y116.342 E2.10696
G1 X121.068 Y116.611 E2.11713
G1 X121.125 Y116.868 E2.12538
G1 X121.072 Y117.093 E2.13263
G1 X120.91 Y117.287 E2.14055
G1 X120.635 Y117.43 E2.15027
G1 X120.295 Y117.488 E2.16108
G1 X119.826 Y117.279 E2.17718
G1 X119.494 Y116.97 E2.1914
G1 X119.345 Y116.614 E2.2035
G1 X119.429 Y116.32 E2.21309
G1 X119.931 Y116.107 E2.23019
G1 E.83019 F4800
;WIPE_START
G1 F5760
G1 X119.429 Y116.32 E.39848
G1 X119.37 Y116.524 E.23019
;WIPE_END
G92 E0
G1 X118.645 Y120.265 F7200
G1 E2 F4800
G1 F1500
G1 X118.694 Y120.669 E2.01276
G1 X118.565 Y120.772 E2.01794
G1 X118.421 Y120.754 E2.02249
G1 X118.175 Y120.502 E2.03353
G1 X118.002 Y120.08 E2.04783
G1 X117.97 Y119.79 E2.05698
G1 X118.098 Y119.262 E2.07401
G1 X118.604 Y119.516 E2.09176
G1 X118.926 Y119.885 E2.10712
G1 X119.103 Y120.246 E2.11973
G1 X119.151 Y120.579 E2.13028
G1 X119.077 Y120.864 E2.13951
G1 X118.898 Y121.083 E2.14838
G1 X118.642 Y121.196 E2.15715
G1 X118.192 Y121.111 E2.17151
G1 X117.982 Y120.943 E2.17994
G1 X117.663 Y120.418 E2.1992
G1 X117.548 Y119.802 E2.21885
G1 X117.687 Y119.374 E2.23296
G1 X117.822 Y119.274 E2.23823
G1 X118.043 Y119.248 E2.24521
G1 E.84521 F4800
;WIPE_START
G1 F5760
G1 X117.822 Y119.274 E.66905
G1 X117.687 Y119.374 E.53605
G1 X117.573 Y119.723 E.24521
;WIPE_END
G92 E0
G1 X117.37 Y116.758 F7200
G1 E2 F4800
;TYPE:External perimeter
;WIDTH:0.45
G1 F1500
G1 X117.284 Y116.874 E2.00489
G1 X117.089 Y117.089 E2.01471
G1 X116.874 Y117.284 E2.02453
G1 X116.642 Y117.457 E2.03433
G1 X116.393 Y117.606 E2.04415
G1 X116.131 Y117.73 E2.05396
G1 X115.858 Y117.827 E2.06377
G1 X115.576 Y117.898 E2.07361
G1 X115.29 Y117.94 E2.08339
G1 X115 Y117.955 E2.09322
G1 X114.71 Y117.94 E2.10305
G1 X114.424 Y117.898 E2.11283
G1 X114.142 Y117.827 E2.12267
G1 X113.869 Y117.73 E2.13248
G1 X113.607 Y117.606 E2.14229
G1 X113.358 Y117.457 E2.15211
G1 X113.126 Y117.284 E2.16191
G1 X112.911 Y117.089 E2.17173
G1 X112.716 Y116.874 E2.18155
G1 X112.543 Y116.642 E2.19135
G1 X112.394 Y116.393 E2.20117
G1 X112.27 Y116.131 E2.21098
G1 X112.173 Y115.858 E2.22079
G1 X112.102 Y115.576 E2.23063
G1 X112.06 Y115.29 E2.24041
G1 X112.045 Y115 E2.25024
G1 X112.06 Y114.71 E2.26007
G1 X112.102 Y114.424 E2.26985
G1 X112.173 Y114.142 E2.27969
G1 X112.27 Y113.869 E2.2895
G1 X112.394 Y113.607 E2.29931
G1 X112.543 Y113.358 E2.30913
G1 X112.716 Y113.126 E2.31893
G1 X112.911 Y112.911 E2.32875
G1 X113.126 Y112.716 E2.33857
G1 X113.358 Y112.543 E2.34837
G1 X113.607 Y112.394 E2.35819
G1 X113.869 Y112.27 E2.368
G1 X114.142 Y112.173 E2.37781
G1 X114.424 Y112.102 E2.38765
G1 X114.709 Y112.06 E2.3974
G1 X115.043 Y112.046 E2.40872
G1 X115.289 Y112.059 E2.41706
G1 X115.576 Y112.102 E2.42688
G1 X115.858 Y112.173 E2.43672
G1 X116.131 Y112.27 E2.44653
G1 X116.393 Y112.394 E2.45634
G1 X116.642 Y112.543 E2.46616
G1 X116.874 Y112.716 E2.47596
G1 X117.089 Y112.911 E2.48578
G1 X117.284 Y113.126 E2.4956
G1 X117.457 Y113.358 E2.5054
G1 X117.606 Y113.607 E2.51522
G1 X117.73 Y113.869 E2.52503
G1 X117.827 Y114.142 E2.53484
G1 X117.898 Y114.424 E2.54468
G1 X117.94 Y114.71 E2.55446
G1 X117.955 Y115 E2.56429
G1 X117.94 Y115.29 E2.57412
G1 X117.898 Y115.576 E2.5839
G1 X117.827 Y115.858 E2.59374
G1 X117.73 Y116.131 E2.60355
G1 X117.606 Y116.393 E2.61336
G1 X117.457 Y116.642 E2.62318
G1 X117.406 Y116.71 E2.62606
G1 X117.063 Y116.53 F7200
;TYPE:Perimeter
;WIDTH:0.4
G1 F1500
G1 X116.988 Y116.632 E2.62982
G1 X116.819 Y116.819 E2.6373
G1 X116.632 Y116.988 E2.64478
G1 X116.429 Y117.139 E2.65229
G1 X116.213 Y117.268 E2.65976
G1 X115.984 Y117.376 E2.66728
G1 X115.747 Y117.461 E2.67476
G1 X115.502 Y117.523 E2.68226
G1 X115.252 Y117.56 E2.68976
G1 X115 Y117.572 E2.69725
G1 X114.748 Y117.56 E2.70474
G1 X114.498 Y117.523 E2.71224
G1 X114.253 Y117.461 E2.71974
G1 X114.016 Y117.376 E2.72722
G1 X113.787 Y117.268 E2.73474
G1 X113.571 Y117.139 E2.74221
G1 X113.368 Y116.988 E2.74972
G1 X113.181 Y116.819 E2.7572
G1 X113.012 Y116.632 E2.76468
G1 X112.861 Y116.429 E2.77219
G1 X112.732 Y116.213 E2.77966
G1 X112.624 Y115.984 E2.78718
G1 X112.539 Y115.747 E2.79466
G1 X112.477 Y115.502 E2.80216
G1 X112.44 Y115.252 E2.80966
G1 X112.428 Y115 E2.81715
G1 X112.44 Y114.748 E2.82464
G1 X112.477 Y114.498 E2.83214
G1 X112.539 Y114.253 E2.83964
G1 X112.624 Y114.016 E2.84712
G1 X112.732 Y113.787 E2.85464
G1 X112.861 Y113.571 E2.86211
G1 X113.012 Y113.368 E2.86962
G1 X113.181 Y113.181 E2.8771
G1 X113.368 Y113.012 E2.88458
G1 X113.571 Y112.861 E2.89209
G1 X113.787 Y112.732 E2.89956
G1 X114.016 Y112.624 E2.90708
G1 X114.253 Y112.539 E2.91456
G1 X114.498 Y112.477 E2.92206
G1 X114.745 Y112.441 E2.92947
G1 X115.251 Y112.44 E2.94449
G1 X115.502 Y112.477 E2.95202
G1 X115.747 Y112.539 E2.95952
G1 X115.984 Y112.624 E2.967
G1 X116.213 Y112.732 E2.97452
G1 X116.429 Y112.861 E2.98199
G1 X116.632 Y113.012 E2.9895
G1 X116.819 Y113.181 E2.99698
G1 X116.988 Y113.368 E3.00446
G1 X117.139 Y113.571 E3.01197
G1 X117.268 Y113.788 E3.01947
G1 X117.376 Y114.016 E3.02696
G1 X117.461 Y114.253 E3.03444
G1 X117.523 Y114.498 E3.04194
G1 X117.56 Y114.748 E3.04944
G1 X117.572 Y115 E3.05693
G1 X117.56 Y115.252 E3.06442
G1 X117.523 Y115.502 E3.07192
G1 X117.461 Y115.747 E3.07942
G1 X117.376 Y115.984 E3.0869
G1 X117.268 Y116.213 E3.09442
G1 X117.139 Y116.429 E3.10189
G1 X117.099 Y116.482 E3.10386
G1 E1.70386 F4800
;WIPE_START
G1 F5760
G1 X117.063 Y116.53 E1.65636
G1 X116.988 Y116.632 E1.55613
G1 X116.819 Y116.819 E1.35659
G1 X116.632 Y116.988 E1.15705
G1 X116.578 Y117.028 E1.10386
;WIPE_END
G92 E0
G1 X116.727 Y115.256 F7200
G1 E2 F4800
;TYPE:External perimeter
;WIDTH:0.45
G1 F1500
G1 X116.644 Y115.588 E2.01158
G1 X116.498 Y115.898 E2.02318
G1 X116.294 Y116.173 E2.03477
G1 X116.04 Y116.403 E2.04637
G1 X115.747 Y116.579 E2.05794
G1 X115.424 Y116.694 E2.06955
G1 X115.086 Y116.744 E2.08112
G1 X114.744 Y116.727 E2.09271
G1 X114.412 Y116.644 E2.10429
G1 X114.102 Y116.498 E2.11589
G1 X113.827 Y116.294 E2.12748
G1 X113.597 Y116.04 E2.13908
G1 X113.421 Y115.747 E2.15065
G1 X113.306 Y115.424 E2.16226
G1 X113.256 Y115.086 E2.17383
G1 X113.273 Y114.744 E2.18542
G1 X113.356 Y114.412 E2.197
G1 X113.502 Y114.102 E2.2086
G1 X113.706 Y113.827 E2.22019
G1 X113.96 Y113.597 E2.23179
G1 X114.253 Y113.421 E2.24336
G1 X114.577 Y113.306 E2.255
G1 X114.945 Y113.255 E2.26758
G1 X115.257 Y113.273 E2.27816
G1 X115.588 Y113.356 E2.28971
G1 X115.898 Y113.502 E2.30131
G1 X116.173 Y113.706 E2.3129
G1 X116.403 Y113.96 E2.3245
G1 X116.579 Y114.253 E2.33607
G1 X116.694 Y114.576 E2.34768
G1 X116.744 Y114.914 E2.35925
G1 X116.73 Y115.196 E2.36881
G1 X117.107 Y115.313 F7200
;TYPE:Perimeter
;WIDTH:0.4
G1 F1500
G1 X117.006 Y115.718 E2.3812
G1 X116.827 Y116.095 E2.39359
G1 X116.578 Y116.43 E2.40598
G1 X116.269 Y116.711 E2.41838
G1 X115.911 Y116.926 E2.43078
G1 X115.518 Y117.066 E2.44317
G1 X115.105 Y117.128 E2.45557
G1 X114.687 Y117.107 E2.468
G1 X114.282 Y117.006 E2.48039
G1 X113.905 Y116.827 E2.49278
G1 X113.57 Y116.578 E2.50517
G1 X113.289 Y116.269 E2.51757
G1 X113.074 Y115.911 E2.52997
G1 X112.934 Y115.518 E2.54236
G1 X112.872 Y115.105 E2.55476
G1 X112.893 Y114.687 E2.56719
G1 X112.994 Y114.282 E2.57958
G1 X113.173 Y113.905 E2.59197
G1 X113.422 Y113.57 E2.60436
G1 X113.731 Y113.289 E2.61676
G1 X114.089 Y113.074 E2.62916
G1 X114.486 Y112.933 E2.64167
G1 X114.93 Y112.872 E2.65498
G1 X115.315 Y112.894 E2.66643
G1 X115.718 Y112.994 E2.67876
G1 X116.095 Y113.173 E2.69115
G1 X116.43 Y113.422 E2.70354
G1 X116.711 Y113.731 E2.71594
G1 X116.926 Y114.089 E2.72834
G1 X117.066 Y114.482 E2.74073
G1 X117.128 Y114.895 E2.75313
G1 X117.11 Y115.253 E2.76377
G1 X117.328 Y115.264 F7200
;TYPE:Gap fill
;WIDTH:0.124124
G1 F1500
G1 X117.347 Y114.889 E2.76631
G1 X117.28 Y114.433 E2.76942
G1 X117.126 Y113.999 E2.77253
G1 X116.89 Y113.603 E2.77564
G1 X116.581 Y113.261 E2.77875
G1 X116.212 Y112.986 E2.78186
G1 X115.795 Y112.789 E2.78497
G1 X115.352 Y112.677 E2.78806
G1 X114.918 Y112.653 E2.79099
G1 X114.438 Y112.718 E2.79426
G1 X113.999 Y112.874 E2.79741
G1 X113.603 Y113.11 E2.80052
G1 X113.261 Y113.419 E2.80363
G1 X112.986 Y113.788 E2.80674
G1 X112.789 Y114.205 E2.80985
G1 X112.676 Y114.651 E2.81296
G1 X112.653 Y115.111 E2.81607
G1 X112.72 Y115.567 E2.81918
G1 X112.874 Y116.001 E2.82229
G1 X113.11 Y116.397 E2.8254
G1 X113.419 Y116.739 E2.82851
G1 X113.788 Y117.014 E2.83162
G1 X114.205 Y117.211 E2.83473
G1 X114.651 Y117.324 E2.83784
G1 X115.111 Y117.347 E2.84095
G1 X115.567 Y117.28 E2.84406
G1 X116.001 Y117.126 E2.84717
G1 X116.397 Y116.89 E2.85028
G1 X116.739 Y116.581 E2.85339
G1 X117.014 Y116.212 E2.8565
G1 X117.211 Y115.795 E2.85961
G1 X117.324 Y115.349 E2.86272
G1 X117.325 Y115.324 E2.86289
;LAYER_CHANGE
;Z:3.88
;HEIGHT:0.2
; BEFORE_LAYER_CHANGE 18 @ 3.88mm
G1 E1.46289 F4800
;WIPE_START
G1 F5760
G1 X117.324 Y115.349 E1.44308
G1 X117.211 Y115.795 E1.07884
G1 X117.094 Y116.041 E.86289
;WIPE_END
G92 E0
G1 Z3.88 F7200
; AFTER_LAYER_CHANGE 18 @ 3.88mm
G1 X114.463 Y120.068
G1 E2 F4800
;TYPE:Support material
;WIDTH:0.42
G1 F1500
G1 X114.569 Y120.483 E2.01343
G1 X114.546 Y120.764 E2.02227
G1 X114.406 Y120.877 E2.02791
G1 X114.297 Y120.815 E2.03184
G1 X114.33 Y120.335 E2.04693
G1 X114.58 Y119.614 E2.07086
G1 X114.814 Y119.823 E2.0807
G1 X114.992 Y120.469 E2.10171
G1 X114.891 Y121.062 E2.12057
G1 X114.665 Y121.238 E2.12955
G1 X114.435 Y121.306 E2.13707
G1 X114.208 Y121.271 E2.14427
G1 X113.981 Y121.104 E2.15311
G1 X113.856 Y120.823 E2.16275
G1 X113.874 Y120.48 E2.17352
G1 X114.139 Y119.786 E2.19681
G1 X114.265 Y119.659 E2.20242
G1 X114.529 Y119.589 E2.21098
G1 E.81098 F4800
;WIPE_START
G1 F5760
G1 X114.265 Y119.659 E.59476
G1 X114.139 Y119.786 E.45313
G1 X114.03 Y120.072 E.21098
;WIPE_END
G92 E0
G1 X111.294 Y118.262 F7200
G1 E2 F4800
G1 F1500
G1 X111.125 Y118.554 E2.01058
G1 X110.795 Y118.833 E2.02413
G1 X110.644 Y118.783 E2.02912
G1 X110.626 Y118.653 E2.03323
G1 X110.921 Y118.401 E2.04539
G1 X111.301 Y118.248 E2.05823
G1 X111.461 Y117.82 E2.07256
G1 X111.532 Y117.841 E2.07488
G1 X111.738 Y118.129 E2.08598
G1 X111.738 Y118.306 E2.09153
G1 X111.458 Y118.814 E2.10972
G1 X111.228 Y119.052 E2.1201
G1 X110.773 Y119.264 E2.13584
G1 X110.492 Y119.197 E2.1449
G1 X110.305 Y119.051 E2.15234
G1 X110.206 Y118.835 E2.15979
G1 X110.242 Y118.451 E2.17188
G1 X110.701 Y118.042 E2.19116
G1 X111.407 Y117.804 E2.21452
G1 E.81452 F4800
;WIPE_START
G1 F5760
G1 X110.701 Y118.042 E.2247
G1 X110.691 Y118.051 E.21452
;WIPE_END
G92 E0
G1 X109.304 Y114.891 F7200
G1 E2 F4800
G1 F1500
G1 X109.484 Y114.979 E2.00628
G1 X109.005 Y115.138 E2.0221
G1 X108.659 Y115.136 E2.03295
G1 X108.517 Y115.06 E2.038
G1 X108.801 Y114.896 E2.04828
G1 X109.09 Y114.858 E2.05742
G1 X109.139 Y114.441 E2.07058
G1 X109.641 Y114.571 E2.08684
G1 X109.831 Y114.716 E2.09433
G1 X109.935 Y114.863 E2.09998
G1 X109.932 Y115.124 E2.10816
G1 X109.635 Y115.383 E2.12052
G1 X109.065 Y115.556 E2.1392
G1 X108.553 Y115.548 E2.15526
G1 X108.303 Y115.44 E2.1638
G1 X108.132 Y115.269 E2.17138
G1 X108.077 Y115.046 E2.17858
G1 X108.153 Y114.825 E2.18591
G1 X108.325 Y114.65 E2.1936
G1 X108.684 Y114.487 E2.20596
G1 X109.083 Y114.435 E2.21858
G1 E.81858 F4800
;WIPE_START
G1 F5760
G1 X108.684 Y114.487 E.50003
G1 X108.36 Y114.634 E.21858
;WIPE_END
G92 E0
G1 X110.338 Y111.282 F7200
G1 E2 F4800
G1 F1500
G1 X110.677 Y111.582 E2.01419
G1 X110.83 Y111.847 E2.02378
G1 X110.459 Y111.719 E2.03609
G1 X110.183 Y111.462 E2.04791
G1 X110.203 Y111.335 E2.05194
G1 X110.338 Y111.282 E2.05649
G1 X110.373 Y110.86 E2.06977
G1 X110.765 Y111.067 E2.08367
G1 X111.179 Y111.586 E2.10449
G1 X111.269 Y111.818 E2.11229
G1 X111.233 Y112.111 E2.12155
G1 X110.967 Y112.262 E2.13114
G1 X110.495 Y112.205 E2.14605
G1 X109.997 Y111.896 E2.16443
G1 X109.782 Y111.636 E2.17501
G1 X109.763 Y111.291 E2.18584
G1 X109.86 Y111.073 E2.19332
G1 X110.044 Y110.923 E2.20076
G1 X110.316 Y110.854 E2.20956
G1 E.80956 F4800
;WIPE_START
G1 F5760
G1 X110.044 Y110.923 E.58741
G1 X109.86 Y111.073 E.39947
G1 X109.763 Y111.291 E.21057
G1 X109.763 Y111.292 E.20956
;WIPE_END
G92 E0
G1 X115.72 Y108.874 F7200
G1 E2 F4800
G1 F1500
G1 X115.512 Y109.339 E2.01597
G1 X115.449 Y109.029 E2.02589
G1 X115.498 Y108.618 E2.03887
G1 X115.388 Y108.264 E2.05049
G1 X115.603 Y108.091 E2.05914
G1 X115.649 Y107.67 E2.07242
G1 X115.968 Y107.785 E2.08305
G1 X116.174 Y108.008 E2.09257
G1 X116.301 Y108.332 E2.10348
G1 X116.105 Y109.131 E2.12927
G1 X115.939 Y109.484 E2.1415
G1 X115.697 Y109.737 E2.15248
G1 X115.449 Y109.814 E2.16062
G1 X115.296 Y109.748 E2.16584
G1 X115.111 Y109.478 E2.1761
G1 X115.028 Y109.048 E2.18983
G1 X115.063 Y108.632 E2.20292
G1 X114.957 Y108.235 E2.2158
G1 X115.117 Y107.889 E2.22775
G1 X115.328 Y107.724 E2.23615
G1 X115.592 Y107.667 E2.24462
G1 E.84462 F4800
;WIPE_START
G1 F5760
G1 X115.328 Y107.724 E.6308
G1 X115.117 Y107.889 E.41875
G1 X115.025 Y108.088 E.24462
;WIPE_END
G92 E0
G1 X121.031 Y112.876 F7200
G1 E2 F4800
G1 F1500
G1 X120.639 Y112.99 E2.0128
G1 X120.31 Y112.977 E2.02312
G1 X120.586 Y112.754 E2.03425
G1 X120.986 Y112.602 E2.04767
G1 X121.229 Y112.377 E2.05805
G1 X121.243 Y111.957 E2.07123
G1 X121.726 Y112.122 E2.08723
G1 X121.904 Y112.384 E2.09716
G1 X121.933 Y112.675 E2.10633
G1 X121.807 Y112.982 E2.11673
G1 X121.536 Y113.245 E2.12857
G1 X120.698 Y113.41 E2.15535
G1 X120.296 Y113.408 E2.16795
G1 X119.987 Y113.296 E2.17826
G1 X119.841 Y113.07 E2.1867
G1 X120.051 Y112.629 E2.20201
G1 X120.395 Y112.377 E2.21538
G1 X120.754 Y112.241 E2.22742
G1 X121.03 Y111.98 E2.23933
G1 X121.187 Y111.955 E2.24431
G1 E.84431 F4800
;WIPE_START
G1 F5760
G1 X121.03 Y111.98 E.71845
G1 X120.754 Y112.241 E.41772
G1 X120.549 Y112.319 E.24431
;WIPE_END
G92 E0
G1 X120.028 Y116.57 F7200
G1 E2 F4800
G1 F1500
G1 X120.461 Y116.698 E2.01416
G1 X120.488 Y116.841 E2.01872
G1 X120.378 Y116.928 E2.02312
G1 X120.002 Y116.812 E2.03546
G1 X119.73 Y116.566 E2.04696
G1 X119.874 Y116.567 E2.05148
G1 X119.884 Y116.147 E2.06465
G1 X120.671 Y116.326 E2.08996
G1 X120.87 Y116.553 E2.09943
G1 X120.927 Y116.81 E2.10768
G1 X120.873 Y117.035 E2.11494
G1 X120.711 Y117.228 E2.12284
G1 X120.462 Y117.358 E2.13165
G1 X120.006 Y117.271 E2.14621
G1 X119.61 Y117.052 E2.1604
G1 X119.347 Y116.749 E2.17298
G1 X119.273 Y116.439 E2.18297
G1 X119.423 Y116.223 E2.19122
G1 X119.827 Y116.146 E2.20412
G1 E.80412 F4800
;WIPE_START
G1 F5760
G1 X119.423 Y116.223 E.47853
G1 X119.273 Y116.439 E.27034
G1 X119.292 Y116.52 E.20412
;WIPE_END
G92 E0
G1 X118.168 Y119.777 F7200
G1 E2 F4800
G1 F1500
G1 X118.456 Y120.216 E2.01646
G1 X118.466 Y120.47 E2.02443
G1 X118.318 Y120.4 E2.02956
G1 X118.091 Y120.086 E2.04171
G1 X117.92 Y119.189 E2.07034
G1 X118.372 Y119.38 E2.08573
G1 X118.665 Y119.695 E2.09922
G1 X118.862 Y120.088 E2.113
G1 X118.911 Y120.418 E2.12346
G1 X118.848 Y120.675 E2.13176
G1 X118.687 Y120.85 E2.13922
G1 X118.47 Y120.903 E2.14622
G1 X118.248 Y120.849 E2.15338
G1 X118.046 Y120.726 E2.1608
G1 X117.715 Y120.274 E2.17837
G1 X117.552 Y119.623 E2.19941
G1 X117.648 Y119.295 E2.21013
G1 X117.864 Y119.182 E2.21777
G1 E.81777 F4800
;WIPE_START
G1 F5760
G1 X117.648 Y119.295 E.62478
G1 X117.552 Y119.623 E.35422
G1 X117.594 Y119.79 E.21777
;WIPE_END
G92 E0
G1 X117.37 Y116.758 F7200
G1 E2 F4800
;TYPE:External perimeter
;WIDTH:0.45
G1 F1500
G1 X117.284 Y116.874 E2.00489
G1 X117.089 Y117.089 E2.01471
G1 X116.874 Y117.284 E2.02453
G1 X116.642 Y117.457 E2.03433
G1 X116.393 Y117.606 E2.04415
G1 X116.131 Y117.73 E2.05396
G1 X115.858 Y117.827 E2.06377
G1 X115.576 Y117.898 E2.07361
G1 X115.29 Y117.94 E2.08339
G1 X115 Y117.955 E2.09322
G1 X114.71 Y117.94 E2.10305
G1 X114.424 Y117.898 E2.11283
G1 X114.142 Y117.827 E2.12267
G1 X113.869 Y117.73 E2.13248
G1 X113.607 Y117.606 E2.14229
G1 X113.358 Y117.457 E2.15211
G1 X113.126 Y117.284 E2.16191
G1 X112.911 Y117.089 E2.17173
G1 X112.716 Y116.874 E2.18155
G1 X112.543 Y116.642 E2.19135
G1 X112.394 Y116.393 E2.20117
G1 X112.27 Y116.131 E2.21098
G1 X112.173 Y115.858 E2.22079
G1 X112.102 Y115.576 E2.23063
G1 X112.06 Y115.29 E2.24041
G1 X112.045 Y115 E2.25024
G1 X112.06 Y114.71 E2.26007
G1 X112.102 Y114.424 E2.26985
G1 X112.173 Y114.142 E2.27969
G1 X112.27 Y113.869 E2.2895
G1 X112.394 Y113.607 E2.29931
G1 X112.543 Y113.358 E2.30913
G1 X112.716 Y113.126 E2.31893
G1 X112.911 Y112.911 E2.32875
G1 X113.126 Y112.716 E2.33857
G1 X113.358 Y112.543 E2.34837
G1 X113.607 Y112.394 E2.35819
G1 X113.869 Y112.27 E2.368
G1 X114.142 Y112.173 E2.37781
G1 X114.424 Y112.102 E2.38765
G1 X114.71 Y112.06 E2.39743
G1 X115.033 Y112.046 E2.40837
G1 X115.289 Y112.059 E2.41705
G1 X115.576 Y112.102 E2.42687
G1 X115.858 Y112.173 E2.43671
G1 X116.131 Y112.27 E2.44652
G1 X116.393 Y112.394 E2.45633
G1 X116.642 Y112.543 E2.46615
G1 X116.874 Y112.716 E2.47595
G1 X117.089 Y112.911 E2.48577
G1 X117.284 Y113.126 E2.49559
G1 X117.457 Y113.358 E2.50539
G1 X117.606 Y113.607 E2.51521
G1 X117.73 Y113.869 E2.52502
G1 X117.827 Y114.142 E2.53483
G1 X117.898 Y114.424 E2.54467
G1 X117.94 Y114.71 E2.55445
G1 X117.955 Y115 E2.56428
G1 X117.94 Y115.29 E2.57411
G1 X117.898 Y115.576 E2.58389
G1 X117.827 Y115.858 E2.59373
G1 X117.73 Y116.131 E2.60354
G1 X117.606 Y116.393 E2.61335
G1 X117.457 Y116.642 E2.62317
G1 X117.406 Y116.71 E2.62605
G1 X117.063 Y116.53 F7200
;TYPE:Perimeter
;WIDTH:0.4
G1 F1500
G1 X116.988 Y116.632 E2.62981
G1 X116.819 Y116.819 E2.63729
G1 X116.632 Y116.988 E2.64477
G1 X116.429 Y117.139 E2.65228
G1 X116.213 Y117.268 E2.65975
G1 X115.984 Y117.376 E2.66727
G1 X115.747 Y117.461 E2.67475
G1 X115.502 Y117.523 E2.68225
G1 X115.252 Y117.56 E2.68975
G1 X115 Y117.572 E2.69724
G1 X114.748 Y117.56 E2.70473
G1 X114.498 Y117.523 E2.71223
G1 X114.253 Y117.461 E2.71973
G1 X114.016 Y117.376 E2.72721
G1 X113.787 Y117.268 E2.73473
G1 X113.571 Y117.139 E2.7422
G1 X113.368 Y116.988 E2.74971
G1 X113.181 Y116.819 E2.75719
G1 X113.012 Y116.632 E2.76467
G1 X112.861 Y116.429 E2.77218
G1 X112.732 Y116.213 E2.77965
G1 X112.624 Y115.984 E2.78717
G1 X112.539 Y115.747 E2.79465
G1 X112.477 Y115.502 E2.80215
G1 X112.44 Y115.252 E2.80965
G1 X112.428 Y115 E2.81714
G1 X112.44 Y114.748 E2.82463
G1 X112.477 Y114.498 E2.83213
G1 X112.539 Y114.253 E2.83963
G1 X112.624 Y114.016 E2.84711
G1 X112.732 Y113.788 E2.8546
G1 X112.861 Y113.571 E2.8621
G1 X113.012 Y113.368 E2.86961
G1 X113.181 Y113.181 E2.87709
G1 X113.368 Y113.012 E2.88457
G1 X113.571 Y112.861 E2.89208
G1 X113.787 Y112.732 E2.89955
G1 X114.016 Y112.624 E2.90707
G1 X114.253 Y112.539 E2.91455
G1 X114.498 Y112.477 E2.92205
G1 X114.746 Y112.441 E2.92949
G1 X115.251 Y112.44 E2.94448
G1 X115.502 Y112.477 E2.95201
G1 X115.747 Y112.539 E2.95951
G1 X115.984 Y112.624 E2.96699
G1 X116.213 Y112.732 E2.97451
G1 X116.429 Y112.861 E2.98198
G1 X116.632 Y113.012 E2.98949
G1 X116.819 Y113.181 E2.99697
G1 X116.988 Y113.368 E3.00445
G1 X117.139 Y113.571 E3.01196
G1 X117.268 Y113.788 E3.01946
G1 X117.376 Y114.016 E3.02695
G1 X117.461 Y114.253 E3.03443
G1 X117.523 Y114.498 E3.04193
G1 X117.56 Y114.748 E3.04943
G1 X117.572 Y115 E3.05692
G1 X117.56 Y115.252 E3.06441
G1 X117.523 Y115.502 E3.07191
G1 X117.461 Y115.747 E3.07941
G1 X117.376 Y115.984 E3.08689
G1 X117.268 Y116.213 E3.09441
G1 X117.139 Y116.429 E3.10188
G1 X117.099 Y116.482 E3.10385
G1 E1.70385 F4800
;WIPE_START
G1 F5760
G1 X117.063 Y116.53 E1.65635
G1 X116.988 Y116.632 E1.55612
G1 X116.819 Y116.819 E1.35658
G1 X116.632 Y116.988 E1.15704
G1 X116.578 Y117.028 E1.10385
;WIPE_END
G92 E0
G1 X116.727 Y115.256 F7200
G1 E2 F4800
;TYPE:External perimeter
;WIDTH:0.45
G1 F1500
G1 X116.644 Y115.588 E2.01158
G1 X116.498 Y115.898 E2.02318
G1 X116.294 Y116.173 E2.03477
G1 X116.04 Y116.403 E2.04637
G1 X115.747 Y116.579 E2.05794
G1 X115.424 Y116.694 E2.06955
G1 X115.086 Y116.744 E2.08112
G1 X114.744 Y116.727 E2.09271
G1 X114.412 Y116.644 E2.10429
G1 X114.102 Y116.498 E2.11589
G1 X113.827 Y116.294 E2.12748
G1 X113.597 Y116.04 E2.13908
G1 X113.421 Y115.747 E2.15065
G1 X113.306 Y115.424 E2.16226
G1 X113.256 Y115.086 E2.17383
G1 X113.273 Y114.744 E2.18542
G1 X113.356 Y114.412 E2.197
G1 X113.502 Y114.102 E2.2086
G1 X113.706 Y113.827 E2.22019
G1 X113.96 Y113.597 E2.23179
G1 X114.253 Y113.421 E2.24336
G1 X114.577 Y113.306 E2.255
G1 X114.943 Y113.255 E2.26751
G1 X115.257 Y113.273 E2.27816
G1 X115.588 Y113.356 E2.28971
G1 X115.898 Y113.502 E2.30131
G1 X116.173 Y113.706 E2.3129
G1 X116.403 Y113.96 E2.3245
G1 X116.579 Y114.253 E2.33607
G1 X116.694 Y114.576 E2.34768
G1 X116.744 Y114.914 E2.35925
G1 X116.73 Y115.196 E2.36881
G1 X117.107 Y115.313 F7200
;TYPE:Perimeter
;WIDTH:0.4
G1 F1500
G1 X117.006 Y115.718 E2.3812
G1 X116.827 Y116.095 E2.39359
G1 X116.578 Y116.431 E2.40601
G1 X116.269 Y116.711 E2.41839
G1 X115.911 Y116.926 E2.43079
G1 X115.518 Y117.066 E2.44318
G1 X115.104 Y117.128 E2.45561
G1 X114.687 Y117.107 E2.46801
G1 X114.282 Y117.006 E2.4804
G1 X113.905 Y116.827 E2.49279
G1 X113.569 Y116.578 E2.50521
G1 X113.289 Y116.269 E2.51759
G1 X113.074 Y115.911 E2.52999
G1 X112.934 Y115.518 E2.54238
G1 X112.872 Y115.105 E2.55478
G1 X112.893 Y114.687 E2.56721
G1 X112.994 Y114.282 E2.5796
G1 X113.173 Y113.905 E2.59199
G1 X113.422 Y113.569 E2.60441
G1 X113.731 Y113.289 E2.61679
G1 X114.089 Y113.074 E2.62919
G1 X114.485 Y112.933 E2.64167
G1 X114.927 Y112.872 E2.65492
G1 X115.315 Y112.894 E2.66646
G1 X115.718 Y112.994 E2.67879
G1 X116.095 Y113.173 E2.69118
G1 X116.43 Y113.422 E2.70357
G1 X116.711 Y113.731 E2.71597
G1 X116.926 Y114.089 E2.72837
G1 X117.066 Y114.482 E2.74076
G1 X117.128 Y114.895 E2.75316
G1 X117.11 Y115.253 E2.7638
G1 X117.328 Y115.264 F7200
;TYPE:Gap fill
;WIDTH:0.124126
G1 F1500
G1 X117.347 Y114.889 E2.76634
G1 X117.28 Y114.433 E2.76945
G1 X117.126 Y113.999 E2.77256
G1 X116.89 Y113.603 E2.77567
G1 X116.581 Y113.261 E2.77878
G1 X116.212 Y112.986 E2.78189
G1 X115.795 Y112.789 E2.785
G1 X115.352 Y112.677 E2.78809
G1 X114.914 Y112.653 E2.79105
G1 X114.437 Y112.718 E2.7943
G1 X113.999 Y112.874 E2.79744
G1 X113.603 Y113.11 E2.80055
G1 X113.262 Y113.419 E2.80366
G1 X112.986 Y113.788 E2.80677
G1 X112.789 Y114.205 E2.80988
G1 X112.676 Y114.651 E2.81299
G1 X112.653 Y115.111 E2.8161
G1 X112.72 Y115.567 E2.81921
G1 X112.874 Y116.001 E2.82232
G1 X113.11 Y116.397 E2.82543
G1 X113.419 Y116.739 E2.82854
G1 X113.788 Y117.014 E2.83165
G1 X114.205 Y117.211 E2.83476
G1 X114.651 Y117.324 E2.83787
G1 X115.111 Y117.347 E2.84098
G1 X115.567 Y117.28 E2.84409
G1 X116.001 Y117.126 E2.8472
G1 X116.397 Y116.89 E2.85031
G1 X116.739 Y116.581 E2.85342
G1 X117.014 Y116.212 E2.85653
G1 X117.211 Y115.795 E2.85964
G1 X117.324 Y115.349 E2.86275
G1 X117.325 Y115.324 E2.86292
;LAYER_CHANGE
;Z:4.08
;HEIGHT:0.2
; BEFORE_LAYER_CHANGE 19 @ 4.08mm
G1 E1.46292 F4800
;WIPE_START
G1 F5760
G1 X117.324 Y115.349 E1.44311
G1 X117.211 Y115.795 E1.07887
G1 X117.094 Y116.041 E.86292
;WIPE_END
G92 E0
G1 Z4.08 F7200
; AFTER_LAYER_CHANGE 19 @ 4.08mm
G1 X114.456 Y120.218
G1 E2 F4800
;TYPE:Support material
;WIDTH:0.42
G1 F1500
G1 X114.438 Y120.417 E2.00626
G1 X114.523 Y119.503 E2.03504
G1 X114.718 Y119.656 E2.04281
G1 X114.882 Y120.231 E2.06156
G1 X114.718 Y120.888 E2.08279
G1 X114.427 Y121.103 E2.09413
G1 X114.231 Y121.051 E2.10049
G1 X114.099 Y120.86 E2.10777
G1 X114.012 Y120.36 E2.12368
G1 X114.208 Y119.671 E2.14614
G1 X114.468 Y119.49 E2.15607
G1 E.75607 F4800
;WIPE_START
G1 F5760
G1 X114.208 Y119.671 E.50527
G1 X114.087 Y120.095 E.15607
;WIPE_END
G92 E0
G1 X111.047 Y118.463 F7200
G1 E2 F4800
G1 F1500
G1 X111.556 Y117.754 E2.02737
G1 X111.715 Y117.8 E2.03256
G1 X111.768 Y118.086 E2.04168
G1 X111.697 Y118.417 E2.05229
G1 X111.283 Y118.82 E2.07041
G1 X110.794 Y119.027 E2.08706
G1 X110.632 Y119.036 E2.09215
G1 X110.477 Y118.923 E2.09816
G1 X110.403 Y118.744 E2.10423
G1 X110.685 Y118.223 E2.12281
G1 X111.106 Y117.881 E2.13982
G1 X111.499 Y117.754 E2.15277
G1 E.75277 F4800
;WIPE_START
G1 F5760
G1 X111.106 Y117.881 E.4258
G1 X110.838 Y118.099 E.15277
;WIPE_END
G92 E0
G1 X109.326 Y114.976 F7200
G1 E2 F4800
G1 F1500
G1 X109.208 Y114.977 E2.0037
G1 X109.263 Y114.97 E2.00544
G1 X109.305 Y114.552 E2.01861
G1 X109.768 Y114.666 E2.03356
G1 X109.937 Y114.779 E2.03993
G1 X110.058 Y114.998 E2.04777
G1 X109.934 Y115.211 E2.0555
G1 X109.772 Y115.307 E2.0614
G1 X109.246 Y115.406 E2.07818
G1 X108.7 Y115.321 E2.09551
G1 X108.486 Y115.104 E2.10507
G1 X108.499 Y114.926 E2.11067
G1 X108.703 Y114.704 E2.12012
G1 X109.249 Y114.546 E2.13794
G1 E.73794 F4800
;WIPE_START
G1 F5760
G1 X108.703 Y114.704 E.28796
G1 X108.575 Y114.843 E.13794
;WIPE_END
G92 E0
G1 X110.555 Y111.631 F7200
G1 E2 F4800
G1 F1500
G1 X110.703 Y111.752 E2.00599
G1 X110.555 Y111.631 E2.01198
G1 X110.394 Y111.109 E2.02911
G1 X110.845 Y111.314 E2.04464
G1 X111.084 Y111.53 E2.05474
G1 X111.342 Y111.921 E2.06943
G1 X111.317 Y112.151 E2.07668
G1 X111.076 Y112.267 E2.08507
G1 X110.882 Y112.268 E2.09115
G1 X110.649 Y112.205 E2.09872
G1 X110.219 Y111.895 E2.11534
G1 X109.963 Y111.38 E2.13337
G1 X110.018 Y111.209 E2.139
G1 X110.17 Y111.097 E2.14492
G1 X110.339 Y111.095 E2.15022
G1 E.75022 F4800
;WIPE_START
G1 F5760
G1 X110.17 Y111.097 E.61642
G1 X110.018 Y111.209 E.46695
G1 X109.963 Y111.38 E.32474
G1 X110.061 Y111.577 E.15022
;WIPE_END
G92 E0
G1 X115.578 Y108.962 F7200
G1 E2 F4800
G1 F1500
G1 X115.538 Y109.195 E2.00741
G1 X115.659 Y108.012 E2.0447
G1 X115.985 Y108.212 E2.05669
G1 X116.003 Y108.983 E2.08087
G1 X115.936 Y109.354 E2.09269
G1 X115.767 Y109.691 E2.10451
G1 X115.471 Y109.909 E2.11604
G1 X115.244 Y109.765 E2.12447
G1 X115.132 Y109.495 E2.13364
G1 X115.118 Y109.143 E2.14469
G1 X115.321 Y108.531 E2.16491
G1 X115.303 Y108.118 E2.17787
G1 X115.603 Y108.001 E2.18797
G1 E.78797 F4800
;WIPE_START
G1 F5760
G1 X115.303 Y108.118 E.53305
G1 X115.321 Y108.531 E.20578
G1 X115.314 Y108.552 E.18797
;WIPE_END
G92 E0
G1 X120.637 Y112.865 F7200
G1 E2 F4800
G1 F1500
G1 X120.561 Y112.89 E2.00251
G1 X121.336 Y112.251 E2.034
G1 X121.571 Y112.476 E2.0442
G1 X121.597 Y112.734 E2.05233
G1 X121.525 Y112.896 E2.05789
G1 X120.791 Y113.266 E2.08366
G1 X120.343 Y113.375 E2.09812
G1 X120.033 Y113.353 E2.10786
G1 X119.888 Y113.297 E2.11273
G1 X119.758 Y113.126 E2.11947
G1 X119.862 Y112.847 E2.12881
G1 X120.121 Y112.624 E2.13953
G1 X120.598 Y112.436 E2.15561
G1 X120.963 Y112.427 E2.16706
G1 X121.281 Y112.238 E2.17866
G1 E.77866 F4800
;WIPE_START
G1 F5760
G1 X120.963 Y112.427 E.4858
G1 X120.598 Y112.436 E.19675
G1 X120.577 Y112.444 E.17866
;WIPE_END
G92 E0
G1 X119.931 Y116.655 F7200
G1 E2 F4800
G1 F1500
G1 X120.003 Y116.678 E2.00237
G1 X119.931 Y116.655 E2.00474
G1 X119.781 Y116.176 E2.02048
G1 X120.167 Y116.285 E2.03306
G1 X120.569 Y116.54 E2.04799
G1 X120.719 Y116.788 E2.05708
G1 X120.675 Y116.973 E2.06304
G1 X120.473 Y117.11 E2.07069
G1 X120.031 Y117.13 E2.08456
G1 X119.577 Y116.953 E2.09984
G1 X119.296 Y116.677 E2.11219
G1 X119.197 Y116.368 E2.12236
G1 X119.332 Y116.2 E2.12912
G1 X119.726 Y116.16 E2.14154
G1 E.74154 F4800
;WIPE_START
G1 F5760
G1 X119.332 Y116.2 E.42802
G1 X119.197 Y116.368 E.2574
G1 X119.242 Y116.507 E.14154
;WIPE_END
G92 E0
G1 X118.046 Y119.748 F7200
G1 E2 F4800
G1 F1500
G1 X118.124 Y119.886 E2.00497
G1 X117.887 Y119.128 E2.02987
G1 X118.111 Y119.232 E2.03761
G1 X118.401 Y119.511 E2.05023
G1 X118.59 Y119.87 E2.06295
G1 X118.643 Y120.211 E2.07377
G1 X118.582 Y120.418 E2.08054
G1 X118.434 Y120.532 E2.0864
G1 X118.074 Y120.444 E2.09802
G1 X117.665 Y119.927 E2.11869
G1 X117.565 Y119.317 E2.13807
G1 X117.628 Y119.189 E2.14254
G1 X117.831 Y119.119 E2.14927
G1 E.74927 F4800
;WIPE_START
G1 F5760
G1 X117.628 Y119.189 E.57928
G1 X117.565 Y119.317 E.46634
G1 X117.63 Y119.713 E.14927
;WIPE_END
G92 E0
G1 X117.37 Y116.758 F7200
G1 E2 F4800
;TYPE:External perimeter
;WIDTH:0.45
G1 F1500
G1 X117.284 Y116.874 E2.00489
G1 X117.089 Y117.089 E2.01471
G1 X116.874 Y117.284 E2.02453
G1 X116.642 Y117.457 E2.03433
G1 X116.393 Y117.606 E2.04415
G1 X116.131 Y117.73 E2.05396
G1 X115.858 Y117.827 E2.06377
G1 X115.576 Y117.898 E2.07361
G1 X115.29 Y117.94 E2.08339
G1 X115 Y117.955 E2.09322
G1 X114.71 Y117.94 E2.10305
G1 X114.424 Y117.898 E2.11283
G1 X114.142 Y117.827 E2.12267
G1 X113.869 Y117.73 E2.13248
G1 X113.607 Y117.606 E2.14229
G1 X113.358 Y117.457 E2.15211
G1 X113.126 Y117.284 E2.16191
G1 X112.911 Y117.089 E2.17173
G1 X112.716 Y116.874 E2.18155
G1 X112.543 Y116.642 E2.19135
G1 X112.394 Y116.393 E2.20117
G1 X112.27 Y116.131 E2.21098
G1 X112.173 Y115.858 E2.22079
G1 X112.102 Y115.576 E2.23063
G1 X112.06 Y115.29 E2.24041
G1 X112.045 Y115 E2.25024
G1 X112.06 Y114.71 E2.26007
G1 X112.102 Y114.424 E2.26985
G1 X112.173 Y114.142 E2.27969
G1 X112.27 Y113.869 E2.2895
G1 X112.394 Y113.607 E2.29931
G1 X112.543 Y113.358 E2.30913
G1 X112.716 Y113.126 E2.31893
G1 X112.911 Y112.911 E2.32875
G1 X113.126 Y112.716 E2.33857
G1 X113.358 Y112.543 E2.34837
G1 X113.607 Y112.394 E2.35819
G1 X113.869 Y112.27 E2.368
G1 X114.142 Y112.173 E2.37781
G1 X114.424 Y112.102 E2.38765
G1 X114.71 Y112.06 E2.39743
G1 X115.023 Y112.046 E2.40804
G1 X115.289 Y112.059 E2.41705
G1 X115.576 Y112.102 E2.42687
G1 X115.858 Y112.173 E2.43671
G1 X116.131 Y112.27 E2.44652
G1 X116.393 Y112.394 E2.45633
G1 X116.642 Y112.543 E2.46615
G1 X116.874 Y112.716 E2.47595
G1 X117.089 Y112.911 E2.48577
G1 X117.284 Y113.126 E2.49559
G1 X117.457 Y113.358 E2.50539
G1 X117.606 Y113.607 E2.51521
G1 X117.73 Y113.869 E2.52502
G1 X117.827 Y114.142 E2.53483
G1 X117.898 Y114.424 E2.54467
G1 X117.94 Y114.71 E2.55445
G1 X117.955 Y115 E2.56428
G1 X117.94 Y115.29 E2.57411
G1 X117.898 Y115.576 E2.58389
G1 X117.827 Y115.858 E2.59373
G1 X117.73 Y116.131 E2.60354
G1 X117.606 Y116.393 E2.61335
G1 X117.457 Y116.642 E2.62317
G1 X117.406 Y116.71 E2.62605
G1 X117.063 Y116.53 F7200
;TYPE:Perimeter
;WIDTH:0.4
G1 F1500
G1 X116.988 Y116.632 E2.62981
G1 X116.819 Y116.819 E2.63729
G1 X116.632 Y116.988 E2.64477
G1 X116.429 Y117.139 E2.65228
G1 X116.213 Y117.268 E2.65975
G1 X115.984 Y117.376 E2.66727
G1 X115.747 Y117.461 E2.67475
G1 X115.502 Y117.523 E2.68225
G1 X115.252 Y117.56 E2.68975
G1 X115 Y117.572 E2.69724
G1 X114.748 Y117.56 E2.70473
G1 X114.498 Y117.523 E2.71223
G1 X114.253 Y117.461 E2.71973
G1 X114.016 Y117.376 E2.72721
G1 X113.787 Y117.268 E2.73473
G1 X113.571 Y117.139 E2.7422
G1 X113.368 Y116.988 E2.74971
G1 X113.181 Y116.819 E2.75719
G1 X113.012 Y116.632 E2.76467
G1 X112.861 Y116.429 E2.77218
G1 X112.732 Y116.213 E2.77965
G1 X112.624 Y115.984 E2.78717
G1 X112.539 Y115.747 E2.79465
G1 X112.477 Y115.502 E2.80215
G1 X112.44 Y115.252 E2.80965
G1 X112.428 Y115 E2.81714
G1 X112.44 Y114.748 E2.82463
G1 X112.477 Y114.498 E2.83213
G1 X112.539 Y114.253 E2.83963
G1 X112.624 Y114.016 E2.84711
G1 X112.732 Y113.787 E2.85463
G1 X112.861 Y113.571 E2.8621
G1 X113.012 Y113.368 E2.86961
G1 X113.181 Y113.181 E2.87709
G1 X113.368 Y113.012 E2.88457
G1 X113.571 Y112.861 E2.89208
G1 X113.787 Y112.732 E2.89955
G1 X114.016 Y112.624 E2.90707
G1 X114.253 Y112.539 E2.91455
G1 X114.498 Y112.477 E2.92205
G1 X114.746 Y112.44 E2.92949
G1 X115.251 Y112.44 E2.94448
G1 X115.502 Y112.477 E2.95201
G1 X115.747 Y112.539 E2.95951
G1 X115.984 Y112.624 E2.96699
G1 X116.213 Y112.732 E2.97451
G1 X116.429 Y112.861 E2.98198
G1 X116.632 Y113.012 E2.98949
G1 X116.819 Y113.181 E2.99697
G1 X116.988 Y113.368 E3.00445
G1 X117.139 Y113.571 E3.01196
G1 X117.268 Y113.787 E3.01943
G1 X117.376 Y114.016 E3.02695
G1 X117.461 Y114.253 E3.03443
G1 X117.523 Y114.498 E3.04193
G1 X117.56 Y114.748 E3.04943
G1 X117.572 Y115 E3.05692
G1 X117.56 Y115.252 E3.06441
G1 X117.523 Y115.502 E3.07191
G1 X117.461 Y115.747 E3.07941
G1 X117.376 Y115.984 E3.08689
G1 X117.268 Y116.213 E3.09441
G1 X117.139 Y116.429 E3.10188
G1 X117.099 Y116.482 E3.10385
G1 E1.70385 F4800
;WIPE_START
G1 F5760
G1 X117.063 Y116.53 E1.65635
G1 X116.988 Y116.632 E1.55612
G1 X116.819 Y116.819 E1.35658
G1 X116.632 Y116.988 E1.15704
G1 X116.578 Y117.028 E1.10385
;WIPE_END
G92 E0
G1 X116.727 Y115.256 F7200
G1 E2 F4800
;TYPE:External perimeter
;WIDTH:0.45
G1 F1500
G1 X116.644 Y115.588 E2.01158
G1 X116.498 Y115.898 E2.02318
G1 X116.294 Y116.173 E2.03477
G1 X116.04 Y116.403 E2.04637
G1 X115.747 Y116.579 E2.05794
G1 X115.424 Y116.694 E2.06955
G1 X115.086 Y116.744 E2.08112
G1 X114.744 Y116.727 E2.09271
G1 X114.412 Y116.644 E2.10429
G1 X114.102 Y116.498 E2.11589
G1 X113.827 Y116.294 E2.12748
G1 X113.597 Y116.04 E2.13908
G1 X113.421 Y115.747 E2.15065
G1 X113.306 Y115.424 E2.16226
G1 X113.256 Y115.086 E2.17383
G1 X113.273 Y114.744 E2.18542
G1 X113.356 Y114.412 E2.197
G1 X113.502 Y114.102 E2.2086
G1 X113.706 Y113.827 E2.22019
G1 X113.96 Y113.597 E2.23179
G1 X114.253 Y113.421 E2.24336
G1 X114.577 Y113.306 E2.255
G1 X114.94 Y113.255 E2.26741
G1 X115.257 Y113.273 E2.27816
G1 X115.588 Y113.356 E2.28971
G1 X115.898 Y113.502 E2.30131
G1 X116.173 Y113.706 E2.3129
G1 X116.403 Y113.96 E2.3245
G1 X116.579 Y114.253 E2.33607
G1 X116.694 Y114.576 E2.34768
G1 X116.744 Y114.914 E2.35925
G1 X116.73 Y115.196 E2.36881
G1 X117.107 Y115.313 F7200
;TYPE:Perimeter
;WIDTH:0.4
G1 F1500
G1 X117.006 Y115.718 E2.3812
G1 X116.827 Y116.095 E2.39359
G1 X116.578 Y116.431 E2.40601
G1 X116.269 Y116.711 E2.41839
G1 X115.911 Y116.926 E2.43079
G1 X115.518 Y117.066 E2.44318
G1 X115.105 Y117.128 E2.45558
G1 X114.687 Y117.107 E2.46801
G1 X114.282 Y117.006 E2.4804
G1 X113.905 Y116.827 E2.49279
G1 X113.569 Y116.578 E2.50521
G1 X113.289 Y116.269 E2.51759
G1 X113.074 Y115.911 E2.52999
G1 X112.934 Y115.518 E2.54238
G1 X112.872 Y115.105 E2.55478
G1 X112.893 Y114.687 E2.56721
G1 X112.994 Y114.282 E2.5796
G1 X113.173 Y113.905 E2.59199
G1 X113.422 Y113.569 E2.60441
G1 X113.731 Y113.289 E2.61679
G1 X114.089 Y113.074 E2.62919
G1 X114.485 Y112.933 E2.64167
G1 X114.924 Y112.872 E2.65483
G1 X115.315 Y112.893 E2.66646
G1 X115.718 Y112.994 E2.6788
G1 X116.095 Y113.173 E2.69119
G1 X116.43 Y113.422 E2.70358
G1 X116.711 Y113.731 E2.71598
G1 X116.926 Y114.089 E2.72838
G1 X117.066 Y114.482 E2.74077
G1 X117.128 Y114.895 E2.75317
G1 X117.11 Y115.253 E2.76381
G1 X117.328 Y115.264 F7200
;TYPE:Gap fill
;WIDTH:0.124127
G1 F1500
G1 X117.347 Y114.889 E2.76635
G1 X117.28 Y114.433 E2.76946
G1 X117.126 Y113.999 E2.77257
G1 X116.89 Y113.603 E2.77568
G1 X116.581 Y113.262 E2.77879
G1 X116.212 Y112.986 E2.7819
G1 X115.795 Y112.789 E2.78501
G1 X115.351 Y112.677 E2.7881
G1 X114.911 Y112.652 E2.79108
G1 X114.437 Y112.718 E2.79431
G1 X113.999 Y112.874 E2.79745
G1 X113.603 Y113.11 E2.80056
G1 X113.262 Y113.419 E2.80367
G1 X112.986 Y113.788 E2.80678
G1 X112.789 Y114.205 E2.80989
G1 X112.676 Y114.651 E2.813
G1 X112.653 Y115.111 E2.81611
G1 X112.72 Y115.567 E2.81922
G1 X112.874 Y116.001 E2.82233
G1 X113.11 Y116.397 E2.82544
G1 X113.419 Y116.739 E2.82855
G1 X113.788 Y117.014 E2.83166
G1 X114.205 Y117.211 E2.83477
G1 X114.651 Y117.324 E2.83788
G1 X115.111 Y117.347 E2.84099
G1 X115.567 Y117.28 E2.8441
G1 X116.001 Y117.126 E2.84721
G1 X116.397 Y116.89 E2.85032
G1 X116.738 Y116.581 E2.85343
G1 X117.014 Y116.212 E2.85654
G1 X117.211 Y115.795 E2.85965
G1 X117.324 Y115.349 E2.86276
G1 X117.325 Y115.324 E2.86293
;LAYER_CHANGE
;Z:4.28
;HEIGHT:0.2
; BEFORE_LAYER_CHANGE 20 @ 4.28mm
G1 E1.46293 F4800
;WIPE_START
G1 F5760
G1 X117.324 Y115.349 E1.44312
G1 X117.211 Y115.795 E1.07888
G1 X117.094 Y116.041 E.86293
;WIPE_END
G92 E0
G1 Z4.28 F7200
; AFTER_LAYER_CHANGE 20 @ 4.28mm
G1 X114.51 Y119.381
G1 E2 F4800
;TYPE:Support material
;WIDTH:0.42
G1 F1500
G1 X114.723 Y119.7 E2.01203
G1 X114.764 Y119.985 E2.02106
G1 X114.723 Y120.277 E2.03031
G1 X114.607 Y120.505 E2.03833
G1 X114.458 Y120.613 E2.0441
G1 X114.33 Y120.575 E2.04829
G1 X114.225 Y120.396 E2.0548
G1 X114.168 Y119.971 E2.06824
G1 X114.31 Y119.495 E2.08381
G1 X114.453 Y119.375 E2.08966
G1 E.68966 F4800
;WIPE_START
G1 F5760
G1 X114.31 Y119.495 E.54187
G1 X114.168 Y119.971 E.14863
G1 X114.178 Y120.045 E.08966
;WIPE_END
G92 E0
G1 X111.777 Y117.689 F7200
G1 E2 F4800
G1 F1500
G1 X111.839 Y117.772 E2.00325
G1 X111.804 Y118.429 E2.02388
G1 X110.931 Y118.653 E2.05214
G1 X110.848 Y118.575 E2.05571
G1 X110.863 Y118.388 E2.06159
G1 X111.072 Y118.008 E2.07519
G1 X111.453 Y117.746 E2.08969
G1 X111.728 Y117.661 E2.09871
G1 E.69871 F4800
;WIPE_START
G1 F5760
G1 X111.453 Y117.746 E.47084
G1 X111.072 Y118.008 E.10478
G1 X111.068 Y118.015 E.09871
;WIPE_END
G92 E0
G1 X109.498 Y114.687 F7200
G1 E2 F4800
G1 F1500
G1 X110.056 Y114.84 E2.01814
G1 X110.154 Y114.93 E2.02231
G1 X110.154 Y115.08 E2.02701
G1 X109.693 Y115.278 E2.04274
G1 X109.208 Y115.218 E2.05806
G1 X109.011 Y115.103 E2.06521
G1 X108.948 Y114.983 E2.06946
G1 X109.027 Y114.838 E2.07464
G1 X109.441 Y114.683 E2.0885
G1 E.6885 F4800
;WIPE_START
G1 F5760
G1 X109.027 Y114.838 E.33853
G1 X108.948 Y114.983 E.20781
G1 X109.011 Y115.103 E.10051
G1 X109.024 Y115.111 E.0885
;WIPE_END
G92 E0
G1 X110.538 Y111.463 F7200
G1 E2 F4800
G1 F1500
G1 X110.716 Y111.472 E2.00559
G1 X111.183 Y111.73 E2.02232
G1 X111.44 Y112.03 E2.03471
G1 X111.422 Y112.2 E2.04007
G1 X111.017 Y112.245 E2.05285
G1 X110.638 Y112.07 E2.06594
G1 X110.398 Y111.749 E2.07851
G1 X110.385 Y111.537 E2.08517
G1 X110.482 Y111.457 E2.08911
G1 E.68911 F4800
;WIPE_START
G1 F5760
G1 X110.385 Y111.537 E.58957
G1 X110.398 Y111.749 E.42142
G1 X110.638 Y112.07 E.10412
G1 X110.655 Y112.078 E.08911
;WIPE_END
G92 E0
G1 X115.593 Y108.8 F7200
G1 E2 F4800
G1 F1500
G1 X115.773 Y108.979 E2.00796
G1 X115.816 Y109.278 E2.01743
G1 X115.627 Y109.903 E2.0379
G1 X115.439 Y110.024 E2.04491
G1 X115.306 Y109.913 E2.05034
G1 X115.195 Y109.452 E2.06521
G1 X115.321 Y109.016 E2.07944
G1 X115.537 Y108.796 E2.08911
G1 E.68911 F4800
;WIPE_START
G1 F5760
G1 X115.321 Y109.016 E.44503
G1 X115.196 Y109.448 E.08911
;WIPE_END
G92 E0
G1 X120.654 Y112.687 F7200
G1 E2 F4800
G1 F1500
G1 X120.802 Y112.762 E2.0052
G1 X120.829 Y112.878 E2.00893
G1 X120.699 Y113.082 E2.01651
G1 X120.375 Y113.271 E2.02827
G1 X119.918 Y113.328 E2.04271
G1 X119.66 Y113.216 E2.05153
G1 X119.681 Y113.06 E2.05647
G1 X119.923 Y112.828 E2.06698
G1 X120.203 Y112.699 E2.07665
G1 X120.603 Y112.662 E2.08925
G1 E.68925 F4800
;WIPE_START
G1 F5760
G1 X120.203 Y112.699 E.37123
G1 X119.923 Y112.828 E.12717
G1 X119.888 Y112.861 E.08925
;WIPE_END
G92 E0
G1 X119.419 Y116.169 F7200
G1 E2 F4800
G1 F1500
G1 X119.752 Y116.245 E2.01071
G1 X120.083 Y116.454 E2.02298
G1 X120.231 Y116.676 E2.03135
G1 X120.209 Y116.796 E2.03518
G1 X120.034 Y116.892 E2.04144
G1 X119.702 Y116.869 E2.05187
G1 X119.365 Y116.693 E2.06379
G1 X119.104 Y116.357 E2.07713
G1 X119.156 Y116.202 E2.08226
G1 X119.363 Y116.163 E2.08886
G1 E.68886 F4800
;WIPE_START
G1 F5760
G1 X119.156 Y116.202 E.5221
G1 X119.104 Y116.357 E.39267
G1 X119.34 Y116.66 E.08886
;WIPE_END
G92 E0
G1 X117.75 Y119.051 F7200
G1 E2 F4800
G1 F1500
G1 X118.144 Y119.344 E2.0154
G1 X118.299 Y119.631 E2.02563
G1 X118.339 Y119.917 E2.03468
G1 X118.27 Y120.081 E2.04026
G1 X118.145 Y120.11 E2.04428
G1 X117.97 Y120.028 E2.05034
G1 X117.706 Y119.753 E2.06229
G1 X117.539 Y119.193 E2.08061
G1 X117.696 Y119.034 E2.08762
G1 E.68762 F4800
;WIPE_START
G1 F5760
G1 X117.539 Y119.193 E.51072
G1 X117.692 Y119.705 E.08762
;WIPE_END
G92 E0
G1 X117.37 Y116.758 F7200
G1 E2 F4800
;TYPE:External perimeter
;WIDTH:0.45
G1 F1500
G1 X117.284 Y116.874 E2.00489
G1 X117.089 Y117.089 E2.01471
G1 X116.874 Y117.284 E2.02453
G1 X116.642 Y117.457 E2.03433
G1 X116.393 Y117.606 E2.04415
G1 X116.131 Y117.73 E2.05396
G1 X115.858 Y117.827 E2.06377
G1 X115.576 Y117.898 E2.07361
G1 X115.29 Y117.94 E2.08339
G1 X115 Y117.955 E2.09322
G1 X114.71 Y117.94 E2.10305
G1 X114.424 Y117.898 E2.11283
G1 X114.142 Y117.827 E2.12267
G1 X113.869 Y117.73 E2.13248
G1 X113.607 Y117.606 E2.14229
G1 X113.358 Y117.457 E2.15211
G1 X113.126 Y117.284 E2.16191
G1 X112.911 Y117.089 E2.17173
G1 X112.716 Y116.874 E2.18155
G1 X112.543 Y116.642 E2.19135
G1 X112.394 Y116.393 E2.20117
G1 X112.27 Y116.131 E2.21098
G1 X112.173 Y115.858 E2.22079
G1 X112.102 Y115.576 E2.23063
G1 X112.06 Y115.29 E2.24041
G1 X112.045 Y115 E2.25024
G1 X112.06 Y114.71 E2.26007
G1 X112.102 Y114.424 E2.26985
G1 X112.173 Y114.142 E2.27969
G1 X112.27 Y113.869 E2.2895
G1 X112.394 Y113.607 E2.29931
G1 X112.543 Y113.358 E2.30913
G1 X112.716 Y113.126 E2.31893
G1 X112.911 Y112.911 E2.32875
G1 X113.126 Y112.716 E2.33857
G1 X113.358 Y112.543 E2.34837
G1 X113.607 Y112.394 E2.35819
G1 X113.869 Y112.27 E2.368
G1 X114.142 Y112.173 E2.37781
G1 X114.424 Y112.102 E2.38765
G1 X114.71 Y112.06 E2.39743
G1 X115.013 Y112.046 E2.4077
G1 X115.289 Y112.06 E2.41705
G1 X115.576 Y112.102 E2.42687
G1 X115.858 Y112.173 E2.43671
G1 X116.131 Y112.27 E2.44652
G1 X116.393 Y112.394 E2.45633
G1 X116.642 Y112.543 E2.46615
G1 X116.874 Y112.716 E2.47595
G1 X117.089 Y112.911 E2.48577
G1 X117.284 Y113.126 E2.49559
G1 X117.457 Y113.358 E2.50539
G1 X117.606 Y113.607 E2.51521
G1 X117.73 Y113.869 E2.52502
G1 X117.827 Y114.142 E2.53483
G1 X117.898 Y114.424 E2.54467
G1 X117.94 Y114.71 E2.55445
G1 X117.955 Y115 E2.56428
G1 X117.94 Y115.29 E2.57411
G1 X117.898 Y115.576 E2.58389
G1 X117.827 Y115.858 E2.59373
G1 X117.73 Y116.131 E2.60354
G1 X117.606 Y116.393 E2.61335
G1 X117.457 Y116.642 E2.62317
G1 X117.406 Y116.71 E2.62605
G1 X117.063 Y116.53 F7200
;TYPE:Perimeter
;WIDTH:0.4
G1 F1500
G1 X116.988 Y116.632 E2.62981
G1 X116.819 Y116.819 E2.63729
G1 X116.632 Y116.988 E2.64477
G1 X116.429 Y117.139 E2.65228
G1 X116.213 Y117.268 E2.65975
G1 X115.984 Y117.376 E2.66727
G1 X115.747 Y117.461 E2.67475
G1 X115.502 Y117.523 E2.68225
G1 X115.252 Y117.56 E2.68975
G1 X115 Y117.572 E2.69724
G1 X114.748 Y117.56 E2.70473
G1 X114.498 Y117.523 E2.71223
G1 X114.253 Y117.461 E2.71973
G1 X114.016 Y117.376 E2.72721
G1 X113.787 Y117.268 E2.73473
G1 X113.571 Y117.139 E2.7422
G1 X113.368 Y116.988 E2.74971
G1 X113.181 Y116.819 E2.75719
G1 X113.012 Y116.632 E2.76467
G1 X112.861 Y116.429 E2.77218
G1 X112.732 Y116.213 E2.77965
G1 X112.624 Y115.984 E2.78717
G1 X112.539 Y115.747 E2.79465
G1 X112.477 Y115.502 E2.80215
G1 X112.44 Y115.252 E2.80965
G1 X112.428 Y115 E2.81714
G1 X112.44 Y114.748 E2.82463
G1 X112.477 Y114.498 E2.83213
G1 X112.539 Y114.253 E2.83963
G1 X112.624 Y114.016 E2.84711
G1 X112.732 Y113.787 E2.85463
G1 X112.861 Y113.571 E2.8621
G1 X113.012 Y113.368 E2.86961
G1 X113.181 Y113.181 E2.87709
G1 X113.368 Y113.012 E2.88457
G1 X113.571 Y112.861 E2.89208
G1 X113.787 Y112.732 E2.89955
G1 X114.016 Y112.624 E2.90707
G1 X114.253 Y112.539 E2.91455
G1 X114.498 Y112.477 E2.92205
G1 X114.747 Y112.44 E2.92952
G1 X115.012 Y112.428 E2.9374
G1 X115.252 Y112.44 E2.94453
G1 X115.502 Y112.477 E2.95203
G1 X115.747 Y112.539 E2.95953
G1 X115.984 Y112.624 E2.96701
G1 X116.212 Y112.732 E2.9745
G1 X116.429 Y112.861 E2.982
G1 X116.632 Y113.012 E2.98951
G1 X116.819 Y113.181 E2.99699
G1 X116.988 Y113.368 E3.00447
G1 X117.139 Y113.571 E3.01198
G1 X117.268 Y113.787 E3.01945
G1 X117.376 Y114.016 E3.02697
G1 X117.461 Y114.253 E3.03445
G1 X117.523 Y114.498 E3.04195
G1 X117.56 Y114.748 E3.04945
G1 X117.572 Y115 E3.05694
G1 X117.56 Y115.252 E3.06443
G1 X117.523 Y115.502 E3.07193
G1 X117.461 Y115.747 E3.07943
G1 X117.376 Y115.984 E3.08691
G1 X117.268 Y116.213 E3.09443
G1 X117.139 Y116.429 E3.1019
G1 X117.099 Y116.482 E3.10387
G1 E1.70387 F4800
;WIPE_START
G1 F5760
G1 X117.063 Y116.53 E1.65637
G1 X116.988 Y116.632 E1.55614
G1 X116.819 Y116.819 E1.3566
G1 X116.632 Y116.988 E1.15706
G1 X116.578 Y117.028 E1.10387
;WIPE_END
G92 E0
G1 X116.727 Y115.256 F7200
G1 E2 F4800
;TYPE:External perimeter
;WIDTH:0.45
G1 F1500
G1 X116.644 Y115.588 E2.01158
G1 X116.498 Y115.898 E2.02318
G1 X116.294 Y116.173 E2.03477
G1 X116.04 Y116.403 E2.04637
G1 X115.747 Y116.579 E2.05794
G1 X115.424 Y116.694 E2.06955
G1 X115.086 Y116.744 E2.08112
G1 X114.744 Y116.727 E2.09271
G1 X114.412 Y116.644 E2.10429
G1 X114.102 Y116.498 E2.11589
G1 X113.827 Y116.294 E2.12748
G1 X113.597 Y116.04 E2.13908
G1 X113.421 Y115.747 E2.15065
G1 X113.306 Y115.424 E2.16226
G1 X113.256 Y115.086 E2.17383
G1 X113.273 Y114.744 E2.18542
G1 X113.356 Y114.412 E2.197
G1 X113.502 Y114.102 E2.2086
G1 X113.706 Y113.827 E2.22019
G1 X113.96 Y113.597 E2.23179
G1 X114.253 Y113.421 E2.24336
G1 X114.577 Y113.306 E2.255
G1 X114.937 Y113.255 E2.26731
G1 X115.257 Y113.273 E2.27816
G1 X115.588 Y113.356 E2.28971
G1 X115.898 Y113.502 E2.30131
G1 X116.173 Y113.706 E2.3129
G1 X116.403 Y113.96 E2.3245
G1 X116.579 Y114.253 E2.33607
G1 X116.694 Y114.576 E2.34768
G1 X116.744 Y114.914 E2.35925
G1 X116.73 Y115.196 E2.36881
G1 X117.107 Y115.313 F7200
;TYPE:Perimeter
;WIDTH:0.4
G1 F1500
G1 X117.006 Y115.718 E2.3812
G1 X116.827 Y116.095 E2.39359
G1 X116.578 Y116.431 E2.40601
G1 X116.269 Y116.711 E2.41839
G1 X115.911 Y116.926 E2.43079
G1 X115.518 Y117.066 E2.44318
G1 X115.105 Y117.128 E2.45558
G1 X114.687 Y117.107 E2.46801
G1 X114.282 Y117.006 E2.4804
G1 X113.905 Y116.827 E2.49279
G1 X113.569 Y116.578 E2.50521
G1 X113.289 Y116.269 E2.51759
G1 X113.074 Y115.911 E2.52999
G1 X112.934 Y115.518 E2.54238
G1 X112.872 Y115.105 E2.55478
G1 X112.893 Y114.687 E2.56721
G1 X112.994 Y114.282 E2.5796
G1 X113.173 Y113.905 E2.59199
G1 X113.422 Y113.57 E2.60438
G1 X113.731 Y113.289 E2.61678
G1 X114.089 Y113.074 E2.62918
G1 X114.485 Y112.933 E2.64166
G1 X114.921 Y112.872 E2.65473
G1 X115.314 Y112.893 E2.66642
G1 X115.718 Y112.994 E2.67878
G1 X116.095 Y113.173 E2.69117
G1 X116.43 Y113.422 E2.70356
G1 X116.711 Y113.731 E2.71596
G1 X116.926 Y114.089 E2.72836
G1 X117.066 Y114.482 E2.74075
G1 X117.128 Y114.895 E2.75315
G1 X117.11 Y115.253 E2.76379
G1 X117.328 Y115.264 F7200
;TYPE:Gap fill
;WIDTH:0.124124
G1 F1500
G1 X117.347 Y114.889 E2.76633
G1 X117.28 Y114.433 E2.76944
G1 X117.126 Y113.999 E2.77255
G1 X116.89 Y113.603 E2.77566
G1 X116.581 Y113.261 E2.77877
G1 X116.212 Y112.986 E2.78188
G1 X115.795 Y112.789 E2.78499
G1 X115.351 Y112.677 E2.78808
G1 X114.908 Y112.652 E2.79108
G1 X114.436 Y112.719 E2.7943
G1 X113.999 Y112.874 E2.79743
G1 X113.603 Y113.11 E2.80054
G1 X113.261 Y113.419 E2.80365
G1 X112.986 Y113.788 E2.80676
G1 X112.789 Y114.205 E2.80987
G1 X112.676 Y114.651 E2.81298
G1 X112.653 Y115.111 E2.81609
G1 X112.72 Y115.567 E2.8192
G1 X112.874 Y116.001 E2.82231
G1 X113.11 Y116.397 E2.82542
G1 X113.419 Y116.739 E2.82853
G1 X113.788 Y117.014 E2.83164
G1 X114.205 Y117.211 E2.83475
G1 X114.651 Y117.324 E2.83786
G1 X115.111 Y117.347 E2.84097
G1 X115.567 Y117.28 E2.84408
G1 X116.001 Y117.126 E2.84719
G1 X116.397 Y116.89 E2.8503
G1 X116.738 Y116.581 E2.85341
G1 X117.014 Y116.212 E2.85652
G1 X117.211 Y115.795 E2.85963
G1 X117.324 Y115.349 E2.86274
G1 X117.325 Y115.324 E2.86291
;LAYER_CHANGE
;Z:4.48
;HEIGHT:0.2
; BEFORE_LAYER_CHANGE 21 @ 4.48mm
G1 E1.46291 F4800
;WIPE_START
G1 F5760
G1 X117.324 Y115.349 E1.4431
G1 X117.211 Y115.795 E1.07886
G1 X117.094 Y116.041 E.86291
;WIPE_END
G92 E0
G1 Z4.48 F7200
; AFTER_LAYER_CHANGE 21 @ 4.48mm
G1 X113.146 Y110.189
G1 E2 F4800
;TYPE:Support material interface
;WIDTH:0.42
G1 F1500
G1 X110.518 Y112.816 E2.11651
G1 X110.193 Y113.675 E2.14531
G1 X113.675 Y110.193 E2.29971
G1 X114.343 Y110.058 E2.32108
G1 X113.553 Y110.848 E2.35611
G1 X114.268 Y110.666 E2.37924
G1 X114.92 Y110.014 E2.40815
G1 X115.437 Y110.03 E2.42437
G1 X114.861 Y110.606 E2.44991
G1 X115.376 Y110.625 E2.46607
G1 X115.906 Y110.095 E2.48957
G1 X116.338 Y110.196 E2.50348
G1 X115.845 Y110.688 E2.52532
G1 X116.272 Y110.795 E2.53912
G1 X116.739 Y110.328 E2.55983
G1 X117.115 Y110.486 E2.57262
G1 X116.666 Y110.934 E2.59251
G1 X117.03 Y111.103 E2.60509
G1 X117.467 Y110.667 E2.62445
G1 X117.798 Y110.869 E2.63661
G1 X117.368 Y111.298 E2.65565
G1 X117.682 Y111.518 E2.66767
G1 X118.104 Y111.096 E2.68638
G1 X118.389 Y111.344 E2.69823
G1 X117.973 Y111.76 E2.71668
G1 X118.24 Y112.027 E2.72852
G1 X118.656 Y111.611 E2.74697
G1 X118.904 Y111.896 E2.75882
G1 X118.482 Y112.318 E2.77753
G1 X118.702 Y112.632 E2.78955
G1 X119.131 Y112.202 E2.80859
G1 X119.333 Y112.533 E2.82075
G1 X118.897 Y112.97 E2.84011
G1 X119.066 Y113.334 E2.85269
G1 X119.514 Y112.885 E2.87258
G1 X119.672 Y113.261 E2.88537
G1 X119.205 Y113.728 E2.90608
G1 X119.312 Y114.155 E2.91988
G1 X119.804 Y113.662 E2.94172
G1 X119.905 Y114.094 E2.95563
G1 X119.378 Y114.622 E2.97902
G1 X119.394 Y115.139 E2.99524
G1 X119.97 Y114.563 E3.02078
G1 X119.991 Y115 E3.0345
G1 X119.987 Y115.079 E3.03698
G1 X119.334 Y115.732 E3.06594
G1 X119.152 Y116.447 E3.08907
G1 X119.942 Y115.657 E3.1241
G1 X119.807 Y116.325 E3.14547
G1 X116.325 Y119.807 E3.29987
G1 X115.657 Y119.942 E3.32124
G1 X116.447 Y119.152 E3.35627
G1 X115.732 Y119.334 E3.3794
G1 X115.079 Y119.987 E3.40836
G1 X114.563 Y119.97 E3.42455
G1 X115.139 Y119.394 E3.45009
G1 X114.622 Y119.378 E3.46631
G1 X114.094 Y119.905 E3.4897
G1 X114.026 Y119.895 E3.49186
G1 X113.662 Y119.804 E3.50362
G1 X114.155 Y119.312 E3.52546
G1 X113.728 Y119.205 E3.53926
G1 X113.261 Y119.672 E3.55997
G1 X112.885 Y119.514 E3.57276
G1 X113.334 Y119.066 E3.59265
G1 X112.97 Y118.897 E3.60523
G1 X112.533 Y119.333 E3.62459
G1 X112.202 Y119.131 E3.63675
G1 X112.632 Y118.702 E3.65579
G1 X112.318 Y118.482 E3.66781
G1 X111.896 Y118.904 E3.68652
G1 X111.611 Y118.656 E3.69837
G1 X112.027 Y118.24 E3.71682
G1 X111.76 Y117.973 E3.72866
G1 X111.344 Y118.389 E3.74711
G1 X111.096 Y118.104 E3.75896
G1 X111.518 Y117.682 E3.77767
G1 X111.298 Y117.368 E3.78969
G1 X110.869 Y117.798 E3.80873
G1 X110.667 Y117.467 E3.82089
G1 X111.103 Y117.03 E3.84025
G1 X110.934 Y116.666 E3.85283
G1 X110.486 Y117.115 E3.87272
G1 X110.328 Y116.739 E3.88551
G1 X110.795 Y116.272 E3.90622
G1 X110.688 Y115.845 E3.92002
G1 X110.196 Y116.338 E3.94186
G1 X110.095 Y115.906 E3.95577
G1 X110.622 Y115.378 E3.97916
G1 X110.606 Y114.861 E3.99538
G1 X110.03 Y115.437 E4.02092
G1 X110.013 Y114.921 E4.03711
G1 X110.666 Y114.268 E4.06607
G1 X110.848 Y113.553 E4.0892
G1 X109.862 Y114.539 E4.13292
G1 E2.73292 F4800
;WIPE_START
G1 F5760
G1 X110.398 Y114.003 E2.13292
;WIPE_END
G92 E0
G1 X116.855 Y119.811 F7200
G1 E2 F4800
G1 F1500
G1 X119.811 Y116.855 E2.13107
G1 E.73107 F4800
;WIPE_START
G1 F5760
G1 X119.275 Y117.391 E.13107
;WIPE_END
G92 E0
G1 X117.37 Y116.758 F7200
G1 E2 F4800
;TYPE:External perimeter
;WIDTH:0.45
G1 F1500
G1 X117.284 Y116.874 E2.00489
G1 X117.089 Y117.089 E2.01471
G1 X116.874 Y117.284 E2.02453
G1 X116.642 Y117.457 E2.03433
G1 X116.393 Y117.606 E2.04415
G1 X116.131 Y117.73 E2.05396
G1 X115.858 Y117.827 E2.06377
G1 X115.576 Y117.898 E2.07361
G1 X115.29 Y117.94 E2.08339
G1 X115 Y117.955 E2.09322
G1 X114.71 Y117.94 E2.10305
G1 X114.424 Y117.898 E2.11283
G1 X114.142 Y117.827 E2.12267
G1 X113.869 Y117.73 E2.13248
G1 X113.607 Y117.606 E2.14229
G1 X113.358 Y117.457 E2.15211
G1 X113.126 Y117.284 E2.16191
G1 X112.911 Y117.089 E2.17173
G1 X112.716 Y116.874 E2.18155
G1 X112.543 Y116.642 E2.19135
G1 X112.394 Y116.393 E2.20117
G1 X112.27 Y116.131 E2.21098
G1 X112.173 Y115.858 E2.22079
G1 X112.102 Y115.576 E2.23063
G1 X112.06 Y115.29 E2.24041
G1 X112.045 Y115 E2.25024
G1 X112.06 Y114.71 E2.26007
G1 X112.102 Y114.424 E2.26985
G1 X112.173 Y114.142 E2.27969
G1 X112.27 Y113.869 E2.2895
G1 X112.394 Y113.607 E2.29931
G1 X112.543 Y113.358 E2.30913
G1 X112.716 Y113.126 E2.31893
G1 X112.911 Y112.911 E2.32875
G1 X113.126 Y112.716 E2.33857
G1 X113.358 Y112.543 E2.34837
G1 X113.607 Y112.394 E2.35819
G1 X113.869 Y112.27 E2.368
G1 X114.142 Y112.173 E2.37781
G1 X114.424 Y112.102 E2.38765
G1 X114.71 Y112.06 E2.39743
G1 X115.003 Y112.045 E2.40736
G1 X115.29 Y112.06 E2.41709
G1 X115.576 Y112.102 E2.42687
G1 X115.858 Y112.173 E2.43671
G1 X116.131 Y112.27 E2.44652
G1 X116.393 Y112.394 E2.45633
G1 X116.642 Y112.543 E2.46615
G1 X116.874 Y112.716 E2.47595
G1 X117.089 Y112.911 E2.48577
G1 X117.284 Y113.126 E2.49559
G1 X117.457 Y113.358 E2.50539
G1 X117.606 Y113.607 E2.51521
G1 X117.73 Y113.869 E2.52502
G1 X117.827 Y114.142 E2.53483
G1 X117.898 Y114.424 E2.54467
G1 X117.94 Y114.71 E2.55445
G1 X117.955 Y115 E2.56428
G1 X117.94 Y115.29 E2.57411
G1 X117.898 Y115.576 E2.58389
G1 X117.827 Y115.858 E2.59373
G1 X117.73 Y116.131 E2.60354
G1 X117.606 Y116.393 E2.61335
G1 X117.457 Y116.642 E2.62317
G1 X117.406 Y116.71 E2.62605
G1 X117.063 Y116.53 F7200
;TYPE:Perimeter
;WIDTH:0.4
G1 F1500
G1 X116.988 Y116.632 E2.62981
G1 X116.819 Y116.819 E2.63729
G1 X116.632 Y116.988 E2.64477
G1 X116.429 Y117.139 E2.65228
G1 X116.213 Y117.268 E2.65975
G1 X115.984 Y117.376 E2.66727
G1 X115.747 Y117.461 E2.67475
G1 X115.502 Y117.523 E2.68225
G1 X115.252 Y117.56 E2.68975
G1 X115 Y117.572 E2.69724
G1 X114.748 Y117.56 E2.70473
G1 X114.498 Y117.523 E2.71223
G1 X114.253 Y117.461 E2.71973
G1 X114.016 Y117.376 E2.72721
G1 X113.787 Y117.268 E2.73473
G1 X113.571 Y117.139 E2.7422
G1 X113.368 Y116.988 E2.74971
G1 X113.181 Y116.819 E2.75719
G1 X113.012 Y116.632 E2.76467
G1 X112.861 Y116.429 E2.77218
G1 X112.732 Y116.213 E2.77965
G1 X112.624 Y115.984 E2.78717
G1 X112.539 Y115.747 E2.79465
G1 X112.477 Y115.502 E2.80215
G1 X112.44 Y115.252 E2.80965
G1 X112.428 Y115 E2.81714
G1 X112.44 Y114.748 E2.82463
G1 X112.477 Y114.498 E2.83213
G1 X112.539 Y114.253 E2.83963
G1 X112.624 Y114.016 E2.84711
G1 X112.732 Y113.787 E2.85463
G1 X112.861 Y113.571 E2.8621
G1 X113.012 Y113.368 E2.86961
G1 X113.181 Y113.181 E2.87709
G1 X113.368 Y113.012 E2.88457
G1 X113.571 Y112.861 E2.89208
G1 X113.787 Y112.732 E2.89955
G1 X114.016 Y112.624 E2.90707
G1 X114.253 Y112.539 E2.91455
G1 X114.498 Y112.477 E2.92205
G1 X114.748 Y112.44 E2.92955
G1 X115.003 Y112.428 E2.93713
G1 X115.252 Y112.44 E2.94453
G1 X115.502 Y112.477 E2.95203
G1 X115.747 Y112.539 E2.95953
G1 X115.984 Y112.624 E2.96701
G1 X116.213 Y112.732 E2.97453
G1 X116.429 Y112.861 E2.982
G1 X116.632 Y113.012 E2.98951
G1 X116.819 Y113.181 E2.99699
G1 X116.988 Y113.368 E3.00447
G1 X117.139 Y113.571 E3.01198
G1 X117.268 Y113.787 E3.01945
G1 X117.376 Y114.016 E3.02697
G1 X117.461 Y114.253 E3.03445
G1 X117.523 Y114.498 E3.04195
G1 X117.56 Y114.748 E3.04945
G1 X117.572 Y115 E3.05694
G1 X117.56 Y115.252 E3.06443
G1 X117.523 Y115.502 E3.07193
G1 X117.461 Y115.747 E3.07943
G1 X117.376 Y115.984 E3.08691
G1 X117.268 Y116.213 E3.09443
G1 X117.139 Y116.429 E3.1019
G1 X117.099 Y116.482 E3.10387
G1 E1.70387 F4800
;WIPE_START
G1 F5760
G1 X117.063 Y116.53 E1.65637
G1 X116.988 Y116.632 E1.55614
G1 X116.819 Y116.819 E1.3566
G1 X116.632 Y116.988 E1.15706
G1 X116.578 Y117.028 E1.10387
;WIPE_END
G92 E0
G1 X116.727 Y115.256 F7200
G1 E2 F4800
;TYPE:External perimeter
;WIDTH:0.45
G1 F1500
G1 X116.644 Y115.588 E2.01158
G1 X116.498 Y115.898 E2.02318
G1 X116.294 Y116.173 E2.03477
G1 X116.04 Y116.403 E2.04637
G1 X115.747 Y116.579 E2.05794
G1 X115.424 Y116.694 E2.06955
G1 X115.086 Y116.744 E2.08112
G1 X114.744 Y116.727 E2.09271
G1 X114.412 Y116.644 E2.10429
G1 X114.102 Y116.498 E2.11589
G1 X113.827 Y116.294 E2.12748
G1 X113.597 Y116.04 E2.13908
G1 X113.421 Y115.747 E2.15065
G1 X113.306 Y115.424 E2.16226
G1 X113.256 Y115.086 E2.17383
G1 X113.273 Y114.744 E2.18542
G1 X113.356 Y114.412 E2.197
G1 X113.502 Y114.102 E2.2086
G1 X113.706 Y113.827 E2.22019
G1 X113.96 Y113.597 E2.23179
G1 X114.253 Y113.421 E2.24336
G1 X114.577 Y113.306 E2.255
G1 X114.935 Y113.255 E2.26724
G1 X115.257 Y113.273 E2.27816
G1 X115.588 Y113.356 E2.28971
G1 X115.898 Y113.502 E2.30131
G1 X116.173 Y113.706 E2.3129
G1 X116.403 Y113.96 E2.3245
G1 X116.579 Y114.253 E2.33607
G1 X116.694 Y114.576 E2.34768
G1 X116.744 Y114.914 E2.35925
G1 X116.73 Y115.196 E2.36881
G1 X117.107 Y115.313 F7200
;TYPE:Perimeter
;WIDTH:0.4
G1 F1500
G1 X117.006 Y115.718 E2.3812
G1 X116.827 Y116.095 E2.39359
G1 X116.578 Y116.431 E2.40601
G1 X116.269 Y116.711 E2.41839
G1 X115.911 Y116.926 E2.43079
G1 X115.518 Y117.066 E2.44318
G1 X115.105 Y117.128 E2.45558
G1 X114.687 Y117.107 E2.46801
G1 X114.282 Y117.006 E2.4804
G1 X113.905 Y116.827 E2.49279
G1 X113.57 Y116.578 E2.50518
G1 X113.289 Y116.269 E2.51758
G1 X113.074 Y115.911 E2.52998
G1 X112.934 Y115.518 E2.54237
G1 X112.872 Y115.105 E2.55477
G1 X112.893 Y114.687 E2.5672
G1 X112.994 Y114.282 E2.57959
G1 X113.173 Y113.905 E2.59198
G1 X113.422 Y113.57 E2.60437
G1 X113.731 Y113.289 E2.61677
G1 X114.089 Y113.074 E2.62917
G1 X114.485 Y112.933 E2.64165
G1 X114.918 Y112.872 E2.65463
G1 X115.314 Y112.893 E2.6664
G1 X115.718 Y112.994 E2.67876
G1 X116.095 Y113.173 E2.69115
G1 X116.43 Y113.422 E2.70354
G1 X116.711 Y113.731 E2.71594
G1 X116.926 Y114.089 E2.72834
G1 X117.066 Y114.482 E2.74073
G1 X117.128 Y114.895 E2.75313
G1 X117.11 Y115.253 E2.76377
G1 X117.328 Y115.264 F7200
;TYPE:Gap fill
;WIDTH:0.124126
G1 F1500
G1 X117.347 Y114.889 E2.76631
G1 X117.28 Y114.433 E2.76942
G1 X117.126 Y113.999 E2.77253
G1 X116.89 Y113.603 E2.77564
G1 X116.581 Y113.262 E2.77875
G1 X116.212 Y112.986 E2.78186
G1 X115.795 Y112.789 E2.78497
G1 X115.351 Y112.677 E2.78806
G1 X114.905 Y112.652 E2.79108
G1 X114.436 Y112.719 E2.79428
G1 X113.999 Y112.874 E2.79741
G1 X113.603 Y113.11 E2.80052
G1 X113.261 Y113.419 E2.80363
G1 X112.986 Y113.788 E2.80674
G1 X112.789 Y114.205 E2.80985
G1 X112.676 Y114.651 E2.81296
G1 X112.653 Y115.111 E2.81607
G1 X112.72 Y115.567 E2.81918
G1 X112.874 Y116.001 E2.82229
G1 X113.11 Y116.397 E2.8254
G1 X113.419 Y116.739 E2.82851
G1 X113.788 Y117.014 E2.83162
G1 X114.205 Y117.211 E2.83473
G1 X114.651 Y117.324 E2.83784
G1 X115.111 Y117.347 E2.84095
G1 X115.567 Y117.28 E2.84406
G1 X116.001 Y117.126 E2.84717
G1 X116.397 Y116.89 E2.85028
G1 X116.738 Y116.581 E2.85339
G1 X117.014 Y116.212 E2.8565
G1 X117.211 Y115.795 E2.85961
G1 X117.324 Y115.349 E2.86272
G1 X117.325 Y115.324 E2.86289
;LAYER_CHANGE
;Z:4.68
;HEIGHT:0.2
; BEFORE_LAYER_CHANGE 22 @ 4.68mm
G1 E1.46289 F4800
;WIPE_START
G1 F5760
G1 X117.324 Y115.349 E1.44308
G1 X117.211 Y115.795 E1.07884
G1 X117.094 Y116.041 E.86289
;WIPE_END
G92 E0
G1 Z4.68 F7200
; AFTER_LAYER_CHANGE 22 @ 4.68mm
G1 X117.366 Y116.768
G1 E2 F4800
;TYPE:External perimeter
;WIDTH:0.45
G1 F1500
G1 X117.189 Y116.984 E2.00945
G1 X116.984 Y117.189 E2.01926
G1 X116.76 Y117.373 E2.02907
G1 X116.519 Y117.534 E2.03888
G1 X116.263 Y117.671 E2.04871
G1 X115.995 Y117.782 E2.05853
G1 X115.718 Y117.866 E2.06833
G1 X115.434 Y117.923 E2.07813
G1 X115.145 Y117.951 E2.08796
G1 X114.855 Y117.951 E2.09778
G1 X114.566 Y117.923 E2.10761
G1 X114.282 Y117.866 E2.11741
G1 X114.005 Y117.782 E2.12721
G1 X113.737 Y117.671 E2.13703
G1 X113.481 Y117.534 E2.14686
G1 X113.24 Y117.373 E2.15667
G1 X113.016 Y117.189 E2.16648
G1 X112.811 Y116.984 E2.17629
G1 X112.627 Y116.76 E2.1861
G1 X112.466 Y116.519 E2.19591
G1 X112.329 Y116.263 E2.20574
G1 X112.218 Y115.995 E2.21556
G1 X112.134 Y115.718 E2.22536
G1 X112.077 Y115.434 E2.23516
G1 X112.049 Y115.145 E2.24499
G1 X112.049 Y114.855 E2.25481
G1 X112.077 Y114.566 E2.26464
G1 X112.134 Y114.282 E2.27444
G1 X112.218 Y114.005 E2.28424
G1 X112.329 Y113.737 E2.29406
G1 X112.466 Y113.481 E2.30389
G1 X112.627 Y113.24 E2.3137
G1 X112.811 Y113.016 E2.32351
G1 X113.016 Y112.811 E2.33332
G1 X113.24 Y112.627 E2.34313
G1 X113.481 Y112.466 E2.35294
G1 X113.737 Y112.329 E2.36277
G1 X114.005 Y112.218 E2.37259
G1 X114.282 Y112.134 E2.38239
G1 X114.566 Y112.077 E2.39219
G1 X114.856 Y112.049 E2.40205
G1 X115.082 Y112.047 E2.4097
G1 X115.435 Y112.078 E2.42169
G1 X115.718 Y112.134 E2.43145
G1 X115.995 Y112.218 E2.44125
G1 X116.263 Y112.329 E2.45107
G1 X116.519 Y112.466 E2.4609
G1 X116.76 Y112.627 E2.47071
G1 X116.984 Y112.811 E2.48052
G1 X117.189 Y113.016 E2.49033
G1 X117.373 Y113.24 E2.50014
G1 X117.534 Y113.481 E2.50995
G1 X117.671 Y113.737 E2.51978
G1 X117.782 Y114.005 E2.5296
G1 X117.866 Y114.282 E2.5394
G1 X117.923 Y114.566 E2.5492
G1 X117.951 Y114.855 E2.55903
G1 X117.951 Y115.145 E2.56885
G1 X117.923 Y115.434 E2.57868
G1 X117.866 Y115.718 E2.58848
G1 X117.782 Y115.995 E2.59828
G1 X117.671 Y116.263 E2.6081
G1 X117.534 Y116.519 E2.61793
G1 X117.401 Y116.719 E2.62606
G1 X117.047 Y116.555 F7200
;TYPE:Perimeter
;WIDTH:0.4
G1 F1500
G1 X116.906 Y116.727 E2.63266
G1 X116.727 Y116.906 E2.64018
G1 X116.532 Y117.066 E2.64767
G1 X116.322 Y117.206 E2.65516
G1 X116.1 Y117.325 E2.66264
G1 X115.867 Y117.422 E2.67013
G1 X115.625 Y117.495 E2.67764
G1 X115.377 Y117.544 E2.68515
G1 X115.126 Y117.569 E2.69264
G1 X114.874 Y117.569 E2.70012
G1 X114.623 Y117.544 E2.70761
G1 X114.375 Y117.495 E2.71512
G1 X114.133 Y117.422 E2.72263
G1 X113.9 Y117.325 E2.73012
G1 X113.678 Y117.206 E2.7376
G1 X113.468 Y117.066 E2.74509
G1 X113.273 Y116.906 E2.75258
G1 X113.094 Y116.727 E2.7601
G1 X112.934 Y116.532 E2.76759
G1 X112.794 Y116.322 E2.77508
G1 X112.675 Y116.1 E2.78256
G1 X112.578 Y115.867 E2.79005
G1 X112.505 Y115.625 E2.79756
G1 X112.456 Y115.377 E2.80507
G1 X112.431 Y115.126 E2.81256
G1 X112.431 Y114.874 E2.82004
G1 X112.456 Y114.623 E2.82753
G1 X112.505 Y114.375 E2.83504
G1 X112.578 Y114.133 E2.84255
G1 X112.675 Y113.9 E2.85004
G1 X112.794 Y113.678 E2.85752
G1 X112.934 Y113.468 E2.86501
G1 X113.094 Y113.273 E2.8725
G1 X113.273 Y113.094 E2.88002
G1 X113.468 Y112.934 E2.88751
G1 X113.678 Y112.794 E2.895
G1 X113.9 Y112.675 E2.90248
G1 X114.133 Y112.578 E2.90997
G1 X114.375 Y112.505 E2.91748
G1 X114.623 Y112.456 E2.92499
G1 X114.876 Y112.431 E2.93254
G1 X115.381 Y112.456 E2.94755
G1 X115.625 Y112.505 E2.95494
G1 X115.867 Y112.578 E2.96245
G1 X116.1 Y112.675 E2.96994
G1 X116.322 Y112.794 E2.97742
G1 X116.532 Y112.934 E2.98491
G1 X116.727 Y113.094 E2.9924
G1 X116.906 Y113.273 E2.99992
G1 X117.066 Y113.468 E3.00741
G1 X117.206 Y113.678 E3.0149
G1 X117.325 Y113.9 E3.02238
G1 X117.422 Y114.133 E3.02987
G1 X117.495 Y114.375 E3.03738
G1 X117.544 Y114.623 E3.04489
G1 X117.569 Y114.874 E3.05238
G1 X117.569 Y115.126 E3.05986
G1 X117.544 Y115.377 E3.06735
G1 X117.495 Y115.625 E3.07486
G1 X117.422 Y115.867 E3.08237
G1 X117.325 Y116.1 E3.08986
G1 X117.206 Y116.322 E3.09734
G1 X117.083 Y116.507 E3.10394
G1 E1.70394 F4800
;WIPE_START
G1 F5760
G1 X117.047 Y116.555 E1.65644
G1 X116.906 Y116.727 E1.48037
G1 X116.727 Y116.906 E1.27996
G1 X116.555 Y117.047 E1.10394
;WIPE_END
G92 E0
G1 X116.727 Y115.256 F7200
G1 E2 F4800
;TYPE:External perimeter
;WIDTH:0.45
G1 F1500
G1 X116.644 Y115.588 E2.01158
G1 X116.498 Y115.898 E2.02318
G1 X116.294 Y116.173 E2.03477
G1 X116.04 Y116.403 E2.04637
G1 X115.747 Y116.579 E2.05794
G1 X115.424 Y116.694 E2.06955
G1 X115.086 Y116.744 E2.08112
G1 X114.744 Y116.727 E2.09271
G1 X114.412 Y116.644 E2.10429
G1 X114.102 Y116.498 E2.11589
G1 X113.827 Y116.294 E2.12748
G1 X113.597 Y116.04 E2.13908
G1 X113.421 Y115.747 E2.15065
G1 X113.306 Y115.424 E2.16226
G1 X113.256 Y115.086 E2.17383
G1 X113.273 Y114.744 E2.18542
G1 X113.356 Y114.412 E2.197
G1 X113.502 Y114.102 E2.2086
G1 X113.706 Y113.827 E2.22019
G1 X113.96 Y113.597 E2.23179
G1 X114.253 Y113.421 E2.24336
G1 X114.576 Y113.306 E2.25497
G1 X114.932 Y113.255 E2.26714
G1 X115.257 Y113.273 E2.27816
G1 X115.588 Y113.356 E2.28971
G1 X115.898 Y113.502 E2.30131
G1 X116.173 Y113.706 E2.3129
G1 X116.403 Y113.96 E2.3245
G1 X116.579 Y114.253 E2.33607
G1 X116.694 Y114.576 E2.34768
G1 X116.744 Y114.914 E2.35925
G1 X116.73 Y115.196 E2.36881
G1 X117.107 Y115.313 F7200
;TYPE:Perimeter
;WIDTH:0.4
G1 F1500
G1 X117.006 Y115.718 E2.3812
G1 X116.827 Y116.095 E2.39359
G1 X116.578 Y116.431 E2.40601
G1 X116.269 Y116.711 E2.41839
G1 X115.911 Y116.926 E2.43079
G1 X115.518 Y117.066 E2.44318
G1 X115.105 Y117.128 E2.45558
G1 X114.687 Y117.107 E2.46801
G1 X114.282 Y117.006 E2.4804
G1 X113.905 Y116.827 E2.49279
G1 X113.57 Y116.578 E2.50518
G1 X113.289 Y116.269 E2.51758
G1 X113.074 Y115.911 E2.52998
G1 X112.934 Y115.518 E2.54237
G1 X112.872 Y115.105 E2.55477
G1 X112.893 Y114.687 E2.5672
G1 X112.994 Y114.282 E2.57959
G1 X113.173 Y113.905 E2.59198
G1 X113.422 Y113.569 E2.6044
G1 X113.731 Y113.289 E2.61678
G1 X114.089 Y113.074 E2.62918
G1 X114.484 Y112.933 E2.64163
G1 X114.915 Y112.872 E2.65455
G1 X115.314 Y112.893 E2.66641
G1 X115.718 Y112.994 E2.67877
G1 X116.095 Y113.173 E2.69116
G1 X116.431 Y113.422 E2.70358
G1 X116.711 Y113.731 E2.71596
G1 X116.926 Y114.089 E2.72836
G1 X117.066 Y114.482 E2.74075
G1 X117.128 Y114.895 E2.75315
G1 X117.11 Y115.253 E2.76379
G1 X117.33 Y115.263 F7200
;TYPE:Gap fill
;WIDTH:0.12676
G1 F1500
G1 X117.349 Y114.885 E2.76643
G1 X117.281 Y114.429 E2.76964
G1 X117.126 Y113.995 E2.77285
G1 X116.889 Y113.599 E2.77607
G1 X116.579 Y113.258 E2.77928
G1 X116.209 Y112.983 E2.78249
G1 X115.792 Y112.786 E2.78571
G1 X115.35 Y112.675 E2.78889
G1 X114.901 Y112.651 E2.79202
G1 X114.429 Y112.719 E2.79534
G1 X113.995 Y112.874 E2.79855
G1 X113.599 Y113.111 E2.80177
G1 X113.258 Y113.421 E2.80498
G1 X112.983 Y113.791 E2.80819
G1 X112.786 Y114.208 E2.81141
G1 X112.674 Y114.655 E2.81462
G1 X112.651 Y115.111 E2.8178
G1 X112.719 Y115.571 E2.82104
G1 X112.874 Y116.005 E2.82425
G1 X113.111 Y116.401 E2.82747
G1 X113.421 Y116.742 E2.83068
G1 X113.791 Y117.017 E2.83389
G1 X114.208 Y117.214 E2.83711
G1 X114.655 Y117.326 E2.84032
G1 X115.115 Y117.349 E2.84353
G1 X115.571 Y117.281 E2.84674
G1 X116.005 Y117.126 E2.84995
G1 X116.401 Y116.889 E2.85317
G1 X116.742 Y116.579 E2.85638
G1 X117.017 Y116.209 E2.85959
G1 X117.214 Y115.792 E2.86281
G1 X117.326 Y115.345 E2.86602
G1 X117.327 Y115.323 E2.86617
;LAYER_CHANGE
;Z:4.88
;HEIGHT:0.2
; BEFORE_LAYER_CHANGE 23 @ 4.88mm
G1 E1.46617 F4800
;WIPE_START
G1 F5760
G1 X117.326 Y115.345 E1.44874
G1 X117.214 Y115.792 E1.08393
G1 X117.096 Y116.041 E.86617
;WIPE_END
G92 E0
G1 Z4.88 F7200
; AFTER_LAYER_CHANGE 23 @ 4.88mm
G1 X113.572 Y110.256
G1 E2 F4800
;TYPE:Overhang perimeter
;WIDTH:0.346438
G1 F4860
G1 X114.033 Y110.141 E2.01199
G1 X114.514 Y110.069 E2.02426
G1 X115.021 Y110.046 E2.03707
G1 X115.486 Y110.069 E2.04882
G1 X115.967 Y110.141 E2.06109
G1 X116.438 Y110.259 E2.07334
G1 X116.896 Y110.422 E2.08561
G1 X117.336 Y110.63 E2.09789
G1 X117.753 Y110.88 E2.11016
G1 X118.143 Y111.17 E2.12243
G1 X118.504 Y111.497 E2.13472
G1 X118.83 Y111.857 E2.14698
G1 X119.12 Y112.247 E2.15925
G1 X119.37 Y112.664 E2.17152
G1 X119.578 Y113.104 E2.1838
G1 X119.741 Y113.562 E2.19607
G1 X119.859 Y114.033 E2.20832
G1 X119.931 Y114.514 E2.22059
G1 X119.955 Y115 E2.23287
G1 X119.931 Y115.486 E2.24515
G1 X119.859 Y115.967 E2.25742
G1 X119.741 Y116.438 E2.26967
G1 X119.578 Y116.896 E2.28194
G1 X119.37 Y117.336 E2.29422
G1 X119.12 Y117.753 E2.30649
G1 X118.83 Y118.143 E2.31876
G1 X118.504 Y118.504 E2.33104
G1 X118.143 Y118.83 E2.34332
G1 X117.753 Y119.12 E2.35559
G1 X117.336 Y119.37 E2.36786
G1 X116.896 Y119.578 E2.38014
G1 X116.438 Y119.741 E2.39241
G1 X115.967 Y119.86 E2.40467
G1 X115.486 Y119.931 E2.41694
G1 X115 Y119.955 E2.42922
G1 X114.514 Y119.931 E2.4415
G1 X114.033 Y119.86 E2.45377
G1 X113.562 Y119.741 E2.46603
G1 X113.104 Y119.578 E2.4783
G1 X112.664 Y119.37 E2.49058
G1 X112.247 Y119.12 E2.50285
G1 X111.857 Y118.83 E2.51512
G1 X111.496 Y118.504 E2.5274
G1 X111.17 Y118.143 E2.53968
G1 X110.88 Y117.753 E2.55195
G1 X110.63 Y117.336 E2.56422
G1 X110.422 Y116.896 E2.5765
G1 X110.259 Y116.438 E2.58877
G1 X110.14 Y115.967 E2.60103
G1 X110.069 Y115.486 E2.6133
G1 X110.045 Y115 E2.62558
G1 X110.069 Y114.514 E2.63786
G1 X110.14 Y114.033 E2.65013
G1 X110.259 Y113.562 E2.66239
G1 X110.422 Y113.104 E2.67466
G1 X110.63 Y112.664 E2.68694
G1 X110.88 Y112.247 E2.69921
G1 X111.17 Y111.857 E2.71148
G1 X111.496 Y111.496 E2.72376
G1 X111.857 Y111.17 E2.73604
G1 X112.247 Y110.88 E2.74831
G1 X112.664 Y110.63 E2.76058
G1 X113.104 Y110.422 E2.77286
G1 X113.516 Y110.275 E2.7839
G1 X113.702 Y110.617 F7200
G1 F4860
G1 X114.108 Y110.516 E2.79446
G1 X114.551 Y110.45 E2.80576
G1 X115.02 Y110.428 E2.81761
G1 X115.448 Y110.45 E2.82843
G1 X115.892 Y110.516 E2.83976
G1 X116.327 Y110.625 E2.85108
G1 X116.75 Y110.776 E2.86242
G1 X117.155 Y110.968 E2.87373
G1 X117.54 Y111.198 E2.88505
G1 X117.901 Y111.466 E2.8964
G1 X118.233 Y111.767 E2.90771
G1 X118.534 Y112.099 E2.91902
G1 X118.802 Y112.46 E2.93037
G1 X119.032 Y112.845 E2.94169
G1 X119.224 Y113.25 E2.953
G1 X119.375 Y113.673 E2.96434
G1 X119.484 Y114.108 E2.97566
G1 X119.55 Y114.552 E2.98699
G1 X119.572 Y115 E2.99831
G1 X119.55 Y115.448 E3.00963
G1 X119.484 Y115.892 E3.02096
G1 X119.375 Y116.327 E3.03228
G1 X119.224 Y116.75 E3.04362
G1 X119.032 Y117.155 E3.05493
G1 X118.802 Y117.54 E3.06625
G1 X118.534 Y117.901 E3.0776
G1 X118.233 Y118.233 E3.08891
G1 X117.901 Y118.534 E3.10022
G1 X117.54 Y118.802 E3.11157
G1 X117.155 Y119.032 E3.12289
G1 X116.75 Y119.224 E3.1342
G1 X116.327 Y119.375 E3.14554
G1 X115.892 Y119.484 E3.15686
G1 X115.448 Y119.55 E3.16819
G1 X115 Y119.572 E3.17951
G1 X114.552 Y119.55 E3.19083
G1 X114.108 Y119.484 E3.20216
G1 X113.673 Y119.375 E3.21348
G1 X113.25 Y119.224 E3.22482
G1 X112.845 Y119.032 E3.23613
G1 X112.46 Y118.802 E3.24745
G1 X112.099 Y118.534 E3.2588
G1 X111.767 Y118.233 E3.27011
G1 X111.466 Y117.901 E3.28142
G1 X111.198 Y117.54 E3.29277
G1 X110.968 Y117.155 E3.30409
G1 X110.776 Y116.75 E3.3154
G1 X110.625 Y116.327 E3.32674
G1 X110.516 Y115.892 E3.33806
G1 X110.45 Y115.448 E3.34939
G1 X110.428 Y115 E3.36071
G1 X110.45 Y114.552 E3.37203
G1 X110.516 Y114.108 E3.38336
G1 X110.625 Y113.673 E3.39468
G1 X110.776 Y113.25 E3.40602
G1 X110.968 Y112.845 E3.41733
G1 X111.198 Y112.46 E3.42865
G1 X111.466 Y112.099 E3.44
G1 X111.767 Y111.767 E3.45131
G1 X112.099 Y111.466 E3.46262
G1 X112.46 Y111.198 E3.47397
G1 X112.845 Y110.968 E3.48529
G1 X113.25 Y110.776 E3.4966
G1 X113.644 Y110.635 E3.50716
G1 X113.822 Y110.955 F7200
G1 F4860
G1 X114.178 Y110.866 E3.51642
G1 X114.585 Y110.806 E3.5268
G1 X115.019 Y110.786 E3.53776
G1 X115.413 Y110.806 E3.54772
G1 X115.822 Y110.866 E3.55815
G1 X116.223 Y110.967 E3.56859
G1 X116.613 Y111.106 E3.57904
G1 X116.987 Y111.283 E3.58948
G1 X117.342 Y111.496 E3.59993
G1 X117.674 Y111.742 E3.61036
G1 X117.98 Y112.02 E3.62079
G1 X118.258 Y112.326 E3.63122
G1 X118.504 Y112.658 E3.64165
G1 X118.717 Y113.013 E3.6521
G1 X118.894 Y113.387 E3.66254
G1 X119.033 Y113.777 E3.67299
G1 X119.134 Y114.178 E3.68343
G1 X119.194 Y114.587 E3.69386
G1 X119.215 Y115 E3.7043
G1 X119.194 Y115.413 E3.71474
G1 X119.134 Y115.822 E3.72517
G1 X119.033 Y116.223 E3.73561
G1 X118.894 Y116.613 E3.74606
G1 X118.717 Y116.987 E3.7565
G1 X118.504 Y117.342 E3.76695
G1 X118.258 Y117.674 E3.77738
G1 X117.98 Y117.98 E3.78781
G1 X117.674 Y118.258 E3.79824
G1 X117.342 Y118.504 E3.80867
G1 X116.987 Y118.717 E3.81912
G1 X116.613 Y118.894 E3.82956
G1 X116.223 Y119.033 E3.84001
G1 X115.822 Y119.134 E3.85045
G1 X115.413 Y119.194 E3.86088
G1 X115 Y119.215 E3.87132
G1 X114.587 Y119.194 E3.88176
G1 X114.178 Y119.134 E3.89219
G1 X113.777 Y119.033 E3.90263
G1 X113.387 Y118.894 E3.91308
G1 X113.013 Y118.717 E3.92352
G1 X112.658 Y118.504 E3.93397
G1 X112.326 Y118.258 E3.9444
G1 X112.02 Y117.98 E3.95483
G1 X111.742 Y117.674 E3.96526
G1 X111.496 Y117.342 E3.97569
G1 X111.283 Y116.987 E3.98614
G1 X111.106 Y116.613 E3.99658
G1 X110.967 Y116.223 E4.00703
G1 X110.866 Y115.822 E4.01747
G1 X110.806 Y115.413 E4.0279
G1 X110.785 Y115 E4.03834
G1 X110.806 Y114.587 E4.04878
G1 X110.866 Y114.178 E4.05921
G1 X110.967 Y113.777 E4.06965
G1 X111.106 Y113.387 E4.0801
G1 X111.283 Y113.013 E4.09054
G1 X111.496 Y112.658 E4.10099
G1 X111.742 Y112.326 E4.11142
G1 X112.02 Y112.02 E4.12185
G1 X112.326 Y111.742 E4.13228
G1 X112.658 Y111.496 E4.14271
G1 X113.013 Y111.283 E4.15316
G1 X113.387 Y111.106 E4.1636
G1 X113.765 Y110.971 E4.17373
G1 E2.77373 F4800
;WIPE_START
G1 F5760
G1 X113.822 Y110.955 E2.72686
G1 X114.178 Y110.866 E2.43635
G1 X114.507 Y110.818 E2.17373
;WIPE_END
G92 E0
G1 X116.727 Y115.256 F7200
G1 E2 F4800
;TYPE:External perimeter
;WIDTH:0.45
G1 F1500
G1 X116.644 Y115.588 E2.01158
G1 X116.498 Y115.898 E2.02318
G1 X116.294 Y116.173 E2.03477
G1 X116.04 Y116.403 E2.04637
G1 X115.747 Y116.579 E2.05794
G1 X115.424 Y116.694 E2.06955
G1 X115.086 Y116.744 E2.08112
G1 X114.744 Y116.727 E2.09271
G1 X114.412 Y116.644 E2.10429
G1 X114.102 Y116.498 E2.11589
G1 X113.827 Y116.294 E2.12748
G1 X113.597 Y116.04 E2.13908
G1 X113.421 Y115.747 E2.15065
G1 X113.306 Y115.424 E2.16226
G1 X113.256 Y115.086 E2.17383
G1 X113.273 Y114.744 E2.18542
G1 X113.356 Y114.412 E2.197
G1 X113.502 Y114.102 E2.2086
G1 X113.706 Y113.827 E2.22019
G1 X113.96 Y113.597 E2.23179
G1 X114.253 Y113.421 E2.24336
G1 X114.576 Y113.306 E2.25497
G1 X114.929 Y113.256 E2.26704
G1 X115.257 Y113.273 E2.27816
G1 X115.588 Y113.356 E2.28971
G1 X115.898 Y113.502 E2.30131
G1 X116.173 Y113.706 E2.3129
G1 X116.403 Y113.96 E2.3245
G1 X116.579 Y114.253 E2.33607
G1 X116.694 Y114.576 E2.34768
G1 X116.744 Y114.914 E2.35925
G1 X116.73 Y115.196 E2.36881
G1 X117.107 Y115.313 F7200
;TYPE:Perimeter
;WIDTH:0.4
G1 F1500
G1 X117.006 Y115.718 E2.3812
G1 X116.827 Y116.095 E2.39359
G1 X116.578 Y116.431 E2.40601
G1 X116.269 Y116.711 E2.41839
G1 X115.911 Y116.926 E2.43079
G1 X115.518 Y117.066 E2.44318
G1 X115.105 Y117.128 E2.45558
G1 X114.687 Y117.107 E2.46801
G1 X114.282 Y117.006 E2.4804
G1 X113.905 Y116.827 E2.49279
G1 X113.569 Y116.578 E2.50521
G1 X113.289 Y116.269 E2.51759
G1 X113.074 Y115.911 E2.52999
G1 X112.934 Y115.518 E2.54238
G1 X112.872 Y115.105 E2.55478
G1 X112.893 Y114.687 E2.56721
G1 X112.994 Y114.282 E2.5796
G1 X113.173 Y113.905 E2.59199
G1 X113.422 Y113.57 E2.60438
G1 X113.731 Y113.289 E2.61678
G1 X114.089 Y113.074 E2.62918
G1 X114.484 Y112.933 E2.64163
G1 X114.912 Y112.872 E2.65447
G1 X115.314 Y112.893 E2.66642
G1 X115.718 Y112.994 E2.67878
G1 X116.095 Y113.173 E2.69117
G1 X116.43 Y113.422 E2.70356
G1 X116.711 Y113.731 E2.71596
G1 X116.926 Y114.089 E2.72836
G1 X117.066 Y114.482 E2.74075
G1 X117.128 Y114.895 E2.75315
G1 X117.11 Y115.253 E2.76379
G1 X117.462 Y115.365 F7200
G1 F1500
G1 X117.343 Y115.839 E2.7783
G1 X117.135 Y116.28 E2.79278
G1 X116.844 Y116.671 E2.80725
G1 X116.483 Y116.999 E2.82173
G1 X116.064 Y117.25 E2.83623
G1 X115.605 Y117.414 E2.8507
G1 X115.122 Y117.486 E2.8652
G1 X114.635 Y117.462 E2.87968
G1 X114.161 Y117.343 E2.89419
G1 X113.72 Y117.135 E2.90867
G1 X113.329 Y116.844 E2.92314
G1 X113.001 Y116.483 E2.93762
G1 X112.75 Y116.064 E2.95212
G1 X112.586 Y115.605 E2.96659
G1 X112.514 Y115.122 E2.98109
G1 X112.538 Y114.635 E2.99557
G1 X112.657 Y114.162 E3.01005
G1 X112.865 Y113.72 E3.02455
G1 X113.156 Y113.329 E3.03902
G1 X113.517 Y113.001 E3.0535
G1 X113.936 Y112.75 E3.068
G1 X114.398 Y112.585 E3.08257
G1 X114.896 Y112.514 E3.09751
G1 X115.367 Y112.538 E3.11151
G1 X115.838 Y112.657 E3.12593
G1 X116.28 Y112.865 E3.14043
G1 X116.671 Y113.156 E3.1549
G1 X116.999 Y113.517 E3.16938
G1 X117.25 Y113.936 E3.18388
G1 X117.414 Y114.395 E3.19835
G1 X117.486 Y114.878 E3.21285
G1 X117.465 Y115.305 E3.22554
G1 E1.82554 F4800
;WIPE_START
G1 F5760
G1 X117.462 Y115.365 E1.77798
G1 X117.343 Y115.839 E1.39108
G1 X117.254 Y116.028 E1.22554
;WIPE_END
G92 E0
G1 X118.596 Y113.078 F7200
G1 E2 F4800
;TYPE:Bridge infill
;WIDTH:0.433114
G1 F2400
G1 X117.75 Y112.232 E2.03882
G1 X117.476 Y111.983 E2.05083
G1 X117.168 Y111.755 E2.06326
G1 X116.84 Y111.558 E2.07567
G1 X116.493 Y111.395 E2.08811
G1 X116.287 Y111.321 E2.09521
G1 X118.679 Y113.713 E2.20496
G1 X118.828 Y114.239 E2.2227
G1 X118.858 Y114.443 E2.22939
G1 X115.557 Y111.142 E2.38085
G1 X115.382 Y111.116 E2.38659
G1 X114.963 Y111.1 E2.40019
G1 X118.901 Y115.038 E2.58088
G1 X118.884 Y115.383 E2.59209
G1 X118.859 Y115.548 E2.5975
G1 X117.734 Y114.423 E2.64912
G1 X117.799 Y114.863 E2.66355
G1 X117.79 Y115.031 E2.66901
G1 X118.766 Y116.007 E2.71379
G1 X118.735 Y116.133 E2.718
G1 X118.631 Y116.423 E2.728
G1 X117.741 Y115.534 E2.76881
G1 X117.626 Y115.97 E2.78344
G1 X118.459 Y116.803 E2.82166
G1 X118.255 Y117.151 E2.83475
G1 X117.449 Y116.345 E2.87173
G1 X117.403 Y116.441 E2.87518
G1 X117.228 Y116.677 E2.88471
G1 X118.021 Y117.47 E2.9211
G1 X117.759 Y117.76 E2.93378
G1 X116.974 Y116.974 E2.96982
G1 X116.685 Y117.237 E2.9825
G1 X117.469 Y118.021 E3.01847
G1 X117.151 Y118.255 E3.03128
G1 X116.343 Y117.446 E3.06838
G1 X116.198 Y117.533 E3.07387
G1 X115.962 Y117.618 E3.08201
G1 X116.803 Y118.459 E3.1206
G1 X116.493 Y118.605 E3.13172
G1 X116.423 Y118.631 E3.13414
G1 X115.533 Y117.74 E3.175
G1 X115.137 Y117.799 E3.18799
G1 X115.035 Y117.794 E3.1913
G1 X116.007 Y118.766 E3.2359
G1 X115.548 Y118.859 E3.25109
G1 X114.178 Y117.489 E3.31395
G1 E1.91395 F4800
;WIPE_START
G1 F5760
G1 X114.714 Y118.025 E1.31395
;WIPE_END
G92 E0
G1 X115.822 Y112.511 F7200
G1 E2 F4800
G1 F2400
G1 X114.452 Y111.141 E2.06286
G1 X113.993 Y111.234 E2.07805
G1 X114.964 Y112.205 E2.1226
G1 X114.882 Y112.201 E2.12526
G1 X114.467 Y112.26 E2.13886
G1 X113.577 Y111.369 E2.17972
G1 X113.507 Y111.395 E2.18214
G1 X113.197 Y111.541 E2.19326
G1 X114.038 Y112.382 E2.23185
G1 X113.802 Y112.467 E2.23999
G1 X113.657 Y112.554 E2.24548
G1 X112.849 Y111.745 E2.28258
G1 X112.53 Y111.979 E2.29542
G1 X113.315 Y112.763 E2.33142
G1 X113.026 Y113.026 E2.3441
G1 X112.24 Y112.241 E2.38014
G1 X111.979 Y112.531 E2.3928
G1 X112.772 Y113.323 E2.42916
G1 X112.597 Y113.559 E2.43869
G1 X112.551 Y113.655 E2.44214
G1 X111.745 Y112.849 E2.47912
G1 X111.541 Y113.197 E2.49221
G1 X112.374 Y114.03 E2.53043
G1 X112.259 Y114.466 E2.54506
G1 X111.369 Y113.577 E2.58587
G1 X111.265 Y113.867 E2.59587
G1 X111.234 Y113.993 E2.60008
G1 X112.21 Y114.969 E2.64486
G1 X112.201 Y115.137 E2.65032
G1 X112.266 Y115.577 E2.66475
G1 X111.141 Y114.452 E2.71637
G1 X111.116 Y114.618 E2.72182
G1 X111.099 Y114.962 E2.73299
G1 X115.038 Y118.901 E2.91373
G1 X114.617 Y118.884 E2.9274
G1 X114.443 Y118.858 E2.93311
G1 X111.142 Y115.557 E3.08457
G1 X111.172 Y115.761 E3.09126
G1 X111.321 Y116.287 E3.109
G1 X113.713 Y118.679 E3.21875
G1 X113.507 Y118.605 E3.22585
G1 X113.16 Y118.442 E3.23829
G1 X112.832 Y118.245 E3.2507
G1 X112.524 Y118.017 E3.26313
G1 X112.249 Y117.767 E3.27519
G1 X111.404 Y116.922 E3.31396
;LAYER_CHANGE
;Z:5.08
;HEIGHT:0.2
; BEFORE_LAYER_CHANGE 24 @ 5.08mm
G1 E1.91396 F4800
;WIPE_START
G1 F5760
G1 X111.94 Y117.458 E1.31396
;WIPE_END
G92 E0
G1 Z5.08 F7200
; AFTER_LAYER_CHANGE 24 @ 5.08mm
G1 X113.563 Y110.264
G1 E2 F4800
;TYPE:External perimeter
;WIDTH:0.45
G1 F1500
G1 X113.796 Y110.194 E2.00824
G1 X114.273 Y110.099 E2.0247
G1 X114.757 Y110.051 E2.04116
G1 X115.243 Y110.051 E2.05761
G1 X115.727 Y110.099 E2.07407
G1 X116.204 Y110.194 E2.09053
G1 X116.669 Y110.335 E2.10698
G1 X117.118 Y110.521 E2.12343
G1 X117.547 Y110.75 E2.13989
G1 X117.952 Y111.02 E2.15637
G1 X118.327 Y111.329 E2.17282
G1 X118.671 Y111.673 E2.18929
G1 X118.98 Y112.048 E2.20574
G1 X119.25 Y112.453 E2.22222
G1 X119.479 Y112.882 E2.23868
G1 X119.665 Y113.331 E2.25513
G1 X119.806 Y113.796 E2.27158
G1 X119.901 Y114.273 E2.28804
G1 X119.949 Y114.757 E2.3045
G1 X119.949 Y115.243 E2.32095
G1 X119.901 Y115.727 E2.33741
G1 X119.806 Y116.204 E2.35387
G1 X119.665 Y116.669 E2.37032
G1 X119.479 Y117.118 E2.38677
G1 X119.25 Y117.547 E2.40323
G1 X118.98 Y117.952 E2.41971
G1 X118.671 Y118.327 E2.43616
G1 X118.327 Y118.671 E2.45263
G1 X117.952 Y118.98 E2.46908
G1 X117.547 Y119.25 E2.48556
G1 X117.118 Y119.479 E2.50202
G1 X116.669 Y119.665 E2.51847
G1 X116.204 Y119.806 E2.53492
G1 X115.727 Y119.901 E2.55138
G1 X115.243 Y119.949 E2.56784
G1 X114.757 Y119.949 E2.58429
G1 X114.273 Y119.901 E2.60075
G1 X113.796 Y119.806 E2.61721
G1 X113.331 Y119.665 E2.63366
G1 X112.882 Y119.479 E2.65011
G1 X112.453 Y119.25 E2.66657
G1 X112.048 Y118.98 E2.68305
G1 X111.673 Y118.671 E2.6995
G1 X111.329 Y118.327 E2.71597
G1 X111.02 Y117.952 E2.73242
G1 X110.75 Y117.547 E2.7489
G1 X110.521 Y117.118 E2.76536
G1 X110.335 Y116.669 E2.78181
G1 X110.194 Y116.204 E2.79826
G1 X110.099 Y115.727 E2.81472
G1 X110.051 Y115.243 E2.83118
G1 X110.051 Y114.757 E2.84763
G1 X110.099 Y114.273 E2.86409
G1 X110.194 Y113.796 E2.88055
G1 X110.335 Y113.331 E2.897
G1 X110.521 Y112.882 E2.91345
G1 X110.75 Y112.453 E2.92991
G1 X111.02 Y112.048 E2.94639
G1 X111.329 Y111.673 E2.96284
G1 X111.673 Y111.329 E2.97931
G1 X112.048 Y111.02 E2.99576
G1 X112.453 Y110.75 E3.01224
G1 X112.882 Y110.521 E3.0287
G1 X113.331 Y110.335 E3.04515
G1 X113.506 Y110.282 E3.05134
G1 X113.674 Y110.63 F7200
;TYPE:Perimeter
;WIDTH:0.4
G1 F1500
G1 X113.889 Y110.565 E3.05801
G1 X114.329 Y110.477 E3.07133
G1 X114.776 Y110.433 E3.08467
G1 X115.224 Y110.433 E3.09797
G1 X115.671 Y110.477 E3.11131
G1 X116.111 Y110.565 E3.12463
G1 X116.54 Y110.695 E3.13794
G1 X116.955 Y110.867 E3.15128
G1 X117.351 Y111.078 E3.1646
G1 X117.724 Y111.328 E3.17793
G1 X118.07 Y111.612 E3.19122
G1 X118.388 Y111.93 E3.20457
G1 X118.672 Y112.276 E3.21786
G1 X118.922 Y112.649 E3.23119
G1 X119.133 Y113.045 E3.24451
G1 X119.305 Y113.46 E3.25785
G1 X119.435 Y113.889 E3.27116
G1 X119.523 Y114.329 E3.28448
G1 X119.567 Y114.776 E3.29782
G1 X119.567 Y115.224 E3.31112
G1 X119.523 Y115.671 E3.32446
G1 X119.435 Y116.111 E3.33778
G1 X119.305 Y116.54 E3.35109
G1 X119.133 Y116.955 E3.36443
G1 X118.922 Y117.351 E3.37775
G1 X118.672 Y117.724 E3.39108
G1 X118.388 Y118.07 E3.40437
G1 X118.07 Y118.388 E3.41772
G1 X117.724 Y118.672 E3.43101
G1 X117.351 Y118.922 E3.44434
G1 X116.955 Y119.133 E3.45766
G1 X116.54 Y119.305 E3.471
G1 X116.111 Y119.435 E3.48431
G1 X115.671 Y119.523 E3.49763
G1 X115.224 Y119.567 E3.51097
G1 X114.776 Y119.567 E3.52427
G1 X114.329 Y119.523 E3.53761
G1 X113.889 Y119.435 E3.55093
G1 X113.46 Y119.305 E3.56424
G1 X113.045 Y119.133 E3.57758
G1 X112.649 Y118.922 E3.5909
G1 X112.276 Y118.672 E3.60423
G1 X111.93 Y118.388 E3.61752
G1 X111.612 Y118.07 E3.63087
G1 X111.328 Y117.724 E3.64416
G1 X111.078 Y117.351 E3.65749
G1 X110.867 Y116.955 E3.67081
G1 X110.695 Y116.54 E3.68415
G1 X110.565 Y116.111 E3.69746
G1 X110.477 Y115.671 E3.71078
G1 X110.433 Y115.224 E3.72412
G1 X110.433 Y114.776 E3.73742
G1 X110.477 Y114.329 E3.75076
G1 X110.565 Y113.889 E3.76408
G1 X110.695 Y113.46 E3.77739
G1 X110.867 Y113.045 E3.79073
G1 X111.078 Y112.649 E3.80405
G1 X111.328 Y112.276 E3.81738
G1 X111.612 Y111.93 E3.83067
G1 X111.93 Y111.612 E3.84402
G1 X112.276 Y111.328 E3.85731
G1 X112.649 Y111.078 E3.87064
G1 X113.045 Y110.867 E3.88396
G1 X113.46 Y110.695 E3.8973
G1 X113.617 Y110.647 E3.90217
G1 X113.778 Y110.972 F7200
G1 F1500
G1 X113.976 Y110.912 E3.90831
G1 X114.382 Y110.831 E3.9206
G1 X114.793 Y110.79 E3.93286
G1 X115.207 Y110.79 E3.94515
G1 X115.618 Y110.831 E3.95741
G1 X116.024 Y110.912 E3.9697
G1 X116.42 Y111.032 E3.98199
G1 X116.802 Y111.19 E3.99426
G1 X117.167 Y111.385 E4.00655
G1 X117.511 Y111.615 E4.01884
G1 X117.83 Y111.877 E4.0311
G1 X118.123 Y112.17 E4.0434
G1 X118.385 Y112.489 E4.05566
G1 X118.615 Y112.833 E4.06795
G1 X118.81 Y113.198 E4.08024
G1 X118.968 Y113.58 E4.09251
G1 X119.088 Y113.976 E4.1048
G1 X119.169 Y114.382 E4.11709
G1 X119.21 Y114.793 E4.12935
G1 X119.21 Y115.207 E4.14164
G1 X119.169 Y115.618 E4.1539
G1 X119.088 Y116.024 E4.16619
G1 X118.968 Y116.42 E4.17848
G1 X118.81 Y116.802 E4.19075
G1 X118.615 Y117.167 E4.20304
G1 X118.385 Y117.511 E4.21533
G1 X118.123 Y117.83 E4.22759
G1 X117.83 Y118.123 E4.23989
G1 X117.511 Y118.385 E4.25215
G1 X117.167 Y118.615 E4.26444
G1 X116.802 Y118.81 E4.27673
G1 X116.42 Y118.968 E4.289
G1 X116.024 Y119.088 E4.30129
G1 X115.618 Y119.169 E4.31358
G1 X115.207 Y119.21 E4.32584
G1 X114.793 Y119.21 E4.33813
G1 X114.382 Y119.169 E4.35039
G1 X113.976 Y119.088 E4.36268
G1 X113.58 Y118.968 E4.37497
G1 X113.198 Y118.81 E4.38724
G1 X112.833 Y118.615 E4.39953
G1 X112.489 Y118.385 E4.41182
G1 X112.17 Y118.123 E4.42408
G1 X111.877 Y117.83 E4.43638
G1 X111.615 Y117.511 E4.44864
G1 X111.385 Y117.167 E4.46093
G1 X111.19 Y116.802 E4.47322
G1 X111.032 Y116.42 E4.48549
G1 X110.912 Y116.024 E4.49778
G1 X110.831 Y115.618 E4.51007
G1 X110.79 Y115.207 E4.52233
G1 X110.79 Y114.793 E4.53462
G1 X110.831 Y114.382 E4.54688
G1 X110.912 Y113.976 E4.55917
G1 X111.032 Y113.58 E4.57146
G1 X111.19 Y113.198 E4.58373
G1 X111.385 Y112.833 E4.59602
G1 X111.615 Y112.489 E4.60831
G1 X111.877 Y112.17 E4.62057
G1 X112.17 Y111.877 E4.63287
G1 X112.489 Y111.615 E4.64513
G1 X112.833 Y111.385 E4.65742
G1 X113.198 Y111.19 E4.66971
G1 X113.58 Y111.032 E4.68198
G1 X113.721 Y110.989 E4.68636
G1 E3.28636 F4800
;WIPE_START
G1 F5760
G1 X113.778 Y110.972 E3.23927
G1 X113.976 Y110.912 E3.07548
G1 X114.382 Y110.831 E2.74773
G1 X114.459 Y110.823 E2.68636
;WIPE_END
G92 E0
G1 X116.727 Y115.256 F7200
G1 E2 F4800
;TYPE:External perimeter
;WIDTH:0.45
G1 F1500
G1 X116.644 Y115.588 E2.01158
G1 X116.498 Y115.898 E2.02318
G1 X116.294 Y116.173 E2.03477
G1 X116.04 Y116.403 E2.04637
G1 X115.747 Y116.579 E2.05794
G1 X115.424 Y116.694 E2.06955
G1 X115.086 Y116.744 E2.08112
G1 X114.744 Y116.727 E2.09271
G1 X114.412 Y116.644 E2.10429
G1 X114.102 Y116.498 E2.11589
G1 X113.827 Y116.294 E2.12748
G1 X113.597 Y116.04 E2.13908
G1 X113.421 Y115.747 E2.15065
G1 X113.306 Y115.424 E2.16226
G1 X113.256 Y115.086 E2.17383
G1 X113.273 Y114.744 E2.18542
G1 X113.356 Y114.412 E2.197
G1 X113.502 Y114.102 E2.2086
G1 X113.706 Y113.827 E2.22019
G1 X113.96 Y113.597 E2.23179
G1 X114.253 Y113.421 E2.24336
G1 X114.576 Y113.306 E2.25497
G1 X114.926 Y113.256 E2.26694
G1 X115.257 Y113.273 E2.27816
G1 X115.588 Y113.356 E2.28971
G1 X115.898 Y113.502 E2.30131
G1 X116.173 Y113.706 E2.3129
G1 X116.403 Y113.96 E2.3245
G1 X116.579 Y114.253 E2.33607
G1 X116.694 Y114.576 E2.34768
G1 X116.744 Y114.914 E2.35925
G1 X116.73 Y115.196 E2.36881
G1 X117.107 Y115.313 F7200
;TYPE:Perimeter
;WIDTH:0.4
G1 F1500
G1 X117.006 Y115.718 E2.3812
G1 X116.827 Y116.095 E2.39359
G1 X116.578 Y116.431 E2.40601
G1 X116.269 Y116.711 E2.41839
G1 X115.911 Y116.926 E2.43079
G1 X115.518 Y117.066 E2.44318
G1 X115.105 Y117.128 E2.45558
G1 X114.687 Y117.107 E2.46801
G1 X114.282 Y117.006 E2.4804
G1 X113.905 Y116.827 E2.49279
G1 X113.569 Y116.578 E2.50521
G1 X113.289 Y116.269 E2.51759
G1 X113.074 Y115.911 E2.52999
G1 X112.934 Y115.518 E2.54238
G1 X112.872 Y115.105 E2.55478
G1 X112.893 Y114.687 E2.56721
G1 X112.994 Y114.282 E2.5796
G1 X113.173 Y113.905 E2.59199
G1 X113.422 Y113.57 E2.60438
G1 X113.731 Y113.289 E2.61678
G1 X114.089 Y113.074 E2.62918
G1 X114.484 Y112.933 E2.64163
G1 X114.909 Y112.872 E2.65438
G1 X115.313 Y112.893 E2.66639
G1 X115.718 Y112.994 E2.67878
G1 X116.095 Y113.173 E2.69117
G1 X116.431 Y113.422 E2.70359
G1 X116.711 Y113.731 E2.71597
G1 X116.926 Y114.089 E2.72837
G1 X117.066 Y114.482 E2.74076
G1 X117.128 Y114.895 E2.75316
G1 X117.11 Y115.253 E2.7638
G1 X117.462 Y115.365 F7200
G1 F1500
G1 X117.343 Y115.839 E2.77831
G1 X117.135 Y116.28 E2.79279
G1 X116.844 Y116.671 E2.80726
G1 X116.483 Y116.999 E2.82174
G1 X116.064 Y117.25 E2.83624
G1 X115.605 Y117.414 E2.85071
G1 X115.122 Y117.486 E2.86521
G1 X114.635 Y117.462 E2.87969
G1 X114.162 Y117.343 E2.89417
G1 X113.72 Y117.135 E2.90867
G1 X113.329 Y116.844 E2.92314
G1 X113.001 Y116.483 E2.93762
G1 X112.75 Y116.064 E2.95212
G1 X112.586 Y115.605 E2.96659
G1 X112.514 Y115.122 E2.98109
G1 X112.538 Y114.635 E2.99557
G1 X112.657 Y114.162 E3.01005
G1 X112.865 Y113.72 E3.02455
G1 X113.156 Y113.329 E3.03902
G1 X113.517 Y113.001 E3.0535
G1 X113.936 Y112.75 E3.068
G1 X114.397 Y112.585 E3.08254
G1 X114.893 Y112.514 E3.09742
G1 X115.367 Y112.538 E3.11151
G1 X115.838 Y112.657 E3.12593
G1 X116.28 Y112.865 E3.14043
G1 X116.671 Y113.156 E3.1549
G1 X116.999 Y113.517 E3.16938
G1 X117.25 Y113.936 E3.18388
G1 X117.414 Y114.395 E3.19835
G1 X117.486 Y114.878 E3.21285
G1 X117.465 Y115.305 E3.22554
G1 E1.82554 F4800
;WIPE_START
G1 F5760
G1 X117.462 Y115.365 E1.77798
G1 X117.343 Y115.839 E1.39108
G1 X117.254 Y116.028 E1.22554
;WIPE_END
G92 E0
G1 X111.137 Y114.81 F7200
G1 E2 F4800
;TYPE:Solid infill
;WIDTH:0.499999
G1 F1500
G1 X111.249 Y114.06 E2.02882
G1 X111.504 Y113.346 E2.05764
G1 X111.894 Y112.696 E2.08645
G1 X112.403 Y112.134 E2.11527
G1 X113.012 Y111.683 E2.14407
G1 X113.697 Y111.359 E2.17287
G1 X114.433 Y111.174 E2.20171
G1 X115.19 Y111.137 E2.23052
G1 X115.94 Y111.249 E2.25934
G1 X116.605 Y111.487 E2.28618
G1 X117.342 Y111.928 E2.31882
G1 X117.866 Y112.403 E2.3457
G1 X118.317 Y113.012 E2.3745
G1 X118.641 Y113.697 E2.4033
G1 X118.826 Y114.433 E2.43214
G1 X118.863 Y115.19 E2.46095
G1 X118.751 Y115.94 E2.48977
G1 X118.496 Y116.654 E2.51859
G1 X118.106 Y117.304 E2.5474
G1 X117.597 Y117.866 E2.57622
G1 X116.988 Y118.317 E2.60502
G1 X116.303 Y118.641 E2.63382
G1 X115.567 Y118.826 E2.66266
G1 X114.81 Y118.863 E2.69147
G1 X114.06 Y118.751 E2.72029
G1 X113.346 Y118.496 E2.74911
G1 X112.696 Y118.106 E2.77792
G1 X112.134 Y117.597 E2.80674
G1 X111.683 Y116.988 E2.83554
G1 X111.359 Y116.303 E2.86434
G1 X111.174 Y115.567 E2.89318
G1 X111.148 Y115.038 E2.91331
G1 X111.671 Y115.064 E2.93321
;WIDTH:0.627758
G1 X111.692 Y115.491 E2.954
G1 X111.852 Y116.127 E2.98589
G1 X112.132 Y116.719 E3.01774
G1 X112.522 Y117.246 E3.04962
G1 X113.008 Y117.686 E3.0815
G1 X113.57 Y118.023 E3.11337
G1 X114.187 Y118.244 E3.14524
G1 X114.836 Y118.34 E3.17714
G1 X115.491 Y118.308 E3.20903
G1 X116.126 Y118.148 E3.24087
G1 X116.719 Y117.868 E3.27276
G1 X117.246 Y117.478 E3.30464
G1 X117.686 Y116.992 E3.33652
G1 X118.023 Y116.43 E3.36839
G1 X118.244 Y115.812 E3.40031
G1 X118.34 Y115.164 E3.43217
G1 X118.308 Y114.509 E3.46406
G1 X118.148 Y113.873 E3.49595
G1 X117.868 Y113.281 E3.5278
G1 X117.478 Y112.754 E3.55968
G1 X116.992 Y112.314 E3.59156
G1 X116.43 Y111.977 E3.62343
G1 X115.812 Y111.756 E3.65535
G1 X115.164 Y111.66 E3.68721
;WIDTH:0.628402
G1 X114.509 Y111.693 E3.71914
G1 X113.873 Y111.852 E3.75106
;WIDTH:0.627762
G1 X113.281 Y112.132 E3.78291
G1 X112.754 Y112.522 E3.81479
G1 X112.314 Y113.008 E3.84667
G1 X111.977 Y113.57 E3.87854
G1 X111.756 Y114.188 E3.91046
G1 X111.66 Y114.836 E3.94232
;WIDTH:0.499999
G1 X112.168 Y115.117 E3.96438
G1 X112.193 Y114.606 E3.98382
G1 X112.324 Y114.066 E4.00494
G1 X112.557 Y113.562 E4.02604
G1 X112.885 Y113.113 E4.04717
G1 X113.294 Y112.737 E4.06829
G1 X113.768 Y112.447 E4.08941
G1 X114.292 Y112.255 E4.11062
G1 X114.855 Y112.17 E4.13226
G1 X115.396 Y112.193 E4.15284
G1 X115.934 Y112.324 E4.17388
G1 X116.438 Y112.557 E4.19498
G1 X116.887 Y112.885 E4.21611
G1 X117.263 Y113.294 E4.23723
G1 X117.553 Y113.768 E4.25835
G1 X117.744 Y114.29 E4.27948
G1 X117.83 Y114.839 E4.3006
G1 X117.807 Y115.394 E4.32171
G1 X117.676 Y115.934 E4.34283
G1 X117.443 Y116.438 E4.36393
G1 X117.115 Y116.887 E4.38506
G1 X116.706 Y117.263 E4.40618
G1 X116.232 Y117.553 E4.4273
G1 X115.71 Y117.744 E4.44843
G1 X115.161 Y117.83 E4.46955
G1 X114.606 Y117.807 E4.49066
G1 X114.066 Y117.676 E4.51178
G1 X113.562 Y117.443 E4.53288
G1 X113.113 Y117.115 E4.55401
G1 X112.737 Y116.706 E4.57513
G1 X112.447 Y116.232 E4.59625
G1 X112.256 Y115.71 E4.61738
G1 X112.198 Y115.343 E4.6315
;LAYER_CHANGE
;Z:5.28
;HEIGHT:0.2
; BEFORE_LAYER_CHANGE 25 @ 5.28mm
G1 E3.2315 F4800
;WIPE_START
G1 F5760
G1 X112.256 Y115.71 E2.93735
G1 X112.389 Y116.073 E2.6315
;WIPE_END
G92 E0
G1 Z5.28 F7200
; AFTER_LAYER_CHANGE 25 @ 5.28mm
G1 X113.552 Y110.262
G1 E2 F4800
;TYPE:External perimeter
;WIDTH:0.45
G1 F1500
G1 X113.562 Y110.259 E2.00035
G1 X114.033 Y110.141 E2.01679
G1 X114.513 Y110.069 E2.03322
G1 X115.104 Y110.048 E2.05324
G1 X115.485 Y110.069 E2.06616
G1 X115.967 Y110.141 E2.08266
G1 X116.438 Y110.259 E2.0991
G1 X116.896 Y110.422 E2.11556
G1 X117.336 Y110.63 E2.13203
G1 X117.753 Y110.88 E2.14849
G1 X118.143 Y111.17 E2.16494
G1 X118.504 Y111.497 E2.18143
G1 X118.83 Y111.857 E2.19787
G1 X119.12 Y112.247 E2.21432
G1 X119.37 Y112.664 E2.23078
G1 X119.578 Y113.104 E2.24725
G1 X119.741 Y113.562 E2.26371
G1 X119.859 Y114.033 E2.28015
G1 X119.931 Y114.514 E2.29661
G1 X119.955 Y115 E2.31308
G1 X119.931 Y115.486 E2.32955
G1 X119.859 Y115.967 E2.34601
G1 X119.741 Y116.438 E2.36245
G1 X119.578 Y116.896 E2.37891
G1 X119.37 Y117.336 E2.39538
G1 X119.12 Y117.753 E2.41184
G1 X118.83 Y118.143 E2.42829
G1 X118.503 Y118.504 E2.44478
G1 X118.143 Y118.83 E2.46122
G1 X117.753 Y119.12 E2.47767
G1 X117.336 Y119.37 E2.49413
G1 X116.896 Y119.578 E2.5106
G1 X116.438 Y119.741 E2.52706
G1 X115.967 Y119.86 E2.5435
G1 X115.486 Y119.931 E2.55996
G1 X115 Y119.955 E2.57643
G1 X114.514 Y119.931 E2.5929
G1 X114.033 Y119.86 E2.60936
G1 X113.562 Y119.741 E2.6258
G1 X113.104 Y119.578 E2.64226
G1 X112.664 Y119.37 E2.65873
G1 X112.247 Y119.12 E2.67519
G1 X111.857 Y118.83 E2.69164
G1 X111.496 Y118.504 E2.7081
G1 X111.17 Y118.143 E2.72456
G1 X110.88 Y117.753 E2.74101
G1 X110.63 Y117.336 E2.75747
G1 X110.422 Y116.896 E2.77394
G1 X110.259 Y116.438 E2.7904
G1 X110.14 Y115.967 E2.80684
G1 X110.069 Y115.486 E2.8233
G1 X110.045 Y115 E2.83977
G1 X110.069 Y114.514 E2.85624
G1 X110.14 Y114.033 E2.8727
G1 X110.259 Y113.562 E2.88914
G1 X110.422 Y113.104 E2.9056
G1 X110.63 Y112.664 E2.92207
G1 X110.88 Y112.247 E2.93853
G1 X111.17 Y111.857 E2.95498
G1 X111.496 Y111.497 E2.97142
G1 X111.857 Y111.17 E2.98791
G1 X112.247 Y110.88 E3.00436
G1 X112.664 Y110.63 E3.02082
G1 X113.104 Y110.422 E3.03729
G1 X113.495 Y110.282 E3.05135
G1 X113.645 Y110.635 F7200
;TYPE:Perimeter
;WIDTH:0.4
G1 F1500
G1 X113.673 Y110.625 E3.05223
G1 X114.108 Y110.516 E3.06555
G1 X114.548 Y110.45 E3.07876
G1 X115.1 Y110.43 E3.09516
G1 X115.446 Y110.45 E3.10545
G1 X115.892 Y110.516 E3.11884
G1 X116.327 Y110.625 E3.13216
G1 X116.75 Y110.776 E3.1455
G1 X117.155 Y110.968 E3.15881
G1 X117.54 Y111.198 E3.17213
G1 X117.901 Y111.466 E3.18548
G1 X118.233 Y111.767 E3.19879
G1 X118.534 Y112.099 E3.2121
G1 X118.802 Y112.46 E3.22545
G1 X119.032 Y112.845 E3.23877
G1 X119.224 Y113.25 E3.25208
G1 X119.375 Y113.673 E3.26542
G1 X119.484 Y114.108 E3.27874
G1 X119.55 Y114.552 E3.29207
G1 X119.572 Y115 E3.30539
G1 X119.55 Y115.448 E3.31871
G1 X119.484 Y115.892 E3.33204
G1 X119.375 Y116.327 E3.34536
G1 X119.224 Y116.75 E3.3587
G1 X119.032 Y117.155 E3.37201
G1 X118.802 Y117.54 E3.38533
G1 X118.534 Y117.901 E3.39868
G1 X118.233 Y118.233 E3.41199
G1 X117.901 Y118.534 E3.4253
G1 X117.54 Y118.802 E3.43865
G1 X117.155 Y119.032 E3.45197
G1 X116.75 Y119.224 E3.46528
G1 X116.327 Y119.375 E3.47862
G1 X115.892 Y119.484 E3.49194
G1 X115.448 Y119.55 E3.50527
G1 X115 Y119.572 E3.51859
G1 X114.552 Y119.55 E3.53191
G1 X114.108 Y119.484 E3.54524
G1 X113.673 Y119.375 E3.55856
G1 X113.25 Y119.224 E3.5719
G1 X112.845 Y119.032 E3.58521
G1 X112.46 Y118.802 E3.59853
G1 X112.099 Y118.534 E3.61188
G1 X111.767 Y118.233 E3.62519
G1 X111.466 Y117.901 E3.6385
G1 X111.198 Y117.54 E3.65185
G1 X110.968 Y117.155 E3.66517
G1 X110.776 Y116.75 E3.67848
G1 X110.625 Y116.327 E3.69182
G1 X110.516 Y115.892 E3.70514
G1 X110.45 Y115.448 E3.71847
G1 X110.428 Y115 E3.73179
G1 X110.45 Y114.552 E3.74511
G1 X110.516 Y114.108 E3.75844
G1 X110.625 Y113.673 E3.77176
G1 X110.776 Y113.25 E3.7851
G1 X110.968 Y112.845 E3.79841
G1 X111.198 Y112.46 E3.81173
G1 X111.466 Y112.099 E3.82508
G1 X111.767 Y111.767 E3.83839
G1 X112.099 Y111.466 E3.8517
G1 X112.46 Y111.198 E3.86505
G1 X112.845 Y110.968 E3.87837
G1 X113.25 Y110.776 E3.89168
G1 X113.589 Y110.655 E3.90237
G1 X113.732 Y110.983 F7200
G1 F1500
G1 X113.777 Y110.967 E3.90379
G1 X114.178 Y110.866 E3.91607
G1 X114.581 Y110.807 E3.92816
G1 X115.097 Y110.788 E3.94349
G1 X115.41 Y110.805 E3.9528
G1 X115.822 Y110.866 E3.96517
G1 X116.223 Y110.967 E3.97745
G1 X116.613 Y111.106 E3.98974
G1 X116.987 Y111.283 E4.00203
G1 X117.342 Y111.496 E4.01432
G1 X117.674 Y111.742 E4.02659
G1 X117.98 Y112.02 E4.03887
G1 X118.258 Y112.326 E4.05115
G1 X118.504 Y112.658 E4.06342
G1 X118.717 Y113.013 E4.07571
G1 X118.894 Y113.387 E4.088
G1 X119.033 Y113.777 E4.10029
G1 X119.134 Y114.178 E4.11257
G1 X119.194 Y114.587 E4.12484
G1 X119.215 Y115 E4.13712
G1 X119.194 Y115.413 E4.1494
G1 X119.134 Y115.822 E4.16167
G1 X119.033 Y116.223 E4.17395
G1 X118.894 Y116.613 E4.18624
G1 X118.717 Y116.987 E4.19853
G1 X118.504 Y117.342 E4.21082
G1 X118.258 Y117.674 E4.22309
G1 X117.98 Y117.98 E4.23537
G1 X117.674 Y118.258 E4.24765
G1 X117.342 Y118.504 E4.25992
G1 X116.987 Y118.717 E4.27221
G1 X116.613 Y118.894 E4.2845
G1 X116.223 Y119.033 E4.29679
G1 X115.822 Y119.134 E4.30907
G1 X115.413 Y119.194 E4.32134
G1 X115 Y119.215 E4.33362
G1 X114.587 Y119.194 E4.3459
G1 X114.178 Y119.134 E4.35817
G1 X113.777 Y119.033 E4.37045
G1 X113.387 Y118.894 E4.38274
G1 X113.013 Y118.717 E4.39503
G1 X112.658 Y118.504 E4.40732
G1 X112.326 Y118.258 E4.41959
G1 X112.02 Y117.98 E4.43187
G1 X111.742 Y117.674 E4.44415
G1 X111.496 Y117.342 E4.45642
G1 X111.283 Y116.987 E4.46871
G1 X111.106 Y116.613 E4.481
G1 X110.967 Y116.223 E4.49329
G1 X110.866 Y115.822 E4.50557
G1 X110.806 Y115.413 E4.51784
G1 X110.785 Y115 E4.53012
G1 X110.806 Y114.587 E4.5424
G1 X110.866 Y114.178 E4.55467
G1 X110.967 Y113.777 E4.56695
G1 X111.106 Y113.387 E4.57924
G1 X111.283 Y113.013 E4.59153
G1 X111.496 Y112.658 E4.60382
G1 X111.742 Y112.326 E4.61609
G1 X112.02 Y112.02 E4.62837
G1 X112.326 Y111.742 E4.64065
G1 X112.658 Y111.496 E4.65292
G1 X113.013 Y111.283 E4.66521
G1 X113.387 Y111.106 E4.6775
G1 X113.676 Y111.003 E4.68661
G1 E3.28661 F4800
;WIPE_START
G1 F5760
G1 X113.732 Y110.983 E3.23953
G1 X113.777 Y110.967 E3.20172
G1 X114.178 Y110.866 E2.87435
G1 X114.412 Y110.831 E2.68661
;WIPE_END
G92 E0
G1 X116.727 Y115.256 F7200
G1 E2 F4800
;TYPE:External perimeter
;WIDTH:0.45
G1 F1500
G1 X116.644 Y115.588 E2.01158
G1 X116.498 Y115.898 E2.02318
G1 X116.294 Y116.173 E2.03477
G1 X116.04 Y116.403 E2.04637
G1 X115.747 Y116.579 E2.05794
G1 X115.424 Y116.694 E2.06955
G1 X115.086 Y116.744 E2.08112
G1 X114.744 Y116.727 E2.09271
G1 X114.412 Y116.644 E2.10429
G1 X114.102 Y116.498 E2.11589
G1 X113.827 Y116.294 E2.12748
G1 X113.597 Y116.04 E2.13908
G1 X113.421 Y115.747 E2.15065
G1 X113.306 Y115.424 E2.16226
G1 X113.256 Y115.086 E2.17383
G1 X113.273 Y114.744 E2.18542
G1 X113.356 Y114.412 E2.197
G1 X113.502 Y114.102 E2.2086
G1 X113.706 Y113.827 E2.22019
G1 X113.96 Y113.597 E2.23179
G1 X114.253 Y113.421 E2.24336
G1 X114.576 Y113.306 E2.25497
G1 X114.924 Y113.256 E2.26687
G1 X115.256 Y113.273 E2.27812
G1 X115.588 Y113.356 E2.2897
G1 X115.898 Y113.502 E2.3013
G1 X116.173 Y113.706 E2.31289
G1 X116.403 Y113.96 E2.32449
G1 X116.579 Y114.253 E2.33606
G1 X116.694 Y114.576 E2.34767
G1 X116.744 Y114.914 E2.35924
G1 X116.73 Y115.196 E2.3688
G1 X117.107 Y115.313 F7200
;TYPE:Perimeter
;WIDTH:0.4
G1 F1500
G1 X117.006 Y115.718 E2.38119
G1 X116.827 Y116.095 E2.39358
G1 X116.578 Y116.431 E2.406
G1 X116.269 Y116.711 E2.41838
G1 X115.911 Y116.926 E2.43078
G1 X115.518 Y117.066 E2.44317
G1 X115.105 Y117.128 E2.45557
G1 X114.687 Y117.107 E2.468
G1 X114.282 Y117.006 E2.48039
G1 X113.905 Y116.827 E2.49278
G1 X113.569 Y116.578 E2.5052
G1 X113.289 Y116.269 E2.51758
G1 X113.074 Y115.911 E2.52998
G1 X112.934 Y115.518 E2.54237
G1 X112.872 Y115.105 E2.55477
G1 X112.893 Y114.687 E2.5672
G1 X112.994 Y114.282 E2.57959
G1 X113.173 Y113.905 E2.59198
G1 X113.422 Y113.57 E2.60437
G1 X113.731 Y113.289 E2.61677
G1 X114.089 Y113.074 E2.62917
G1 X114.483 Y112.933 E2.64159
G1 X114.906 Y112.872 E2.65428
G1 X115.313 Y112.893 E2.66638
G1 X115.718 Y112.994 E2.67877
G1 X116.095 Y113.173 E2.69116
G1 X116.43 Y113.422 E2.70355
G1 X116.711 Y113.731 E2.71595
G1 X116.926 Y114.089 E2.72835
G1 X117.066 Y114.482 E2.74074
G1 X117.128 Y114.895 E2.75314
G1 X117.11 Y115.253 E2.76378
G1 X117.462 Y115.365 F7200
G1 F1500
G1 X117.343 Y115.838 E2.77826
G1 X117.135 Y116.28 E2.79276
G1 X116.844 Y116.671 E2.80723
G1 X116.483 Y116.999 E2.82171
G1 X116.064 Y117.25 E2.83621
G1 X115.605 Y117.414 E2.85068
G1 X115.122 Y117.486 E2.86518
G1 X114.635 Y117.462 E2.87966
G1 X114.162 Y117.343 E2.89414
G1 X113.72 Y117.135 E2.90864
G1 X113.329 Y116.844 E2.92311
G1 X113.001 Y116.483 E2.93759
G1 X112.75 Y116.064 E2.95209
G1 X112.586 Y115.605 E2.96656
G1 X112.514 Y115.122 E2.98106
G1 X112.538 Y114.635 E2.99554
G1 X112.657 Y114.162 E3.01002
G1 X112.865 Y113.72 E3.02452
G1 X113.156 Y113.329 E3.03899
G1 X113.517 Y113.001 E3.05347
G1 X113.936 Y112.75 E3.06797
G1 X114.397 Y112.585 E3.08251
G1 X114.889 Y112.514 E3.09727
G1 X115.366 Y112.538 E3.11145
G1 X115.838 Y112.657 E3.1259
G1 X116.28 Y112.865 E3.1404
G1 X116.671 Y113.156 E3.15487
G1 X116.999 Y113.517 E3.16935
G1 X117.25 Y113.936 E3.18385
G1 X117.414 Y114.395 E3.19832
G1 X117.486 Y114.878 E3.21282
G1 X117.465 Y115.305 E3.22551
G1 E1.82551 F4800
;WIPE_START
G1 F5760
G1 X117.462 Y115.365 E1.77795
G1 X117.343 Y115.838 E1.39182
G1 X117.253 Y116.028 E1.22551
;WIPE_END
G92 E0
G1 X116.254 Y112.498 F7200
G1 E2 F4800
;TYPE:Internal infill
;WIDTH:0.45
G1 F1500
G1 X115.955 Y112.357 E2.01119
G1 X115.941 Y112.303 E2.01308
G1 X116.421 Y112.524 E2.03097
G1 X116.438 Y112.585 E2.03311
G1 X116.888 Y112.917 E2.05204
G1 X117.258 Y113.325 E2.07068
G1 X117.542 Y113.798 E2.08935
G1 X117.727 Y114.317 E2.108
G1 X117.808 Y114.862 E2.12665
G1 X117.784 Y115.343 E2.14295
G1 X117.833 Y115.356 E2.14467
G1 X117.583 Y116.222 E2.17518
G1 X117.117 Y116.919 E2.20356
G1 X116.702 Y117.295 E2.22252
G1 X116.222 Y117.583 E2.24147
G1 X115.694 Y117.772 E2.26045
G1 X115.14 Y117.854 E2.27941
G1 X114.599 Y117.782 E2.29788
G1 X114.581 Y117.826 E2.29949
G1 X114.037 Y117.69 E2.31847
G1 X113.531 Y117.451 E2.33741
G1 X113.081 Y117.117 E2.35638
G1 X112.799 Y116.817 E2.37032
G1 X112.893 Y116.842 E2.37361
G1 X112.458 Y116.202 E2.3998
G1 X112.273 Y115.683 E2.41845
G1 X112.192 Y115.138 E2.4371
G1 X112.219 Y114.587 E2.45577
G1 X112.353 Y114.053 E2.47441
G1 X112.588 Y113.555 E2.49305
G1 X112.917 Y113.112 E2.51173
G1 X113.325 Y112.742 E2.53037
G1 X113.798 Y112.458 E2.54904
G1 X114.319 Y112.272 E2.56777
G1 X114.875 Y112.192 E2.58678
G1 X115.414 Y112.219 E2.60505
G1 X115.758 Y112.306 E2.61706
G1 E1.21706 F4800
;WIPE_START
G1 F5760
G1 X115.414 Y112.219 E.93615
G1 X115.011 Y112.199 E.61706
;WIPE_END
G92 E0
G1 X115.118 Y111.171 F7200
G1 E2 F4800
;TYPE:Solid infill
;WIDTH:0.566011
G1 F1500
G1 X115.77 Y111.246 E2.02855
;WIDTH:0.5649
G1 X116.49 Y111.469 E2.06126
G1 X117.15 Y111.828 E2.09387
G1 X117.728 Y112.308 E2.12648
G1 X118.201 Y112.892 E2.1591
G1 X118.55 Y113.557 E2.1917
G1 X118.764 Y114.277 E2.2243
G1 X118.832 Y115.026 E2.25694
G1 X118.754 Y115.773 E2.28954
G1 X118.531 Y116.49 E2.32213
G1 X118.172 Y117.15 E2.35474
G1 X117.692 Y117.728 E2.38735
G1 X117.108 Y118.201 E2.41997
G1 X116.443 Y118.55 E2.45257
G1 X115.723 Y118.764 E2.48517
G1 X114.974 Y118.832 E2.51781
G1 X114.227 Y118.754 E2.55041
G1 X113.51 Y118.531 E2.583
G1 X112.85 Y118.172 E2.61561
G1 X112.272 Y117.692 E2.64822
G1 X111.799 Y117.108 E2.68084
G1 X111.45 Y116.443 E2.71344
G1 X111.236 Y115.723 E2.74604
G1 X111.168 Y114.974 E2.77868
G1 X111.246 Y114.227 E2.81128
G1 X111.469 Y113.51 E2.84387
G1 X111.828 Y112.85 E2.87648
G1 X112.308 Y112.272 E2.90909
G1 X112.892 Y111.799 E2.94171
G1 X113.557 Y111.45 E2.97431
G1 X114.278 Y111.237 E3.00694
;WIDTH:0.56563
G1 X114.89 Y111.189 E3.03362
;WIDTH:0.499999
G1 X114.818 Y111.692 E3.05293
;WIDTH:0.554824
G1 X115.468 Y111.718 E3.08062
G1 X116.098 Y111.872 E3.10823
;WIDTH:0.553435
G1 X116.687 Y112.147 E3.13582
G1 X117.211 Y112.53 E3.16337
G1 X117.651 Y113.009 E3.19098
G1 X117.988 Y113.565 E3.21858
G1 X118.211 Y114.175 E3.24615
G1 X118.31 Y114.817 E3.27372
G1 X118.282 Y115.467 E3.30134
G1 X118.128 Y116.098 E3.32891
G1 X117.853 Y116.687 E3.3565
G1 X117.47 Y117.211 E3.38405
G1 X116.991 Y117.651 E3.41166
G1 X116.435 Y117.988 E3.43926
G1 X115.825 Y118.211 E3.46683
G1 X115.183 Y118.31 E3.4944
G1 X114.533 Y118.282 E3.52202
G1 X113.902 Y118.128 E3.54959
G1 X113.313 Y117.853 E3.57718
G1 X112.789 Y117.47 E3.60473
G1 X112.349 Y116.991 E3.63234
G1 X112.012 Y116.435 E3.65994
G1 X111.789 Y115.825 E3.68751
G1 X111.69 Y115.183 E3.71508
G1 X111.718 Y114.533 E3.7427
G1 X111.872 Y113.902 E3.77027
G1 X112.147 Y113.313 E3.79786
G1 X112.53 Y112.789 E3.82541
G1 X113.009 Y112.349 E3.85302
;WIDTH:0.555984
G1 X113.565 Y112.012 E3.88076
;WIDTH:0.553435
G1 X114.175 Y111.789 E3.90833
G1 X114.592 Y111.726 E3.92623
;LAYER_CHANGE
;Z:5.48
;HEIGHT:0.2
; BEFORE_LAYER_CHANGE 26 @ 5.48mm
G1 E2.52623 F4800
;WIPE_START
G1 F5760
G1 X114.175 Y111.789 E2.19236
G1 X113.859 Y111.904 E1.92623
;WIPE_END
G92 E0
G1 Z5.48 F7200
; AFTER_LAYER_CHANGE 26 @ 5.48mm
G1 X113.564 Y110.264
G1 E2 F4800
;TYPE:External perimeter
;WIDTH:0.45
G1 F1500
G1 X113.796 Y110.194 E2.0082
G1 X114.273 Y110.099 E2.02466
G1 X114.758 Y110.051 E2.04116
G1 X115.139 Y110.049 E2.05406
G1 X115.729 Y110.099 E2.0741
G1 X116.204 Y110.194 E2.0905
G1 X116.669 Y110.335 E2.10695
G1 X117.118 Y110.521 E2.1234
G1 X117.547 Y110.75 E2.13986
G1 X117.952 Y111.02 E2.15634
G1 X118.327 Y111.329 E2.17279
G1 X118.671 Y111.673 E2.18926
G1 X118.98 Y112.048 E2.20571
G1 X119.25 Y112.453 E2.22219
G1 X119.479 Y112.882 E2.23865
G1 X119.665 Y113.331 E2.2551
G1 X119.806 Y113.796 E2.27155
G1 X119.901 Y114.273 E2.28801
G1 X119.949 Y114.757 E2.30447
G1 X119.949 Y115.243 E2.32092
G1 X119.901 Y115.727 E2.33738
G1 X119.806 Y116.204 E2.35384
G1 X119.665 Y116.669 E2.37029
G1 X119.479 Y117.118 E2.38674
G1 X119.25 Y117.547 E2.4032
G1 X118.98 Y117.952 E2.41968
G1 X118.671 Y118.327 E2.43613
G1 X118.327 Y118.671 E2.4526
G1 X117.952 Y118.98 E2.46905
G1 X117.547 Y119.25 E2.48553
G1 X117.118 Y119.479 E2.50199
G1 X116.669 Y119.665 E2.51844
G1 X116.204 Y119.806 E2.53489
G1 X115.727 Y119.901 E2.55135
G1 X115.243 Y119.949 E2.56781
G1 X114.757 Y119.949 E2.58426
G1 X114.273 Y119.901 E2.60072
G1 X113.796 Y119.806 E2.61718
G1 X113.331 Y119.665 E2.63363
G1 X112.882 Y119.479 E2.65008
G1 X112.453 Y119.25 E2.66654
G1 X112.048 Y118.98 E2.68302
G1 X111.673 Y118.671 E2.69947
G1 X111.329 Y118.327 E2.71594
G1 X111.02 Y117.952 E2.73239
G1 X110.75 Y117.547 E2.74887
G1 X110.521 Y117.118 E2.76533
G1 X110.335 Y116.669 E2.78178
G1 X110.194 Y116.204 E2.79823
G1 X110.099 Y115.727 E2.81469
G1 X110.051 Y115.243 E2.83115
G1 X110.051 Y114.757 E2.8476
G1 X110.099 Y114.273 E2.86406
G1 X110.194 Y113.796 E2.88052
G1 X110.335 Y113.331 E2.89697
G1 X110.521 Y112.882 E2.91342
G1 X110.75 Y112.453 E2.92988
G1 X111.02 Y112.048 E2.94636
G1 X111.329 Y111.673 E2.96281
G1 X111.673 Y111.329 E2.97928
G1 X112.048 Y111.02 E2.99573
G1 X112.453 Y110.75 E3.01221
G1 X112.882 Y110.521 E3.02867
G1 X113.331 Y110.335 E3.04512
G1 X113.506 Y110.282 E3.05131
G1 X113.675 Y110.63 F7200
;TYPE:Perimeter
;WIDTH:0.4
G1 F1500
G1 X113.889 Y110.565 E3.05795
G1 X114.329 Y110.477 E3.07127
G1 X114.778 Y110.433 E3.08467
G1 X115.124 Y110.431 E3.09494
G1 X115.675 Y110.478 E3.11136
G1 X116.111 Y110.565 E3.12456
G1 X116.54 Y110.695 E3.13787
G1 X116.955 Y110.867 E3.15121
G1 X117.351 Y111.078 E3.16453
G1 X117.724 Y111.328 E3.17786
G1 X118.07 Y111.612 E3.19115
G1 X118.388 Y111.93 E3.2045
G1 X118.672 Y112.276 E3.21779
G1 X118.922 Y112.649 E3.23112
G1 X119.133 Y113.045 E3.24444
G1 X119.305 Y113.46 E3.25778
G1 X119.435 Y113.889 E3.27109
G1 X119.523 Y114.329 E3.28441
G1 X119.567 Y114.776 E3.29775
G1 X119.567 Y115.224 E3.31105
G1 X119.523 Y115.671 E3.32439
G1 X119.435 Y116.111 E3.33771
G1 X119.305 Y116.54 E3.35102
G1 X119.133 Y116.955 E3.36436
G1 X118.922 Y117.351 E3.37768
G1 X118.672 Y117.724 E3.39101
G1 X118.388 Y118.07 E3.4043
G1 X118.07 Y118.388 E3.41765
G1 X117.724 Y118.672 E3.43094
G1 X117.351 Y118.922 E3.44427
G1 X116.955 Y119.133 E3.45759
G1 X116.54 Y119.305 E3.47093
G1 X116.111 Y119.435 E3.48424
G1 X115.671 Y119.523 E3.49756
G1 X115.224 Y119.567 E3.5109
G1 X114.776 Y119.567 E3.5242
G1 X114.329 Y119.523 E3.53754
G1 X113.889 Y119.435 E3.55086
G1 X113.46 Y119.305 E3.56417
G1 X113.045 Y119.133 E3.57751
G1 X112.649 Y118.922 E3.59083
G1 X112.276 Y118.672 E3.60416
G1 X111.93 Y118.388 E3.61745
G1 X111.612 Y118.07 E3.6308
G1 X111.328 Y117.724 E3.64409
G1 X111.078 Y117.351 E3.65742
G1 X110.867 Y116.955 E3.67074
G1 X110.695 Y116.54 E3.68408
G1 X110.565 Y116.111 E3.69739
G1 X110.477 Y115.671 E3.71071
G1 X110.433 Y115.224 E3.72405
G1 X110.433 Y114.776 E3.73735
G1 X110.477 Y114.329 E3.75069
G1 X110.565 Y113.889 E3.76401
G1 X110.695 Y113.46 E3.77732
G1 X110.867 Y113.045 E3.79066
G1 X111.078 Y112.649 E3.80398
G1 X111.328 Y112.276 E3.81731
G1 X111.612 Y111.93 E3.8306
G1 X111.93 Y111.612 E3.84395
G1 X112.276 Y111.328 E3.85724
G1 X112.649 Y111.078 E3.87057
G1 X113.045 Y110.867 E3.88389
G1 X113.46 Y110.695 E3.89723
G1 X113.617 Y110.647 E3.9021
G1 X113.778 Y110.972 F7200
G1 F1500
G1 X113.976 Y110.912 E3.90824
G1 X114.382 Y110.831 E3.92053
G1 X114.796 Y110.79 E3.93288
G1 X115.11 Y110.788 E3.9422
G1 X115.625 Y110.832 E3.95755
G1 X116.024 Y110.912 E3.96963
G1 X116.42 Y111.032 E3.98192
G1 X116.802 Y111.19 E3.99419
G1 X117.167 Y111.385 E4.00648
G1 X117.511 Y111.615 E4.01877
G1 X117.83 Y111.877 E4.03103
G1 X118.123 Y112.17 E4.04333
G1 X118.385 Y112.489 E4.05559
G1 X118.615 Y112.833 E4.06788
G1 X118.81 Y113.198 E4.08017
G1 X118.968 Y113.58 E4.09244
G1 X119.088 Y113.976 E4.10473
G1 X119.169 Y114.382 E4.11702
G1 X119.21 Y114.793 E4.12928
G1 X119.21 Y115.207 E4.14157
G1 X119.169 Y115.618 E4.15383
G1 X119.088 Y116.024 E4.16612
G1 X118.968 Y116.42 E4.17841
G1 X118.81 Y116.802 E4.19068
G1 X118.615 Y117.167 E4.20297
G1 X118.385 Y117.511 E4.21526
G1 X118.123 Y117.83 E4.22752
G1 X117.83 Y118.123 E4.23982
G1 X117.511 Y118.385 E4.25208
G1 X117.167 Y118.615 E4.26437
G1 X116.802 Y118.81 E4.27666
G1 X116.42 Y118.968 E4.28893
G1 X116.024 Y119.088 E4.30122
G1 X115.618 Y119.169 E4.31351
G1 X115.207 Y119.21 E4.32577
G1 X114.793 Y119.21 E4.33806
G1 X114.382 Y119.169 E4.35032
G1 X113.976 Y119.088 E4.36261
G1 X113.58 Y118.968 E4.3749
G1 X113.198 Y118.81 E4.38717
G1 X112.833 Y118.615 E4.39946
G1 X112.489 Y118.385 E4.41175
G1 X112.17 Y118.123 E4.42401
G1 X111.877 Y117.83 E4.43631
G1 X111.615 Y117.511 E4.44857
G1 X111.385 Y117.167 E4.46086
G1 X111.19 Y116.802 E4.47315
G1 X111.032 Y116.42 E4.48542
G1 X110.912 Y116.024 E4.49771
G1 X110.831 Y115.618 E4.51
G1 X110.79 Y115.207 E4.52226
G1 X110.79 Y114.793 E4.53455
G1 X110.831 Y114.382 E4.54681
G1 X110.912 Y113.976 E4.5591
G1 X111.032 Y113.58 E4.57139
G1 X111.19 Y113.198 E4.58366
G1 X111.385 Y112.833 E4.59595
G1 X111.615 Y112.489 E4.60824
G1 X111.877 Y112.17 E4.6205
G1 X112.17 Y111.877 E4.6328
G1 X112.489 Y111.615 E4.64506
G1 X112.833 Y111.385 E4.65735
G1 X113.198 Y111.19 E4.66964
G1 X113.58 Y111.032 E4.68191
G1 X113.721 Y110.989 E4.68629
G1 E3.28629 F4800
;WIPE_START
G1 F5760
G1 X113.778 Y110.972 E3.2392
G1 X113.976 Y110.912 E3.07541
G1 X114.382 Y110.831 E2.74766
G1 X114.459 Y110.823 E2.68629
;WIPE_END
G92 E0
G1 X116.727 Y115.256 F7200
G1 E2 F4800
;TYPE:External perimeter
;WIDTH:0.45
G1 F1500
G1 X116.644 Y115.588 E2.01158
G1 X116.498 Y115.898 E2.02318
G1 X116.294 Y116.173 E2.03477
G1 X116.04 Y116.403 E2.04637
G1 X115.747 Y116.579 E2.05794
G1 X115.424 Y116.694 E2.06955
G1 X115.086 Y116.744 E2.08112
G1 X114.744 Y116.727 E2.09271
G1 X114.412 Y116.644 E2.10429
G1 X114.102 Y116.498 E2.11589
G1 X113.827 Y116.294 E2.12748
G1 X113.597 Y116.04 E2.13908
G1 X113.421 Y115.747 E2.15065
G1 X113.306 Y115.424 E2.16226
G1 X113.256 Y115.086 E2.17383
G1 X113.273 Y114.744 E2.18542
G1 X113.356 Y114.412 E2.197
G1 X113.502 Y114.102 E2.2086
G1 X113.706 Y113.827 E2.22019
G1 X113.96 Y113.597 E2.23179
G1 X114.253 Y113.421 E2.24336
G1 X114.576 Y113.306 E2.25497
G1 X114.921 Y113.256 E2.26677
G1 X115.256 Y113.273 E2.27812
G1 X115.588 Y113.356 E2.2897
G1 X115.898 Y113.502 E2.3013
G1 X116.173 Y113.706 E2.31289
G1 X116.403 Y113.96 E2.32449
G1 X116.579 Y114.253 E2.33606
G1 X116.694 Y114.576 E2.34767
G1 X116.744 Y114.914 E2.35924
G1 X116.73 Y115.196 E2.3688
G1 X117.107 Y115.313 F7200
;TYPE:Perimeter
;WIDTH:0.4
G1 F1500
G1 X117.006 Y115.718 E2.38119
G1 X116.827 Y116.095 E2.39358
G1 X116.578 Y116.431 E2.406
G1 X116.269 Y116.711 E2.41838
G1 X115.911 Y116.926 E2.43078
G1 X115.518 Y117.066 E2.44317
G1 X115.105 Y117.128 E2.45557
G1 X114.687 Y117.107 E2.468
G1 X114.282 Y117.006 E2.48039
G1 X113.905 Y116.827 E2.49278
G1 X113.569 Y116.578 E2.5052
G1 X113.289 Y116.269 E2.51758
G1 X113.074 Y115.911 E2.52998
G1 X112.934 Y115.518 E2.54237
G1 X112.872 Y115.105 E2.55477
G1 X112.893 Y114.687 E2.5672
G1 X112.994 Y114.282 E2.57959
G1 X113.173 Y113.905 E2.59198
G1 X113.422 Y113.57 E2.60437
G1 X113.731 Y113.289 E2.61677
G1 X114.089 Y113.074 E2.62917
G1 X114.483 Y112.933 E2.64159
G1 X114.903 Y112.872 E2.65419
G1 X115.313 Y112.893 E2.66638
G1 X115.718 Y112.994 E2.67877
G1 X116.095 Y113.173 E2.69116
G1 X116.43 Y113.422 E2.70355
G1 X116.711 Y113.731 E2.71595
G1 X116.926 Y114.089 E2.72835
G1 X117.066 Y114.482 E2.74074
G1 X117.128 Y114.895 E2.75314
G1 X117.11 Y115.253 E2.76378
G1 X117.462 Y115.365 F7200
G1 F1500
G1 X117.343 Y115.838 E2.77826
G1 X117.135 Y116.28 E2.79276
G1 X116.844 Y116.671 E2.80723
G1 X116.483 Y116.999 E2.82171
G1 X116.064 Y117.25 E2.83621
G1 X115.605 Y117.414 E2.85068
G1 X115.122 Y117.486 E2.86518
G1 X114.635 Y117.462 E2.87966
G1 X114.162 Y117.343 E2.89414
G1 X113.72 Y117.135 E2.90864
G1 X113.329 Y116.844 E2.92311
G1 X113.001 Y116.483 E2.93759
G1 X112.75 Y116.064 E2.95209
G1 X112.586 Y115.605 E2.96656
G1 X112.514 Y115.122 E2.98106
G1 X112.538 Y114.635 E2.99554
G1 X112.657 Y114.162 E3.01002
G1 X112.865 Y113.72 E3.02452
G1 X113.156 Y113.329 E3.03899
G1 X113.517 Y113.001 E3.05347
G1 X113.936 Y112.75 E3.06797
G1 X114.396 Y112.585 E3.08248
G1 X114.886 Y112.514 E3.09718
G1 X115.366 Y112.538 E3.11145
G1 X115.838 Y112.657 E3.1259
G1 X116.28 Y112.865 E3.1404
G1 X116.671 Y113.156 E3.15487
G1 X116.999 Y113.517 E3.16935
G1 X117.25 Y113.936 E3.18385
G1 X117.414 Y114.395 E3.19832
G1 X117.486 Y114.878 E3.21282
G1 X117.465 Y115.305 E3.22551
G1 E1.82551 F4800
;WIPE_START
G1 F5760
G1 X117.462 Y115.365 E1.77795
G1 X117.343 Y115.838 E1.39182
G1 X117.253 Y116.028 E1.22551
;WIPE_END
G92 E0
G1 X111.137 Y115.19 F7200
G1 E2 F4800
;TYPE:Solid infill
;WIDTH:0.499999
G1 F1500
G1 X111.174 Y114.433 E2.02881
G1 X111.359 Y113.697 E2.05765
G1 X111.683 Y113.012 E2.08645
G1 X112.061 Y112.502 E2.11058
G1 X112.398 Y112.138 E2.12943
G1 X112.971 Y111.713 E2.15654
G1 X113.747 Y111.346 E2.18916
G1 X114.482 Y111.171 E2.21788
G1 X115.14 Y111.138 E2.24292
G1 X115.688 Y111.204 E2.2639
G1 X116.415 Y111.412 E2.29264
G1 X117.087 Y111.756 E2.32133
G1 X117.631 Y112.172 E2.34736
G1 X118.106 Y112.696 E2.37424
G1 X118.496 Y113.346 E2.40305
G1 X118.751 Y114.06 E2.43187
G1 X118.863 Y114.81 E2.46069
G1 X118.826 Y115.567 E2.4895
G1 X118.641 Y116.303 E2.51834
G1 X118.317 Y116.988 E2.54714
G1 X117.866 Y117.597 E2.57594
G1 X117.304 Y118.106 E2.60476
G1 X116.654 Y118.496 E2.63357
G1 X115.94 Y118.751 E2.66239
G1 X115.19 Y118.863 E2.69121
G1 X114.433 Y118.826 E2.72002
G1 X113.697 Y118.641 E2.74886
G1 X113.012 Y118.317 E2.77766
G1 X112.403 Y117.866 E2.80646
G1 X111.894 Y117.304 E2.83528
G1 X111.504 Y116.654 E2.86409
G1 X111.249 Y115.94 E2.89291
G1 X111.171 Y115.416 E2.91304
G1 X111.684 Y115.318 E2.93289
;WIDTH:0.611662
G1 X111.738 Y115.742 E2.9531
G1 X111.945 Y116.364 E2.9841
G1 X112.27 Y116.934 E3.01513
G1 X112.7 Y117.43 E3.04617
G1 X113.218 Y117.832 E3.07718
G1 X113.805 Y118.125 E3.10821
G1 X114.437 Y118.298 E3.1392
G1 X115.092 Y118.344 E3.17025
G1 X115.742 Y118.262 E3.20123
G1 X116.364 Y118.055 E3.23223
G1 X116.934 Y117.73 E3.26326
G1 X117.43 Y117.3 E3.2943
G1 X117.832 Y116.782 E3.32531
G1 X118.125 Y116.195 E3.35634
G1 X118.298 Y115.563 E3.38733
G1 X118.344 Y114.908 E3.41838
G1 X118.262 Y114.258 E3.44936
G1 X118.055 Y113.636 E3.48036
G1 X117.73 Y113.066 E3.51139
G1 X117.3 Y112.57 E3.54243
;WIDTH:0.61524
G1 X116.782 Y112.168 E3.57363
;WIDTH:0.611656
G1 X116.195 Y111.875 E3.60466
;WIDTH:0.611944
G1 X115.564 Y111.702 E3.63562
G1 X114.918 Y111.657 E3.66626
;WIDTH:0.60774
G1 X114.262 Y111.741 E3.69732
;WIDTH:0.6027
G1 X113.637 Y111.949 E3.72798
G1 X113.068 Y112.274 E3.75848
;WIDTH:0.617936
G1 X112.568 Y112.698 E3.78982
G1 X112.168 Y113.218 E3.82119
;WIDTH:0.611656
G1 X111.875 Y113.805 E3.85222
G1 X111.702 Y114.437 E3.88321
G1 X111.656 Y115.092 E3.91426
;WIDTH:0.499999
G1 X112.17 Y115.161 E3.93397
G1 X112.193 Y114.606 E3.95508
G1 X112.324 Y114.066 E3.9762
G1 X112.557 Y113.562 E3.9973
G1 X112.885 Y113.113 E4.01843
G1 X113.294 Y112.737 E4.03955
G1 X113.768 Y112.447 E4.06067
G1 X114.291 Y112.256 E4.08183
G1 X114.848 Y112.17 E4.10325
G1 X115.395 Y112.193 E4.12406
G1 X115.934 Y112.324 E4.14514
G1 X116.438 Y112.557 E4.16624
G1 X116.887 Y112.885 E4.18737
G1 X117.263 Y113.294 E4.20849
G1 X117.553 Y113.768 E4.22961
G1 X117.744 Y114.29 E4.25074
G1 X117.83 Y114.839 E4.27186
G1 X117.807 Y115.394 E4.29297
G1 X117.676 Y115.934 E4.31409
G1 X117.443 Y116.438 E4.33519
G1 X117.115 Y116.887 E4.35632
G1 X116.706 Y117.263 E4.37744
G1 X116.232 Y117.553 E4.39856
G1 X115.71 Y117.744 E4.41969
G1 X115.161 Y117.83 E4.44081
G1 X114.606 Y117.807 E4.46192
G1 X114.066 Y117.676 E4.48304
G1 X113.562 Y117.443 E4.50414
G1 X113.113 Y117.115 E4.52527
G1 X112.737 Y116.706 E4.54639
G1 X112.447 Y116.232 E4.56751
G1 X112.256 Y115.71 E4.58864
G1 X112.205 Y115.387 E4.60107
;LAYER_CHANGE
;Z:5.68
;HEIGHT:0.2
; BEFORE_LAYER_CHANGE 27 @ 5.68mm
G1 E3.20107 F4800
;WIPE_START
G1 F5760
G1 X112.256 Y115.71 E2.94219
G1 X112.404 Y116.115 E2.60107
;WIPE_END
G92 E0
G1 Z5.68 F7200
; AFTER_LAYER_CHANGE 27 @ 5.68mm
G1 X113.564 Y110.264
G1 E2 F4800
;TYPE:External perimeter
;WIDTH:0.45
G1 F1500
G1 X113.796 Y110.194 E2.0082
G1 X114.273 Y110.099 E2.02466
G1 X114.757 Y110.051 E2.04112
G1 X115.181 Y110.05 E2.05547
G1 X115.728 Y110.099 E2.07406
G1 X116.204 Y110.194 E2.09049
G1 X116.669 Y110.335 E2.10694
G1 X117.118 Y110.521 E2.12339
G1 X117.547 Y110.75 E2.13985
G1 X117.952 Y111.02 E2.15633
G1 X118.327 Y111.329 E2.17278
G1 X118.671 Y111.673 E2.18925
G1 X118.98 Y112.048 E2.2057
G1 X119.25 Y112.453 E2.22218
G1 X119.479 Y112.882 E2.23864
G1 X119.665 Y113.331 E2.25509
G1 X119.806 Y113.796 E2.27154
G1 X119.901 Y114.273 E2.288
G1 X119.949 Y114.757 E2.30446
G1 X119.949 Y115.243 E2.32091
G1 X119.901 Y115.727 E2.33737
G1 X119.806 Y116.204 E2.35383
G1 X119.665 Y116.669 E2.37028
G1 X119.479 Y117.118 E2.38673
G1 X119.25 Y117.547 E2.40319
G1 X118.98 Y117.952 E2.41967
G1 X118.671 Y118.327 E2.43612
G1 X118.327 Y118.671 E2.45259
G1 X117.952 Y118.98 E2.46904
G1 X117.547 Y119.25 E2.48552
G1 X117.118 Y119.479 E2.50198
G1 X116.669 Y119.665 E2.51843
G1 X116.204 Y119.806 E2.53488
G1 X115.727 Y119.901 E2.55134
G1 X115.243 Y119.949 E2.5678
G1 X114.757 Y119.949 E2.58425
G1 X114.273 Y119.901 E2.60071
G1 X113.796 Y119.806 E2.61717
G1 X113.331 Y119.665 E2.63362
G1 X112.882 Y119.479 E2.65007
G1 X112.453 Y119.25 E2.66653
G1 X112.048 Y118.98 E2.68301
G1 X111.673 Y118.671 E2.69946
G1 X111.329 Y118.327 E2.71593
G1 X111.02 Y117.952 E2.73238
G1 X110.75 Y117.547 E2.74886
G1 X110.521 Y117.118 E2.76532
G1 X110.335 Y116.669 E2.78177
G1 X110.194 Y116.204 E2.79822
G1 X110.099 Y115.727 E2.81468
G1 X110.051 Y115.243 E2.83114
G1 X110.051 Y114.757 E2.84759
G1 X110.099 Y114.273 E2.86405
G1 X110.194 Y113.796 E2.88051
G1 X110.335 Y113.331 E2.89696
G1 X110.521 Y112.882 E2.91341
G1 X110.75 Y112.453 E2.92987
G1 X111.02 Y112.048 E2.94635
G1 X111.329 Y111.673 E2.9628
G1 X111.673 Y111.329 E2.97927
G1 X112.048 Y111.02 E2.99572
G1 X112.453 Y110.75 E3.0122
G1 X112.882 Y110.521 E3.02866
G1 X113.331 Y110.335 E3.04511
G1 X113.506 Y110.282 E3.0513
G1 X113.675 Y110.63 F7200
;TYPE:Perimeter
;WIDTH:0.4
G1 F1500
G1 X113.889 Y110.565 E3.05794
G1 X114.329 Y110.477 E3.07126
G1 X114.777 Y110.433 E3.08463
G1 X115.164 Y110.432 E3.09612
G1 X115.673 Y110.478 E3.11129
G1 X116.111 Y110.565 E3.12455
G1 X116.54 Y110.695 E3.13786
G1 X116.955 Y110.867 E3.1512
G1 X117.351 Y111.078 E3.16452
G1 X117.724 Y111.328 E3.17785
G1 X118.07 Y111.612 E3.19114
G1 X118.388 Y111.93 E3.20449
G1 X118.672 Y112.276 E3.21778
G1 X118.922 Y112.649 E3.23111
G1 X119.133 Y113.045 E3.24443
G1 X119.305 Y113.46 E3.25777
G1 X119.435 Y113.889 E3.27108
G1 X119.523 Y114.329 E3.2844
G1 X119.567 Y114.776 E3.29774
G1 X119.567 Y115.224 E3.31104
G1 X119.523 Y115.671 E3.32438
G1 X119.435 Y116.111 E3.3377
G1 X119.305 Y116.54 E3.35101
G1 X119.133 Y116.955 E3.36435
G1 X118.922 Y117.351 E3.37767
G1 X118.672 Y117.724 E3.391
G1 X118.388 Y118.07 E3.40429
G1 X118.07 Y118.388 E3.41764
G1 X117.724 Y118.672 E3.43093
G1 X117.351 Y118.922 E3.44426
G1 X116.955 Y119.133 E3.45758
G1 X116.54 Y119.305 E3.47092
G1 X116.111 Y119.435 E3.48423
G1 X115.671 Y119.523 E3.49755
G1 X115.224 Y119.567 E3.51089
G1 X114.776 Y119.567 E3.52419
G1 X114.329 Y119.523 E3.53753
G1 X113.889 Y119.435 E3.55085
G1 X113.46 Y119.305 E3.56416
G1 X113.045 Y119.133 E3.5775
G1 X112.649 Y118.922 E3.59082
G1 X112.276 Y118.672 E3.60415
G1 X111.93 Y118.388 E3.61744
G1 X111.612 Y118.07 E3.63079
G1 X111.328 Y117.724 E3.64408
G1 X111.078 Y117.351 E3.65741
G1 X110.867 Y116.955 E3.67073
G1 X110.695 Y116.54 E3.68407
G1 X110.565 Y116.111 E3.69738
G1 X110.477 Y115.671 E3.7107
G1 X110.433 Y115.224 E3.72404
G1 X110.433 Y114.776 E3.73734
G1 X110.477 Y114.329 E3.75068
G1 X110.565 Y113.889 E3.764
G1 X110.695 Y113.46 E3.77731
G1 X110.867 Y113.045 E3.79065
G1 X111.078 Y112.649 E3.80397
G1 X111.328 Y112.276 E3.8173
G1 X111.612 Y111.93 E3.83059
G1 X111.93 Y111.612 E3.84394
G1 X112.276 Y111.328 E3.85723
G1 X112.649 Y111.078 E3.87056
G1 X113.045 Y110.867 E3.88388
G1 X113.46 Y110.695 E3.89722
G1 X113.617 Y110.647 E3.90209
G1 X113.778 Y110.972 F7200
G1 F1500
G1 X113.976 Y110.912 E3.90823
G1 X114.382 Y110.831 E3.92052
G1 X114.795 Y110.79 E3.93284
G1 X115.149 Y110.789 E3.94335
G1 X115.622 Y110.832 E3.95745
G1 X116.024 Y110.912 E3.96962
G1 X116.42 Y111.032 E3.98191
G1 X116.802 Y111.19 E3.99418
G1 X117.167 Y111.385 E4.00647
G1 X117.511 Y111.615 E4.01876
G1 X117.83 Y111.877 E4.03102
G1 X118.123 Y112.17 E4.04332
G1 X118.385 Y112.489 E4.05558
G1 X118.615 Y112.833 E4.06787
G1 X118.81 Y113.198 E4.08016
G1 X118.968 Y113.58 E4.09243
G1 X119.088 Y113.976 E4.10472
G1 X119.169 Y114.382 E4.11701
G1 X119.21 Y114.793 E4.12927
G1 X119.21 Y115.207 E4.14156
G1 X119.169 Y115.618 E4.15382
G1 X119.088 Y116.024 E4.16611
G1 X118.968 Y116.42 E4.1784
G1 X118.81 Y116.802 E4.19067
G1 X118.615 Y117.167 E4.20296
G1 X118.385 Y117.511 E4.21525
G1 X118.123 Y117.83 E4.22751
G1 X117.83 Y118.123 E4.23981
G1 X117.511 Y118.385 E4.25207
G1 X117.167 Y118.615 E4.26436
G1 X116.802 Y118.81 E4.27665
G1 X116.42 Y118.968 E4.28892
G1 X116.024 Y119.088 E4.30121
G1 X115.618 Y119.169 E4.3135
G1 X115.207 Y119.21 E4.32576
G1 X114.793 Y119.21 E4.33805
G1 X114.382 Y119.169 E4.35031
G1 X113.976 Y119.088 E4.3626
G1 X113.58 Y118.968 E4.37489
G1 X113.198 Y118.81 E4.38716
G1 X112.833 Y118.615 E4.39945
G1 X112.489 Y118.385 E4.41174
G1 X112.17 Y118.123 E4.424
G1 X111.877 Y117.83 E4.4363
G1 X111.615 Y117.511 E4.44856
G1 X111.385 Y117.167 E4.46085
G1 X111.19 Y116.802 E4.47314
G1 X111.032 Y116.42 E4.48541
G1 X110.912 Y116.024 E4.4977
G1 X110.831 Y115.618 E4.50999
G1 X110.79 Y115.207 E4.52225
G1 X110.79 Y114.793 E4.53454
G1 X110.831 Y114.382 E4.5468
G1 X110.912 Y113.976 E4.55909
G1 X111.032 Y113.58 E4.57138
G1 X111.19 Y113.198 E4.58365
G1 X111.385 Y112.833 E4.59594
G1 X111.615 Y112.489 E4.60823
G1 X111.877 Y112.17 E4.62049
G1 X112.17 Y111.877 E4.63279
G1 X112.489 Y111.615 E4.64505
G1 X112.833 Y111.385 E4.65734
G1 X113.198 Y111.19 E4.66963
G1 X113.58 Y111.032 E4.6819
G1 X113.721 Y110.989 E4.68628
G1 E3.28628 F4800
;WIPE_START
G1 F5760
G1 X113.778 Y110.972 E3.23919
G1 X113.976 Y110.912 E3.0754
G1 X114.382 Y110.831 E2.74765
G1 X114.459 Y110.823 E2.68628
;WIPE_END
G92 E0
G1 X116.727 Y115.256 F7200
G1 E2 F4800
;TYPE:External perimeter
;WIDTH:0.45
G1 F1500
G1 X116.644 Y115.588 E2.01158
G1 X116.498 Y115.898 E2.02318
G1 X116.294 Y116.173 E2.03477
G1 X116.04 Y116.403 E2.04637
G1 X115.747 Y116.579 E2.05794
G1 X115.424 Y116.694 E2.06955
G1 X115.086 Y116.744 E2.08112
G1 X114.744 Y116.727 E2.09271
G1 X114.412 Y116.644 E2.10429
G1 X114.102 Y116.498 E2.11589
G1 X113.827 Y116.294 E2.12748
G1 X113.597 Y116.04 E2.13908
G1 X113.421 Y115.747 E2.15065
G1 X113.306 Y115.424 E2.16226
G1 X113.256 Y115.086 E2.17383
G1 X113.273 Y114.744 E2.18542
G1 X113.356 Y114.412 E2.197
G1 X113.502 Y114.102 E2.2086
G1 X113.706 Y113.827 E2.22019
G1 X113.96 Y113.597 E2.23179
G1 X114.253 Y113.421 E2.24336
G1 X114.576 Y113.306 E2.25497
G1 X114.918 Y113.256 E2.26667
G1 X115.256 Y113.273 E2.27813
G1 X115.588 Y113.356 E2.28971
G1 X115.898 Y113.502 E2.30131
G1 X116.173 Y113.706 E2.3129
G1 X116.403 Y113.96 E2.3245
G1 X116.579 Y114.253 E2.33607
G1 X116.694 Y114.576 E2.34768
G1 X116.744 Y114.914 E2.35925
G1 X116.73 Y115.196 E2.36881
G1 X117.107 Y115.313 F7200
;TYPE:Perimeter
;WIDTH:0.4
G1 F1500
G1 X117.006 Y115.718 E2.3812
G1 X116.827 Y116.095 E2.39359
G1 X116.578 Y116.43 E2.40598
G1 X116.269 Y116.711 E2.41838
G1 X115.911 Y116.926 E2.43078
G1 X115.518 Y117.066 E2.44317
G1 X115.104 Y117.128 E2.4556
G1 X114.687 Y117.107 E2.468
G1 X114.282 Y117.006 E2.48039
G1 X113.905 Y116.827 E2.49278
G1 X113.569 Y116.578 E2.5052
G1 X113.289 Y116.269 E2.51758
G1 X113.074 Y115.911 E2.52998
G1 X112.934 Y115.518 E2.54237
G1 X112.872 Y115.105 E2.55477
G1 X112.893 Y114.687 E2.5672
G1 X112.994 Y114.282 E2.57959
G1 X113.173 Y113.905 E2.59198
G1 X113.422 Y113.57 E2.60437
G1 X113.731 Y113.289 E2.61677
G1 X114.089 Y113.074 E2.62917
G1 X114.483 Y112.934 E2.64158
G1 X114.9 Y112.872 E2.6541
G1 X115.313 Y112.893 E2.66638
G1 X115.718 Y112.994 E2.67877
G1 X116.095 Y113.173 E2.69116
G1 X116.43 Y113.422 E2.70355
G1 X116.711 Y113.731 E2.71595
G1 X116.926 Y114.089 E2.72835
G1 X117.066 Y114.482 E2.74074
G1 X117.128 Y114.896 E2.75317
G1 X117.11 Y115.253 E2.76378
G1 X117.462 Y115.365 F7200
G1 F1500
G1 X117.343 Y115.839 E2.77829
G1 X117.135 Y116.28 E2.79277
G1 X116.844 Y116.671 E2.80724
G1 X116.483 Y116.999 E2.82172
G1 X116.064 Y117.25 E2.83622
G1 X115.605 Y117.414 E2.85069
G1 X115.122 Y117.486 E2.86519
G1 X114.635 Y117.462 E2.87967
G1 X114.162 Y117.343 E2.89415
G1 X113.72 Y117.135 E2.90865
G1 X113.329 Y116.844 E2.92312
G1 X113.001 Y116.483 E2.9376
G1 X112.75 Y116.064 E2.9521
G1 X112.586 Y115.605 E2.96657
G1 X112.514 Y115.122 E2.98107
G1 X112.538 Y114.635 E2.99555
G1 X112.657 Y114.162 E3.01003
G1 X112.865 Y113.72 E3.02453
G1 X113.156 Y113.329 E3.039
G1 X113.517 Y113.001 E3.05348
G1 X113.936 Y112.75 E3.06798
G1 X114.396 Y112.585 E3.08249
G1 X114.883 Y112.514 E3.0971
G1 X115.366 Y112.538 E3.11146
G1 X115.838 Y112.657 E3.12591
G1 X116.28 Y112.865 E3.14041
G1 X116.671 Y113.156 E3.15488
G1 X116.999 Y113.517 E3.16936
G1 X117.25 Y113.936 E3.18386
G1 X117.414 Y114.395 E3.19833
G1 X117.486 Y114.878 E3.21283
G1 X117.465 Y115.305 E3.22552
G1 E1.82552 F4800
;WIPE_START
G1 F5760
G1 X117.462 Y115.365 E1.77796
G1 X117.343 Y115.839 E1.39106
G1 X117.254 Y116.028 E1.22552
;WIPE_END
G92 E0
G1 X115.134 Y111.136 F7200
G1 E2 F4800
;TYPE:Solid infill
;WIDTH:0.499999
G1 F1500
G1 X115.941 Y111.249 E2.03097
G1 X116.654 Y111.504 E2.05975
G1 X117.304 Y111.894 E2.08856
G1 X117.866 Y112.403 E2.11738
G1 X118.317 Y113.012 E2.14618
G1 X118.641 Y113.697 E2.17498
G1 X118.826 Y114.433 E2.20382
G1 X118.863 Y115.19 E2.23263
G1 X118.751 Y115.94 E2.26145
G1 X118.513 Y116.605 E2.28829
G1 X118.072 Y117.342 E2.32093
G1 X117.597 Y117.866 E2.34781
G1 X116.988 Y118.317 E2.37661
G1 X116.303 Y118.641 E2.40541
G1 X115.567 Y118.826 E2.43425
G1 X114.81 Y118.863 E2.46306
G1 X114.06 Y118.752 E2.49188
G1 X113.346 Y118.496 E2.52071
G1 X112.696 Y118.106 E2.54952
G1 X112.134 Y117.597 E2.57834
G1 X111.683 Y116.988 E2.60714
G1 X111.359 Y116.303 E2.63594
G1 X111.174 Y115.567 E2.66478
G1 X111.137 Y114.81 E2.69359
G1 X111.248 Y114.06 E2.72241
G1 X111.504 Y113.346 E2.75124
G1 X111.894 Y112.696 E2.78005
G1 X112.403 Y112.134 E2.80887
G1 X113.012 Y111.683 E2.83767
G1 X113.697 Y111.359 E2.86647
G1 X114.433 Y111.174 E2.89531
G1 X114.906 Y111.148 E2.91331
G1 X114.884 Y111.671 E2.9332
;WIDTH:0.628198
G1 X114.511 Y111.692 E2.95138
G1 X113.873 Y111.852 E2.98339
;WIDTH:0.627762
G1 X113.281 Y112.132 E3.01524
G1 X112.754 Y112.522 E3.04712
G1 X112.314 Y113.008 E3.079
G1 X111.977 Y113.57 E3.11087
G1 X111.756 Y114.188 E3.14279
G1 X111.66 Y114.836 E3.17465
G1 X111.692 Y115.491 E3.20654
G1 X111.852 Y116.127 E3.23843
G1 X112.132 Y116.719 E3.27028
G1 X112.522 Y117.246 E3.30216
G1 X113.008 Y117.686 E3.33404
G1 X113.57 Y118.023 E3.36591
G1 X114.188 Y118.244 E3.39783
G1 X114.836 Y118.34 E3.42969
G1 X115.491 Y118.308 E3.46158
G1 X116.127 Y118.148 E3.49347
G1 X116.719 Y117.868 E3.52532
G1 X117.246 Y117.478 E3.5572
G1 X117.686 Y116.992 E3.58908
G1 X118.023 Y116.43 E3.62095
G1 X118.244 Y115.812 E3.65287
G1 X118.34 Y115.164 E3.68473
G1 X118.308 Y114.509 E3.71662
G1 X118.148 Y113.873 E3.74851
G1 X117.868 Y113.281 E3.78036
G1 X117.478 Y112.754 E3.81224
G1 X116.992 Y112.314 E3.84412
G1 X116.43 Y111.977 E3.87599
G1 X115.815 Y111.757 E3.90775
;WIDTH:0.62746
G1 X115.112 Y111.658 E3.94226
;WIDTH:0.499999
G1 X115.086 Y112.178 E3.96205
G1 X115.439 Y112.2 E3.97549
G1 X115.934 Y112.324 E3.99488
G1 X116.438 Y112.557 E4.01598
G1 X116.887 Y112.885 E4.03711
G1 X117.263 Y113.294 E4.05823
G1 X117.553 Y113.768 E4.07935
G1 X117.744 Y114.29 E4.10048
G1 X117.83 Y114.839 E4.1216
G1 X117.807 Y115.394 E4.14271
G1 X117.676 Y115.934 E4.16383
G1 X117.443 Y116.438 E4.18493
G1 X117.115 Y116.887 E4.20606
G1 X116.706 Y117.263 E4.22718
G1 X116.232 Y117.553 E4.2483
G1 X115.71 Y117.744 E4.26943
G1 X115.161 Y117.83 E4.29055
G1 X114.606 Y117.807 E4.31166
G1 X114.066 Y117.676 E4.33278
G1 X113.562 Y117.443 E4.35388
G1 X113.113 Y117.115 E4.37501
G1 X112.737 Y116.706 E4.39613
G1 X112.447 Y116.232 E4.41725
G1 X112.256 Y115.71 E4.43838
G1 X112.17 Y115.161 E4.4595
G1 X112.193 Y114.606 E4.48061
G1 X112.324 Y114.066 E4.50173
G1 X112.557 Y113.562 E4.52283
G1 X112.885 Y113.113 E4.54396
G1 X113.294 Y112.737 E4.56508
G1 X113.768 Y112.447 E4.5862
G1 X114.29 Y112.256 E4.60733
G1 X114.587 Y112.208 E4.61876
G1 X114.858 Y112.191 E4.62908
;LAYER_CHANGE
;Z:5.88
;HEIGHT:0.2
; BEFORE_LAYER_CHANGE 28 @ 5.88mm
G1 E3.22908 F4800
;WIPE_START
G1 F5760
G1 X114.587 Y112.208 E3.01412
G1 X114.29 Y112.256 E2.77594
G1 X114.116 Y112.32 E2.62908
;WIPE_END
G92 E0
G1 Z5.88 F7200
; AFTER_LAYER_CHANGE 28 @ 5.88mm
G1 X113.564 Y110.264
G1 E2 F4800
;TYPE:External perimeter
;WIDTH:0.45
G1 F1500
G1 X113.796 Y110.194 E2.0082
G1 X114.273 Y110.099 E2.02466
G1 X114.757 Y110.051 E2.04112
G1 X115.222 Y110.051 E2.05686
G1 X115.727 Y110.099 E2.07403
G1 X116.204 Y110.194 E2.09049
G1 X116.669 Y110.335 E2.10694
G1 X117.118 Y110.521 E2.12339
G1 X117.547 Y110.75 E2.13985
G1 X117.952 Y111.02 E2.15633
G1 X118.327 Y111.329 E2.17278
G1 X118.671 Y111.673 E2.18925
G1 X118.98 Y112.048 E2.2057
G1 X119.25 Y112.453 E2.22218
G1 X119.479 Y112.882 E2.23864
G1 X119.665 Y113.331 E2.25509
G1 X119.806 Y113.796 E2.27154
G1 X119.901 Y114.273 E2.288
G1 X119.949 Y114.757 E2.30446
G1 X119.949 Y115.243 E2.32091
G1 X119.901 Y115.727 E2.33737
G1 X119.806 Y116.204 E2.35383
G1 X119.665 Y116.669 E2.37028
G1 X119.479 Y117.118 E2.38673
G1 X119.25 Y117.547 E2.40319
G1 X118.98 Y117.952 E2.41967
G1 X118.671 Y118.327 E2.43612
G1 X118.327 Y118.671 E2.45259
G1 X117.952 Y118.98 E2.46904
G1 X117.547 Y119.25 E2.48552
G1 X117.118 Y119.479 E2.50198
G1 X116.669 Y119.665 E2.51843
G1 X116.204 Y119.806 E2.53488
G1 X115.727 Y119.901 E2.55134
G1 X115.243 Y119.949 E2.5678
G1 X114.757 Y119.949 E2.58425
G1 X114.273 Y119.901 E2.60071
G1 X113.796 Y119.806 E2.61717
G1 X113.331 Y119.665 E2.63362
G1 X112.882 Y119.479 E2.65007
G1 X112.453 Y119.25 E2.66653
G1 X112.048 Y118.98 E2.68301
G1 X111.673 Y118.671 E2.69946
G1 X111.329 Y118.327 E2.71593
G1 X111.02 Y117.952 E2.73238
G1 X110.75 Y117.547 E2.74886
G1 X110.521 Y117.118 E2.76532
G1 X110.335 Y116.669 E2.78177
G1 X110.194 Y116.204 E2.79822
G1 X110.099 Y115.727 E2.81468
G1 X110.051 Y115.243 E2.83114
G1 X110.051 Y114.757 E2.84759
G1 X110.099 Y114.273 E2.86405
G1 X110.194 Y113.796 E2.88051
G1 X110.335 Y113.331 E2.89696
G1 X110.521 Y112.882 E2.91341
G1 X110.75 Y112.453 E2.92987
G1 X111.02 Y112.048 E2.94635
G1 X111.329 Y111.673 E2.9628
G1 X111.673 Y111.329 E2.97927
G1 X112.048 Y111.02 E2.99572
G1 X112.453 Y110.75 E3.0122
G1 X112.882 Y110.521 E3.02866
G1 X113.331 Y110.335 E3.04511
G1 X113.506 Y110.282 E3.0513
G1 X113.675 Y110.63 F7200
;TYPE:Perimeter
;WIDTH:0.4
G1 F1500
G1 X113.889 Y110.565 E3.05794
G1 X114.329 Y110.477 E3.07126
G1 X114.776 Y110.433 E3.0846
G1 X115.204 Y110.433 E3.09731
G1 X115.672 Y110.478 E3.11127
G1 X116.111 Y110.565 E3.12456
G1 X116.54 Y110.695 E3.13787
G1 X116.955 Y110.867 E3.15121
G1 X117.351 Y111.078 E3.16453
G1 X117.724 Y111.328 E3.17786
G1 X118.07 Y111.612 E3.19115
G1 X118.388 Y111.93 E3.2045
G1 X118.672 Y112.276 E3.21779
G1 X118.922 Y112.649 E3.23112
G1 X119.133 Y113.045 E3.24444
G1 X119.305 Y113.46 E3.25778
G1 X119.435 Y113.889 E3.27109
G1 X119.523 Y114.329 E3.28441
G1 X119.567 Y114.776 E3.29775
G1 X119.567 Y115.224 E3.31105
G1 X119.523 Y115.671 E3.32439
G1 X119.435 Y116.111 E3.33771
G1 X119.305 Y116.54 E3.35102
G1 X119.133 Y116.955 E3.36436
G1 X118.922 Y117.351 E3.37768
G1 X118.672 Y117.724 E3.39101
G1 X118.388 Y118.07 E3.4043
G1 X118.07 Y118.388 E3.41765
G1 X117.724 Y118.672 E3.43094
G1 X117.351 Y118.922 E3.44427
G1 X116.955 Y119.133 E3.45759
G1 X116.54 Y119.305 E3.47093
G1 X116.111 Y119.435 E3.48424
G1 X115.671 Y119.523 E3.49756
G1 X115.224 Y119.567 E3.5109
G1 X114.776 Y119.567 E3.5242
G1 X114.329 Y119.523 E3.53754
G1 X113.889 Y119.435 E3.55086
G1 X113.46 Y119.305 E3.56417
G1 X113.045 Y119.133 E3.57751
G1 X112.649 Y118.922 E3.59083
G1 X112.276 Y118.672 E3.60416
G1 X111.93 Y118.388 E3.61745
G1 X111.612 Y118.07 E3.6308
G1 X111.328 Y117.724 E3.64409
G1 X111.078 Y117.351 E3.65742
G1 X110.867 Y116.955 E3.67074
G1 X110.695 Y116.54 E3.68408
G1 X110.565 Y116.111 E3.69739
G1 X110.477 Y115.671 E3.71071
G1 X110.433 Y115.224 E3.72405
G1 X110.433 Y114.776 E3.73735
G1 X110.477 Y114.329 E3.75069
G1 X110.565 Y113.889 E3.76401
G1 X110.695 Y113.46 E3.77732
G1 X110.867 Y113.045 E3.79066
G1 X111.078 Y112.649 E3.80398
G1 X111.328 Y112.276 E3.81731
G1 X111.612 Y111.93 E3.8306
G1 X111.93 Y111.612 E3.84395
G1 X112.276 Y111.328 E3.85724
G1 X112.649 Y111.078 E3.87057
G1 X113.045 Y110.867 E3.88389
G1 X113.46 Y110.695 E3.89723
G1 X113.617 Y110.647 E3.9021
G1 X113.778 Y110.972 F7200
G1 F1500
G1 X113.976 Y110.912 E3.90824
G1 X114.382 Y110.831 E3.92053
G1 X114.794 Y110.79 E3.93282
G1 X115.188 Y110.79 E3.94452
G1 X115.62 Y110.831 E3.9574
G1 X116.024 Y110.912 E3.96963
G1 X116.42 Y111.032 E3.98192
G1 X116.802 Y111.19 E3.99419
G1 X117.167 Y111.385 E4.00648
G1 X117.511 Y111.615 E4.01877
G1 X117.83 Y111.877 E4.03103
G1 X118.123 Y112.17 E4.04333
G1 X118.385 Y112.489 E4.05559
G1 X118.615 Y112.833 E4.06788
G1 X118.81 Y113.198 E4.08017
G1 X118.968 Y113.58 E4.09244
G1 X119.088 Y113.976 E4.10473
G1 X119.169 Y114.382 E4.11702
G1 X119.21 Y114.793 E4.12928
G1 X119.21 Y115.207 E4.14157
G1 X119.169 Y115.618 E4.15383
G1 X119.088 Y116.024 E4.16612
G1 X118.968 Y116.42 E4.17841
G1 X118.81 Y116.802 E4.19068
G1 X118.615 Y117.167 E4.20297
G1 X118.385 Y117.511 E4.21526
G1 X118.123 Y117.83 E4.22752
G1 X117.83 Y118.123 E4.23982
G1 X117.511 Y118.385 E4.25208
G1 X117.167 Y118.615 E4.26437
G1 X116.802 Y118.81 E4.27666
G1 X116.42 Y118.968 E4.28893
G1 X116.024 Y119.088 E4.30122
G1 X115.618 Y119.169 E4.31351
G1 X115.207 Y119.21 E4.32577
G1 X114.793 Y119.21 E4.33806
G1 X114.382 Y119.169 E4.35032
G1 X113.976 Y119.088 E4.36261
G1 X113.58 Y118.968 E4.3749
G1 X113.198 Y118.81 E4.38717
G1 X112.833 Y118.615 E4.39946
G1 X112.489 Y118.385 E4.41175
G1 X112.17 Y118.123 E4.42401
G1 X111.877 Y117.83 E4.43631
G1 X111.615 Y117.511 E4.44857
G1 X111.385 Y117.167 E4.46086
G1 X111.19 Y116.802 E4.47315
G1 X111.032 Y116.42 E4.48542
G1 X110.912 Y116.024 E4.49771
G1 X110.831 Y115.618 E4.51
G1 X110.79 Y115.207 E4.52226
G1 X110.79 Y114.793 E4.53455
G1 X110.831 Y114.382 E4.54681
G1 X110.912 Y113.976 E4.5591
G1 X111.032 Y113.58 E4.57139
G1 X111.19 Y113.198 E4.58366
G1 X111.385 Y112.833 E4.59595
G1 X111.615 Y112.489 E4.60824
G1 X111.877 Y112.17 E4.6205
G1 X112.17 Y111.877 E4.6328
G1 X112.489 Y111.615 E4.64506
G1 X112.833 Y111.385 E4.65735
G1 X113.198 Y111.19 E4.66964
G1 X113.58 Y111.032 E4.68191
G1 X113.721 Y110.989 E4.68629
G1 E3.28629 F4800
;WIPE_START
G1 F5760
G1 X113.778 Y110.972 E3.2392
G1 X113.976 Y110.912 E3.07541
G1 X114.382 Y110.831 E2.74766
G1 X114.459 Y110.823 E2.68629
;WIPE_END
G92 E0
G1 X116.727 Y115.256 F7200
G1 E2 F4800
;TYPE:External perimeter
;WIDTH:0.45
G1 F1500
G1 X116.644 Y115.588 E2.01158
G1 X116.498 Y115.898 E2.02318
G1 X116.294 Y116.173 E2.03477
G1 X116.04 Y116.403 E2.04637
G1 X115.747 Y116.579 E2.05794
G1 X115.424 Y116.694 E2.06955
G1 X115.086 Y116.744 E2.08112
G1 X114.744 Y116.727 E2.09271
G1 X114.412 Y116.644 E2.10429
G1 X114.102 Y116.498 E2.11589
G1 X113.827 Y116.294 E2.12748
G1 X113.597 Y116.04 E2.13908
G1 X113.421 Y115.747 E2.15065
G1 X113.306 Y115.424 E2.16226
G1 X113.256 Y115.086 E2.17383
G1 X113.273 Y114.744 E2.18542
G1 X113.356 Y114.412 E2.197
G1 X113.502 Y114.102 E2.2086
G1 X113.706 Y113.827 E2.22019
G1 X113.96 Y113.597 E2.23179
G1 X114.253 Y113.421 E2.24336
G1 X114.576 Y113.306 E2.25497
G1 X114.914 Y113.256 E2.26654
G1 X115.256 Y113.273 E2.27813
G1 X115.588 Y113.356 E2.28971
G1 X115.898 Y113.502 E2.30131
G1 X116.173 Y113.706 E2.3129
G1 X116.403 Y113.96 E2.3245
G1 X116.579 Y114.253 E2.33607
G1 X116.694 Y114.576 E2.34768
G1 X116.744 Y114.914 E2.35925
G1 X116.73 Y115.196 E2.36881
G1 X117.107 Y115.313 F7200
;TYPE:Perimeter
;WIDTH:0.4
G1 F1500
G1 X117.006 Y115.718 E2.3812
G1 X116.827 Y116.095 E2.39359
G1 X116.578 Y116.431 E2.40601
G1 X116.269 Y116.711 E2.41839
G1 X115.911 Y116.926 E2.43079
G1 X115.518 Y117.066 E2.44318
G1 X115.104 Y117.128 E2.45561
G1 X114.687 Y117.107 E2.46801
G1 X114.282 Y117.006 E2.4804
G1 X113.905 Y116.827 E2.49279
G1 X113.569 Y116.578 E2.50521
G1 X113.289 Y116.269 E2.51759
G1 X113.074 Y115.911 E2.52999
G1 X112.934 Y115.517 E2.5424
G1 X112.872 Y115.104 E2.5548
G1 X112.893 Y114.687 E2.5672
G1 X112.994 Y114.282 E2.57959
G1 X113.173 Y113.905 E2.59198
G1 X113.422 Y113.569 E2.6044
G1 X113.731 Y113.289 E2.61678
G1 X114.089 Y113.074 E2.62918
G1 X114.482 Y112.934 E2.64157
G1 X114.896 Y112.872 E2.654
G1 X115.313 Y112.893 E2.6664
G1 X115.718 Y112.994 E2.67879
G1 X116.095 Y113.173 E2.69118
G1 X116.431 Y113.422 E2.7036
G1 X116.711 Y113.731 E2.71598
G1 X116.926 Y114.089 E2.72838
G1 X117.066 Y114.482 E2.74077
G1 X117.128 Y114.896 E2.7532
G1 X117.11 Y115.253 E2.76381
G1 X117.462 Y115.365 F7200
G1 F1500
G1 X117.343 Y115.839 E2.77832
G1 X117.135 Y116.28 E2.7928
G1 X116.844 Y116.672 E2.8073
G1 X116.483 Y116.999 E2.82176
G1 X116.064 Y117.25 E2.83626
G1 X115.605 Y117.414 E2.85073
G1 X115.122 Y117.486 E2.86523
G1 X114.635 Y117.462 E2.87971
G1 X114.161 Y117.343 E2.89422
G1 X113.72 Y117.135 E2.9087
G1 X113.328 Y116.844 E2.9232
G1 X113.001 Y116.483 E2.93766
G1 X112.75 Y116.064 E2.95216
G1 X112.586 Y115.605 E2.96663
G1 X112.514 Y115.122 E2.98113
G1 X112.538 Y114.635 E2.99561
G1 X112.657 Y114.161 E3.01012
G1 X112.865 Y113.72 E3.0246
G1 X113.156 Y113.328 E3.0391
G1 X113.517 Y113.001 E3.05356
G1 X113.936 Y112.75 E3.06806
G1 X114.395 Y112.586 E3.08253
G1 X114.878 Y112.514 E3.09703
G1 X115.365 Y112.538 E3.11151
G1 X115.839 Y112.657 E3.12602
G1 X116.28 Y112.865 E3.1405
G1 X116.672 Y113.156 E3.155
G1 X116.999 Y113.517 E3.16946
G1 X117.25 Y113.936 E3.18396
G1 X117.414 Y114.395 E3.19843
G1 X117.486 Y114.878 E3.21293
G1 X117.465 Y115.305 E3.22562
G1 E1.82562 F4800
;WIPE_START
G1 F5760
G1 X117.462 Y115.365 E1.77806
G1 X117.343 Y115.839 E1.39116
G1 X117.254 Y116.028 E1.22562
;WIPE_END
G92 E0
G1 X116.892 Y111.394 F7200
G1 E2 F4800
;TYPE:Top solid infill
;WIDTH:0.45213
G1 F1500
G1 X117.892 Y112.394 E2.04812
G1 X118.127 Y112.681 E2.06074
G1 X118.339 Y112.998 E2.07372
G1 X118.519 Y113.335 E2.08672
G1 X118.691 Y113.772 E2.1027
G1 X116.228 Y111.309 E2.22122
G1 X115.946 Y111.223 E2.23125
G1 X115.481 Y111.14 E2.24732
G1 X118.86 Y114.52 E2.40994
G1 X118.889 Y114.809 E2.41982
G1 X118.889 Y115.127 E2.43064
G1 X114.873 Y111.111 E2.62389
G1 X114.348 Y111.165 E2.64185
G1 X115.401 Y112.218 E2.69252
G1 X114.805 Y112.2 E2.71281
G1 X113.88 Y111.276 E2.7573
G1 X113.456 Y111.431 E2.77266
G1 X114.303 Y112.278 E2.81342
G1 X113.877 Y112.43 E2.82881
G1 X113.069 Y111.623 E2.86767
G1 X112.717 Y111.849 E2.8819
G1 X113.503 Y112.635 E2.91972
G1 X113.325 Y112.742 E2.92679
G1 X113.171 Y112.882 E2.93387
G1 X112.396 Y112.107 E2.97116
G1 X112.107 Y112.396 E2.98507
G1 X112.877 Y113.166 E3.02212
G1 X112.63 Y113.498 E3.0362
G1 X111.849 Y112.717 E3.07378
G1 X111.661 Y112.998 E3.08528
G1 X111.623 Y113.07 E3.08805
G1 X112.434 Y113.881 E3.12708
G1 X112.353 Y114.053 E3.13355
G1 X112.288 Y114.313 E3.14267
G1 X111.431 Y113.456 E3.18391
G1 X111.276 Y113.88 E3.19927
G1 X112.208 Y114.812 E3.24412
G1 X112.192 Y115.138 E3.25523
G1 X112.233 Y115.416 E3.26479
G1 X111.009 Y114.192 E3.32369
G1 E1.92369 F4800
;WIPE_START
G1 F5760
G1 X111.545 Y114.728 E1.32369
;WIPE_END
G92 E0
G1 X117.549 Y114.367 F7200
G1 E2 F4800
G1 F1500
G1 X118.835 Y115.652 E2.06186
G1 X118.724 Y116.12 E2.07823
G1 X117.792 Y115.188 E2.12308
G1 X117.781 Y115.413 E2.13074
G1 X117.712 Y115.687 E2.14035
G1 X118.569 Y116.544 E2.18159
G1 X118.377 Y116.931 E2.19629
G1 X117.566 Y116.119 E2.23534
G1 X117.37 Y116.502 E2.24998
G1 X118.151 Y117.283 E2.28756
G1 X117.893 Y117.604 E2.30157
G1 X117.123 Y116.834 E2.33862
G1 X116.829 Y117.118 E2.35253
G1 X117.604 Y117.893 E2.38982
G1 X117.283 Y118.151 E2.40383
G1 X116.497 Y117.365 E2.44165
G1 X116.202 Y117.542 E2.45336
G1 X116.123 Y117.57 E2.45621
G1 X116.93 Y118.377 E2.49504
G1 X116.544 Y118.569 E2.50971
G1 X115.697 Y117.722 E2.55047
G1 X115.195 Y117.8 E2.56776
G1 X116.12 Y118.724 E2.61225
G1 X115.652 Y118.835 E2.62862
G1 X114.35 Y117.533 E2.69127
G1 E1.29127 F4800
;WIPE_START
G1 F5760
G1 X114.886 Y118.069 E.69127
;WIPE_END
G92 E0
G1 X115.3 Y119.062 F7200
G1 E2 F4800
G1 F1500
G1 X111.111 Y114.873 E2.20157
G1 X111.111 Y115.191 E2.21239
G1 X111.14 Y115.48 E2.22227
G1 X114.52 Y118.86 E2.38492
G1 X114.054 Y118.777 E2.40103
G1 X113.772 Y118.691 E2.41106
G1 X111.309 Y116.228 E2.52958
G1 X111.481 Y116.665 E2.54556
G1 X111.661 Y117.002 E2.55856
G1 X111.873 Y117.319 E2.57154
G1 X112.109 Y117.607 E2.58421
G1 X113.108 Y118.605 E2.63226
G1 E1.23226 F4800
;WIPE_START
G1 F5760;_WIPE
G1 X112.572 Y118.069 E.63226
;WIPE_END
G92 E0
M107
;TYPE:Custom
M104 S0                                    ; Extruder off 
M140 S0                                    ; Heatbed off 
M107                                       ; Fan off 
G91                                        ; relative positioning 
G1 E-5 F3000  
G1 Z+0.3 F3000                             ; lift print head 
G28 X0  F3000
M84                                        ; disable stepper motors
; objects_info = {"objects":[]}
; filament used [mm] = 213.93
; filament used [cm3] = 0.51
; filament used [g] = 0.64
; total filament used [g] = 0.64
; total filament cost = 0.00
; total filament used for wipe tower [g] = 0.00
; estimated printing time (normal mode) = 4m 14s
; estimated first layer printing time (normal mode) = 25s

; prusaslicer_config = begin
; arc_fitting = disabled
; autoemit_temperature_commands = 1
; automatic_extrusion_widths = 0
; automatic_infill_combination = 0
; automatic_infill_combination_max_layer_height = 100%
; avoid_crossing_curled_overhangs = 0
; avoid_crossing_perimeters = 0
; avoid_crossing_perimeters_max_detour = 0
; bed_custom_model = 
; bed_custom_texture = 
; bed_shape = 0x0,230x0,230x230,0x230
; bed_temperature = 60
; bed_temperature_extruder = 0
; before_layer_gcode = ; BEFORE_LAYER_CHANGE [layer_num] @ [layer_z]mm
; between_objects_gcode = 
; binary_gcode = 0
; bottom_fill_pattern = monotonic
; bottom_solid_layers = 3
; bottom_solid_min_thickness = 0
; bridge_acceleration = 2500
; bridge_angle = 45
; bridge_fan_speed = 100
; bridge_flow_ratio = 0.85
; bridge_speed = 40
; brim_separation = 0.12
; brim_type = outer_only
; brim_width = 0
; chamber_minimal_temperature = 0
; chamber_temperature = 0
; color_change_gcode = M600
; colorprint_heights = 
; complete_objects = 0
; cooling = 1
; cooling_tube_length = 5
; cooling_tube_retraction = 91.5
; default_acceleration = 2500
; default_filament_profile = "Anycubic PLA @MEGA0"
; default_print_profile = 0.20mm NORMAL @MEGA0
; deretract_speed = 0
; disable_fan_first_layers = 2
; dont_support_bridges = 1
; draft_shield = disabled
; duplicate_distance = 6
; elefant_foot_compensation = 0.1
; enable_dynamic_fan_speeds = 0
; enable_dynamic_overhang_speeds = 0
; end_filament_gcode = ""
; end_gcode = M104 S0                                    ; Extruder off \nM140 S0                                    ; Heatbed off \nM107                                       ; Fan off \nG91                                        ; relative positioning \nG1 E-5 F3000  \nG1 Z+0.3 F3000                             ; lift print head \nG28 X0  F3000\nM84                                        ; disable stepper motors
; ensure_vertical_shell_thickness = enabled
; external_perimeter_acceleration = 0
; external_perimeter_extrusion_width = 0.45
; external_perimeter_speed = 80
; external_perimeters_first = 1
; extra_loading_move = -2
; extra_perimeters = 0
; extra_perimeters_on_overhangs = 0
; extruder_clearance_height = 20
; extruder_clearance_radius = 20
; extruder_colour = #FFFF00
; extruder_offset = 0x0
; extrusion_axis = E
; extrusion_multiplier = 1
; extrusion_width = 0.42
; fan_always_on = 0
; fan_below_layer_time = 600
; filament_abrasive = 0
; filament_colour = #29B2B2
; filament_cooling_final_speed = 3.4
; filament_cooling_initial_speed = 2.2
; filament_cooling_moves = 4
; filament_cost = 0
; filament_density = 1.24
; filament_deretract_speed = nil
; filament_diameter = 1.75
; filament_infill_max_crossing_speed = 0
; filament_infill_max_speed = 0
; filament_load_time = 0
; filament_loading_speed = 28
; filament_loading_speed_start = 3
; filament_max_volumetric_speed = 0
; filament_minimal_purge_on_wipe_tower = 15
; filament_multitool_ramming = 0
; filament_multitool_ramming_flow = 10
; filament_multitool_ramming_volume = 10
; filament_notes = ""
; filament_purge_multiplier = 100%
; filament_ramming_parameters = "120 100 6.6 6.8 7.2 7.6 7.9 8.2 8.7 9.4 9.9 10.0| 0.05 6.6 0.45 6.8 0.95 7.8 1.45 8.3 1.95 9.7 2.45 10 2.95 7.6 3.45 7.6 3.95 7.6 4.45 7.6 4.95 7.6"
; filament_retract_before_travel = nil
; filament_retract_before_wipe = nil
; filament_retract_layer_change = nil
; filament_retract_length = nil
; filament_retract_length_toolchange = nil
; filament_retract_lift = nil
; filament_retract_lift_above = nil
; filament_retract_lift_below = nil
; filament_retract_restart_extra = nil
; filament_retract_restart_extra_toolchange = nil
; filament_retract_speed = nil
; filament_seam_gap_distance = 15%
; filament_settings_id = "Suggested parameters for PETG Kobra 2.ini (Suggested parameters for PLA_V1.1.ini (PLA))"
; filament_shrinkage_compensation_xy = 0%
; filament_shrinkage_compensation_z = 0%
; filament_soluble = 0
; filament_spool_weight = 0
; filament_stamping_distance = 0
; filament_stamping_loading_speed = 20
; filament_toolchange_delay = 0
; filament_travel_lift_before_obstacle = nil
; filament_travel_max_lift = nil
; filament_travel_ramping_lift = nil
; filament_travel_slope = nil
; filament_type = PET
; filament_unload_time = 0
; filament_unloading_speed = 90
; filament_unloading_speed_start = 100
; filament_vendor = (Unknown)
; filament_wipe = nil
; fill_angle = 45
; fill_density = 15%
; fill_pattern = honeycomb
; first_layer_acceleration = 2000
; first_layer_acceleration_over_raft = 0
; first_layer_bed_temperature = 60
; first_layer_extrusion_width = 200%
; first_layer_height = 0.28
; first_layer_infill_speed = 0
; first_layer_speed = 50
; first_layer_speed_over_raft = 30
; first_layer_temperature = 240
; full_fan_speed_layer = 0
; fuzzy_skin = none
; fuzzy_skin_point_dist = 0.8
; fuzzy_skin_thickness = 0.3
; gap_fill_enabled = 1
; gap_fill_speed = 100
; gcode_comments = 0
; gcode_flavor = marlin
; gcode_label_objects = disabled
; gcode_resolution = 0.012
; gcode_substitutions = 
; high_current_on_filament_swap = 0
; host_type = octoprint
; idle_temperature = nil
; infill_acceleration = 3000
; infill_anchor = 10
; infill_anchor_max = 10
; infill_every_layers = 1
; infill_extruder = 1
; infill_extrusion_width = 0.45
; infill_first = 0
; infill_overlap = 15%
; infill_speed = 150
; interface_shells = 0
; interlocking_beam = 0
; interlocking_beam_layer_count = 2
; interlocking_beam_width = 0.8
; interlocking_boundary_avoidance = 2
; interlocking_depth = 2
; interlocking_orientation = 22.5
; ironing = 0
; ironing_flowrate = 15%
; ironing_spacing = 0.1
; ironing_speed = 15
; ironing_type = top
; layer_gcode = ; AFTER_LAYER_CHANGE [layer_num] @ [layer_z]mm
; layer_height = 0.2
; machine_limits_usage = emit_to_gcode
; machine_max_acceleration_e = 2500
; machine_max_acceleration_extruding = 2500
; machine_max_acceleration_retracting = 2500
; machine_max_acceleration_travel = 3000,1250
; machine_max_acceleration_x = 2500
; machine_max_acceleration_y = 2500
; machine_max_acceleration_z = 800
; machine_max_feedrate_e = 80
; machine_max_feedrate_x = 300
; machine_max_feedrate_y = 250
; machine_max_feedrate_z = 8
; machine_max_jerk_e = 10
; machine_max_jerk_x = 15
; machine_max_jerk_y = 10
; machine_max_jerk_z = 2
; machine_min_extruding_rate = 0
; machine_min_travel_rate = 0
; max_fan_speed = 100
; max_layer_height = 0.28
; max_print_height = 260
; max_print_speed = 150
; max_volumetric_extrusion_rate_slope_negative = 0
; max_volumetric_extrusion_rate_slope_positive = 0
; max_volumetric_speed = 0
; min_bead_width = 85%
; min_fan_speed = 100
; min_feature_size = 25%
; min_layer_height = 0.04
; min_print_speed = 25
; min_skirt_length = 0
; mmu_segmented_region_interlocking_depth = 0
; mmu_segmented_region_max_width = 0
; multimaterial_purging = 140
; notes = 
; nozzle_diameter = 0.4
; nozzle_high_flow = 0
; only_one_perimeter_first_layer = 0
; only_retract_when_crossing_perimeters = 0
; ooze_prevention = 0
; output_filename_format = {input_filename_base}-{layer_height}-{print_time}.gcode
; over_bridge_speed = 0
; overhang_fan_speed_0 = 0
; overhang_fan_speed_1 = 0
; overhang_fan_speed_2 = 0
; overhang_fan_speed_3 = 0
; overhang_speed_0 = 15
; overhang_speed_1 = 15
; overhang_speed_2 = 20
; overhang_speed_3 = 25
; overhangs = 1
; parking_pos_retraction = 92
; pause_print_gcode = M601
; perimeter_acceleration = 2500
; perimeter_extruder = 1
; perimeter_extrusion_width = 0.4
; perimeter_generator = classic
; perimeter_speed = 150
; perimeters = 3
; physical_printer_settings_id = 
; post_process = 
; prefer_clockwise_movements = 0
; print_settings_id = Suggested parameters for PETG Kobra 2.ini (Suggested parameters for PLA_V1.1.ini (0.20mm Normal))
; printer_model = 
; printer_notes = Do not remove the following keywords! These keywords are used in the "compatible printer" condition of the print and filament profiles to link the particular print and filament profiles to this printer profile.\nPRINTER_VENDOR_ANYCUBIC\nPRINTER_MODEL_MEGA0
; printer_settings_id = Suggested parameters for PETG Kobra 2.ini (Suggested parameters for PLA_V1.1.ini (Anycubic Kobra 2))
; printer_technology = FFF
; printer_variant = 0.4
; printer_vendor = 
; raft_contact_distance = 0.1
; raft_expansion = 1.5
; raft_first_layer_density = 90%
; raft_first_layer_expansion = 3
; raft_layers = 0
; remaining_times = 0
; resolution = 0.012
; retract_before_travel = 1
; retract_before_wipe = 70%
; retract_layer_change = 1
; retract_length = 2
; retract_length_toolchange = 1
; retract_lift = 0
; retract_lift_above = 0
; retract_lift_below = 0
; retract_restart_extra = 0
; retract_restart_extra_toolchange = 0
; retract_speed = 80
; scarf_seam_entire_loop = 0
; scarf_seam_length = 20
; scarf_seam_max_segment_length = 1
; scarf_seam_on_inner_perimeters = 0
; scarf_seam_only_on_smooth = 1
; scarf_seam_placement = nowhere
; scarf_seam_start_height = 0%
; seam_gap_distance = 15%
; seam_position = aligned
; silent_mode = 0
; single_extruder_multi_material = 0
; single_extruder_multi_material_priming = 1
; skirt_distance = 2
; skirt_height = 1
; skirts = 0
; slice_closing_radius = 0.049
; slicing_mode = regular
; slowdown_below_layer_time = 9
; small_perimeter_speed = 54%
; solid_infill_acceleration = 0
; solid_infill_below_area = 0
; solid_infill_every_layers = 0
; solid_infill_extruder = 1
; solid_infill_extrusion_width = 0.5
; solid_infill_speed = 150
; spiral_vase = 0
; staggered_inner_seams = 0
; standby_temperature_delta = -5
; start_filament_gcode = ""
; start_gcode = G90 ; use absolute coordinates\nM83 ; extruder relative mode\nM104 S[first_layer_temperature] ; set extruder temp\nM140 S[first_layer_bed_temperature] ; set bed temp\nM190 S[first_layer_bed_temperature] ; wait for bed temp\nM109 S[first_layer_temperature] ; wait for extruder temp\nG28                                        ; move X/Y/Z to min endstops\nG1 Z0.28                                   ; lift nozzle a bit \nG92 E0 \nG1 Y3 F1800                                    ; zero the extruded length \nG1 X60  E25 F500                       ; Extrude 25mm of filament in a 5cm line. \nG92 E0                                     ; zero the extruded length again \nG1 E-2 F500                                ; Retract a little \nG1 X70 F4000                              ; Quickly wipe away from the filament line\nM117
; support_material = 1
; support_material_angle = 0
; support_material_auto = 1
; support_material_bottom_contact_distance = 0
; support_material_bottom_interface_layers = -1
; support_material_buildplate_only = 0
; support_material_closing_radius = 2
; support_material_contact_distance = 0.2
; support_material_enforce_layers = 0
; support_material_extruder = 1
; support_material_extrusion_width = 0
; support_material_interface_contact_loops = 0
; support_material_interface_extruder = 1
; support_material_interface_layers = 1
; support_material_interface_pattern = rectilinear
; support_material_interface_spacing = 0
; support_material_interface_speed = 100%
; support_material_pattern = rectilinear
; support_material_spacing = 2.5
; support_material_speed = 100
; support_material_style = organic
; support_material_synchronize_layers = 0
; support_material_threshold = 10
; support_material_with_sheath = 1
; support_material_xy_spacing = 50%
; support_tree_angle = 40
; support_tree_angle_slow = 25
; support_tree_branch_diameter = 2
; support_tree_branch_diameter_angle = 5
; support_tree_branch_diameter_double_wall = 3
; support_tree_branch_distance = 1
; support_tree_tip_diameter = 0.8
; support_tree_top_rate = 15%
; temperature = 240
; template_custom_gcode = 
; thick_bridges = 0
; thin_walls = 1
; thumbnails = 
; thumbnails_format = PNG
; toolchange_gcode = 
; top_fill_pattern = monotonic
; top_infill_extrusion_width = 0.45
; top_one_perimeter_type = none
; top_solid_infill_acceleration = 0
; top_solid_infill_speed = 120
; top_solid_layers = 3
; top_solid_min_thickness = 0.6
; travel_acceleration = 0
; travel_lift_before_obstacle = 0
; travel_max_lift = 0
; travel_ramping_lift = 0
; travel_slope = 0
; travel_speed = 120
; travel_speed_z = 120
; use_firmware_retraction = 0
; use_relative_e_distances = 0
; use_volumetric_e = 0
; variable_layer_height = 1
; wall_distribution_count = 1
; wall_transition_angle = 10
; wall_transition_filter_deviation = 25%
; wall_transition_length = 100%
; wipe = 1
; wipe_into_infill = 0
; wipe_into_objects = 0
; wipe_tower = 0
; wipe_tower_acceleration = 0
; wipe_tower_bridging = 10
; wipe_tower_brim_width = 2
; wipe_tower_cone_angle = 0
; wipe_tower_extra_flow = 100%
; wipe_tower_extra_spacing = 100%
; wipe_tower_extruder = 0
; wipe_tower_no_sparse_layers = 0
; wipe_tower_width = 60
; wiping_volumes_matrix = 0
; wiping_volumes_use_custom_matrix = 0
; xy_size_compensation = -0.02
; z_offset = 0
; prusaslicer_config = end
