; generated by PrusaSlicer 2.9.2 on 2025-08-18 at 23:11:45 UTC

; 

; external perimeters extrusion width = 0.45mm
; perimeters extrusion width = 0.40mm
; infill extrusion width = 0.45mm
; solid infill extrusion width = 0.50mm
; top infill extrusion width = 0.45mm
; support material extrusion width = 0.42mm
; first layer extrusion width = 0.56mm

M201 X2500 Y2500 Z800 E2500 ; sets maximum accelerations, mm/sec^2
M203 X300 Y250 Z8 E80 ; sets maximum feedrates, mm / sec
M204 S2500 T2500 ; sets acceleration (S) and retract acceleration (R), mm/sec^2
M205 X15.00 Y10.00 Z2.00 E10.00 ; sets the jerk limits, mm/sec
M205 S0 T0 ; sets the minimum extruding and travel feed rate, mm/sec
;TYPE:Custom
G90 ; use absolute coordinates
M83 ; extruder relative mode
M104 S240 ; set extruder temp
M140 S60 ; set bed temp
M190 S60 ; wait for bed temp
M109 S240 ; wait for extruder temp
G28                                        ; move X/Y/Z to min endstops
G1 Z0.28                                   ; lift nozzle a bit 
G92 E0 
G1 Y3 F1800                                    ; zero the extruded length 
G1 X60  E25 F500                       ; Extrude 25mm of filament in a 5cm line. 
G92 E0                                     ; zero the extruded length again 
G1 E-2 F500                                ; Retract a little 
G1 X70 F4000                              ; Quickly wipe away from the filament line
M117
G21 ; set units to millimeters
G90 ; use absolute coordinates
M82 ; use absolute distances for extrusion
G92 E0
M107
;LAYER_CHANGE
;Z:0.28
;HEIGHT:0.28
G1 E-2 F4800
G92 E0
G1 Z.28 F7200
G92 E0
G1 X100.85 Y111.817
G1 E2 F4800
M204 S2000
;TYPE:External perimeter
;WIDTH:0.56
G1 F3000
G1 X81.894 Y111.817 E3.10314
G1 X81.894 Y96.183 E4.01296
G1 X148.106 Y96.183 E7.86616
G1 X148.106 Y111.817 E8.77598
G1 X129.095 Y111.817 E9.88232
G1 X125.234 Y127.483 E10.82128
G1 X124.505 Y129.27 E10.93359
G1 X123.256 Y130.927 E11.05434
G1 X121.554 Y132.361 E11.18386
G1 X119.518 Y133.466 E11.31867
G1 X117.291 Y134.161 E11.45443
G1 X114.978 Y134.398 E11.58974
G1 X112.718 Y134.161 E11.72198
G1 X110.491 Y133.466 E11.85774
G1 X108.454 Y132.361 E11.9926
G1 X106.752 Y130.927 E12.12212
G1 X105.503 Y129.27 E12.24287
G1 X104.774 Y127.483 E12.35518
G1 X100.913 Y111.817 E13.29414
G1 X100.91 Y111.817 E13.29431
M204 S2500
G1 X101.158 Y111.318 F7200
M204 S2000
;TYPE:Perimeter
G1 F3000
G1 X82.394 Y111.318 E14.38628
G1 X82.394 Y96.682 E15.23802
G1 X147.606 Y96.682 E19.03303
G1 X147.606 Y111.318 E19.88477
G1 X128.703 Y111.318 E20.98483
G1 X124.757 Y127.328 E21.94441
G1 X124.067 Y129.021 E22.0508
G1 X122.891 Y130.581 E22.16449
G1 X121.271 Y131.946 E22.28777
G1 X119.322 Y133.003 E22.4168
G1 X117.19 Y133.669 E22.54678
G1 X114.978 Y133.895 E22.67618
G1 X112.819 Y133.669 E22.80251
G1 X110.686 Y133.003 E22.93255
G1 X108.737 Y131.946 E23.06158
G1 X107.117 Y130.581 E23.18486
G1 X105.941 Y129.021 E23.29855
G1 X105.251 Y127.328 E23.40494
G1 X101.305 Y111.318 E24.36452
G1 X101.218 Y111.318 E24.36958
M204 S2500
G1 X101.467 Y110.818 F7200
M204 S2000
G1 F3000
G1 X82.894 Y110.818 E25.45043
G1 X82.894 Y97.182 E26.24398
G1 X147.106 Y97.182 E29.98079
G1 X147.106 Y110.818 E30.77434
G1 X128.312 Y110.818 E31.86806
G1 X124.28 Y127.173 E32.84833
G1 X123.629 Y128.772 E32.9488
G1 X122.526 Y130.235 E33.05543
G1 X120.988 Y131.531 E33.17247
G1 X119.127 Y132.541 E33.29569
G1 X117.089 Y133.177 E33.41993
G1 X114.979 Y133.393 E33.54336
G1 X112.921 Y133.177 E33.66378
G1 X110.882 Y132.541 E33.78808
G1 X109.02 Y131.531 E33.91135
G1 X107.483 Y130.235 E34.02835
G1 X106.38 Y128.772 E34.13498
G1 X105.728 Y127.173 E34.23547
G1 X101.697 Y110.818 E35.21573
G1 X101.527 Y110.818 E35.22562
M204 S2500
G1 E33.82562 F4800
;WIPE_START
G1 F5760
G1 X101.467 Y110.818 E33.77812
G1 X100.769 Y110.818 E33.22562
;WIPE_END
G92 E0
G1 X114.63 Y124.537 F7200
G1 E2 F4800
M204 S2000
;TYPE:External perimeter
G1 F3000
G1 X114.994 Y124.501 E2.02129
G1 X115.372 Y124.537 E2.04339
G1 X115.729 Y124.645 E2.0651
G1 X116.058 Y124.821 E2.08681
G1 X116.346 Y125.058 E2.10852
G1 X116.583 Y125.346 E2.13023
G1 X116.759 Y125.675 E2.15194
G1 X116.867 Y126.031 E2.17359
G1 X116.903 Y126.403 E2.19534
G1 X116.867 Y126.774 E2.21703
G1 X116.759 Y127.13 E2.23868
G1 X116.583 Y127.459 E2.26039
G1 X116.346 Y127.747 E2.2821
G1 X116.058 Y127.984 E2.30381
G1 X115.729 Y128.16 E2.32552
G1 X115.373 Y128.268 E2.34717
G1 X115.001 Y128.304 E2.36892
G1 X114.63 Y128.268 E2.39061
G1 X114.274 Y128.16 E2.41226
G1 X113.945 Y127.984 E2.43397
G1 X113.657 Y127.747 E2.45568
G1 X113.42 Y127.459 E2.47739
G1 X113.244 Y127.13 E2.4991
G1 X113.136 Y126.774 E2.52075
G1 X113.1 Y126.403 E2.54244
G1 X113.136 Y126.031 E2.56419
G1 X113.244 Y125.675 E2.58584
G1 X113.42 Y125.346 E2.60755
G1 X113.657 Y125.058 E2.62926
G1 X113.945 Y124.821 E2.65097
G1 X114.274 Y124.645 E2.67268
G1 X114.573 Y124.555 E2.69085
M204 S2500
G1 X114.532 Y124.044 F7200
M204 S2000
;TYPE:Perimeter
G1 F3000
G1 X114.993 Y123.999 E2.71781
G1 X115.469 Y124.044 E2.74563
G1 X115.922 Y124.181 E2.77317
G1 X116.337 Y124.403 E2.80056
G1 X116.702 Y124.702 E2.82802
G1 X117.001 Y125.067 E2.85548
G1 X117.223 Y125.482 E2.88287
G1 X117.36 Y125.933 E2.9103
G1 X117.406 Y126.403 E2.93778
G1 X117.36 Y126.872 E2.9652
G1 X117.223 Y127.323 E2.99263
G1 X117.001 Y127.738 E3.02002
G1 X116.702 Y128.103 E3.04748
G1 X116.337 Y128.402 E3.07494
G1 X115.922 Y128.624 E3.10233
G1 X115.471 Y128.761 E3.12976
G1 X115.001 Y128.807 E3.15724
G1 X114.532 Y128.761 E3.18466
G1 X114.081 Y128.624 E3.21209
G1 X113.666 Y128.402 E3.23948
G1 X113.301 Y128.103 E3.26694
G1 X113.002 Y127.738 E3.2944
G1 X112.78 Y127.323 E3.32179
G1 X112.643 Y126.872 E3.34922
G1 X112.597 Y126.403 E3.37664
G1 X112.643 Y125.933 E3.40412
G1 X112.78 Y125.482 E3.43155
G1 X113.002 Y125.067 E3.45894
G1 X113.301 Y124.702 E3.4864
G1 X113.666 Y124.403 E3.51386
G1 X114.081 Y124.181 E3.54125
G1 X114.475 Y124.062 E3.5652
M204 S2500
G1 X114.434 Y123.552 F7200
M204 S2000
G1 F3000
G1 X114.992 Y123.497 E3.59783
G1 X115.566 Y123.551 E3.63138
G1 X116.114 Y123.717 E3.6647
G1 X116.616 Y123.986 E3.69784
G1 X117.057 Y124.347 E3.73101
G1 X117.418 Y124.788 E3.76418
G1 X117.687 Y125.29 E3.79732
G1 X117.852 Y125.835 E3.83046
G1 X117.908 Y126.403 E3.86367
G1 X117.852 Y126.97 E3.89683
G1 X117.687 Y127.515 E3.92997
G1 X117.418 Y128.017 E3.96311
G1 X117.057 Y128.458 E3.99628
G1 X116.616 Y128.819 E4.02945
G1 X116.114 Y129.088 E4.06259
G1 X115.569 Y129.253 E4.09573
G1 X115.001 Y129.309 E4.12894
G1 X114.434 Y129.253 E4.1621
G1 X113.889 Y129.088 E4.19524
G1 X113.387 Y128.819 E4.22838
G1 X112.946 Y128.458 E4.26155
G1 X112.585 Y128.017 E4.29472
G1 X112.316 Y127.515 E4.32786
G1 X112.151 Y126.97 E4.361
G1 X112.095 Y126.403 E4.39416
G1 X112.151 Y125.836 E4.42732
G1 X112.316 Y125.29 E4.46051
G1 X112.585 Y124.788 E4.49365
G1 X112.946 Y124.347 E4.52682
G1 X113.387 Y123.986 E4.55999
G1 X113.889 Y123.717 E4.59313
G1 X114.377 Y123.569 E4.62281
M204 S2500
G1 E3.22281 F4800
;WIPE_START
G1 F5760
G1 X114.434 Y123.552 E3.17572
G1 X114.992 Y123.497 E2.73183
G1 X115.129 Y123.51 E2.62281
;WIPE_END
G92 E0
G1 X145.894 Y97.382 F7200
G1 E2 F4800
M204 S2000
;TYPE:Solid infill
;WIDTH:0.56056
G1 F3000
G1 X146.681 Y98.169 E2.06484
G1 X146.681 Y98.877 E2.10609
G1 X145.411 Y97.607 E2.21073
G1 X144.704 Y97.607 E2.25192
G1 X146.681 Y99.585 E2.41485
G1 X146.681 Y100.292 E2.45604
G1 X143.996 Y97.607 E2.67726
G1 X143.288 Y97.607 E2.71851
G1 X146.681 Y101 E2.99807
G1 X146.681 Y101.708 E3.03932
G1 X142.58 Y97.607 E3.37721
G1 X141.873 Y97.607 E3.4184
G1 X146.681 Y102.416 E3.81458
G1 X146.681 Y103.124 E3.85583
G1 X141.165 Y97.607 E4.31035
G1 X140.457 Y97.607 E4.3516
G1 X146.681 Y103.831 E4.86441
G1 X146.681 Y104.539 E4.90566
G1 X139.749 Y97.607 E5.4768
G1 X139.042 Y97.607 E5.51799
G1 X146.681 Y105.247 E6.14743
G1 X146.681 Y105.955 E6.18868
G1 X138.334 Y97.607 E6.87645
G1 X137.626 Y97.607 E6.9177
G1 X146.681 Y106.662 E7.66376
G1 X146.681 Y107.37 E7.70501
G1 X136.918 Y97.607 E8.5094
G1 X136.21 Y97.607 E8.55065
G1 X146.681 Y108.078 E9.41338
G1 X146.681 Y108.786 E9.45463
G1 X135.503 Y97.607 E10.37565
G1 X134.795 Y97.607 E10.4169
G1 X146.681 Y109.493 E11.39621
G1 X146.681 Y110.201 E11.43746
G1 X134.087 Y97.607 E12.47511
G1 X133.379 Y97.607 E12.51636
G1 X146.165 Y110.393 E13.56983
G1 X145.457 Y110.393 E13.61108
G1 X132.672 Y97.607 E14.66451
G1 X131.964 Y97.607 E14.70576
G1 X144.749 Y110.393 E15.75919
G1 X144.041 Y110.393 E15.80044
G1 X131.256 Y97.607 E16.85387
G1 X130.548 Y97.607 E16.89512
G1 X143.334 Y110.393 E17.94859
G1 X142.626 Y110.393 E17.98984
G1 X129.84 Y97.607 E19.04331
G1 X129.133 Y97.607 E19.0845
G1 X141.918 Y110.393 E20.13793
G1 X141.21 Y110.393 E20.17918
G1 X128.425 Y97.607 E21.23261
G1 X127.717 Y97.607 E21.27386
G1 X140.503 Y110.393 E22.32733
G1 X139.795 Y110.393 E22.36858
G1 X127.009 Y97.607 E23.42205
G1 X126.302 Y97.607 E23.46324
G1 X139.087 Y110.393 E24.51667
G1 X138.379 Y110.393 E24.55792
G1 X125.594 Y97.607 E25.61135
G1 X124.886 Y97.607 E25.6526
G1 X137.671 Y110.393 E26.70603
G1 X136.964 Y110.393 E26.74722
G1 X124.178 Y97.607 E27.80069
G1 X123.471 Y97.607 E27.84188
G1 X136.256 Y110.393 E28.89531
G1 X135.548 Y110.393 E28.93656
G1 X122.763 Y97.607 E29.98999
G1 X122.055 Y97.607 E30.03124
G1 X134.84 Y110.393 E31.08467
G1 X134.133 Y110.393 E31.12586
G1 X121.347 Y97.607 E32.17933
G1 X120.639 Y97.607 E32.22058
G1 X133.425 Y110.393 E33.27405
G1 X132.717 Y110.393 E33.3153
G1 X119.932 Y97.607 E34.36873
G1 X119.224 Y97.607 E34.40998
G1 X132.009 Y110.393 E35.46341
G1 X131.302 Y110.393 E35.5046
G1 X118.516 Y97.607 E36.55807
G1 X117.808 Y97.607 E36.59932
G1 X130.594 Y110.393 E37.65279
G1 X129.886 Y110.393 E37.69404
G1 X117.101 Y97.607 E38.74747
G1 X116.393 Y97.607 E38.78872
G1 X129.178 Y110.393 E39.84215
G1 X128.47 Y110.393 E39.8834
G1 X115.685 Y97.607 E40.93683
G1 X114.977 Y97.607 E40.97808
G1 X127.936 Y110.566 E42.0458
G1 X127.796 Y111.134 E42.07988
G1 X114.269 Y97.607 E43.1944
G1 X113.562 Y97.607 E43.23559
G1 X127.656 Y111.702 E44.39687
G1 X127.516 Y112.27 E44.43095
G1 X112.854 Y97.607 E45.63903
G1 X112.146 Y97.607 E45.68028
G1 X127.376 Y112.837 E46.93511
G1 X127.236 Y113.405 E46.96919
G1 X111.438 Y97.607 E48.27082
G1 X110.731 Y97.607 E48.31201
G1 X127.096 Y113.973 E49.6604
G1 X126.956 Y114.541 E49.69448
G1 X110.023 Y97.607 E51.08967
G1 X109.315 Y97.607 E51.13092
G1 X126.816 Y115.109 E52.57291
G1 X126.676 Y115.676 E52.60694
G1 X108.607 Y97.607 E54.09568
G1 X107.9 Y97.607 E54.13687
G1 X126.536 Y116.244 E55.67237
G1 X126.397 Y116.812 E55.70644
G1 X107.192 Y97.607 E57.28878
G1 X106.484 Y97.607 E57.33003
G1 X126.257 Y117.38 E58.95917
G1 X126.117 Y117.948 E58.99325
G1 X105.776 Y97.607 E60.66919
G1 X105.068 Y97.607 E60.71044
G1 X125.977 Y118.516 E62.43318
G1 X125.837 Y119.083 E62.46721
G1 X104.361 Y97.607 E64.23666
G1 X103.653 Y97.607 E64.27791
G1 X125.697 Y119.651 E66.09416
G1 X125.557 Y120.219 E66.12824
G1 X102.945 Y97.607 E67.99129
G1 X102.237 Y97.607 E68.03254
G1 X125.417 Y120.787 E69.94239
G1 X125.277 Y121.355 E69.97647
G1 X101.53 Y97.607 E71.93308
G1 X100.822 Y97.607 E71.97433
G1 X125.137 Y121.922 E73.9777
G1 X124.997 Y122.49 E74.01178
G1 X100.114 Y97.607 E76.06194
G1 X99.406 Y97.607 E76.10319
G1 X124.857 Y123.058 E78.20015
G1 X124.717 Y123.626 E78.23423
G1 X98.698 Y97.607 E80.37799
G1 X97.991 Y97.607 E80.41918
G1 X124.577 Y124.194 E82.6097
G1 X124.437 Y124.762 E82.64378
G1 X97.283 Y97.607 E84.8811
G1 X96.575 Y97.607 E84.92235
G1 X124.297 Y125.329 E87.20643
G1 X124.157 Y125.897 E87.24051
G1 X95.867 Y97.607 E89.57138
G1 X95.16 Y97.607 E89.61257
G1 X124.017 Y126.465 E91.9902
G1 X123.877 Y127.033 E92.02428
G1 X94.452 Y97.607 E94.44871
G1 X93.744 Y97.607 E94.48996
G1 X123.673 Y127.537 E96.95592
G1 X123.468 Y128.039 E96.98751
G1 X93.036 Y97.607 E99.49487
G1 X92.329 Y97.607 E99.53606
G1 X123.263 Y128.542 E102.08482
G1 X122.963 Y128.949 E102.11428
G1 X91.621 Y97.607 E104.69662
G1 X90.913 Y97.607 E104.73787
G1 X122.658 Y129.353 E107.35345
G1 X122.354 Y129.756 E107.38286
G1 X118.237 Y125.639 E107.72207
G1 X118.271 Y125.752 E107.72894
G1 X118.331 Y126.441 E107.76923
G1 X122.007 Y130.117 E108.0721
G1 X121.623 Y130.44 E108.10133
G1 X118.263 Y127.08 E108.37817
G1 X118.098 Y127.623 E108.41123
G1 X121.239 Y130.764 E108.67002
G1 X120.854 Y131.088 E108.69934
G1 X117.86 Y128.093 E108.94606
G1 X117.773 Y128.255 E108.95677
G1 X117.566 Y128.507 E108.97577
G1 X120.417 Y131.358 E109.21067
G1 X119.958 Y131.606 E109.24107
G1 X117.223 Y128.871 E109.46641
G1 X116.83 Y129.187 E109.49579
G1 X119.499 Y131.855 E109.71565
G1 X119.04 Y132.104 E109.74607
G1 X116.369 Y129.433 E109.96614
G1 X116.277 Y129.482 E109.97221
G1 X115.842 Y129.614 E109.99869
G1 X118.515 Y132.287 E110.21892
G1 X117.975 Y132.455 E110.25187
G1 X115.233 Y129.713 E110.47779
G1 X115.001 Y129.736 E110.49137
G1 X114.499 Y129.687 E110.52076
G1 X117.615 Y132.803 E110.77749
M204 S2500
G1 E109.37749 F4800
;WIPE_START
G1 F5760
G1 X117.079 Y132.267 E108.77749
;WIPE_END
G92 E0
G1 X116.103 Y123.505 F7200
G1 E2 F4800
M204 S2000
G1 F3000
G1 X90.205 Y97.607 E4.13379
G1 X89.497 Y97.607 E4.17504
G1 X114.963 Y123.073 E6.27324
G1 X114.324 Y123.141 E6.31068
G1 X102.178 Y110.996 E7.31137
G1 X102.03 Y110.393 E7.34754
G1 X101.575 Y110.393 E7.37405
G1 X88.79 Y97.607 E8.42748
G1 X88.082 Y97.607 E8.46873
G1 X100.867 Y110.393 E9.52216
G1 X100.16 Y110.393 E9.56335
G1 X87.374 Y97.607 E10.61682
G1 X86.666 Y97.607 E10.65807
G1 X99.452 Y110.393 E11.71154
G1 X98.744 Y110.393 E11.75279
G1 X85.959 Y97.607 E12.80622
G1 X85.251 Y97.607 E12.84747
G1 X98.036 Y110.393 E13.9009
G1 X97.328 Y110.393 E13.94215
G1 X84.543 Y97.607 E14.99558
G1 X83.835 Y97.607 E15.03683
G1 X96.621 Y110.393 E16.0903
G1 X95.913 Y110.393 E16.13155
G1 X83.319 Y97.799 E17.1692
G1 X83.319 Y98.507 E17.21045
G1 X95.205 Y110.393 E18.18976
G1 X94.497 Y110.393 E18.23101
G1 X83.319 Y99.214 E19.15203
G1 X83.319 Y99.922 E19.19328
G1 X93.79 Y110.393 E20.05601
G1 X93.082 Y110.393 E20.09726
G1 X83.319 Y100.63 E20.90165
G1 X83.319 Y101.338 E20.9429
G1 X92.374 Y110.393 E21.68896
G1 X91.666 Y110.393 E21.73021
G1 X83.319 Y102.045 E22.41798
G1 X83.319 Y102.753 E22.45923
G1 X90.958 Y110.393 E23.08867
G1 X90.251 Y110.393 E23.12986
G1 X83.319 Y103.461 E23.701
G1 X83.319 Y104.169 E23.74225
G1 X89.543 Y110.393 E24.25506
G1 X88.835 Y110.393 E24.29631
G1 X83.319 Y104.876 E24.75083
G1 X83.319 Y105.584 E24.79208
G1 X88.127 Y110.393 E25.18826
G1 X87.42 Y110.393 E25.22945
G1 X83.319 Y106.292 E25.56734
G1 X83.319 Y107 E25.60859
G1 X86.712 Y110.393 E25.88815
G1 X86.004 Y110.393 E25.9294
G1 X83.319 Y107.708 E26.15062
G1 X83.319 Y108.415 E26.19181
G1 X85.296 Y110.393 E26.35474
G1 X84.589 Y110.393 E26.39593
G1 X83.319 Y109.123 E26.50057
G1 X83.319 Y109.831 E26.54182
G1 X84.106 Y110.618 E26.60666
M204 S2500
G1 E25.20666 F4800
;WIPE_START
G1 F5760
G1 X83.57 Y110.082 E24.60666
;WIPE_END
G92 E0
G1 X102.102 Y111.628 F7200
G1 E2 F4800
M204 S2000
G1 F3000
G1 X113.781 Y123.306 E2.96222
G1 X113.311 Y123.544 E2.99291
G1 X102.641 Y112.874 E3.87203
G1 X102.873 Y113.814 E3.92844
G1 X112.897 Y123.838 E4.75434
G1 X112.644 Y124.045 E4.77338
G1 X112.533 Y124.181 E4.78361
G1 X103.104 Y114.753 E5.56044
G1 X103.336 Y115.692 E5.61679
G1 X112.217 Y124.574 E6.34856
G1 X111.971 Y125.035 E6.379
G1 X103.567 Y116.632 E7.07138
G1 X103.799 Y117.571 E7.12773
G1 X111.79 Y125.562 E7.78613
G1 X111.732 Y125.752 E7.7977
G1 X111.691 Y126.171 E7.82223
G1 X104.03 Y118.51 E8.45344
G1 X104.262 Y119.449 E8.50979
G1 X112.011 Y127.199 E9.14829
M204 S2500
G1 E7.74829 F4800
;WIPE_START
G1 F5760
G1 X111.475 Y126.663 E7.14829
;WIPE_END
G92 E0
G1 X117.076 Y132.971 F7200
G1 E2 F4800
M204 S2000
G1 F3000
G1 X104.493 Y120.389 E3.0367
G1 X104.725 Y121.328 E3.09305
G1 X116.234 Y132.837 E4.0413
G1 X115.592 Y132.903 E4.0789
G1 X104.956 Y122.267 E4.95522
G1 X105.188 Y123.206 E5.01157
G1 X114.943 Y132.962 E5.81535
G1 X114.152 Y132.879 E5.86169
G1 X105.419 Y124.146 E6.58122
G1 X105.651 Y125.085 E6.63757
G1 X113.362 Y132.796 E7.2729
G1 X113.007 Y132.759 E7.29369
G1 X112.44 Y132.582 E7.3283
G1 X105.882 Y126.024 E7.86863
G1 X106.114 Y126.964 E7.92504
G1 X111.411 Y132.261 E8.36147
G1 X111.048 Y132.148 E8.38362
G1 X110.047 Y131.605 E8.44997
G1 X106.17 Y127.727 E8.76945
M204 S2500
;LAYER_CHANGE
;Z:0.48
;HEIGHT:0.2
; BEFORE_LAYER_CHANGE 1 @ 0.48mm
G1 E7.36945 F4800
;WIPE_START
G1 F5760
G1 X106.706 Y128.263 E6.76945
;WIPE_END
G92 E0
G1 Z.48 F7200
; AFTER_LAYER_CHANGE 1 @ 0.48mm
G1 X100.894 Y112.387
G1 E2 F4800
;TYPE:External perimeter
;WIDTH:0.45
G1 X100.885 Y112.351 E2.00126
G1 X81.739 Y112.351 E2.64933
G1 X81.739 Y95.649 E3.21467
G1 X138.486 Y95.649 E5.13549
G1 X148.261 Y95.649 E5.46636
G1 X148.261 Y112.351 E6.0317
G1 X129.123 Y112.351 E6.6795
G1 X125.382 Y127.531 E7.2087
G1 X124.641 Y129.347 E7.27509
G1 X123.369 Y131.034 E7.34661
G1 X121.642 Y132.49 E7.42307
G1 X119.578 Y133.61 E7.50256
G1 X117.322 Y134.314 E7.58255
G1 X115.031 Y134.554 E7.66052
G1 X112.686 Y134.314 E7.74031
G1 X110.43 Y133.61 E7.8203
G1 X108.366 Y132.49 E7.89979
G1 X106.639 Y131.034 E7.97625
G1 X105.367 Y129.347 E8.04777
G1 X104.627 Y127.531 E8.11415
G1 X100.908 Y112.445 E8.64008
G1 X101.083 Y111.968 F7200
;TYPE:Perimeter
;WIDTH:0.4
G1 F9000
G1 X82.121 Y111.968 E9.20309
G1 X82.121 Y96.032 E9.67625
G1 X138.486 Y96.032 E11.3498
G1 X147.879 Y96.032 E11.62869
G1 X147.879 Y111.968 E12.10185
G1 X128.824 Y111.968 E12.66762
G1 X125.017 Y127.413 E13.13993
G1 X124.306 Y129.157 E13.19585
G1 X123.09 Y130.77 E13.25583
G1 X121.426 Y132.173 E13.32045
G1 X119.429 Y133.256 E13.3879
G1 X117.245 Y133.938 E13.45583
G1 X115.03 Y134.17 E13.52196
G1 X112.763 Y133.938 E13.58962
G1 X110.579 Y133.256 E13.65755
G1 X108.583 Y132.173 E13.72498
G1 X106.918 Y130.77 E13.78963
G1 X105.702 Y129.157 E13.84961
G1 X104.991 Y127.413 E13.90553
G1 X101.184 Y111.968 E14.37784
G1 X101.143 Y111.968 E14.37906
G1 X101.303 Y111.611 F7200
G1 F9000
G1 X82.478 Y111.611 E14.938
G1 X82.478 Y96.389 E15.38996
G1 X138.486 Y96.389 E17.05291
G1 X147.522 Y96.389 E17.3212
G1 X147.522 Y111.611 E17.77316
G1 X128.544 Y111.611 E18.33664
G1 X124.677 Y127.302 E18.81647
G1 X123.993 Y128.979 E18.87024
G1 X122.829 Y130.523 E18.92765
G1 X121.223 Y131.876 E18.99
G1 X119.289 Y132.926 E19.05534
G1 X117.172 Y133.586 E19.12118
G1 X115.03 Y133.811 E19.18513
G1 X112.835 Y133.586 E19.25064
G1 X110.719 Y132.926 E19.31645
G1 X108.785 Y131.876 E19.38179
G1 X107.179 Y130.523 E19.44414
G1 X106.015 Y128.979 E19.50155
G1 X105.331 Y127.302 E19.55532
G1 X101.464 Y111.611 E20.03515
G1 X101.363 Y111.611 E20.03815
G1 E18.63815 F4800
;WIPE_START
G1 F5760
G1 X101.303 Y111.611 E18.59065
G1 X100.605 Y111.611 E18.03815
;WIPE_END
G92 E0
G1 X114.661 Y124.69 F7200
G1 E2 F4800
;TYPE:External perimeter
;WIDTH:0.45
G1 F4860
G1 X114.982 Y124.658 E2.01092
G1 X115.341 Y124.689 E2.02312
G1 X115.67 Y124.789 E2.03476
G1 X115.972 Y124.951 E2.04636
G1 X116.236 Y125.168 E2.05793
G1 X116.453 Y125.432 E2.0695
G1 X116.615 Y125.734 E2.0811
G1 X116.714 Y126.062 E2.0927
G1 X116.748 Y126.403 E2.1043
G1 X116.714 Y126.743 E2.11587
G1 X116.615 Y127.071 E2.12747
G1 X116.453 Y127.373 E2.13907
G1 X116.236 Y127.637 E2.15064
G1 X115.972 Y127.854 E2.16221
G1 X115.67 Y128.016 E2.17381
G1 X115.342 Y128.115 E2.18541
G1 X115.001 Y128.149 E2.19701
G1 X114.661 Y128.115 E2.20858
G1 X114.333 Y128.016 E2.22018
G1 X114.031 Y127.854 E2.23178
G1 X113.767 Y127.637 E2.24335
G1 X113.55 Y127.373 E2.25492
G1 X113.388 Y127.071 E2.26652
G1 X113.289 Y126.743 E2.27812
G1 X113.255 Y126.403 E2.28969
G1 X113.289 Y126.062 E2.30129
G1 X113.388 Y125.734 E2.31289
G1 X113.55 Y125.432 E2.32449
G1 X113.767 Y125.168 E2.33606
G1 X114.031 Y124.951 E2.34763
G1 X114.333 Y124.789 E2.35923
G1 X114.603 Y124.707 E2.36878
G1 X114.586 Y124.313 F7200
;TYPE:Perimeter
;WIDTH:0.4
G1 F4860
G1 X114.979 Y124.275 E2.3805
G1 X115.414 Y124.312 E2.39346
G1 X115.817 Y124.435 E2.40597
G1 X116.185 Y124.631 E2.41835
G1 X116.508 Y124.896 E2.43075
G1 X116.773 Y125.219 E2.44315
G1 X116.969 Y125.587 E2.45553
G1 X117.091 Y125.987 E2.46795
G1 X117.132 Y126.403 E2.48036
G1 X117.091 Y126.818 E2.49274
G1 X116.969 Y127.218 E2.50516
G1 X116.773 Y127.586 E2.51754
G1 X116.508 Y127.909 E2.52994
G1 X116.185 Y128.174 E2.54234
G1 X115.817 Y128.371 E2.55473
G1 X115.417 Y128.492 E2.56714
G1 X115.001 Y128.533 E2.57955
G1 X114.586 Y128.492 E2.59193
G1 X114.186 Y128.371 E2.60434
G1 X113.818 Y128.174 E2.61673
G1 X113.495 Y127.909 E2.62913
G1 X113.23 Y127.586 E2.64153
G1 X113.034 Y127.218 E2.65391
G1 X112.912 Y126.818 E2.66633
G1 X112.871 Y126.403 E2.67871
G1 X112.912 Y125.987 E2.69112
G1 X113.034 Y125.587 E2.70354
G1 X113.23 Y125.219 E2.71592
G1 X113.495 Y124.896 E2.72832
G1 X113.818 Y124.631 E2.74072
G1 X114.186 Y124.435 E2.7531
G1 X114.529 Y124.331 E2.76374
G1 X114.516 Y123.961 F7200
G1 F4860
G1 X114.977 Y123.916 E2.77749
G1 X115.482 Y123.96 E2.79254
G1 X115.954 Y124.103 E2.80718
G1 X116.384 Y124.333 E2.82166
G1 X116.761 Y124.643 E2.83615
G1 X117.071 Y125.02 E2.85064
G1 X117.301 Y125.45 E2.86512
G1 X117.443 Y125.917 E2.87961
G1 X117.49 Y126.403 E2.89411
G1 X117.443 Y126.888 E2.90858
G1 X117.301 Y127.355 E2.92307
G1 X117.071 Y127.785 E2.93755
G1 X116.761 Y128.162 E2.95204
G1 X116.384 Y128.472 E2.96653
G1 X115.954 Y128.702 E2.98101
G1 X115.487 Y128.844 E2.9955
G1 X115.001 Y128.891 E3.01
G1 X114.516 Y128.844 E3.02447
G1 X114.049 Y128.702 E3.03896
G1 X113.619 Y128.472 E3.05344
G1 X113.242 Y128.162 E3.06793
G1 X112.932 Y127.785 E3.08242
G1 X112.702 Y127.355 E3.0969
G1 X112.56 Y126.888 E3.11139
G1 X112.513 Y126.403 E3.12586
G1 X112.56 Y125.917 E3.14036
G1 X112.702 Y125.45 E3.15485
G1 X112.932 Y125.02 E3.16933
G1 X113.242 Y124.643 E3.18382
G1 X113.619 Y124.333 E3.19831
G1 X114.049 Y124.103 E3.21279
G1 X114.459 Y123.979 E3.22551
G1 E1.82551 F4800
;WIPE_START
G1 F5760
G1 X114.516 Y123.961 E1.77819
G1 X114.977 Y123.916 E1.4115
G1 X115.211 Y123.936 E1.22551
;WIPE_END
G92 E0
G1 X82.948 Y96.772 F7200
G1 E2 F4800
;TYPE:Solid infill
;WIDTH:0.610898
G1 F9000
G1 X82.898 Y96.722 E2.00334
G1 X82.83 Y96.74 E2.00666
G1 X82.811 Y96.808 E2.00999
G1 X82.861 Y96.859 E2.01336
G1 X82.93 Y96.84 E2.01674
G1 X82.659 Y97.776 F7200
;WIDTH:0.38292
G1 F9000
G1 X82.618 Y97.787 E2.01794
G1 X82.599 Y97.716 E2.02002
G1 X82.67 Y97.735 E2.0221
;WIDTH:0.421947
G1 X82.722 Y97.68 E2.02449
;WIDTH:0.460973
G1 X82.773 Y97.625 E2.0271
;WIDTH:0.499999
G1 X83.729 Y96.68 E2.07819
;WIDTH:0.460973
G1 X83.797 Y96.625 E2.08123
;WIDTH:0.421947
G1 X83.866 Y96.57 E2.08401
;WIDTH:0.38292
G1 X83.825 Y96.581 E2.08521
G1 X83.805 Y96.51 E2.0873
G1 X83.877 Y96.529 E2.08941
;WIDTH:0.499999
G1 X84.306 Y96.735 E2.1075
G1 X82.824 Y98.217 E2.18716
G1 X82.824 Y98.863 E2.21171
G1 X84.953 Y96.735 E2.32611
G1 X85.599 Y96.735 E2.35066
G1 X82.824 Y99.51 E2.49981
G1 X82.824 Y100.156 E2.52436
G1 X86.246 Y96.735 E2.70826
G1 X86.892 Y96.735 E2.73281
G1 X82.824 Y100.802 E2.95143
G1 X82.824 Y101.449 E2.97602
G1 X87.539 Y96.735 E3.22942
G1 X88.185 Y96.735 E3.25397
G1 X82.824 Y102.095 E3.54209
G1 X82.824 Y102.742 E3.56668
G1 X88.831 Y96.735 E3.88955
G1 X89.478 Y96.735 E3.91414
G1 X82.824 Y103.388 E4.27176
G1 X82.824 Y104.034 E4.29631
G1 X90.124 Y96.735 E4.68865
G1 X90.771 Y96.735 E4.71324
G1 X82.824 Y104.681 E5.14036
G1 X82.824 Y105.327 E5.16491
G1 X91.417 Y96.735 E5.62675
G1 X92.063 Y96.735 E5.6513
G1 X82.824 Y105.974 E6.14789
G1 X82.824 Y106.62 E6.17244
G1 X92.71 Y96.735 E6.70378
G1 X93.356 Y96.735 E6.72833
G1 X82.824 Y107.266 E7.29439
G1 X82.824 Y107.913 E7.31898
G1 X94.003 Y96.735 E7.91981
G1 X94.649 Y96.735 E7.94436
G1 X82.824 Y108.559 E8.57991
G1 X82.824 Y109.206 E8.6045
G1 X95.295 Y96.735 E9.2748
G1 X95.942 Y96.735 E9.29939
G1 X82.824 Y109.852 E10.00444
G1 X82.824 Y110.499 E10.02903
G1 X96.588 Y96.735 E10.76883
G1 X97.235 Y96.735 E10.79342
G1 X82.824 Y111.145 E11.56797
G1 X82.788 Y111.241 E11.57187
;WIDTH:0.460973
G1 X82.752 Y111.338 E11.57547
;WIDTH:0.421947
G1 X82.716 Y111.434 E11.5787
;WIDTH:0.38292
G1 X82.675 Y111.445 E11.5799
G1 X82.656 Y111.374 E11.58198
G1 X82.727 Y111.393 E11.58406
;WIDTH:0.499999
G1 X83.35 Y111.265 E11.60823
G1 X97.881 Y96.735 E12.38923
G1 X98.527 Y96.735 E12.41378
G1 X83.997 Y111.265 E13.19475
G1 X84.643 Y111.265 E13.2193
G1 X99.174 Y96.735 E14.0003
G1 X99.82 Y96.735 E14.02485
G1 X85.29 Y111.265 E14.80582
G1 X85.936 Y111.265 E14.83037
G1 X100.467 Y96.735 E15.61137
G1 X101.113 Y96.735 E15.63592
G1 X86.582 Y111.265 E16.41692
G1 X87.229 Y111.265 E16.44151
G1 X101.759 Y96.735 E17.22248
G1 X102.406 Y96.735 E17.24707
G1 X87.875 Y111.265 E18.02807
G1 X88.522 Y111.265 E18.05266
G1 X103.052 Y96.735 E18.83363
G1 X103.699 Y96.735 E18.85822
G1 X89.168 Y111.265 E19.63922
G1 X89.814 Y111.265 E19.66377
G1 X104.345 Y96.735 E20.44477
G1 X104.992 Y96.735 E20.46936
G1 X90.461 Y111.265 E21.25036
G1 X91.107 Y111.265 E21.27491
G1 X105.638 Y96.735 E22.05591
G1 X106.284 Y96.735 E22.08046
G1 X91.754 Y111.265 E22.86143
G1 X92.4 Y111.265 E22.88598
G1 X106.931 Y96.735 E23.66698
G1 X107.577 Y96.735 E23.69153
G1 X93.046 Y111.265 E24.47253
G1 X93.693 Y111.265 E24.49712
G1 X108.224 Y96.735 E25.27812
G1 X108.87 Y96.735 E25.30267
G1 X94.339 Y111.265 E26.08367
G1 X94.986 Y111.265 E26.10826
G1 X109.516 Y96.735 E26.88923
G1 X110.163 Y96.735 E26.91382
G1 X95.632 Y111.265 E27.69482
G1 X96.278 Y111.265 E27.71937
G1 X110.809 Y96.735 E28.50037
G1 X111.456 Y96.735 E28.52496
G1 X96.925 Y111.265 E29.30596
G1 X97.571 Y111.265 E29.33051
G1 X112.102 Y96.735 E30.11151
G1 X112.748 Y96.735 E30.13606
G1 X98.218 Y111.265 E30.91703
G1 X98.864 Y111.265 E30.94158
G1 X113.395 Y96.735 E31.72258
G1 X114.041 Y96.735 E31.74713
G1 X99.51 Y111.265 E32.52813
G1 X100.157 Y111.265 E32.55272
G1 X114.688 Y96.735 E33.33372
G1 X115.334 Y96.735 E33.35827
G1 X100.803 Y111.265 E34.13927
G1 X101.306 Y111.49 E34.16021
;WIDTH:0.38292
G1 X101.265 Y111.501 E34.16141
G1 X101.246 Y111.43 E34.16349
G1 X101.317 Y111.449 E34.16557
;WIDTH:0.421947
G1 X101.361 Y111.388 E34.16794
;WIDTH:0.460973
G1 X101.406 Y111.327 E34.17057
;WIDTH:0.499999
G1 X101.45 Y111.265 E34.17346
G1 X115.98 Y96.735 E34.95443
G1 X116.627 Y96.735 E34.97902
G1 X101.807 Y111.555 E35.77558
G1 X101.934 Y112.073 E35.79585
G1 X117.273 Y96.735 E36.62028
G1 X117.92 Y96.735 E36.64487
G1 X102.062 Y112.592 E37.49719
G1 X102.19 Y113.111 E37.51751
G1 X118.566 Y96.735 E38.3977
G1 X119.212 Y96.735 E38.42225
G1 X102.318 Y113.629 E39.33029
G1 X102.446 Y114.148 E39.35061
G1 X119.859 Y96.735 E40.28654
G1 X120.505 Y96.735 E40.31109
G1 X102.574 Y114.666 E41.27486
G1 X102.701 Y115.185 E41.29517
G1 X121.152 Y96.735 E42.28687
G1 X121.798 Y96.735 E42.31142
G1 X102.829 Y115.704 E43.33098
G1 X102.957 Y116.222 E43.35126
G1 X122.445 Y96.735 E44.39869
G1 X123.091 Y96.735 E44.42324
G1 X103.085 Y116.741 E45.49854
G1 X103.213 Y117.259 E45.51882
G1 X123.737 Y96.735 E46.62196
G1 X124.384 Y96.735 E46.64655
G1 X103.34 Y117.778 E47.77762
G1 X103.468 Y118.297 E47.79794
G1 X125.03 Y96.735 E48.95688
G1 X125.677 Y96.735 E48.98147
G1 X103.596 Y118.815 E50.16827
G1 X103.724 Y119.334 E50.18859
G1 X126.323 Y96.735 E51.40326
G1 X126.969 Y96.735 E51.42781
G1 X103.852 Y119.852 E52.67033
G1 X103.98 Y120.371 E52.69065
G1 X127.616 Y96.735 E53.96106
G1 X128.262 Y96.735 E53.98561
G1 X104.107 Y120.889 E55.28389
G1 X104.235 Y121.408 E55.30421
G1 X128.909 Y96.735 E56.63039
G1 X129.555 Y96.735 E56.65494
G1 X104.363 Y121.927 E58.00898
G1 X104.491 Y122.445 E58.02926
G1 X130.201 Y96.735 E59.41115
G1 X130.848 Y96.735 E59.43574
G1 X104.619 Y122.964 E60.84552
G1 X104.746 Y123.482 E60.86579
G1 X131.494 Y96.735 E62.30344
G1 X132.141 Y96.735 E62.32803
G1 X104.874 Y124.001 E63.79358
G1 X105.002 Y124.52 E63.8139
G1 X132.787 Y96.735 E65.30732
G1 X133.433 Y96.735 E65.33187
G1 X105.13 Y125.038 E66.85313
G1 X105.258 Y125.557 E66.87345
G1 X134.08 Y96.735 E68.4226
G1 X134.726 Y96.735 E68.44715
G1 X105.385 Y126.075 E70.02417
G1 X105.513 Y126.594 E70.04449
G1 X135.373 Y96.735 E71.64941
G1 X136.019 Y96.735 E71.67396
G1 X105.641 Y127.113 E73.30675
G1 X105.819 Y127.581 E73.32578
G1 X136.665 Y96.735 E74.98372
G1 X137.312 Y96.735 E75.00831
G1 X106.006 Y128.04 E76.69095
G1 X106.193 Y128.5 E76.70982
G1 X137.958 Y96.735 E78.41716
G1 X138.605 Y96.735 E78.44175
G1 X106.411 Y128.929 E80.17214
G1 X106.689 Y129.297 E80.18967
G1 X139.251 Y96.735 E81.93984
G1 X139.898 Y96.735 E81.96443
G1 X106.966 Y129.666 E83.73446
G1 X107.244 Y130.034 E83.75199
G1 X140.544 Y96.735 E85.5418
G1 E84.1418 F4800
;WIPE_START
G1 F5760
G1 X140.008 Y97.271 E83.5418
;WIPE_END
G92 E0
G1 X113.511 Y124.184 F7200
G1 E2 F4800
;WIDTH:0.38292
G1 F9000
G1 X113.919 Y123.881 E2.01437
G1 X113.511 Y124.184 E2.02874
;WIDTH:0.499999
G1 X114.242 Y123.683 E2.06242
G1 X141.19 Y96.735 E3.51085
G1 X141.837 Y96.735 E3.53544
G1 X115.001 Y123.571 E4.97785
G1 X115.587 Y123.63 E5.00023
G1 X142.483 Y96.735 E6.44584
G1 X143.13 Y96.735 E6.47043
G1 X128.599 Y111.265 E7.25143
G1 X128.491 Y111.302 E7.25577
;WIDTH:0.460973
G1 X128.383 Y111.338 E7.25973
;WIDTH:0.421947
G1 X128.276 Y111.375 E7.2633
;WIDTH:0.38292
G1 X128.379 Y111.485 E7.26756
G1 X128.382 Y111.549 E7.26937
G1 X126.698 Y118.382 E7.46833
G1 E6.06833 F4800
;WIPE_START
G1 F5760
G1 X126.879 Y117.646 E5.46833
;WIPE_END
G92 E0
G1 X128.166 Y111.698 F7200
G1 E2 F4800
;WIDTH:0.499999
G1 F9000
G1 X116.083 Y123.781 E2.64945
G1 X116.505 Y124.005 E2.66761
G1 X127.955 Y112.556 E3.28301
G1 X127.744 Y113.413 E3.31655
G1 X116.872 Y124.285 E3.90091
G1 X117.187 Y124.616 E3.91828
G1 X127.532 Y114.271 E4.47431
G1 X127.321 Y115.129 E4.50789
G1 X117.452 Y124.998 E5.03834
G1 X117.659 Y125.437 E5.05679
G1 X127.109 Y115.987 E5.56472
G1 X126.898 Y116.845 E5.5983
G1 X117.793 Y125.949 E6.08766
G1 X117.822 Y126.567 E6.11117
G1 X126.686 Y117.703 E6.5876
G1 X126.475 Y118.56 E6.62114
G1 X117.655 Y127.381 E7.09523
G1 X117.599 Y127.359 E7.09752
;WIDTH:0.460973
G1 X117.544 Y127.337 E7.09958
;WIDTH:0.421947
G1 X117.489 Y127.315 E7.10145
;WIDTH:0.38292
G1 X117.416 Y127.619 E7.11029
G1 X117.429 Y127.704 E7.11272
G1 X116.918 Y128.306 E7.13504
G1 X116.526 Y128.663 E7.15003
G1 X116.303 Y128.83 E7.15791
G1 X116.127 Y128.824 E7.16289
G1 X115.914 Y128.89 E7.16919
G1 E5.76919 F4800
;WIPE_START
G1 F5760
G1 X116.127 Y128.824 E5.59266
G1 X116.303 Y128.83 E5.45325
G1 X116.526 Y128.663 E5.23269
G1 X116.585 Y128.609 E5.16919
;WIPE_END
G92 E0
G1 X112.504 Y125.491 F7200
G1 E2 F4800
G1 F9000
G1 X112.48 Y125.32 E2.00488
G1 X112.78 Y124.916 E2.01911
G1 X112.48 Y125.32 E2.03334
G1 X112.504 Y125.491 E2.03822
;WIDTH:0.421947
G1 X112.43 Y125.541 E2.04103
;WIDTH:0.460973
G1 X112.356 Y125.592 E2.04415
;WIDTH:0.499999
G1 X112.282 Y125.643 E2.04757
G1 X107.546 Y130.379 E2.30213
G1 X107.897 Y130.675 E2.31958
G1 X112.165 Y126.406 E2.54901
G1 X112.229 Y126.989 E2.5713
G1 X108.247 Y130.97 E2.7853
G1 X108.598 Y131.266 E2.80275
G1 X112.38 Y127.484 E3.00603
G1 X112.604 Y127.906 E3.02419
G1 X108.949 Y131.562 E3.22067
G1 X109.362 Y131.795 E3.23869
G1 X112.884 Y128.273 E3.42799
G1 X113.215 Y128.588 E3.44536
G1 X109.781 Y132.023 E3.62996
G1 X110.2 Y132.25 E3.64807
G1 X113.597 Y128.853 E3.83066
G1 X114.036 Y129.06 E3.84911
G1 X110.619 Y132.477 E4.03277
G1 X111.07 Y132.673 E4.05146
G1 X114.548 Y129.194 E4.23843
G1 X115.166 Y129.223 E4.26194
G1 X111.563 Y132.826 E4.4556
G1 X112.055 Y132.98 E4.47519
G1 X115.98 Y129.056 E4.68613
G1 E3.28613 F4800
;WIPE_START
G1 F5760
G1 X115.444 Y129.592 E2.68613
;WIPE_END
G92 E0
G1 X112.548 Y133.134 F7200
G1 E2 F4800
G1 F9000
G1 X126.264 Y119.418 E2.73722
G1 X126.052 Y120.276 E2.77081
G1 X113.066 Y133.262 E3.46879
G1 X113.653 Y133.322 E3.49122
G1 X125.841 Y121.134 E4.14631
G1 X125.629 Y121.992 E4.1799
G1 X114.239 Y133.382 E4.7921
G1 X114.826 Y133.442 E4.81453
G1 X125.418 Y122.85 E5.38384
G1 X125.206 Y123.707 E5.41739
G1 X115.5 Y133.413 E5.93908
G1 X116.222 Y133.338 E5.96667
G1 X124.995 Y124.565 E6.43821
G1 X124.784 Y125.423 E6.47179
G1 X116.944 Y133.262 E6.89316
G1 X117.544 Y133.242 E6.91598
;WIDTH:0.38292
G1 X117.502 Y133.253 E6.91721
G1 X117.483 Y133.182 E6.91929
G1 X117.555 Y133.201 E6.9214
;WIDTH:0.421947
G1 X117.649 Y133.139 E6.92495
;WIDTH:0.460973
G1 X117.743 Y133.078 E6.92885
;WIDTH:0.499999
G1 X117.837 Y133.016 E6.93313
G1 X124.572 Y126.281 E7.29513
G1 E5.89513 F4800
;WIPE_START
G1 F5760
G1 X124.036 Y126.817 E5.29513
;WIPE_END
G92 E0
G1 X126.446 Y119.095 F7200
G1 E2 F4800
;WIDTH:0.38292
G1 F9000
G1 X126.479 Y119.27 E2.00503
G1 X124.583 Y126.96 E2.22895
;WIDTH:0.421947
G1 X124.509 Y127.02 E2.23195
;WIDTH:0.460973
G1 X124.435 Y127.079 E2.23524
;WIDTH:0.499999
G1 X118.776 Y132.723 E2.539
G1 X118.68 Y132.799 E2.54365
;WIDTH:0.460973
G1 X118.583 Y132.874 E2.54791
;WIDTH:0.421947
G1 X118.486 Y132.949 E2.55177
;WIDTH:0.38292
G1 X118.445 Y132.96 E2.55297
G1 X118.426 Y132.889 E2.55505
G1 X118.497 Y132.908 E2.55713
G1 E1.15713 F4800
;WIPE_START
G1 F5760
G1 X118.426 Y132.889 E1.09894
G1 X118.445 Y132.96 E1.04075
G1 X118.486 Y132.949 E1.00714
G1 X118.583 Y132.874 E.91007
G1 X118.68 Y132.799 E.813
G1 X118.776 Y132.723 E.71607
G1 X118.918 Y132.581 E.55713
;WIPE_END
G92 E0
G1 X119.717 Y132.377 F7200
G1 E2 F4800
;WIDTH:0.384124
G1 F9000
G1 X119.646 Y132.358 E2.00209
G1 X119.665 Y132.429 E2.00418
G1 X119.706 Y132.418 E2.00538
;WIDTH:0.422749
G1 X119.804 Y132.328 E2.00958
;WIDTH:0.461374
G1 X119.902 Y132.237 E2.01423
;WIDTH:0.499999
G1 X124.011 Y128.117 E2.23538
;WIDTH:0.460973
G1 X124.092 Y128.02 E2.23977
;WIDTH:0.421947
G1 X124.173 Y127.922 E2.24378
;WIDTH:0.38292
G1 X124.132 Y127.933 E2.24498
G1 X124.113 Y127.862 E2.24706
G1 X124.184 Y127.881 E2.24914
G1 E.84914 F4800
;WIPE_START
G1 F5760
G1 X124.113 Y127.862 E.79095
G1 X124.132 Y127.933 E.73276
G1 X124.173 Y127.922 E.69915
G1 X124.092 Y128.02 E.5985
G1 X124.011 Y128.117 E.49846
G1 X123.789 Y128.34 E.24914
;WIPE_END
G92 E0
G1 X123.781 Y128.861 F7200
G1 E2 F4800
;WIDTH:0.424042
G1 F9000
G1 X123.476 Y129.212 E2.01474
;WIDTH:0.465164
G1 X123.17 Y129.564 E2.03112
;WIDTH:0.506286
G1 X122.865 Y129.915 E2.04904
;WIDTH:0.547408
G1 X122.559 Y130.267 E2.06861
G1 X122.185 Y130.61 E2.0899
;WIDTH:0.506286
G1 X121.811 Y130.954 E2.10948
;WIDTH:0.465164
G1 X121.437 Y131.297 E2.1273
;WIDTH:0.424042
G1 X121.063 Y131.641 E2.1434
G1 E.7434 F4800
;WIPE_START
G1 F5760
G1 X121.437 Y131.297 E.34112
G1 X121.621 Y131.128 E.1434
;WIPE_END
G92 E0
G1 X129.245 Y111.265 F7200
G1 E2 F4800
;WIDTH:0.499999
G1 F9000
G1 X143.776 Y96.735 E2.781
G1 X144.422 Y96.735 E2.80555
G1 X129.892 Y111.265 E3.58652
G1 X130.538 Y111.265 E3.61107
G1 X145.069 Y96.735 E4.39207
G1 X145.715 Y96.735 E4.41662
G1 X131.184 Y111.265 E5.19762
G1 X131.831 Y111.265 E5.22221
G1 X146.362 Y96.735 E6.00321
G1 X147.008 Y96.735 E6.02776
G1 X132.477 Y111.265 E6.80876
G1 X133.124 Y111.265 E6.83335
G1 X147.176 Y97.213 E7.58863
G1 X147.176 Y97.86 E7.61322
G1 X133.77 Y111.265 E8.33375
G1 X134.416 Y111.265 E8.3583
G1 X147.176 Y98.506 E9.04411
G1 X147.176 Y99.153 E9.0687
G1 X135.063 Y111.265 E9.71973
G1 X135.709 Y111.265 E9.74428
G1 X147.176 Y99.799 E10.36059
G1 X147.176 Y100.445 E10.38514
G1 X136.356 Y111.265 E10.9667
G1 X137.002 Y111.265 E10.99125
G1 X147.176 Y101.092 E11.53807
G1 X147.176 Y101.738 E11.56262
G1 X137.649 Y111.265 E12.07469
G1 X138.295 Y111.265 E12.09924
G1 X147.176 Y102.385 E12.57656
G1 X147.176 Y103.031 E12.60111
G1 X138.941 Y111.265 E13.04371
G1 X139.588 Y111.265 E13.0683
G1 X147.176 Y103.677 E13.47615
G1 X147.176 Y104.324 E13.50074
G1 X140.234 Y111.265 E13.87384
G1 X140.881 Y111.265 E13.89843
G1 X147.176 Y104.97 E14.23678
G1 X147.176 Y105.617 E14.26137
G1 X141.527 Y111.265 E14.56497
G1 X142.173 Y111.265 E14.58952
G1 X147.176 Y106.263 E14.8584
G1 X147.176 Y106.909 E14.88295
G1 X142.82 Y111.265 E15.11708
G1 X143.466 Y111.265 E15.14163
G1 X147.176 Y107.556 E15.34101
G1 X147.176 Y108.202 E15.36556
G1 X144.113 Y111.265 E15.53019
G1 X144.759 Y111.265 E15.55474
G1 X147.176 Y108.849 E15.68462
G1 X147.412 Y109.309 E15.70427
;WIDTH:0.38292
G1 X147.341 Y109.29 E15.70635
G1 X147.36 Y109.361 E15.70843
G1 X147.401 Y109.35 E15.70963
;WIDTH:0.421947
G1 X147.326 Y109.398 E15.71244
;WIDTH:0.460973
G1 X147.251 Y109.447 E15.71555
;WIDTH:0.499999
G1 X147.176 Y109.495 E15.71893
G1 X145.405 Y111.265 E15.81409
G1 E14.41409 F4800
;WIPE_START
G1 F5760
G1 X145.941 Y110.729 E13.81409
;WIPE_END
G92 E0
G1 X146.964 Y110.425 F7200
G1 E2 F4800
;WIDTH:0.600616
G1 F9000
G1 X146.173 Y111.215 E2.05184
G1 X147.125 Y111.215 E2.09599
G1 X147.125 Y110.263 E2.14014
M106 S255
;LAYER_CHANGE
;Z:0.68
;HEIGHT:0.2
; BEFORE_LAYER_CHANGE 2 @ 0.68mm
G1 E.74014 F4800
;WIPE_START
G1 F5760
G1 X147.125 Y111.021 E.14014
;WIPE_END
G92 E0
G1 Z.68 F7200
; AFTER_LAYER_CHANGE 2 @ 0.68mm
G1 X100.93 Y112.534
G1 E2 F4800
;TYPE:External perimeter
;WIDTH:0.45
G1 X100.921 Y112.497 E2.00129
G1 X81.739 Y112.497 E2.65058
G1 X81.739 Y95.503 E3.22581
G1 X141.479 Y95.503 E5.24794
G1 X148.261 Y95.503 E5.4775
G1 X148.261 Y112.497 E6.05273
G1 X129.087 Y112.497 E6.70175
G1 X125.382 Y127.531 E7.22586
G1 X124.641 Y129.347 E7.29225
G1 X123.369 Y131.034 E7.36377
G1 X121.642 Y132.49 E7.44023
G1 X119.578 Y133.61 E7.51972
G1 X117.322 Y134.314 E7.59971
G1 X115.031 Y134.554 E7.67768
G1 X112.686 Y134.314 E7.75747
G1 X110.43 Y133.61 E7.83746
G1 X108.366 Y132.49 E7.91695
G1 X106.639 Y131.034 E7.99341
G1 X105.367 Y129.347 E8.06493
G1 X104.627 Y127.531 E8.13131
G1 X100.945 Y112.592 E8.65211
G1 X101.119 Y112.115 F7200
;TYPE:Perimeter
;WIDTH:0.4
G1 F9000
G1 X82.121 Y112.115 E9.21619
G1 X82.121 Y95.885 E9.69808
G1 X141.479 Y95.885 E11.4605
G1 X147.879 Y95.885 E11.65052
G1 X147.879 Y112.115 E12.13241
G1 X128.788 Y112.115 E12.69925
G1 X125.017 Y127.413 E13.16706
G1 X124.306 Y129.157 E13.22298
G1 X123.09 Y130.77 E13.28296
G1 X121.426 Y132.173 E13.34758
G1 X119.429 Y133.256 E13.41503
G1 X117.245 Y133.938 E13.48296
G1 X115.03 Y134.17 E13.54909
G1 X112.763 Y133.938 E13.61675
G1 X110.579 Y133.256 E13.68468
G1 X108.583 Y132.173 E13.75211
G1 X106.918 Y130.77 E13.81676
G1 X105.702 Y129.157 E13.87674
G1 X104.991 Y127.413 E13.93266
G1 X101.221 Y112.115 E14.40047
G1 X101.179 Y112.115 E14.40172
G1 X101.34 Y111.758 F7200
G1 F9000
G1 X82.478 Y111.758 E14.96176
G1 X82.478 Y96.242 E15.42245
G1 X141.479 Y96.242 E17.17427
G1 X147.522 Y96.242 E17.35369
G1 X147.522 Y111.758 E17.81438
G1 X128.508 Y111.758 E18.37893
G1 X124.677 Y127.302 E18.85426
G1 X123.993 Y128.979 E18.90803
G1 X122.829 Y130.523 E18.96544
G1 X121.223 Y131.876 E19.02779
G1 X119.289 Y132.926 E19.09313
G1 X117.172 Y133.586 E19.15897
G1 X115.03 Y133.811 E19.22292
G1 X112.835 Y133.586 E19.28843
G1 X110.719 Y132.926 E19.35424
G1 X108.785 Y131.876 E19.41958
G1 X107.179 Y130.523 E19.48193
G1 X106.015 Y128.979 E19.53934
G1 X105.331 Y127.302 E19.59311
G1 X101.5 Y111.758 E20.06844
G1 X101.4 Y111.758 E20.07141
G1 E18.67141 F4800
;WIPE_START
G1 F5760
G1 X101.34 Y111.758 E18.62391
G1 X100.642 Y111.758 E18.07141
;WIPE_END
G92 E0
G1 X114.661 Y124.69 F7200
G1 E2 F4800
;TYPE:External perimeter
;WIDTH:0.45
G1 F4860
G1 X114.971 Y124.659 E2.01055
G1 X115.34 Y124.689 E2.02308
G1 X115.67 Y124.789 E2.03475
G1 X115.972 Y124.951 E2.04635
G1 X116.236 Y125.168 E2.05792
G1 X116.453 Y125.432 E2.06949
G1 X116.615 Y125.734 E2.08109
G1 X116.714 Y126.062 E2.09269
G1 X116.748 Y126.403 E2.10429
G1 X116.714 Y126.743 E2.11586
G1 X116.615 Y127.071 E2.12746
G1 X116.453 Y127.373 E2.13906
G1 X116.236 Y127.637 E2.15063
G1 X115.972 Y127.854 E2.1622
G1 X115.67 Y128.016 E2.1738
G1 X115.342 Y128.115 E2.1854
G1 X115.001 Y128.149 E2.197
G1 X114.661 Y128.115 E2.20857
G1 X114.333 Y128.016 E2.22017
G1 X114.031 Y127.854 E2.23177
G1 X113.767 Y127.637 E2.24334
G1 X113.55 Y127.373 E2.25491
G1 X113.388 Y127.071 E2.26651
G1 X113.289 Y126.743 E2.27811
G1 X113.255 Y126.403 E2.28968
G1 X113.289 Y126.062 E2.30128
G1 X113.388 Y125.734 E2.31288
G1 X113.55 Y125.432 E2.32448
G1 X113.767 Y125.168 E2.33605
G1 X114.031 Y124.951 E2.34762
G1 X114.333 Y124.789 E2.35922
G1 X114.603 Y124.707 E2.36877
G1 X114.586 Y124.313 F7200
;TYPE:Perimeter
;WIDTH:0.4
G1 F4860
G1 X114.968 Y124.276 E2.38017
G1 X115.412 Y124.312 E2.3934
G1 X115.817 Y124.435 E2.40597
G1 X116.185 Y124.631 E2.41835
G1 X116.508 Y124.896 E2.43075
G1 X116.773 Y125.219 E2.44315
G1 X116.969 Y125.587 E2.45553
G1 X117.091 Y125.987 E2.46795
G1 X117.132 Y126.403 E2.48036
G1 X117.091 Y126.818 E2.49274
G1 X116.969 Y127.218 E2.50516
G1 X116.773 Y127.586 E2.51754
G1 X116.508 Y127.909 E2.52994
G1 X116.185 Y128.174 E2.54234
G1 X115.817 Y128.371 E2.55473
G1 X115.417 Y128.492 E2.56714
G1 X115.001 Y128.533 E2.57955
G1 X114.586 Y128.492 E2.59193
G1 X114.186 Y128.371 E2.60434
G1 X113.818 Y128.174 E2.61673
G1 X113.495 Y127.909 E2.62913
G1 X113.23 Y127.586 E2.64153
G1 X113.034 Y127.218 E2.65391
G1 X112.912 Y126.818 E2.66633
G1 X112.871 Y126.403 E2.67871
G1 X112.912 Y125.987 E2.69112
G1 X113.034 Y125.587 E2.70354
G1 X113.23 Y125.219 E2.71592
G1 X113.495 Y124.896 E2.72832
G1 X113.818 Y124.631 E2.74072
G1 X114.186 Y124.435 E2.7531
G1 X114.529 Y124.331 E2.76374
G1 X114.516 Y123.961 F7200
G1 F4860
G1 X114.965 Y123.917 E2.77714
G1 X115.479 Y123.959 E2.79245
G1 X115.954 Y124.103 E2.80719
G1 X116.384 Y124.333 E2.82167
G1 X116.761 Y124.643 E2.83616
G1 X117.071 Y125.02 E2.85065
G1 X117.301 Y125.45 E2.86513
G1 X117.443 Y125.917 E2.87962
G1 X117.49 Y126.403 E2.89412
G1 X117.443 Y126.888 E2.90859
G1 X117.301 Y127.355 E2.92308
G1 X117.071 Y127.785 E2.93756
G1 X116.761 Y128.162 E2.95205
G1 X116.384 Y128.472 E2.96654
G1 X115.954 Y128.702 E2.98102
G1 X115.487 Y128.844 E2.99551
G1 X115.001 Y128.891 E3.01001
G1 X114.516 Y128.844 E3.02448
G1 X114.049 Y128.702 E3.03897
G1 X113.619 Y128.472 E3.05345
G1 X113.242 Y128.162 E3.06794
G1 X112.932 Y127.785 E3.08243
G1 X112.702 Y127.355 E3.09691
G1 X112.56 Y126.888 E3.1114
G1 X112.513 Y126.403 E3.12587
G1 X112.56 Y125.917 E3.14037
G1 X112.702 Y125.45 E3.15486
G1 X112.932 Y125.02 E3.16934
G1 X113.242 Y124.643 E3.18383
G1 X113.619 Y124.333 E3.19832
G1 X114.049 Y124.103 E3.2128
G1 X114.459 Y123.979 E3.22552
G1 E1.82552 F4800
;WIPE_START
G1 F5760
G1 X114.516 Y123.961 E1.7782
G1 X114.965 Y123.917 E1.42104
G1 X115.211 Y123.937 E1.22552
;WIPE_END
G92 E0
G1 X82.861 Y111.288 F7200
G1 E2 F4800
;TYPE:Solid infill
;WIDTH:0.610898
G1 F9000
G1 X82.811 Y111.338 E2.00334
G1 X82.83 Y111.407 E2.00672
G1 X82.898 Y111.425 E2.01004
G1 X82.948 Y111.375 E2.01338
G1 X82.93 Y111.306 E2.01675
;WIDTH:0.499999
G1 X82.824 Y110.576 E2.04479
G1 X83.715 Y111.463 E2.09257
;WIDTH:0.460973
G1 X83.77 Y111.515 E2.0952
;WIDTH:0.421947
G1 X83.825 Y111.566 E2.09756
;WIDTH:0.38292
G1 X83.805 Y111.637 E2.09965
G1 X83.877 Y111.618 E2.10176
G1 X83.866 Y111.577 E2.10296
;WIDTH:0.499999
G1 X84.306 Y111.412 E2.12082
G1 X82.824 Y109.93 E2.20048
G1 X82.824 Y109.284 E2.22503
G1 X84.953 Y111.412 E2.33943
G1 X85.599 Y111.412 E2.36398
G1 X82.824 Y108.637 E2.51313
G1 X82.824 Y107.991 E2.53768
G1 X86.246 Y111.412 E2.72158
G1 X86.892 Y111.412 E2.74613
G1 X82.824 Y107.344 E2.96478
G1 X82.824 Y106.698 E2.98933
G1 X87.539 Y111.412 E3.24273
G1 X88.185 Y111.412 E3.26728
G1 X82.824 Y106.051 E3.55543
G1 X82.824 Y105.405 E3.57998
G1 X88.831 Y111.412 E3.90285
G1 X89.478 Y111.412 E3.92744
G1 X82.824 Y104.759 E4.28506
G1 X82.824 Y104.112 E4.30965
G1 X90.124 Y111.412 E4.70202
G1 X90.771 Y111.412 E4.72661
G1 X82.824 Y103.466 E5.15373
G1 X82.824 Y102.819 E5.17832
G1 X91.417 Y111.412 E5.64019
G1 X92.063 Y111.412 E5.66474
G1 X82.824 Y102.173 E6.16133
G1 X82.824 Y101.527 E6.18588
G1 X92.71 Y111.412 E6.71722
G1 X93.356 Y111.412 E6.74177
G1 X82.824 Y100.88 E7.30785
G1 X82.824 Y100.234 E7.3324
G1 X94.003 Y111.412 E7.93323
G1 X94.649 Y111.412 E7.95778
G1 X82.824 Y99.587 E8.59336
G1 X82.824 Y98.941 E8.61791
G1 X95.295 Y111.412 E9.28821
G1 X95.942 Y111.412 E9.3128
G1 X82.824 Y98.295 E10.01785
G1 X82.824 Y97.648 E10.04244
G1 X96.588 Y111.412 E10.78224
G1 X97.235 Y111.412 E10.80683
G1 X82.824 Y97.002 E11.58138
G1 X82.709 Y96.443 E11.60307
;WIDTH:0.38292
G1 X82.69 Y96.514 E11.60515
G1 X82.761 Y96.495 E11.60723
G1 X82.75 Y96.454 E11.60843
;WIDTH:0.421947
G1 X82.852 Y96.498 E11.61193
;WIDTH:0.460973
G1 X82.955 Y96.543 E11.61584
;WIDTH:0.499999
G1 X83.057 Y96.588 E11.62008
G1 X97.881 Y111.412 E12.41685
G1 X98.527 Y111.412 E12.4414
G1 X83.703 Y96.588 E13.23817
G1 X84.35 Y96.588 E13.26276
G1 X99.174 Y111.412 E14.05953
G1 X99.82 Y111.412 E14.08408
G1 X84.996 Y96.588 E14.88085
G1 X85.643 Y96.588 E14.90544
G1 X100.467 Y111.412 E15.70221
G1 X101.113 Y111.412 E15.72676
G1 X86.289 Y96.588 E16.52353
G1 E15.12353 F4800
;WIPE_START
G1 F5760
G1 X86.825 Y97.124 E14.52353
;WIPE_END
G92 E0
G1 X106.603 Y129.184 F7200
G1 E2 F4800
G1 F9000
G1 X109.04 Y131.621 E2.13099
G1 X109.144 Y131.688 E2.13569
;WIDTH:0.461376
G1 X109.248 Y131.754 E2.13998
;WIDTH:0.422752
G1 X109.352 Y131.821 E2.14389
;WIDTH:0.384128
G1 X109.333 Y131.892 E2.14598
G1 X109.405 Y131.873 E2.14809
G1 X109.394 Y131.832 E2.14929
G1 E.74929 F4800
;WIPE_START
G1 F5760
G1 X109.405 Y131.873 E.71568
G1 X109.333 Y131.892 E.65673
G1 X109.352 Y131.821 E.59854
G1 X109.248 Y131.754 E.5006
G1 X109.144 Y131.688 E.40309
G1 X109.04 Y131.621 E.30515
G1 X108.901 Y131.482 E.14929
;WIPE_END
G92 E0
G1 X110.766 Y132.588 F7200
G1 E2 F4800
;WIDTH:0.38413
G1 F9000
G1 X110.746 Y132.659 E2.00209
G1 X110.818 Y132.64 E2.0042
G1 X110.807 Y132.599 E2.0054
;WIDTH:0.422753
G1 X110.689 Y132.528 E2.00975
;WIDTH:0.461376
G1 X110.571 Y132.458 E2.01452
;WIDTH:0.499999
G1 X110.453 Y132.388 E2.01973
G1 X105.937 Y127.872 E2.26246
G1 X105.876 Y127.755 E2.26747
;WIDTH:0.460973
G1 X105.814 Y127.638 E2.27207
;WIDTH:0.421947
G1 X105.752 Y127.521 E2.27624
;WIDTH:0.38292
G1 X105.763 Y127.562 E2.27744
G1 X105.692 Y127.581 E2.27952
G1 X105.711 Y127.51 E2.2816
;WIDTH:0.499999
G1 X105.581 Y126.869 E2.30646
G1 X111.527 Y132.815 E2.62605
G1 X111.645 Y132.869 E2.63098
;WIDTH:0.460973
G1 X111.763 Y132.923 E2.63549
;WIDTH:0.421947
G1 X111.881 Y132.977 E2.63958
;WIDTH:0.38292
G1 X111.892 Y133.018 E2.64078
G1 X111.821 Y133.037 E2.64286
G1 X111.84 Y132.966 E2.64494
G1 E1.24494 F4800
;WIPE_START
G1 F5760
G1 X111.821 Y133.037 E1.18675
G1 X111.892 Y133.018 E1.12856
G1 X111.881 Y132.977 E1.09495
G1 X111.763 Y132.923 E.99222
G1 X111.645 Y132.869 E.88949
G1 X111.527 Y132.815 E.78676
G1 X111.4 Y132.688 E.64494
;WIPE_END
G92 E0
G1 X113.295 Y133.464 F7200
G1 E2 F4800
G1 F9000
G1 X112.649 Y133.339 E2.0186
;WIDTH:0.421947
G1 X112.588 Y133.262 E2.0217
;WIDTH:0.460973
G1 X112.528 Y133.185 E2.02509
;WIDTH:0.499999
G1 X105.37 Y126.011 E2.41026
G1 X105.158 Y125.153 E2.44385
G1 X113.29 Y133.285 E2.88094
G1 X114.01 Y133.358 E2.90844
G1 X104.947 Y124.296 E3.39554
G1 X104.735 Y123.438 E3.42913
G1 X114.73 Y133.432 E3.96632
G1 X115.371 Y133.427 E3.99068
G1 X104.524 Y122.58 E4.5737
G1 X104.313 Y121.722 E4.60728
G1 X115.956 Y133.366 E5.23311
G1 X116.541 Y133.304 E5.25547
G1 X104.101 Y120.864 E5.92411
G1 X103.89 Y120.006 E5.95769
G1 X117.123 Y133.239 E6.66895
G1 X117.969 Y133.135 E6.70135
;WIDTH:0.38292
G1 X117.98 Y133.176 E6.70255
G1 X117.908 Y133.195 E6.70466
G1 X117.927 Y133.124 E6.70674
;WIDTH:0.421947
G1 X117.823 Y133.111 E6.71004
;WIDTH:0.460973
G1 X117.719 Y133.098 E6.71368
;WIDTH:0.499999
G1 X117.615 Y133.086 E6.71766
G1 X103.678 Y119.148 E7.46679
G1 X103.467 Y118.291 E7.50033
G1 X112.257 Y127.081 E7.97278
G1 X112.318 Y127.175 E7.97704
;WIDTH:0.460973
G1 X112.379 Y127.269 E7.98094
;WIDTH:0.421947
G1 X112.44 Y127.363 E7.98447
;WIDTH:0.38292
G1 X112.421 Y127.435 E7.98658
G1 X112.492 Y127.415 E7.98867
G1 X112.481 Y127.374 E7.98987
G1 E6.58987 F4800
;WIPE_START
G1 F5760
G1 X112.492 Y127.415 E6.55626
G1 X112.421 Y127.435 E6.49786
G1 X112.44 Y127.363 E6.43891
G1 X112.379 Y127.269 E6.3502
G1 X112.318 Y127.175 E6.26149
G1 X112.257 Y127.081 E6.17278
G1 X112.094 Y126.918 E5.98987
;WIPE_END
G92 E0
G1 X112.17 Y126.348 F7200
G1 E2 F4800
;WIDTH:0.499999
G1 F9000
G1 X103.255 Y117.433 E2.47917
G1 X103.044 Y116.575 E2.51275
G1 X112.242 Y125.773 E3.00713
G1 X112.399 Y125.283 E3.02669
G1 X102.833 Y115.717 E3.54085
G1 X102.621 Y114.859 E3.57444
G1 X112.624 Y124.862 E4.11209
G1 X112.91 Y124.502 E4.12956
G1 X102.41 Y114.001 E4.69395
G1 X102.198 Y113.144 E4.7275
G1 X113.246 Y124.191 E5.32129
G1 X113.634 Y123.933 E5.339
G1 X101.987 Y112.286 E5.96501
G1 E4.56501 F4800
;WIPE_START
G1 F5760
G1 X102.523 Y112.822 E3.96501
;WIPE_END
G92 E0
G1 X105.358 Y126.69 F7200
G1 E2 F4800
;WIDTH:0.38292
G1 F9000
G1 X101.646 Y111.629 E2.43853
;WIDTH:0.421947
G1 X101.684 Y111.557 E2.4411
;WIDTH:0.460973
G1 X101.722 Y111.484 E2.44396
;WIDTH:0.499999
G1 X101.759 Y111.412 E2.44704
G1 X86.935 Y96.588 E3.24381
G1 E1.84381 F4800
;WIPE_START
G1 F5760
G1 X87.471 Y97.124 E1.24381
;WIPE_END
G92 E0
G1 X101.775 Y111.428 F7200
G1 E2 F4800
G1 F9000
G1 X114.08 Y123.732 E2.66135
G1 X114.599 Y123.606 E2.68165
G1 X87.582 Y96.588 E4.13381
G1 X88.228 Y96.588 E4.15836
G1 X115.232 Y123.592 E5.6098
G1 E4.2098 F4800
;WIPE_START
G1 F5760
G1 X114.696 Y123.056 E3.6098
;WIPE_END
G92 E0
G1 X117.479 Y125.459 F7200
G1 E2 F4800
;WIDTH:0.38292
G1 F9000
G1 X117.391 Y125.199 E2.00776
G1 X117.394 Y125.02 E2.01282
G1 X117.277 Y124.865 E2.01831
G1 X116.918 Y124.47 E2.0334
G1 X116.384 Y124.01 E2.05333
G1 X116.308 Y124.021 E2.0555
G1 X115.956 Y123.928 E2.06579
;WIDTH:0.421947
G1 X115.991 Y123.877 E2.06774
;WIDTH:0.460973
G1 X116.026 Y123.825 E2.06992
;WIDTH:0.499999
G1 X116.06 Y123.774 E2.07225
G1 X88.875 Y96.588 E3.53344
G1 E2.13344 F4800
;WIPE_START
G1 F5760
G1 X89.411 Y97.124 E1.53344
;WIPE_END
G92 E0
G1 X113.989 Y128.912 F7200
G1 E2 F4800
;WIDTH:0.38292
G1 F9000
G1 X113.97 Y128.983 E2.00208
G1 X114.041 Y128.964 E2.00416
G1 X114.03 Y128.923 E2.00536
;WIDTH:0.421947
G1 X114.127 Y128.997 E2.00921
;WIDTH:0.460973
G1 X114.225 Y129.072 E2.0135
;WIDTH:0.499999
G1 X114.323 Y129.147 E2.01819
G1 X118.108 Y132.932 E2.22163
G1 X118.601 Y132.778 E2.24126
G1 X115.056 Y129.234 E2.43177
G1 X115.631 Y129.162 E2.45379
G1 X119.093 Y132.624 E2.63987
G1 X119.521 Y132.406 E2.65813
G1 X116.121 Y129.005 E2.8409
G1 X116.542 Y128.78 E2.85904
G1 X119.94 Y132.179 E3.04171
G1 X120.359 Y131.951 E3.05984
G1 X116.902 Y128.494 E3.24565
G1 X117.213 Y128.158 E3.26305
G1 X120.778 Y131.724 E3.45469
G1 X121.17 Y131.469 E3.47246
G1 X117.471 Y127.77 E3.67128
G1 X117.672 Y127.324 E3.68987
G1 X121.521 Y131.173 E3.89675
G1 X121.871 Y130.877 E3.91417
G1 X117.798 Y126.805 E4.13306
G1 X117.816 Y126.176 E4.15698
G1 X122.222 Y130.582 E4.3938
G1 X122.573 Y130.286 E4.41125
G1 X117.63 Y125.344 E4.6769
G1 E3.2769 F4800
;WIPE_START
G1 F5760
G1 X118.166 Y125.88 E2.6769
;WIPE_END
G92 E0
G1 X122.851 Y129.918 F7200
G1 E2 F4800
G1 F9000
G1 X89.521 Y96.588 E3.79145
G1 X90.167 Y96.588 E3.816
G1 X123.129 Y129.55 E5.58767
G1 X123.407 Y129.181 E5.60523
G1 X90.814 Y96.588 E7.35707
G1 X91.46 Y96.588 E7.38162
G1 X123.685 Y128.813 E9.11368
G1 X123.874 Y128.355 E9.13251
G1 X92.107 Y96.588 E10.83995
G1 X92.753 Y96.588 E10.8645
G1 X124.061 Y127.896 E12.54727
G1 X124.248 Y127.437 E12.56611
G1 X93.399 Y96.588 E14.22421
G1 X94.046 Y96.588 E14.2488
G1 X124.407 Y126.949 E15.88067
G1 X124.535 Y126.431 E15.90095
G1 X94.692 Y96.588 E17.50498
G1 X95.339 Y96.588 E17.52957
G1 X124.663 Y125.912 E19.10571
G1 X124.791 Y125.394 E19.12599
G1 X95.985 Y96.588 E20.67428
G1 X96.631 Y96.588 E20.69883
G1 X124.919 Y124.875 E22.21925
G1 X125.046 Y124.357 E22.23952
G1 X97.278 Y96.588 E23.73205
G1 X97.924 Y96.588 E23.7566
G1 X125.174 Y123.838 E25.22126
G1 X125.302 Y123.319 E25.24158
G1 X98.571 Y96.588 E26.67834
G1 X99.217 Y96.588 E26.70289
G1 X125.43 Y122.801 E28.11181
G1 X125.558 Y122.282 E28.13213
G1 X99.863 Y96.588 E29.51318
G1 X100.51 Y96.588 E29.53777
G1 X125.686 Y121.764 E30.89095
G1 X125.813 Y121.245 E30.91126
G1 X101.156 Y96.588 E32.23655
G1 X101.803 Y96.588 E32.26114
G1 X125.941 Y120.726 E33.55853
G1 X126.069 Y120.208 E33.57881
G1 X102.449 Y96.588 E34.84836
G1 X103.096 Y96.588 E34.87295
G1 X126.197 Y119.689 E36.11461
G1 X126.325 Y119.171 E36.13489
G1 X103.742 Y96.588 E37.3487
G1 X104.388 Y96.588 E37.37325
G1 X126.452 Y118.652 E38.55917
G1 X126.58 Y118.133 E38.57949
G1 X105.035 Y96.588 E39.73751
G1 X105.681 Y96.588 E39.76206
G1 X126.708 Y117.615 E40.89224
G1 X126.836 Y117.096 E40.91256
G1 X106.328 Y96.588 E42.01484
G1 X106.974 Y96.588 E42.03939
G1 X126.964 Y116.578 E43.11383
G1 X127.092 Y116.059 E43.13415
G1 X107.62 Y96.588 E44.18072
G1 X108.267 Y96.588 E44.20531
G1 X127.219 Y115.54 E45.22396
G1 X127.347 Y115.022 E45.24424
G1 X108.913 Y96.588 E46.23505
G1 X109.56 Y96.588 E46.25964
G1 X127.475 Y114.503 E47.22255
G1 X127.603 Y113.985 E47.24283
G1 X110.206 Y96.588 E48.1779
G1 X110.852 Y96.588 E48.20245
G1 X127.731 Y113.466 E49.10965
G1 X127.858 Y112.948 E49.12992
G1 X111.499 Y96.588 E50.00923
G1 X112.145 Y96.588 E50.03378
G1 X127.986 Y112.429 E50.88522
G1 X128.114 Y111.91 E50.90554
G1 X112.792 Y96.588 E51.72908
G1 X113.438 Y96.588 E51.75363
G1 X128.321 Y111.463 E52.55336
;WIDTH:0.460973
G1 X128.379 Y111.515 E52.55607
;WIDTH:0.421947
G1 X128.438 Y111.566 E52.55853
;WIDTH:0.38292
G1 X128.419 Y111.637 E52.56061
G1 X128.49 Y111.618 E52.56269
G1 X128.479 Y111.577 E52.56389
;WIDTH:0.499999
G1 X128.909 Y111.412 E52.58139
G1 X114.084 Y96.588 E53.37819
G1 X114.731 Y96.588 E53.40278
G1 X129.555 Y111.412 E54.19955
G1 X130.201 Y111.412 E54.2241
G1 X115.377 Y96.588 E55.02087
G1 X116.024 Y96.588 E55.04546
G1 X130.848 Y111.412 E55.84223
G1 X131.494 Y111.412 E55.86678
G1 X116.67 Y96.588 E56.66355
G1 X117.316 Y96.588 E56.6881
G1 X132.141 Y111.412 E57.4849
G1 X132.787 Y111.412 E57.50945
G1 X117.963 Y96.588 E58.30622
G1 X118.609 Y96.588 E58.33077
G1 X133.433 Y111.412 E59.12754
G1 X134.08 Y111.412 E59.15213
G1 X119.256 Y96.588 E59.9489
G1 X119.902 Y96.588 E59.97345
G1 X134.726 Y111.412 E60.77022
G1 X135.373 Y111.412 E60.79481
G1 X120.549 Y96.588 E61.59158
G1 X121.195 Y96.588 E61.61613
G1 X136.019 Y111.412 E62.4129
G1 X136.665 Y111.412 E62.43745
G1 X121.841 Y96.588 E63.23422
G1 X122.488 Y96.588 E63.25881
G1 X137.312 Y111.412 E64.05558
G1 X137.958 Y111.412 E64.08013
G1 X123.134 Y96.588 E64.8769
G1 X123.781 Y96.588 E64.90149
G1 X138.605 Y111.412 E65.69826
G1 X139.251 Y111.412 E65.72281
G1 X124.427 Y96.588 E66.51958
G1 X125.073 Y96.588 E66.54413
G1 X139.898 Y111.412 E67.34093
G1 X140.544 Y111.412 E67.36548
G1 X125.72 Y96.588 E68.16225
G1 X126.366 Y96.588 E68.1868
G1 X141.19 Y111.412 E68.98357
G1 X141.837 Y111.412 E69.00816
G1 X127.013 Y96.588 E69.80493
G1 X127.659 Y96.588 E69.82948
G1 X142.483 Y111.412 E70.62625
G1 X143.13 Y111.412 E70.65084
G1 X128.305 Y96.588 E71.44764
G1 X128.952 Y96.588 E71.47223
G1 X143.776 Y111.412 E72.269
G1 X144.422 Y111.412 E72.29355
G1 X129.598 Y96.588 E73.09032
G1 X130.245 Y96.588 E73.11491
G1 X145.069 Y111.412 E73.91168
G1 X145.715 Y111.412 E73.93623
G1 X130.891 Y96.588 E74.733
G1 X131.537 Y96.588 E74.75755
G1 X146.362 Y111.412 E75.55435
G1 X147.327 Y111.503 F7200
;WIDTH:0.38292
G1 F9000
G1 X147.338 Y111.545 E75.55558
G1 X147.267 Y111.564 E75.55766
G1 X147.286 Y111.492 E75.55977
;WIDTH:0.421947
G1 X147.193 Y111.466 E75.56281
;WIDTH:0.460973
G1 X147.101 Y111.439 E75.56614
;WIDTH:0.499999
G1 X147.008 Y111.412 E75.56982
G1 X132.184 Y96.588 E76.36659
G1 X132.83 Y96.588 E76.39114
G1 X147.176 Y110.933 E77.1622
G1 X147.176 Y110.287 E77.18675
G1 X133.477 Y96.588 E77.92306
G1 X134.123 Y96.588 E77.94761
G1 X147.176 Y109.641 E78.6492
G1 X147.176 Y108.994 E78.67379
G1 X134.769 Y96.588 E79.34063
G1 X135.416 Y96.588 E79.36522
G1 X147.176 Y108.348 E79.99731
G1 X147.176 Y107.701 E80.0219
G1 X136.062 Y96.588 E80.61924
G1 X136.709 Y96.588 E80.64383
G1 X147.176 Y107.055 E81.20642
G1 X147.176 Y106.408 E81.23101
G1 X137.355 Y96.588 E81.75885
G1 X138.002 Y96.588 E81.78344
G1 X147.176 Y105.762 E82.27653
G1 X147.176 Y105.116 E82.30108
G1 X138.648 Y96.588 E82.75945
G1 X139.294 Y96.588 E82.784
G1 X147.176 Y104.469 E83.20762
G1 X147.176 Y103.823 E83.23217
G1 X139.941 Y96.588 E83.62104
G1 X140.587 Y96.588 E83.64559
G1 X147.176 Y103.176 E83.99972
G1 X147.176 Y102.53 E84.02427
G1 X141.234 Y96.588 E84.34365
G1 X141.88 Y96.588 E84.3682
G1 X147.176 Y101.884 E84.65285
G1 X147.176 Y101.237 E84.67744
G1 X142.526 Y96.588 E84.92735
G1 X143.173 Y96.588 E84.95194
G1 X147.176 Y100.591 E85.1671
G1 X147.176 Y99.944 E85.19169
G1 X143.819 Y96.588 E85.3721
G1 X144.466 Y96.588 E85.39669
G1 X147.176 Y99.298 E85.54235
G1 X147.36 Y98.786 E85.56303
;WIDTH:0.38292
G1 X147.341 Y98.857 E85.56511
G1 X147.412 Y98.838 E85.56719
G1 X147.401 Y98.797 E85.56839
;WIDTH:0.421947
G1 X147.326 Y98.749 E85.5712
;WIDTH:0.460973
G1 X147.251 Y98.7 E85.57431
;WIDTH:0.499999
G1 X147.176 Y98.652 E85.57769
G1 X145.112 Y96.588 E85.68863
G1 X145.064 Y96.513 E85.69201
;WIDTH:0.460973
G1 X145.015 Y96.438 E85.69512
;WIDTH:0.421947
G1 X144.967 Y96.363 E85.69793
;WIDTH:0.38292
G1 X144.978 Y96.404 E85.69913
G1 X144.906 Y96.423 E85.70124
G1 X144.926 Y96.352 E85.70333
;WIDTH:0.499999
G1 X145.758 Y96.588 E85.7362
G1 X147.176 Y96.588 E85.79009
G1 X147.176 Y98.005 E85.84394
G1 X145.92 Y96.75 E85.91142
;LAYER_CHANGE
;Z:0.88
;HEIGHT:0.2
; BEFORE_LAYER_CHANGE 3 @ 0.88mm
G1 E84.51142 F4800
;WIPE_START
G1 F5760
G1 X146.456 Y97.286 E83.91142
;WIPE_END
G92 E0
G1 Z.88 F7200
; AFTER_LAYER_CHANGE 3 @ 0.88mm
G1 X100.943 Y112.585
G1 E2 F4800
;TYPE:External perimeter
;WIDTH:0.45
G1 X100.934 Y112.549 E2.00126
G1 X81.739 Y112.549 E2.65099
G1 X81.739 Y95.451 E3.22974
G1 X138.862 Y95.451 E5.16329
G1 X148.261 Y95.451 E5.48143
G1 X148.261 Y112.549 E6.06018
G1 X129.074 Y112.549 E6.70964
G1 X125.382 Y127.531 E7.23193
G1 X124.641 Y129.347 E7.29832
G1 X123.369 Y131.034 E7.36984
G1 X121.642 Y132.49 E7.4463
G1 X119.578 Y133.61 E7.52579
G1 X117.322 Y134.314 E7.60578
G1 X115.031 Y134.554 E7.68375
G1 X112.686 Y134.314 E7.76354
G1 X110.43 Y133.61 E7.84353
G1 X108.366 Y132.49 E7.92302
G1 X106.639 Y131.034 E7.99948
G1 X105.367 Y129.347 E8.071
G1 X104.627 Y127.531 E8.13738
G1 X100.957 Y112.643 E8.65641
G1 X101.257 Y112.265 F7200
;TYPE:Perimeter
;WIDTH:0.4
G1 F9000
G1 X101.233 Y112.167 E8.65941
G1 X82.121 Y112.167 E9.22687
G1 X82.121 Y95.833 E9.71185
G1 X138.862 Y95.833 E11.39656
G1 X147.879 Y95.833 E11.66429
G1 X147.879 Y112.167 E12.14927
G1 X128.775 Y112.167 E12.71649
G1 X125.017 Y127.413 E13.18271
G1 X124.306 Y129.157 E13.23863
G1 X123.09 Y130.77 E13.29861
G1 X121.426 Y132.173 E13.36323
G1 X119.429 Y133.256 E13.43068
G1 X117.245 Y133.938 E13.49861
G1 X115.03 Y134.17 E13.56474
G1 X112.763 Y133.938 E13.6324
G1 X110.579 Y133.256 E13.70033
G1 X108.583 Y132.173 E13.76776
G1 X106.918 Y130.77 E13.83241
G1 X105.702 Y129.157 E13.89239
G1 X104.991 Y127.413 E13.94831
G1 X101.272 Y112.323 E14.40976
G1 X101.551 Y111.966 F7200
G1 F9000
G1 X101.513 Y111.809 E14.41456
G1 X82.478 Y111.809 E14.97973
G1 X82.478 Y96.191 E15.44345
G1 X138.862 Y96.191 E17.11756
G1 X147.522 Y96.191 E17.37469
G1 X147.522 Y111.809 E17.83841
G1 X128.495 Y111.809 E18.40335
G1 X124.677 Y127.302 E18.87712
G1 X123.993 Y128.979 E18.93089
G1 X122.829 Y130.523 E18.9883
G1 X121.223 Y131.876 E19.05065
G1 X119.289 Y132.926 E19.11599
G1 X117.172 Y133.586 E19.18183
G1 X115.03 Y133.811 E19.24578
G1 X112.835 Y133.586 E19.31129
G1 X110.719 Y132.926 E19.3771
G1 X108.785 Y131.876 E19.44244
G1 X107.179 Y130.523 E19.50479
G1 X106.015 Y128.979 E19.5622
G1 X105.331 Y127.302 E19.61597
G1 X101.566 Y112.024 E20.08316
G1 E18.68316 F4800
;WIPE_START
G1 F5760
G1 X101.551 Y111.966 E18.63573
G1 X101.513 Y111.809 E18.50785
G1 X100.977 Y111.809 E18.08316
;WIPE_END
G92 E0
G1 X114.661 Y124.69 F7200
G1 E2 F4800
;TYPE:External perimeter
;WIDTH:0.45
G1 F4860
G1 X114.961 Y124.66 E2.01021
G1 X115.339 Y124.689 E2.02304
G1 X115.67 Y124.789 E2.03474
G1 X115.972 Y124.951 E2.04634
G1 X116.236 Y125.168 E2.05791
G1 X116.453 Y125.432 E2.06948
G1 X116.615 Y125.734 E2.08108
G1 X116.714 Y126.062 E2.09268
G1 X116.748 Y126.403 E2.10428
G1 X116.714 Y126.743 E2.11585
G1 X116.615 Y127.071 E2.12745
G1 X116.453 Y127.373 E2.13905
G1 X116.236 Y127.637 E2.15062
G1 X115.972 Y127.854 E2.16219
G1 X115.67 Y128.016 E2.17379
G1 X115.342 Y128.115 E2.18539
G1 X115.001 Y128.149 E2.19699
G1 X114.661 Y128.115 E2.20856
G1 X114.333 Y128.016 E2.22016
G1 X114.031 Y127.854 E2.23176
G1 X113.767 Y127.637 E2.24333
G1 X113.55 Y127.373 E2.2549
G1 X113.388 Y127.071 E2.2665
G1 X113.289 Y126.743 E2.2781
G1 X113.255 Y126.403 E2.28967
G1 X113.289 Y126.062 E2.30127
G1 X113.388 Y125.734 E2.31287
G1 X113.55 Y125.432 E2.32447
G1 X113.767 Y125.168 E2.33604
G1 X114.031 Y124.951 E2.34761
G1 X114.333 Y124.789 E2.35921
G1 X114.603 Y124.707 E2.36876
G1 X114.586 Y124.313 F7200
;TYPE:Perimeter
;WIDTH:0.4
G1 F4860
G1 X114.956 Y124.277 E2.3798
G1 X115.41 Y124.311 E2.39332
G1 X115.817 Y124.435 E2.40595
G1 X116.185 Y124.631 E2.41833
G1 X116.508 Y124.896 E2.43073
G1 X116.773 Y125.219 E2.44313
G1 X116.969 Y125.587 E2.45551
G1 X117.091 Y125.987 E2.46793
G1 X117.132 Y126.403 E2.48034
G1 X117.091 Y126.818 E2.49272
G1 X116.969 Y127.218 E2.50514
G1 X116.773 Y127.586 E2.51752
G1 X116.508 Y127.909 E2.52992
G1 X116.185 Y128.174 E2.54232
G1 X115.817 Y128.371 E2.55471
G1 X115.417 Y128.492 E2.56712
G1 X115.001 Y128.533 E2.57953
G1 X114.586 Y128.492 E2.59191
G1 X114.186 Y128.371 E2.60432
G1 X113.818 Y128.174 E2.61671
G1 X113.495 Y127.909 E2.62911
G1 X113.23 Y127.586 E2.64151
G1 X113.034 Y127.218 E2.65389
G1 X112.912 Y126.818 E2.66631
G1 X112.871 Y126.403 E2.67869
G1 X112.912 Y125.987 E2.6911
G1 X113.034 Y125.587 E2.70352
G1 X113.23 Y125.219 E2.7159
G1 X113.495 Y124.896 E2.7283
G1 X113.818 Y124.631 E2.7407
G1 X114.186 Y124.435 E2.75308
G1 X114.529 Y124.331 E2.76372
G1 X114.516 Y123.961 F7200
G1 F4860
G1 X114.952 Y123.918 E2.77673
G1 X115.476 Y123.958 E2.79233
G1 X115.954 Y124.103 E2.80716
G1 X116.384 Y124.333 E2.82164
G1 X116.761 Y124.643 E2.83613
G1 X117.071 Y125.02 E2.85062
G1 X117.301 Y125.45 E2.8651
G1 X117.443 Y125.917 E2.87959
G1 X117.49 Y126.403 E2.89409
G1 X117.443 Y126.888 E2.90856
G1 X117.301 Y127.355 E2.92305
G1 X117.071 Y127.785 E2.93753
G1 X116.761 Y128.162 E2.95202
G1 X116.384 Y128.472 E2.96651
G1 X115.954 Y128.702 E2.98099
G1 X115.487 Y128.844 E2.99548
G1 X115.001 Y128.891 E3.00998
G1 X114.516 Y128.844 E3.02445
G1 X114.049 Y128.702 E3.03894
G1 X113.619 Y128.472 E3.05342
G1 X113.242 Y128.162 E3.06791
G1 X112.932 Y127.785 E3.0824
G1 X112.702 Y127.355 E3.09688
G1 X112.56 Y126.888 E3.11137
G1 X112.513 Y126.403 E3.12584
G1 X112.56 Y125.917 E3.14034
G1 X112.702 Y125.45 E3.15483
G1 X112.932 Y125.02 E3.16931
G1 X113.242 Y124.643 E3.1838
G1 X113.619 Y124.333 E3.19829
G1 X114.049 Y124.103 E3.21277
G1 X114.459 Y123.979 E3.22549
G1 E1.82549 F4800
;WIPE_START
G1 F5760
G1 X114.516 Y123.961 E1.77817
G1 X114.952 Y123.918 E1.43133
G1 X115.211 Y123.938 E1.22549
;WIPE_END
G92 E0
G1 X117.612 Y125.37 F7200
G1 E2 F4800
;TYPE:Internal infill
;WIDTH:0.45
G1 F9000
G1 X117.339 Y124.841 E2.02015
G1 X116.99 Y124.415 E2.03879
G1 X116.563 Y124.065 E2.05748
G1 X116.077 Y123.805 E2.07614
G1 X115.536 Y123.641 E2.09528
G1 X114.949 Y123.596 E2.11521
G1 X114.453 Y123.645 E2.13208
G1 X113.926 Y123.805 E2.15072
G1 X113.653 Y123.951 E2.1612
G1 X113.343 Y122.792 E2.20181
G1 X115.725 Y120.41 E2.31584
G1 X118.298 Y121.1 E2.40601
G1 X120.68 Y118.718 E2.52004
G1 X119.991 Y116.145 E2.6102
G1 X122.373 Y113.763 E2.72423
G1 X124.945 Y114.452 E2.81436
G1 X127.328 Y112.07 E2.92841
G1 X126.638 Y109.497 E3.01858
G1 X129.02 Y107.115 E3.13261
G1 X131.593 Y107.805 E3.22278
G1 X133.975 Y105.423 E3.33681
G1 X133.286 Y102.85 E3.42697
G1 X135.668 Y100.468 E3.541
G1 X138.241 Y101.157 E3.63116
G1 X140.623 Y98.775 E3.74519
G1 X140.016 Y96.512 E3.8245
G1 X145.432 Y96.512 E4.00783
G1 E2.60783 F4800
;WIPE_START
G1 F5760
G1 X144.674 Y96.512 E2.00783
;WIPE_END
G92 E0
G1 X147.201 Y98.142 F7200
G1 E2 F4800
G1 F9000
G1 X147.201 Y103.558 E2.18333
G1 X144.748 Y102.901 E2.26929
G1 X142.366 Y105.283 E2.38332
G1 X143.056 Y107.856 E2.47349
G1 X140.674 Y110.238 E2.58752
G1 X138.101 Y109.548 E2.67769
G1 X136.161 Y111.488 E2.77056
G1 X135.585 Y111.488 E2.79006
G1 X137.813 Y109.261 E2.89669
G1 X137.124 Y106.688 E2.98685
G1 X139.506 Y104.306 E3.10088
G1 X142.079 Y104.995 E3.19104
G1 X144.461 Y102.613 E3.30507
G1 X143.771 Y100.04 E3.39524
G1 X146.153 Y97.658 E3.50927
G1 X147.201 Y97.939 E3.546
G1 X147.201 Y96.512 E3.5943
G1 X145.635 Y96.512 E3.64731
G1 X145.865 Y97.37 E3.67738
G1 X143.483 Y99.752 E3.79141
G1 X140.91 Y99.063 E3.88157
G1 X138.528 Y101.445 E3.9956
G1 X139.218 Y104.018 E4.08577
G1 X136.836 Y106.4 E4.1998
G1 X134.263 Y105.71 E4.28997
G1 X131.881 Y108.092 E4.404
G1 X132.57 Y110.665 E4.49416
G1 X131.747 Y111.488 E4.53356
G1 X132.323 Y111.488 E4.55306
G1 X132.858 Y110.953 E4.57867
G1 X134.856 Y111.488 E4.64868
G1 X135.382 Y111.488 E4.66648
G1 X136.364 Y111.488 F7200
G1 F9000
G1 X141.22 Y111.488 E4.83085
G1 X140.962 Y110.526 E4.86456
G1 X143.344 Y108.144 E4.97859
G1 X145.917 Y108.833 E5.06875
G1 X147.201 Y107.549 E5.13021
G1 X147.201 Y108.125 E5.14971
G1 X146.204 Y109.121 E5.19741
G1 X146.839 Y111.488 E5.28036
G1 X141.423 Y111.488 E5.46369
G1 E4.06369 F4800
;WIPE_START
G1 F5760
G1 X142.181 Y111.488 E3.46369
;WIPE_END
G92 E0
G1 X126.753 Y117.536 F7200
G1 E2 F4800
G1 F9000
G1 X128.004 Y112.462 E2.17689
G1 X127.615 Y112.358 E2.19052
G1 X125.233 Y114.74 E2.30455
G1 X125.923 Y117.313 E2.39472
G1 X123.541 Y119.695 E2.50875
G1 X120.968 Y119.006 E2.59891
G1 X118.586 Y121.388 E2.71294
G1 X119.275 Y123.961 E2.8031
G1 X117.671 Y125.565 E2.87988
G1 X117.777 Y126.035 E2.89619
G1 X119.563 Y124.248 E2.98171
G1 X122.136 Y124.938 E3.07188
G1 X124.518 Y122.556 E3.18591
G1 X123.829 Y119.983 E3.27607
G1 X126.211 Y117.601 E3.3901
G1 X126.705 Y117.733 E3.40741
G1 X125.405 Y123.004 E3.59117
G1 X124.806 Y122.844 E3.61216
G1 X122.424 Y125.226 E3.72619
G1 X123.113 Y127.798 E3.81632
G1 X120.731 Y130.181 E3.93037
G1 X118.158 Y129.491 E4.02054
G1 X115.776 Y131.873 E4.13457
G1 X116.177 Y133.368 E4.18696
G1 X117.107 Y133.27 E4.21861
G1 X119.164 Y132.628 E4.29155
G1 X121.041 Y131.61 E4.36383
G1 X121.273 Y131.415 E4.37409
G1 X121.019 Y130.468 E4.40728
G1 X123.401 Y128.086 E4.52131
G1 X123.95 Y128.234 E4.54056
G1 X124.371 Y127.203 E4.57826
G1 X125.357 Y123.202 E4.71774
G1 E3.31774 F4800
;WIPE_START
G1 F5760
G1 X125.176 Y123.938 E2.71774
;WIPE_END
G92 E0
G1 X112.532 Y127.717 F7200
G1 E2 F4800
G1 F9000
G1 X112.664 Y127.965 E2.00951
G1 X113.013 Y128.391 E2.02815
G1 X113.44 Y128.74 E2.04682
G1 X113.926 Y129 E2.06548
G1 X114.453 Y129.16 E2.08412
G1 X115.001 Y129.214 E2.10276
G1 X115.55 Y129.16 E2.12143
G1 X116.077 Y129 E2.14007
G1 X116.563 Y128.74 E2.15873
G1 X116.99 Y128.391 E2.1774
G1 X117.339 Y127.965 E2.19604
G1 X117.472 Y127.716 E2.2056
G1 X117.87 Y129.203 E2.2577
G1 X115.488 Y131.585 E2.37173
G1 X112.915 Y130.896 E2.46189
G1 X111.102 Y132.709 E2.54868
G1 X110.691 Y132.545 E2.56366
G1 X112.628 Y130.608 E2.65638
G1 X111.938 Y128.035 E2.74655
G1 X112.436 Y127.538 E2.77037
G1 X112.291 Y127.106 E2.78579
G1 X111.65 Y127.747 E2.81647
G1 X109.077 Y127.058 E2.90663
G1 X106.735 Y129.4 E3.01874
G1 X106.488 Y129.072 E3.03264
G1 X108.79 Y126.77 E3.14284
G1 X108.1 Y124.197 E3.23301
G1 X110.482 Y121.815 E3.34704
G1 X113.055 Y122.505 E3.43721
G1 X115.437 Y120.123 E3.55124
G1 X114.748 Y117.55 E3.6414
G1 X117.13 Y115.168 E3.75543
G1 X119.703 Y115.857 E3.84559
G1 X122.085 Y113.475 E3.95962
G1 X121.395 Y110.902 E4.04979
G1 X123.777 Y108.52 E4.16382
G1 X126.35 Y109.209 E4.25398
G1 X128.732 Y106.827 E4.36801
G1 X128.043 Y104.255 E4.45814
G1 X130.425 Y101.872 E4.57219
G1 X132.998 Y102.562 E4.66236
G1 X135.38 Y100.18 E4.77639
G1 X134.69 Y97.607 E4.86656
G1 X135.786 Y96.512 E4.919
G1 X135.21 Y96.512 E4.9385
G1 X134.403 Y97.319 E4.97713
G1 X131.83 Y96.63 E5.06729
G1 X129.448 Y99.012 E5.18132
G1 X130.137 Y101.585 E5.27148
G1 X127.755 Y103.967 E5.38551
G1 X125.182 Y103.277 E5.47568
G1 X122.8 Y105.659 E5.58971
G1 X123.49 Y108.232 E5.67988
G1 X121.107 Y110.614 E5.79393
G1 X118.535 Y109.925 E5.88406
G1 X116.153 Y112.307 E5.99809
G1 X116.842 Y114.88 E6.08825
G1 X114.46 Y117.262 E6.20228
G1 X111.887 Y116.572 E6.29245
G1 X109.505 Y118.954 E6.40648
G1 X110.194 Y121.527 E6.49664
G1 X107.812 Y123.909 E6.61067
G1 X105.239 Y123.22 E6.70083
G1 X104.771 Y123.688 E6.72323
G1 X104.658 Y123.226 E6.73933
G1 X104.952 Y122.932 E6.7534
G1 X104.262 Y120.359 E6.84357
G1 X106.644 Y117.977 E6.9576
G1 X109.217 Y118.667 E7.04777
G1 X111.599 Y116.285 E7.1618
G1 X110.91 Y113.712 E7.25196
G1 X113.292 Y111.33 E7.36599
G1 X115.865 Y112.019 E7.45615
G1 X118.247 Y109.637 E7.57018
G1 X117.557 Y107.064 E7.66035
G1 X119.939 Y104.682 E7.77438
G1 X122.512 Y105.371 E7.86454
G1 X124.894 Y102.989 E7.97857
G1 X124.205 Y100.417 E8.0687
G1 X126.587 Y98.034 E8.18275
G1 X129.16 Y98.724 E8.27292
G1 X131.372 Y96.512 E8.37881
G1 X125.968 Y96.512 E8.56173
G1 X126.299 Y97.747 E8.60501
G1 X123.917 Y100.129 E8.71904
G1 X121.344 Y99.439 E8.80921
G1 X118.962 Y101.821 E8.92324
G1 X119.652 Y104.394 E9.01341
G1 X117.27 Y106.776 E9.12744
G1 X114.697 Y106.087 E9.2176
G1 X112.315 Y108.469 E9.33163
G1 X113.004 Y111.042 E9.42179
G1 X110.622 Y113.424 E9.53582
G1 X108.049 Y112.734 E9.62599
G1 X105.667 Y115.116 E9.74002
G1 X106.356 Y117.689 E9.83018
G1 X103.974 Y120.071 E9.94421
G1 X103.873 Y120.044 E9.94775
G1 X102.543 Y114.648 E10.13586
G1 E8.73586 F4800
;WIPE_START
G1 F5760
G1 X102.724 Y115.384 E8.13586
;WIPE_END
G92 E0
G1 X88.041 Y111.488 F7200
G1 E2 F4800
G1 F9000
G1 X93.367 Y111.488 E2.18028
G1 X93.438 Y111.418 E2.18365
G1 X92.748 Y108.845 E2.27382
G1 X95.13 Y106.463 E2.38785
G1 X97.703 Y107.153 E2.47802
G1 X100.085 Y104.771 E2.59205
G1 X99.396 Y102.198 E2.68221
G1 X101.778 Y99.816 E2.79624
G1 X104.351 Y100.505 E2.8864
G1 X106.733 Y98.123 E3.00043
G1 X106.301 Y96.512 E3.05689
G1 X111.92 Y96.512 E3.24709
G1 X111.976 Y96.718 E3.25432
G1 X109.594 Y99.1 E3.36835
G1 X107.021 Y98.411 E3.45851
G1 X104.639 Y100.793 E3.57254
G1 X105.328 Y103.366 E3.6627
G1 X102.946 Y105.748 E3.77673
G1 X100.373 Y105.058 E3.8669
G1 X97.991 Y107.441 E3.98095
G1 X98.68 Y110.013 E4.07108
G1 X97.205 Y111.488 E4.14169
G1 X97.781 Y111.488 E4.16119
G1 X98.968 Y110.301 E4.21801
G1 X101.541 Y110.991 E4.30818
G1 X103.923 Y108.609 E4.42221
G1 X103.234 Y106.036 E4.51237
G1 X105.616 Y103.654 E4.6264
G1 X108.189 Y104.343 E4.71656
G1 X110.571 Y101.961 E4.83059
G1 X109.881 Y99.388 E4.92076
G1 X112.263 Y97.006 E5.03479
G1 X114.836 Y97.696 E5.12496
G1 X116.02 Y96.512 E5.18164
G1 X116.596 Y96.512 E5.20114
G1 X115.124 Y97.983 E5.27158
G1 X115.814 Y100.556 E5.36175
G1 X113.432 Y102.938 E5.47578
G1 X110.859 Y102.249 E5.56594
G1 X108.477 Y104.631 E5.67997
G1 X109.166 Y107.204 E5.77013
G1 X106.784 Y109.586 E5.88416
G1 X104.211 Y108.896 E5.97433
G1 X101.829 Y111.278 E6.08836
G1 X102.518 Y113.851 E6.17852
G1 X102.381 Y113.989 E6.1851
G1 X102.495 Y114.451 E6.20121
G1 X102.806 Y114.139 E6.21612
G1 X105.379 Y114.829 E6.30629
G1 X107.761 Y112.447 E6.42032
G1 X107.072 Y109.874 E6.51048
G1 X109.454 Y107.492 E6.62451
G1 X112.027 Y108.181 E6.71467
G1 X114.409 Y105.799 E6.8287
G1 X113.719 Y103.226 E6.91887
G1 X116.101 Y100.844 E7.0329
G1 X118.674 Y101.533 E7.12306
G1 X121.056 Y99.151 E7.23709
G1 X120.367 Y96.579 E7.32722
G1 X120.434 Y96.512 E7.33043
G1 X125.765 Y96.512 E7.51088
G1 E6.11088 F4800
;WIPE_START
G1 F5760
G1 X125.007 Y96.512 E5.51088
;WIPE_END
G92 E0
G1 X97.61 Y96.512 F7200
G1 E2 F4800
G1 F9000
G1 X99.932 Y96.512 E2.0786
G1 X100.513 Y96.667 E2.09895
G1 X100.668 Y96.512 E2.10637
G1 X101.244 Y96.512 E2.12587
G1 X100.801 Y96.955 E2.14708
G1 X101.49 Y99.528 E2.23724
G1 X99.108 Y101.91 E2.35127
G1 X96.535 Y101.22 E2.44144
G1 X94.153 Y103.603 E2.55549
G1 X94.842 Y106.175 E2.64562
G1 X92.46 Y108.557 E2.75965
G1 X89.888 Y107.868 E2.84978
G1 X87.506 Y110.25 E2.96381
G1 X87.837 Y111.488 E3.00719
G1 X82.799 Y111.488 E3.17772
G1 X82.799 Y111.118 E3.19024
G1 X84.645 Y109.273 E3.27858
G1 X87.218 Y109.962 E3.36874
G1 X89.6 Y107.58 E3.48277
G1 X88.91 Y105.007 E3.57294
G1 X91.292 Y102.625 E3.68697
G1 X93.865 Y103.315 E3.77714
G1 X96.247 Y100.933 E3.89117
G1 X95.558 Y98.36 E3.98133
G1 X97.406 Y96.512 E4.06979
G1 X96.83 Y96.512 E4.08929
G1 X95.27 Y98.072 E4.16397
G1 X92.697 Y97.383 E4.25413
G1 X90.315 Y99.765 E4.36816
G1 X91.005 Y102.337 E4.4583
G1 X88.622 Y104.719 E4.57235
G1 X86.05 Y104.03 E4.66248
G1 X83.668 Y106.412 E4.77651
G1 X84.357 Y108.985 E4.86667
G1 X82.799 Y110.543 E4.94125
G1 X82.799 Y105.969 E5.09607
G1 X83.38 Y106.124 E5.11642
G1 X85.762 Y103.742 E5.23045
G1 X85.072 Y101.169 E5.32062
G1 X87.454 Y98.787 E5.43465
G1 X90.027 Y99.477 E5.52482
G1 X92.409 Y97.095 E5.63885
G1 X92.253 Y96.512 E5.65928
G1 X86.634 Y96.512 E5.84948
G1 X87.167 Y98.499 E5.91912
G1 X84.784 Y100.882 E6.03319
G1 X82.799 Y100.35 E6.10275
G1 X82.799 Y96.512 E6.23266
G1 X86.43 Y96.512 E6.35557
;LAYER_CHANGE
;Z:1.08
;HEIGHT:0.2
; BEFORE_LAYER_CHANGE 4 @ 1.08mm
G1 E4.95557 F4800
;WIPE_START
G1 F5760
G1 X85.672 Y96.512 E4.35557
;WIPE_END
G92 E0
G1 Z1.08 F7200
; AFTER_LAYER_CHANGE 4 @ 1.08mm
G1 X100.944 Y112.591
G1 E2 F4800
;TYPE:External perimeter
G1 X100.935 Y112.555 E2.00126
G1 X81.739 Y112.555 E2.65102
G1 X81.739 Y95.445 E3.23017
G1 X148.261 Y95.445 E5.48186
G1 X148.261 Y112.555 E6.06101
G1 X129.073 Y112.555 E6.7105
G1 X125.382 Y127.531 E7.23259
G1 X124.641 Y129.347 E7.29898
G1 X123.369 Y131.034 E7.3705
G1 X121.642 Y132.49 E7.44696
G1 X119.578 Y133.61 E7.52645
G1 X117.322 Y134.314 E7.60644
G1 X115.031 Y134.554 E7.68441
G1 X112.686 Y134.314 E7.7642
G1 X110.43 Y133.61 E7.84419
G1 X108.366 Y132.49 E7.92368
G1 X106.639 Y131.034 E8.00014
G1 X105.367 Y129.347 E8.07166
G1 X104.627 Y127.531 E8.13804
G1 X100.959 Y112.65 E8.65682
G1 X101.259 Y112.271 F7200
;TYPE:Perimeter
;WIDTH:0.4
G1 F9000
G1 X101.235 Y112.173 E8.65982
G1 X82.121 Y112.173 E9.22734
G1 X82.121 Y95.827 E9.71267
G1 X147.879 Y95.827 E11.66511
G1 X147.879 Y112.173 E12.15044
G1 X128.773 Y112.173 E12.71772
G1 X125.017 Y127.413 E13.18376
G1 X124.306 Y129.157 E13.23968
G1 X123.09 Y130.77 E13.29966
G1 X121.426 Y132.173 E13.36428
G1 X119.429 Y133.256 E13.43173
G1 X117.245 Y133.938 E13.49966
G1 X115.03 Y134.17 E13.56579
G1 X112.763 Y133.938 E13.63345
G1 X110.579 Y133.256 E13.70138
G1 X108.583 Y132.173 E13.76881
G1 X106.918 Y130.77 E13.83346
G1 X105.702 Y129.157 E13.89344
G1 X104.991 Y127.413 E13.94936
G1 X101.273 Y112.329 E14.41063
G1 X101.553 Y111.972 F7200
G1 F9000
G1 X101.515 Y111.816 E14.4154
G1 X82.478 Y111.816 E14.98063
G1 X82.478 Y96.184 E15.44476
G1 X147.522 Y96.184 E17.376
G1 X147.522 Y111.816 E17.84013
G1 X128.494 Y111.816 E18.4051
G1 X124.677 Y127.302 E18.87866
G1 X123.993 Y128.979 E18.93243
G1 X122.829 Y130.523 E18.98984
G1 X121.223 Y131.876 E19.05219
G1 X119.289 Y132.926 E19.11753
G1 X117.172 Y133.586 E19.18337
G1 X115.03 Y133.811 E19.24732
G1 X112.835 Y133.586 E19.31283
G1 X110.719 Y132.926 E19.37864
G1 X108.785 Y131.876 E19.44398
G1 X107.179 Y130.523 E19.50633
G1 X106.015 Y128.979 E19.56374
G1 X105.331 Y127.302 E19.61751
G1 X101.567 Y112.03 E20.08452
G1 E18.68452 F4800
;WIPE_START
G1 F5760
G1 X101.553 Y111.972 E18.63728
G1 X101.515 Y111.816 E18.51017
G1 X100.977 Y111.816 E18.08452
;WIPE_END
G92 E0
G1 X114.661 Y124.69 F7200
G1 E2 F4800
;TYPE:External perimeter
;WIDTH:0.45
G1 F4860
G1 X114.95 Y124.661 E2.00983
G1 X115.339 Y124.689 E2.02303
G1 X115.67 Y124.789 E2.03473
G1 X115.972 Y124.951 E2.04633
G1 X116.236 Y125.168 E2.0579
G1 X116.453 Y125.432 E2.06947
G1 X116.615 Y125.734 E2.08107
G1 X116.714 Y126.062 E2.09267
G1 X116.748 Y126.403 E2.10427
G1 X116.714 Y126.743 E2.11584
G1 X116.615 Y127.071 E2.12744
G1 X116.453 Y127.373 E2.13904
G1 X116.236 Y127.637 E2.15061
G1 X115.972 Y127.854 E2.16218
G1 X115.67 Y128.016 E2.17378
G1 X115.342 Y128.115 E2.18538
G1 X115.001 Y128.149 E2.19698
G1 X114.661 Y128.115 E2.20855
G1 X114.333 Y128.016 E2.22015
G1 X114.031 Y127.854 E2.23175
G1 X113.767 Y127.637 E2.24332
G1 X113.55 Y127.373 E2.25489
G1 X113.388 Y127.071 E2.26649
G1 X113.289 Y126.743 E2.27809
G1 X113.255 Y126.403 E2.28966
G1 X113.289 Y126.062 E2.30126
G1 X113.388 Y125.734 E2.31286
G1 X113.55 Y125.432 E2.32446
G1 X113.767 Y125.168 E2.33603
G1 X114.031 Y124.951 E2.3476
G1 X114.333 Y124.789 E2.3592
G1 X114.603 Y124.707 E2.36875
G1 X114.586 Y124.313 F7200
;TYPE:Perimeter
;WIDTH:0.4
G1 F4860
G1 X114.945 Y124.278 E2.37946
G1 X115.409 Y124.311 E2.39327
G1 X115.817 Y124.435 E2.40593
G1 X116.185 Y124.631 E2.41831
G1 X116.508 Y124.896 E2.43071
G1 X116.773 Y125.219 E2.44311
G1 X116.969 Y125.587 E2.45549
G1 X117.091 Y125.987 E2.46791
G1 X117.132 Y126.403 E2.48032
G1 X117.091 Y126.818 E2.4927
G1 X116.969 Y127.218 E2.50512
G1 X116.773 Y127.586 E2.5175
G1 X116.508 Y127.909 E2.5299
G1 X116.185 Y128.174 E2.5423
G1 X115.817 Y128.371 E2.55469
G1 X115.417 Y128.492 E2.5671
G1 X115.001 Y128.533 E2.57951
G1 X114.586 Y128.492 E2.59189
G1 X114.186 Y128.371 E2.6043
G1 X113.818 Y128.174 E2.61669
G1 X113.495 Y127.909 E2.62909
G1 X113.23 Y127.586 E2.64149
G1 X113.034 Y127.218 E2.65387
G1 X112.912 Y126.818 E2.66629
G1 X112.871 Y126.403 E2.67867
G1 X112.912 Y125.987 E2.69108
G1 X113.034 Y125.587 E2.7035
G1 X113.23 Y125.219 E2.71588
G1 X113.495 Y124.896 E2.72828
G1 X113.818 Y124.631 E2.74068
G1 X114.186 Y124.435 E2.75306
G1 X114.529 Y124.331 E2.7637
G1 X114.516 Y123.961 F7200
G1 F4860
G1 X114.94 Y123.92 E2.77635
G1 X115.474 Y123.957 E2.79224
G1 X115.954 Y124.103 E2.80714
G1 X116.384 Y124.333 E2.82162
G1 X116.761 Y124.643 E2.83611
G1 X117.071 Y125.02 E2.8506
G1 X117.301 Y125.45 E2.86508
G1 X117.443 Y125.917 E2.87957
G1 X117.49 Y126.403 E2.89407
G1 X117.443 Y126.888 E2.90854
G1 X117.301 Y127.355 E2.92303
G1 X117.071 Y127.785 E2.93751
G1 X116.761 Y128.162 E2.952
G1 X116.384 Y128.472 E2.96649
G1 X115.954 Y128.702 E2.98097
G1 X115.487 Y128.844 E2.99546
G1 X115.001 Y128.891 E3.00996
G1 X114.516 Y128.844 E3.02443
G1 X114.049 Y128.702 E3.03892
G1 X113.619 Y128.472 E3.0534
G1 X113.242 Y128.162 E3.06789
G1 X112.932 Y127.785 E3.08238
G1 X112.702 Y127.355 E3.09686
G1 X112.56 Y126.888 E3.11135
G1 X112.513 Y126.403 E3.12582
G1 X112.56 Y125.917 E3.14032
G1 X112.702 Y125.45 E3.15481
G1 X112.932 Y125.02 E3.16929
G1 X113.242 Y124.643 E3.18378
G1 X113.619 Y124.333 E3.19827
G1 X114.049 Y124.103 E3.21275
G1 X114.459 Y123.979 E3.22547
G1 X114.025 Y123.775 F7200
;TYPE:Internal infill
;WIDTH:0.45
G1 F9000
G1 X114.453 Y123.645 E3.24061
G1 X114.936 Y123.598 E3.25704
G1 X115.533 Y123.64 E3.2773
G1 X116.077 Y123.805 E3.29654
G1 X116.563 Y124.065 E3.3152
G1 X116.99 Y124.415 E3.33389
G1 X117.339 Y124.841 E3.35253
G1 X117.599 Y125.327 E3.37119
G1 X117.738 Y125.785 E3.38739
G1 X119.17 Y124.354 E3.45592
G1 X118.298 Y121.1 E3.56995
G1 X115.725 Y120.41 E3.66012
G1 X114.853 Y117.156 E3.77415
G1 X116.737 Y115.273 E3.86431
G1 X115.865 Y112.019 E3.97834
G1 X113.292 Y111.33 E4.0685
G1 X112.42 Y108.076 E4.18253
G1 X114.303 Y106.192 E4.27269
G1 X113.432 Y102.938 E4.38671
G1 X110.859 Y102.249 E4.47687
G1 X109.987 Y98.995 E4.5909
G1 X111.87 Y97.111 E4.68106
G1 X111.708 Y96.505 E4.70229
G1 X112.129 Y96.505 E4.71654
G1 X112.263 Y97.006 E4.73409
G1 X114.836 Y97.696 E4.82426
G1 X115.708 Y100.949 E4.93826
G1 X113.825 Y102.833 E5.02842
G1 X114.697 Y106.087 E5.14245
G1 X117.27 Y106.776 E5.23261
G1 X118.141 Y110.03 E5.34663
G1 X116.258 Y111.914 E5.43679
G1 X117.13 Y115.168 E5.55082
G1 X119.703 Y115.857 E5.64098
G1 X120.575 Y119.111 E5.75501
G1 X118.691 Y120.994 E5.84517
G1 X119.563 Y124.248 E5.9592
G1 X122.136 Y124.938 E6.04937
G1 X123.008 Y128.192 E6.1634
G1 X121.124 Y130.075 E6.25356
G1 X121.444 Y131.27 E6.29543
G1 X121.101 Y131.56 E6.31063
G1 X120.731 Y130.181 E6.35896
G1 X118.158 Y129.491 E6.44913
G1 X117.61 Y127.444 E6.52086
G1 X117.331 Y127.975 E6.54116
G1 X117.765 Y129.596 E6.59796
G1 X115.882 Y131.48 E6.68812
G1 X116.382 Y133.346 E6.75351
G1 X115.972 Y133.389 E6.76746
G1 X115.488 Y131.585 E6.83068
G1 X112.915 Y130.896 E6.92084
G1 X112.044 Y127.642 E7.03486
G1 X112.358 Y127.327 E7.04991
G1 X112.664 Y127.965 E7.07386
G1 X113.013 Y128.391 E7.0925
G1 X113.44 Y128.74 E7.11117
G1 X113.926 Y129 E7.12983
G1 X114.453 Y129.16 E7.14847
G1 X115.001 Y129.214 E7.16711
G1 X115.55 Y129.16 E7.18578
G1 X116.077 Y129 E7.20442
G1 X116.563 Y128.74 E7.22308
G1 X116.99 Y128.391 E7.24175
G1 X117.201 Y128.132 E7.25306
G1 E5.85306 F4800
;WIPE_START
G1 F5760
G1 X116.99 Y128.391 E5.58859
G1 X116.662 Y128.659 E5.25306
;WIPE_END
G92 E0
G1 X106.475 Y129.056 F7200
G1 E2 F4800
G1 F9000
G1 X106.297 Y128.819 E2.01003
G1 X105.638 Y127.203 E2.0691
G1 X104.714 Y123.457 E2.1997
G1 X104.846 Y123.325 E2.20602
G1 X103.974 Y120.071 E2.32005
G1 X103.873 Y120.044 E2.32359
G1 X101.83 Y111.752 E2.61266
G1 E1.21266 F4800
;WIPE_START
G1 F5760
G1 X102.011 Y112.488 E.61266
;WIPE_END
G92 E0
G1 X87.425 Y111.495 F7200
G1 E2 F4800
G1 F9000
G1 X82.799 Y111.495 E2.15658
G1 X82.799 Y110.83 E2.17909
G1 X84.252 Y109.378 E2.24862
G1 X83.38 Y106.124 E2.36265
G1 X82.799 Y105.969 E2.383
G1 X82.799 Y100.35 E2.5732
G1 X84.784 Y100.882 E2.64276
G1 X85.656 Y104.135 E2.75676
G1 X83.773 Y106.019 E2.84692
G1 X84.645 Y109.273 E2.96095
G1 X87.218 Y109.962 E3.05111
G1 X87.628 Y111.495 E3.10482
G1 X88.05 Y111.495 E3.1191
G1 X87.611 Y109.857 E3.1765
G1 X89.494 Y107.973 E3.26666
G1 X88.622 Y104.72 E3.38066
G1 X86.05 Y104.03 E3.4708
G1 X85.178 Y100.776 E3.58483
G1 X87.061 Y98.893 E3.67497
G1 X86.421 Y96.505 E3.75865
G1 X86.843 Y96.505 E3.77293
G1 X87.454 Y98.787 E3.85289
G1 X90.027 Y99.477 E3.94306
G1 X90.899 Y102.731 E4.05709
G1 X89.016 Y104.614 E4.14723
G1 X89.888 Y107.868 E4.26126
G1 X92.46 Y108.557 E4.35139
G1 X93.247 Y111.495 E4.45434
G1 X93.669 Y111.495 E4.46862
G1 X92.854 Y108.452 E4.57525
G1 X94.737 Y106.569 E4.66539
G1 X93.865 Y103.315 E4.77942
G1 X91.292 Y102.625 E4.86959
G1 X90.42 Y99.371 E4.98362
G1 X92.304 Y97.488 E5.07378
G1 X92.041 Y96.505 E5.10822
G1 X92.462 Y96.505 E5.12247
G1 X92.697 Y97.383 E5.15324
G1 X95.27 Y98.072 E5.2434
G1 X96.142 Y101.326 E5.35743
G1 X94.258 Y103.209 E5.44759
G1 X95.13 Y106.463 E5.56162
G1 X97.703 Y107.153 E5.65179
G1 X98.575 Y110.407 E5.76582
G1 X97.487 Y111.495 E5.8179
G1 X101.676 Y111.495 E5.95969
G1 X101.541 Y110.991 E5.97735
G1 X98.968 Y110.301 E6.06752
G1 X98.096 Y107.047 E6.18155
G1 X99.98 Y105.164 E6.27171
G1 X99.108 Y101.91 E6.38574
G1 X96.535 Y101.221 E6.4759
G1 X95.663 Y97.967 E6.58993
G1 X97.125 Y96.505 E6.65992
G1 X99.908 Y96.505 E6.75412
G1 X100.513 Y96.667 E6.77532
G1 X101.385 Y99.921 E6.88935
G1 X99.501 Y101.805 E6.97954
G1 X100.373 Y105.058 E7.09354
G1 X102.946 Y105.748 E7.18371
G1 X103.818 Y109.002 E7.29774
G1 X101.934 Y110.885 E7.3879
G1 X102.806 Y114.139 E7.50193
G1 X105.379 Y114.829 E7.5921
G1 X106.251 Y118.083 E7.70613
G1 X104.368 Y119.966 E7.79627
G1 X105.239 Y123.22 E7.91029
G1 X107.812 Y123.909 E8.00045
G1 X108.684 Y127.163 E8.11448
G1 X106.801 Y129.047 E8.20464
G1 X106.984 Y129.731 E8.22861
G1 X107.414 Y130.3 E8.25275
G1 X108.967 Y131.61 E8.32152
G1 X110.883 Y132.64 E8.39515
G1 X112.522 Y131.001 E8.47361
G1 X111.65 Y127.747 E8.58764
G1 X109.077 Y127.058 E8.6778
G1 X108.206 Y123.804 E8.79182
G1 X110.089 Y121.921 E8.88196
G1 X109.217 Y118.667 E8.99599
G1 X106.644 Y117.977 E9.08616
G1 X105.772 Y114.723 E9.20019
G1 X107.656 Y112.84 E9.29035
G1 X106.784 Y109.586 E9.40438
G1 X104.211 Y108.896 E9.49455
G1 X103.339 Y105.643 E9.60855
G1 X105.223 Y103.759 E9.69874
G1 X104.351 Y100.505 E9.81277
G1 X101.778 Y99.816 E9.90293
G1 X100.906 Y96.562 E10.01696
G1 X100.963 Y96.505 E10.01969
G1 X106.089 Y96.505 E10.1932
G1 X106.627 Y98.516 E10.26366
G1 X104.744 Y100.4 E10.35382
G1 X105.616 Y103.654 E10.46785
G1 X108.189 Y104.343 E10.55801
G1 X109.061 Y107.597 E10.67204
G1 X107.177 Y109.48 E10.7622
G1 X108.049 Y112.734 E10.87623
G1 X110.622 Y113.424 E10.9664
G1 X111.494 Y116.678 E11.08043
G1 X109.61 Y118.561 E11.17059
G1 X110.482 Y121.815 E11.28462
G1 X113.055 Y122.505 E11.37479
G1 X113.469 Y124.049 E11.4289
G1 X113.838 Y123.852 E11.44306
G1 X113.448 Y122.399 E11.49398
G1 X115.332 Y120.516 E11.58414
G1 X114.46 Y117.262 E11.69817
G1 X111.887 Y116.572 E11.78834
G1 X111.015 Y113.318 E11.90237
G1 X112.899 Y111.435 E11.99253
G1 X112.027 Y108.181 E12.10656
G1 X109.454 Y107.492 E12.19672
G1 X108.582 Y104.238 E12.31075
G1 X110.465 Y102.354 E12.40091
G1 X109.594 Y99.1 E12.51493
G1 X107.021 Y98.411 E12.60509
G1 X106.51 Y96.505 E12.67188
G1 X111.504 Y96.505 E12.84092
G1 X112.333 Y96.505 F7200
G1 F9000
G1 X116.315 Y96.505 E12.97571
G1 X115.23 Y97.59 E13.02765
G1 X116.101 Y100.844 E13.14167
G1 X118.674 Y101.533 E13.23183
G1 X119.546 Y104.787 E13.34586
G1 X117.663 Y106.671 E13.43602
G1 X118.535 Y109.925 E13.55005
G1 X121.107 Y110.614 E13.64018
G1 X121.979 Y113.868 E13.75421
G1 X120.096 Y115.752 E13.84437
G1 X120.968 Y119.006 E13.9584
G1 X123.541 Y119.695 E14.04856
G1 X124.413 Y122.949 E14.16259
G1 X122.529 Y124.832 E14.25275
G1 X123.401 Y128.086 E14.36678
G1 X123.95 Y128.234 E14.38603
G1 X124.371 Y127.203 E14.42373
G1 X125.405 Y123.004 E14.57011
G1 X124.806 Y122.844 E14.5911
G1 X123.934 Y119.59 E14.70513
G1 X125.817 Y117.706 E14.79529
G1 X124.945 Y114.452 E14.90932
G1 X122.373 Y113.763 E14.99945
G1 X121.501 Y110.509 E15.11348
G1 X123.384 Y108.625 E15.20364
G1 X122.512 Y105.371 E15.31767
G1 X119.939 Y104.682 E15.40783
G1 X119.068 Y101.428 E15.52185
G1 X120.951 Y99.545 E15.61199
G1 X120.137 Y96.505 E15.71852
G1 X120.558 Y96.505 E15.73277
G1 X121.344 Y99.439 E15.83558
G1 X123.917 Y100.129 E15.92575
G1 X124.789 Y103.383 E16.03978
G1 X122.905 Y105.266 E16.12994
G1 X123.777 Y108.52 E16.24397
G1 X126.35 Y109.209 E16.33413
G1 X127.222 Y112.463 E16.44816
G1 X125.339 Y114.347 E16.53832
G1 X126.211 Y117.601 E16.65235
G1 X126.705 Y117.733 E16.66966
G1 X128.004 Y112.462 E16.85342
G1 X127.615 Y112.358 E16.86705
G1 X126.743 Y109.104 E16.98108
G1 X128.627 Y107.221 E17.07124
G1 X127.755 Y103.967 E17.18527
G1 X125.182 Y103.277 E17.27544
G1 X124.31 Y100.023 E17.38947
G1 X126.194 Y98.14 E17.47963
G1 X125.756 Y96.505 E17.53692
G1 X126.177 Y96.505 E17.55117
G1 X126.587 Y98.034 E17.60475
G1 X129.16 Y98.724 E17.69492
G1 X130.032 Y101.978 E17.80895
G1 X128.148 Y103.861 E17.89911
G1 X129.02 Y107.115 E18.01314
G1 X131.593 Y107.805 E18.10331
G1 X132.465 Y111.059 E18.21734
G1 X132.029 Y111.495 E18.23821
G1 X128.242 Y111.495 E18.3664
G1 X128.052 Y112.264 E18.39321
G1 E16.99321 F4800
;WIPE_START
G1 F5760
G1 X128.234 Y111.528 E16.39321
;WIPE_END
G92 E0
G1 X135.663 Y111.495 F7200
G1 E2 F4800
G1 F9000
G1 X134.879 Y111.495 E2.02654
G1 X132.858 Y110.953 E2.09737
G1 X131.986 Y107.699 E2.2114
G1 X133.87 Y105.816 E2.30156
G1 X132.998 Y102.562 E2.41559
G1 X130.425 Y101.872 E2.50576
G1 X129.553 Y98.619 E2.61976
G1 X131.437 Y96.735 E2.70995
G1 X131.375 Y96.505 E2.71801
G1 X131.796 Y96.505 E2.73226
G1 X131.83 Y96.63 E2.73664
G1 X134.403 Y97.319 E2.8268
G1 X135.275 Y100.573 E2.94083
G1 X133.391 Y102.457 E3.03102
G1 X134.263 Y105.71 E3.14502
G1 X136.836 Y106.4 E3.23519
G1 X137.708 Y109.654 E3.34922
G1 X135.867 Y111.495 E3.43735
G1 X140.807 Y111.495 E3.60456
G1 E2.20456 F4800
;WIPE_START
G1 F5760
G1 X140.049 Y111.495 E1.60456
;WIPE_END
G92 E0
G1 X147.201 Y103.354 F7200
G1 E2 F4800
G1 F9000
G1 X147.201 Y97.939 E2.18329
G1 X146.153 Y97.658 E2.22002
G1 X145.844 Y96.505 E2.26042
G1 X145.423 Y96.505 E2.27467
G1 X145.76 Y97.763 E2.31875
G1 X143.877 Y99.647 E2.40891
G1 X144.748 Y102.901 E2.52293
G1 X147.201 Y103.558 E2.60889
G1 X147.201 Y107.837 E2.75373
G1 X146.31 Y108.728 E2.79638
G1 X147.051 Y111.495 E2.89334
G1 X146.63 Y111.495 E2.90759
G1 X145.917 Y108.833 E3.00087
G1 X143.344 Y108.144 E3.09103
G1 X142.472 Y104.89 E3.20506
G1 X144.355 Y103.006 E3.29522
G1 X143.483 Y99.752 E3.40925
G1 X140.91 Y99.063 E3.49941
G1 X140.225 Y96.505 E3.58905
G1 X139.804 Y96.505 E3.6033
G1 X140.517 Y99.168 E3.69661
G1 X138.634 Y101.052 E3.78677
G1 X139.506 Y104.306 E3.9008
G1 X142.079 Y104.995 E3.99096
G1 X142.95 Y108.249 E4.10498
G1 X141.067 Y110.132 E4.19512
G1 X141.432 Y111.495 E4.24288
G1 X141.011 Y111.495 E4.25713
G1 X140.674 Y110.238 E4.30118
G1 X138.101 Y109.548 E4.39135
G1 X137.229 Y106.294 E4.50538
G1 X139.112 Y104.411 E4.59552
G1 X138.241 Y101.157 E4.70954
G1 X135.668 Y100.468 E4.7997
G1 X134.796 Y97.214 E4.91373
G1 X135.504 Y96.505 E4.94765
G1 X139.6 Y96.505 E5.08629
;LAYER_CHANGE
;Z:1.28
;HEIGHT:0.2
; BEFORE_LAYER_CHANGE 5 @ 1.28mm
G1 E3.68629 F4800
;WIPE_START
G1 F5760
G1 X138.842 Y96.505 E3.08629
;WIPE_END
G92 E0
G1 Z1.28 F7200
; AFTER_LAYER_CHANGE 5 @ 1.28mm
G1 X100.944 Y112.591
G1 E2 F4800
;TYPE:External perimeter
G1 X100.935 Y112.555 E2.00126
G1 X81.739 Y112.555 E2.65102
G1 X81.739 Y95.445 E3.23017
G1 X99.457 Y95.445 E3.8299
G1 X148.261 Y95.445 E5.48186
G1 X148.261 Y112.555 E6.06101
G1 X129.073 Y112.555 E6.7105
G1 X125.382 Y127.531 E7.23259
G1 X124.641 Y129.347 E7.29898
G1 X123.369 Y131.034 E7.3705
G1 X121.642 Y132.49 E7.44696
G1 X119.578 Y133.61 E7.52645
G1 X117.322 Y134.314 E7.60644
G1 X114.978 Y134.554 E7.6862
G1 X112.686 Y134.314 E7.76421
G1 X110.43 Y133.61 E7.8442
G1 X108.366 Y132.49 E7.92369
G1 X106.639 Y131.034 E8.00015
G1 X105.367 Y129.347 E8.07167
G1 X104.627 Y127.531 E8.13805
G1 X100.959 Y112.65 E8.65683
G1 X101.259 Y112.271 F7200
;TYPE:Perimeter
;WIDTH:0.4
G1 F9000
G1 X101.235 Y112.173 E8.65983
G1 X82.121 Y112.173 E9.22735
G1 X82.121 Y95.827 E9.71268
G1 X99.457 Y95.827 E10.22741
G1 X147.879 Y95.827 E11.66512
G1 X147.879 Y112.173 E12.15045
G1 X128.773 Y112.173 E12.71773
G1 X125.017 Y127.413 E13.18377
G1 X124.306 Y129.157 E13.23969
G1 X123.09 Y130.77 E13.29967
G1 X121.426 Y132.173 E13.36429
G1 X119.429 Y133.256 E13.43174
G1 X117.245 Y133.938 E13.49967
G1 X114.978 Y134.17 E13.56733
G1 X112.764 Y133.938 E13.63343
G1 X110.579 Y133.256 E13.70139
G1 X108.583 Y132.173 E13.76882
G1 X106.918 Y130.77 E13.83347
G1 X105.702 Y129.157 E13.89345
G1 X104.991 Y127.413 E13.94937
G1 X101.273 Y112.329 E14.41064
G1 X101.553 Y111.972 F7200
G1 F9000
G1 X101.515 Y111.816 E14.41541
G1 X82.478 Y111.816 E14.98064
G1 X82.478 Y96.184 E15.44477
G1 X99.457 Y96.184 E15.9489
G1 X147.522 Y96.184 E17.37601
G1 X147.522 Y111.816 E17.84014
G1 X128.494 Y111.816 E18.40511
G1 X124.677 Y127.302 E18.87867
G1 X123.993 Y128.979 E18.93244
G1 X122.829 Y130.523 E18.98985
G1 X121.223 Y131.876 E19.0522
G1 X119.289 Y132.926 E19.11754
G1 X117.173 Y133.586 E19.18335
G1 X114.978 Y133.811 E19.24886
G1 X112.836 Y133.586 E19.31281
G1 X110.719 Y132.926 E19.37865
G1 X108.785 Y131.876 E19.44399
G1 X107.179 Y130.523 E19.50634
G1 X106.015 Y128.979 E19.56375
G1 X105.331 Y127.302 E19.61752
G1 X101.567 Y112.03 E20.08453
G1 E18.68453 F4800
;WIPE_START
G1 F5760
G1 X101.553 Y111.972 E18.63729
G1 X101.515 Y111.816 E18.51018
G1 X100.977 Y111.816 E18.08453
;WIPE_END
G92 E0
G1 X114.661 Y124.69 F7200
G1 E2 F4800
;TYPE:External perimeter
;WIDTH:0.45
G1 F4860
G1 X114.94 Y124.662 E2.00949
G1 X115.338 Y124.689 E2.02299
G1 X115.67 Y124.789 E2.03473
G1 X115.972 Y124.951 E2.04633
G1 X116.236 Y125.168 E2.0579
G1 X116.453 Y125.432 E2.06947
G1 X116.615 Y125.734 E2.08107
G1 X116.714 Y126.062 E2.09267
G1 X116.748 Y126.403 E2.10427
G1 X116.714 Y126.743 E2.11584
G1 X116.615 Y127.071 E2.12744
G1 X116.453 Y127.373 E2.13904
G1 X116.236 Y127.637 E2.15061
G1 X115.972 Y127.854 E2.16218
G1 X115.67 Y128.016 E2.17378
G1 X115.342 Y128.115 E2.18538
G1 X115.001 Y128.149 E2.19698
G1 X114.661 Y128.115 E2.20855
G1 X114.333 Y128.016 E2.22015
G1 X114.031 Y127.854 E2.23175
G1 X113.767 Y127.637 E2.24332
G1 X113.55 Y127.373 E2.25489
G1 X113.388 Y127.071 E2.26649
G1 X113.289 Y126.743 E2.27809
G1 X113.255 Y126.403 E2.28966
G1 X113.289 Y126.062 E2.30126
G1 X113.388 Y125.734 E2.31286
G1 X113.55 Y125.432 E2.32446
G1 X113.767 Y125.168 E2.33603
G1 X114.031 Y124.951 E2.3476
G1 X114.333 Y124.789 E2.3592
G1 X114.603 Y124.707 E2.36875
G1 X114.586 Y124.313 F7200
;TYPE:Perimeter
;WIDTH:0.4
G1 F4860
G1 X114.934 Y124.279 E2.37913
G1 X115.407 Y124.31 E2.3932
G1 X115.817 Y124.435 E2.40593
G1 X116.185 Y124.631 E2.41831
G1 X116.508 Y124.896 E2.43071
G1 X116.773 Y125.219 E2.44311
G1 X116.969 Y125.587 E2.45549
G1 X117.091 Y125.987 E2.46791
G1 X117.132 Y126.403 E2.48032
G1 X117.091 Y126.818 E2.4927
G1 X116.969 Y127.218 E2.50512
G1 X116.773 Y127.586 E2.5175
G1 X116.508 Y127.909 E2.5299
G1 X116.185 Y128.174 E2.5423
G1 X115.817 Y128.371 E2.55469
G1 X115.417 Y128.492 E2.5671
G1 X115.001 Y128.533 E2.57951
G1 X114.586 Y128.492 E2.59189
G1 X114.186 Y128.371 E2.6043
G1 X113.818 Y128.174 E2.61669
G1 X113.495 Y127.909 E2.62909
G1 X113.23 Y127.586 E2.64149
G1 X113.034 Y127.218 E2.65387
G1 X112.912 Y126.818 E2.66629
G1 X112.871 Y126.403 E2.67867
G1 X112.912 Y125.987 E2.69108
G1 X113.034 Y125.587 E2.7035
G1 X113.23 Y125.219 E2.71588
G1 X113.495 Y124.896 E2.72828
G1 X113.818 Y124.631 E2.74068
G1 X114.186 Y124.435 E2.75306
G1 X114.529 Y124.331 E2.7637
G1 X114.516 Y123.961 F7200
G1 F4860
G1 X114.928 Y123.921 E2.77599
G1 X115.472 Y123.957 E2.79218
G1 X115.954 Y124.103 E2.80713
G1 X116.384 Y124.333 E2.82161
G1 X116.761 Y124.643 E2.8361
G1 X117.071 Y125.02 E2.85059
G1 X117.301 Y125.45 E2.86507
G1 X117.443 Y125.917 E2.87956
G1 X117.49 Y126.403 E2.89406
G1 X117.443 Y126.888 E2.90853
G1 X117.301 Y127.355 E2.92302
G1 X117.071 Y127.785 E2.9375
G1 X116.761 Y128.162 E2.95199
G1 X116.384 Y128.472 E2.96648
G1 X115.954 Y128.702 E2.98096
G1 X115.487 Y128.844 E2.99545
G1 X115.001 Y128.891 E3.00995
G1 X114.516 Y128.844 E3.02442
G1 X114.049 Y128.702 E3.03891
G1 X113.619 Y128.472 E3.05339
G1 X113.242 Y128.162 E3.06788
G1 X112.932 Y127.785 E3.08237
G1 X112.702 Y127.355 E3.09685
G1 X112.56 Y126.888 E3.11134
G1 X112.513 Y126.403 E3.12581
G1 X112.56 Y125.917 E3.14031
G1 X112.702 Y125.45 E3.1548
G1 X112.932 Y125.02 E3.16928
G1 X113.242 Y124.643 E3.18377
G1 X113.619 Y124.333 E3.19826
G1 X114.049 Y124.103 E3.21274
G1 X114.459 Y123.979 E3.22546
G1 X113.833 Y123.855 F7200
;TYPE:Internal infill
;WIDTH:0.45
G1 F9000
G1 X114.453 Y123.645 E3.24762
G1 X114.923 Y123.599 E3.2636
G1 X115.53 Y123.639 E3.28419
G1 X116.077 Y123.805 E3.30354
G1 X116.563 Y124.065 E3.3222
G1 X116.99 Y124.415 E3.34089
G1 X117.339 Y124.841 E3.35953
G1 X117.599 Y125.327 E3.37819
G1 X117.738 Y125.785 E3.39439
G1 X119.17 Y124.354 E3.46292
G1 X122.424 Y125.226 E3.57695
G1 X123.113 Y127.798 E3.66708
G1 X124.028 Y128.044 E3.69915
G1 X123.873 Y128.424 E3.71304
G1 X123.008 Y128.192 E3.74335
G1 X121.124 Y130.075 E3.83351
G1 X117.87 Y129.203 E3.94754
G1 X117.472 Y127.716 E3.99964
G1 X117.339 Y127.965 E4.0092
G1 X116.99 Y128.391 E4.02784
G1 X116.563 Y128.74 E4.04651
G1 X116.077 Y129 E4.06517
G1 X115.55 Y129.16 E4.08381
G1 X115.001 Y129.214 E4.10248
G1 X114.453 Y129.16 E4.12112
G1 X113.926 Y129 E4.13976
G1 X113.44 Y128.74 E4.15842
G1 X113.013 Y128.391 E4.17709
G1 X112.664 Y127.965 E4.19573
G1 X112.426 Y127.519 E4.21284
G1 E2.81284 F4800
;WIPE_START
G1 F5760
G1 X112.664 Y127.965 E2.41263
G1 X112.824 Y128.16 E2.21284
;WIPE_END
G92 E0
G1 X106.507 Y129.098 F7200
G1 E2 F4800
G1 F9000
G1 X107.414 Y130.3 E2.05097
G1 X108.967 Y131.61 E2.11974
G1 X110.883 Y132.64 E2.19337
G1 X112.522 Y131.001 E2.27183
G1 X115.776 Y131.873 E2.38586
G1 X116.176 Y133.365 E2.43815
G1 X117.108 Y133.27 E2.46986
G1 X119.164 Y132.628 E2.54277
G1 X121.041 Y131.61 E2.61505
G1 X121.273 Y131.415 E2.62531
G1 X121.019 Y130.468 E2.6585
G1 X117.765 Y129.596 E2.77253
G1 X115.882 Y131.48 E2.86269
G1 X112.628 Y130.608 E2.97672
G1 X111.938 Y128.035 E3.06689
G1 X108.684 Y127.163 E3.18092
G1 X106.801 Y129.047 E3.27108
G1 X106.384 Y128.935 E3.2857
G1 X105.638 Y127.203 E3.34953
G1 X104.714 Y123.457 E3.48013
G1 X104.846 Y123.325 E3.48645
G1 X108.1 Y124.197 E3.60048
G1 X108.79 Y126.77 E3.69065
G1 X112.044 Y127.642 E3.80468
G1 X112.358 Y127.327 E3.81973
G1 X112.244 Y126.951 E3.83303
G1 X112.19 Y126.403 E3.85167
G1 X112.244 Y125.854 E3.87034
G1 X112.404 Y125.327 E3.88898
G1 X112.664 Y124.841 E3.90764
G1 X113.013 Y124.415 E3.92628
G1 X113.653 Y123.951 E3.95304
G1 X113.343 Y122.792 E3.99365
G1 X110.089 Y121.921 E4.10767
G1 X108.206 Y123.804 E4.19781
G1 X104.952 Y122.932 E4.31184
G1 X104.262 Y120.359 E4.40201
G1 X103.929 Y120.27 E4.41368
G1 X103.818 Y119.819 E4.4294
G1 X104.368 Y119.966 E4.44867
G1 X106.251 Y118.083 E4.53881
G1 X109.505 Y118.954 E4.65283
G1 X110.194 Y121.527 E4.74299
G1 X113.448 Y122.399 E4.85702
G1 X115.332 Y120.516 E4.94718
G1 X118.586 Y121.388 E5.06121
G1 X119.275 Y123.961 E5.15137
G1 X122.529 Y124.832 E5.26539
G1 X124.413 Y122.949 E5.35555
G1 X125.357 Y123.202 E5.38863
G1 X125.454 Y122.807 E5.4024
G1 X124.518 Y122.556 E5.4352
G1 X123.829 Y119.983 E5.52536
G1 X120.575 Y119.111 E5.63939
G1 X118.691 Y120.994 E5.72955
G1 X115.437 Y120.123 E5.84357
G1 X114.748 Y117.55 E5.93373
G1 X111.494 Y116.678 E6.04776
G1 X109.61 Y118.561 E6.13792
G1 X106.356 Y117.689 E6.25195
G1 X105.667 Y115.116 E6.34211
G1 X102.446 Y114.253 E6.45498
G1 X103.769 Y119.621 E6.64212
G1 E5.24212 F4800
;WIPE_START
G1 F5760
G1 X103.588 Y118.885 E4.64212
;WIPE_END
G92 E0
G1 X101.378 Y111.495 F7200
G1 E2 F4800
G1 F9000
G1 X97.487 Y111.495 E2.13171
G1 X98.575 Y110.407 E2.18379
G1 X101.829 Y111.278 E2.29781
G1 X102.518 Y113.851 E2.38797
G1 X105.772 Y114.723 E2.502
G1 X107.656 Y112.84 E2.59216
G1 X110.91 Y113.712 E2.70619
G1 X111.599 Y116.285 E2.79635
G1 X114.853 Y117.156 E2.91037
G1 X116.737 Y115.273 E3.00053
G1 X119.991 Y116.145 E3.11456
G1 X120.68 Y118.718 E3.20472
G1 X123.934 Y119.59 E3.31875
G1 X125.817 Y117.706 E3.40891
G1 X126.656 Y117.931 E3.43831
G1 X126.753 Y117.536 E3.45208
G1 X125.923 Y117.313 E3.48117
G1 X125.233 Y114.74 E3.57134
G1 X121.979 Y113.868 E3.68537
G1 X120.096 Y115.752 E3.77553
G1 X116.842 Y114.88 E3.88956
G1 X116.153 Y112.307 E3.97972
G1 X112.899 Y111.435 E4.09375
G1 X111.015 Y113.318 E4.18391
G1 X107.761 Y112.447 E4.29793
G1 X107.072 Y109.874 E4.38809
G1 X103.818 Y109.002 E4.50212
G1 X101.934 Y110.885 E4.59228
G1 X98.68 Y110.013 E4.70631
G1 X97.991 Y107.441 E4.79644
G1 X94.737 Y106.569 E4.91047
G1 X92.854 Y108.452 E5.00061
G1 X89.6 Y107.58 E5.11464
G1 X88.91 Y105.007 E5.20481
G1 X85.656 Y104.135 E5.31884
G1 X83.773 Y106.019 E5.409
G1 X82.799 Y105.758 E5.44313
G1 X82.799 Y106.18 E5.45741
G1 X83.668 Y106.412 E5.48785
G1 X84.357 Y108.985 E5.57801
G1 X87.611 Y109.857 E5.69204
G1 X89.494 Y107.973 E5.7822
G1 X92.748 Y108.845 E5.89623
G1 X93.438 Y111.418 E5.9864
G1 X93.724 Y111.495 E5.99643
G1 X87.839 Y111.495 E6.19563
G1 X87.506 Y110.25 E6.23925
G1 X84.252 Y109.378 E6.35328
G1 X82.799 Y110.83 E6.42281
G1 X82.799 Y111.495 E6.44532
G1 X87.635 Y111.495 E6.60901
G1 E5.20901 F4800
;WIPE_START
G1 F5760
G1 X86.877 Y111.495 E4.60901
;WIPE_END
G92 E0
G1 X82.799 Y105.555 F7200
G1 E2 F4800
G1 F9000
G1 X82.799 Y100.56 E2.16907
G1 X85.072 Y101.169 E2.24872
G1 X85.762 Y103.742 E2.33889
G1 X89.016 Y104.614 E2.45292
G1 X90.899 Y102.731 E2.54306
G1 X94.153 Y103.603 E2.65709
G1 X94.842 Y106.175 E2.74722
G1 X98.096 Y107.047 E2.86125
G1 X99.98 Y105.164 E2.95141
G1 X103.234 Y106.036 E3.06544
G1 X103.923 Y108.609 E3.1556
G1 X107.177 Y109.48 E3.26962
G1 X109.061 Y107.597 E3.35978
G1 X112.315 Y108.469 E3.47381
G1 X113.004 Y111.042 E3.56397
G1 X116.258 Y111.914 E3.678
G1 X118.141 Y110.03 E3.76816
G1 X121.395 Y110.902 E3.88219
G1 X122.085 Y113.475 E3.97236
G1 X125.339 Y114.347 E4.08639
G1 X127.222 Y112.463 E4.17655
G1 X127.955 Y112.66 E4.20224
G1 X128.053 Y112.264 E4.21605
G1 X127.328 Y112.07 E4.24145
G1 X126.638 Y109.497 E4.33162
G1 X123.384 Y108.625 E4.44565
G1 X121.501 Y110.509 E4.53581
G1 X118.247 Y109.637 E4.64984
G1 X117.557 Y107.064 E4.74001
G1 X114.303 Y106.192 E4.85404
G1 X112.42 Y108.076 E4.9442
G1 X109.166 Y107.204 E5.05823
G1 X108.477 Y104.631 E5.14839
G1 X105.223 Y103.759 E5.26242
G1 X103.339 Y105.643 E5.35261
G1 X100.085 Y104.771 E5.46664
G1 X99.396 Y102.198 E5.5568
G1 X96.142 Y101.326 E5.67083
G1 X94.258 Y103.209 E5.76099
G1 X91.005 Y102.337 E5.87499
G1 X90.315 Y99.765 E5.96513
G1 X87.061 Y98.893 E6.07916
G1 X85.178 Y100.776 E6.1693
G1 X82.799 Y100.139 E6.25266
G1 X82.799 Y96.505 E6.37567
G1 X86.429 Y96.505 E6.49854
G1 E5.09854 F4800
;WIPE_START
G1 F5760
G1 X85.671 Y96.505 E4.49854
;WIPE_END
G92 E0
G1 X128.101 Y112.067 F7200
G1 E2 F4800
G1 F9000
G1 X128.242 Y111.495 E2.01994
G1 X132.029 Y111.495 E2.14813
G1 X132.465 Y111.059 E2.169
G1 X134.093 Y111.495 E2.22605
G1 X133.697 Y111.495 E2.23945
G1 E.83945 F4800
;WIPE_START
G1 F5760
G1 X134.093 Y111.495 E.52595
G1 X133.743 Y111.401 E.23945
;WIPE_END
G92 E0
G1 X146.637 Y111.495 F7200
G1 E2 F4800
G1 F9000
G1 X141.221 Y111.495 E2.18333
G1 X140.962 Y110.526 E2.21728
G1 X137.708 Y109.654 E2.33131
G1 X135.867 Y111.495 E2.41944
G1 X135.666 Y111.495 E2.42624
G1 X132.57 Y110.665 E2.53474
G1 X131.881 Y108.092 E2.6249
G1 X128.627 Y107.221 E2.73892
G1 X126.743 Y109.104 E2.82908
G1 X123.49 Y108.232 E2.94308
G1 X122.8 Y105.659 E3.03325
G1 X119.546 Y104.787 E3.14728
G1 X117.663 Y106.671 E3.23744
G1 X114.409 Y105.799 E3.35147
G1 X113.719 Y103.226 E3.44164
G1 X110.465 Y102.354 E3.55567
G1 X108.582 Y104.238 E3.64583
G1 X105.328 Y103.366 E3.75986
G1 X104.639 Y100.793 E3.85002
G1 X101.385 Y99.921 E3.96405
G1 X99.501 Y101.805 E4.05424
G1 X96.247 Y100.933 E4.16827
G1 X95.558 Y98.36 E4.25843
G1 X92.304 Y97.488 E4.37246
G1 X90.42 Y99.371 E4.46262
G1 X87.167 Y98.499 E4.57662
G1 X86.632 Y96.505 E4.6465
G1 X92.251 Y96.505 E4.8367
G1 X92.409 Y97.095 E4.85737
G1 X95.663 Y97.967 E4.9714
G1 X97.125 Y96.505 E5.04139
G1 X99.122 Y96.505 E5.10899
G1 X100.801 Y96.955 E5.16783
G1 X101.49 Y99.528 E5.25799
G1 X104.744 Y100.4 E5.37202
G1 X106.627 Y98.516 E5.46218
G1 X109.881 Y99.388 E5.57621
G1 X110.571 Y101.961 E5.66638
G1 X113.825 Y102.833 E5.78041
G1 X115.708 Y100.949 E5.87057
G1 X118.962 Y101.821 E5.9846
G1 X119.652 Y104.394 E6.07477
G1 X122.905 Y105.266 E6.18877
G1 X124.789 Y103.383 E6.27893
G1 X128.043 Y104.255 E6.39296
G1 X128.732 Y106.827 E6.48309
G1 X131.986 Y107.699 E6.59712
G1 X133.87 Y105.816 E6.68728
G1 X137.124 Y106.688 E6.80131
G1 X137.813 Y109.261 E6.89147
G1 X141.067 Y110.132 E7.00549
G1 X142.95 Y108.249 E7.09563
G1 X146.204 Y109.121 E7.20966
G1 X146.841 Y111.495 E7.29286
G1 X147.201 Y111.495 E7.30505
G1 X147.201 Y107.837 E7.42887
G1 X146.31 Y108.728 E7.47152
G1 X143.056 Y107.856 E7.58555
G1 X142.366 Y105.283 E7.67572
G1 X139.112 Y104.411 E7.78975
G1 X137.229 Y106.294 E7.87989
G1 X133.975 Y105.423 E7.99391
G1 X133.286 Y102.85 E8.08407
G1 X130.032 Y101.978 E8.1981
G1 X128.148 Y103.861 E8.28826
G1 X124.894 Y102.989 E8.40229
G1 X124.205 Y100.417 E8.49242
G1 X120.951 Y99.545 E8.60645
G1 X119.068 Y101.428 E8.69659
G1 X115.814 Y100.556 E8.81062
G1 X115.124 Y97.983 E8.90079
G1 X111.87 Y97.111 E9.01482
G1 X109.987 Y98.995 E9.10498
G1 X106.733 Y98.123 E9.21901
G1 X106.299 Y96.505 E9.27571
G1 X100.963 Y96.505 E9.45633
G1 X100.906 Y96.562 E9.45906
G1 X100.38 Y96.505 E9.47697
G1 E8.07697 F4800
;WIPE_START
G1 F5760
G1 X100.906 Y96.562 E7.65812
G1 X100.963 Y96.505 E7.5943
G1 X101.111 Y96.505 E7.47697
;WIPE_END
G92 E0
G1 X106.503 Y96.505 F7200
G1 E2 F4800
G1 F9000
G1 X111.919 Y96.505 E2.18333
G1 X111.976 Y96.718 E2.19079
G1 X115.23 Y97.59 E2.30482
G1 X116.315 Y96.505 E2.35676
G1 X120.093 Y96.505 E2.48464
G1 X120.367 Y96.579 E2.49425
G1 X121.056 Y99.151 E2.58438
G1 X124.31 Y100.023 E2.69841
G1 X126.194 Y98.14 E2.78857
G1 X129.448 Y99.012 E2.9026
G1 X130.137 Y101.585 E2.99276
G1 X133.391 Y102.457 E3.10679
G1 X135.275 Y100.573 E3.19698
G1 X138.528 Y101.445 E3.31098
G1 X139.218 Y104.018 E3.40115
G1 X142.472 Y104.89 E3.51518
G1 X144.355 Y103.006 E3.60534
G1 X147.201 Y103.769 E3.70508
G1 X147.201 Y103.347 E3.71936
G1 X144.461 Y102.613 E3.81538
G1 X143.771 Y100.04 E3.90555
G1 X140.517 Y99.168 E4.01958
G1 X138.634 Y101.052 E4.10974
G1 X135.38 Y100.18 E4.22377
G1 X134.69 Y97.607 E4.31394
G1 X131.437 Y96.735 E4.42794
G1 X129.553 Y98.619 E4.51813
G1 X126.299 Y97.747 E4.63216
G1 X125.966 Y96.505 E4.67569
G1 X120.297 Y96.505 E4.86758
G1 E3.46758 F4800
;WIPE_START
G1 F5760
G1 X121.055 Y96.505 E2.86758
;WIPE_END
G92 E0
G1 X132.548 Y96.505 F7200
G1 E2 F4800
G1 F9000
G1 X132.151 Y96.505 E2.01344
G1 X134.796 Y97.214 E2.10613
G1 X135.504 Y96.505 E2.14005
G1 X140.014 Y96.505 E2.29271
G1 X140.623 Y98.775 E2.37226
G1 X143.877 Y99.647 E2.48629
G1 X145.76 Y97.763 E2.57645
G1 X147.201 Y98.149 E2.62695
G1 X147.201 Y97.728 E2.6412
G1 X145.865 Y97.37 E2.68802
G1 X145.634 Y96.505 E2.71833
G1 X140.218 Y96.505 E2.90166
;LAYER_CHANGE
;Z:1.48
;HEIGHT:0.2
; BEFORE_LAYER_CHANGE 6 @ 1.48mm
G1 E1.50166 F4800
;WIPE_START
G1 F5760
G1 X140.976 Y96.505 E.90166
;WIPE_END
G92 E0
G1 Z1.48 F7200
; AFTER_LAYER_CHANGE 6 @ 1.48mm
G1 X100.944 Y112.591
G1 E2 F4800
;TYPE:External perimeter
G1 X100.935 Y112.555 E2.00126
G1 X81.739 Y112.555 E2.65102
G1 X81.739 Y95.445 E3.23017
G1 X109.171 Y95.445 E4.15871
G1 X148.261 Y95.445 E5.48186
G1 X148.261 Y112.555 E6.06101
G1 X129.073 Y112.555 E6.7105
G1 X125.382 Y127.531 E7.23259
G1 X124.641 Y129.347 E7.29898
G1 X123.369 Y131.034 E7.3705
G1 X121.642 Y132.49 E7.44696
G1 X119.578 Y133.61 E7.52645
G1 X117.322 Y134.314 E7.60644
G1 X114.978 Y134.554 E7.6862
G1 X112.686 Y134.314 E7.76421
G1 X110.43 Y133.61 E7.8442
G1 X108.366 Y132.49 E7.92369
G1 X106.639 Y131.034 E8.00015
G1 X105.367 Y129.347 E8.07167
G1 X104.627 Y127.531 E8.13805
G1 X100.959 Y112.65 E8.65683
G1 X101.259 Y112.271 F7200
;TYPE:Perimeter
;WIDTH:0.4
G1 F9000
G1 X101.235 Y112.173 E8.65983
G1 X82.121 Y112.173 E9.22735
G1 X82.121 Y95.827 E9.71268
G1 X109.171 Y95.827 E10.51583
G1 X147.879 Y95.827 E11.66512
G1 X147.879 Y112.173 E12.15045
G1 X128.773 Y112.173 E12.71773
G1 X125.017 Y127.413 E13.18377
G1 X124.306 Y129.157 E13.23969
G1 X123.09 Y130.77 E13.29967
G1 X121.426 Y132.173 E13.36429
G1 X119.429 Y133.256 E13.43174
G1 X117.245 Y133.938 E13.49967
G1 X114.978 Y134.17 E13.56733
G1 X112.764 Y133.938 E13.63343
G1 X110.579 Y133.256 E13.70139
G1 X108.583 Y132.173 E13.76882
G1 X106.918 Y130.77 E13.83347
G1 X105.702 Y129.157 E13.89345
G1 X104.991 Y127.413 E13.94937
G1 X101.273 Y112.329 E14.41064
G1 X101.553 Y111.972 F7200
G1 F9000
G1 X101.515 Y111.816 E14.41541
G1 X82.478 Y111.816 E14.98064
G1 X82.478 Y96.184 E15.44477
G1 X109.171 Y96.184 E16.23732
G1 X147.522 Y96.184 E17.37601
G1 X147.522 Y111.816 E17.84014
G1 X128.494 Y111.816 E18.40511
G1 X124.677 Y127.302 E18.87867
G1 X123.993 Y128.979 E18.93244
G1 X122.829 Y130.523 E18.98985
G1 X121.223 Y131.876 E19.0522
G1 X119.289 Y132.926 E19.11754
G1 X117.173 Y133.586 E19.18335
G1 X114.978 Y133.811 E19.24886
G1 X112.836 Y133.586 E19.31281
G1 X110.719 Y132.926 E19.37865
G1 X108.785 Y131.876 E19.44399
G1 X107.179 Y130.523 E19.50634
G1 X106.015 Y128.979 E19.56375
G1 X105.331 Y127.302 E19.61752
G1 X101.567 Y112.03 E20.08453
G1 E18.68453 F4800
;WIPE_START
G1 F5760
G1 X101.553 Y111.972 E18.63729
G1 X101.515 Y111.816 E18.51018
G1 X100.977 Y111.816 E18.08453
;WIPE_END
G92 E0
G1 X114.661 Y124.69 F7200
G1 E2 F4800
;TYPE:External perimeter
;WIDTH:0.45
G1 F4860
G1 X114.93 Y124.663 E2.00915
G1 X115.338 Y124.689 E2.02299
G1 X115.67 Y124.789 E2.03473
G1 X115.972 Y124.951 E2.04633
G1 X116.236 Y125.168 E2.0579
G1 X116.453 Y125.432 E2.06947
G1 X116.615 Y125.734 E2.08107
G1 X116.714 Y126.062 E2.09267
G1 X116.748 Y126.403 E2.10427
G1 X116.714 Y126.743 E2.11584
G1 X116.615 Y127.071 E2.12744
G1 X116.453 Y127.373 E2.13904
G1 X116.236 Y127.637 E2.15061
G1 X115.972 Y127.854 E2.16218
G1 X115.67 Y128.016 E2.17378
G1 X115.342 Y128.115 E2.18538
G1 X115.001 Y128.149 E2.19698
G1 X114.661 Y128.115 E2.20855
G1 X114.333 Y128.016 E2.22015
G1 X114.031 Y127.854 E2.23175
G1 X113.767 Y127.637 E2.24332
G1 X113.55 Y127.373 E2.25489
G1 X113.388 Y127.071 E2.26649
G1 X113.289 Y126.743 E2.27809
G1 X113.255 Y126.403 E2.28966
G1 X113.289 Y126.062 E2.30126
G1 X113.388 Y125.734 E2.31286
G1 X113.55 Y125.432 E2.32446
G1 X113.767 Y125.168 E2.33603
G1 X114.031 Y124.951 E2.3476
G1 X114.333 Y124.789 E2.3592
G1 X114.603 Y124.707 E2.36875
G1 X114.586 Y124.313 F7200
;TYPE:Perimeter
;WIDTH:0.4
G1 F4860
G1 X114.923 Y124.28 E2.3788
G1 X115.406 Y124.31 E2.39317
G1 X115.817 Y124.435 E2.40593
G1 X116.185 Y124.631 E2.41831
G1 X116.508 Y124.896 E2.43071
G1 X116.773 Y125.219 E2.44311
G1 X116.969 Y125.587 E2.45549
G1 X117.091 Y125.987 E2.46791
G1 X117.132 Y126.403 E2.48032
G1 X117.091 Y126.818 E2.4927
G1 X116.969 Y127.218 E2.50512
G1 X116.773 Y127.586 E2.5175
G1 X116.508 Y127.909 E2.5299
G1 X116.185 Y128.174 E2.5423
G1 X115.817 Y128.371 E2.55469
G1 X115.417 Y128.492 E2.5671
G1 X115.001 Y128.533 E2.57951
G1 X114.586 Y128.492 E2.59189
G1 X114.186 Y128.371 E2.6043
G1 X113.818 Y128.174 E2.61669
G1 X113.495 Y127.909 E2.62909
G1 X113.23 Y127.586 E2.64149
G1 X113.034 Y127.218 E2.65387
G1 X112.912 Y126.818 E2.66629
G1 X112.871 Y126.403 E2.67867
G1 X112.912 Y125.987 E2.69108
G1 X113.034 Y125.587 E2.7035
G1 X113.23 Y125.219 E2.71588
G1 X113.495 Y124.896 E2.72828
G1 X113.818 Y124.631 E2.74068
G1 X114.186 Y124.435 E2.75306
G1 X114.529 Y124.331 E2.7637
G1 X114.516 Y123.961 F7200
G1 F4860
G1 X114.916 Y123.922 E2.77563
G1 X115.47 Y123.956 E2.79211
G1 X115.954 Y124.103 E2.80713
G1 X116.384 Y124.333 E2.82161
G1 X116.761 Y124.643 E2.8361
G1 X117.071 Y125.02 E2.85059
G1 X117.301 Y125.45 E2.86507
G1 X117.443 Y125.917 E2.87956
G1 X117.49 Y126.403 E2.89406
G1 X117.443 Y126.888 E2.90853
G1 X117.301 Y127.355 E2.92302
G1 X117.071 Y127.785 E2.9375
G1 X116.761 Y128.162 E2.95199
G1 X116.384 Y128.472 E2.96648
G1 X115.954 Y128.702 E2.98096
G1 X115.487 Y128.844 E2.99545
G1 X115.001 Y128.891 E3.00995
G1 X114.516 Y128.844 E3.02442
G1 X114.049 Y128.702 E3.03891
G1 X113.619 Y128.472 E3.05339
G1 X113.242 Y128.162 E3.06788
G1 X112.932 Y127.785 E3.08237
G1 X112.702 Y127.355 E3.09685
G1 X112.56 Y126.888 E3.11134
G1 X112.513 Y126.403 E3.12581
G1 X112.56 Y125.917 E3.14031
G1 X112.702 Y125.45 E3.1548
G1 X112.932 Y125.02 E3.16928
G1 X113.242 Y124.643 E3.18377
G1 X113.619 Y124.333 E3.19826
G1 X114.049 Y124.103 E3.21274
G1 X114.459 Y123.979 E3.22546
G1 E1.82546 F4800
;WIPE_START
G1 F5760
G1 X114.516 Y123.961 E1.77814
G1 X114.916 Y123.922 E1.45997
G1 X115.211 Y123.94 E1.22546
;WIPE_END
G92 E0
G1 X117.612 Y125.37 F7200
G1 E2 F4800
;TYPE:Internal infill
;WIDTH:0.45
G1 F9000
G1 X117.339 Y124.841 E2.02015
G1 X116.99 Y124.415 E2.03879
G1 X116.563 Y124.065 E2.05748
G1 X116.077 Y123.805 E2.07614
G1 X115.527 Y123.638 E2.0956
G1 X114.91 Y123.6 E2.11652
G1 X114.453 Y123.645 E2.13206
G1 X113.926 Y123.805 E2.1507
G1 X113.653 Y123.951 E2.16118
G1 X113.343 Y122.792 E2.20179
G1 X115.725 Y120.41 E2.31582
G1 X118.298 Y121.1 E2.40599
G1 X120.68 Y118.718 E2.52002
G1 X119.991 Y116.145 E2.61018
G1 X122.373 Y113.763 E2.72421
G1 X124.945 Y114.452 E2.81434
G1 X127.328 Y112.07 E2.92839
G1 X126.638 Y109.497 E3.01856
G1 X129.02 Y107.115 E3.13259
G1 X131.593 Y107.805 E3.22276
G1 X133.975 Y105.423 E3.33679
G1 X133.286 Y102.85 E3.42695
G1 X135.668 Y100.468 E3.54098
G1 X138.241 Y101.157 E3.63114
G1 X140.623 Y98.775 E3.74517
G1 X140.014 Y96.505 E3.82472
G1 X145.43 Y96.505 E4.00805
G1 E2.60805 F4800
;WIPE_START
G1 F5760
G1 X144.672 Y96.505 E2.00805
;WIPE_END
G92 E0
G1 X147.201 Y98.142 F7200
G1 E2 F4800
G1 F9000
G1 X147.201 Y103.558 E2.18333
G1 X144.748 Y102.901 E2.26929
G1 X142.366 Y105.283 E2.38332
G1 X143.056 Y107.856 E2.47349
G1 X140.674 Y110.238 E2.58752
G1 X138.101 Y109.548 E2.67769
G1 X136.154 Y111.495 E2.77089
G1 X135.579 Y111.495 E2.79035
G1 X137.813 Y109.261 E2.89729
G1 X137.124 Y106.688 E2.98745
G1 X139.506 Y104.306 E3.10148
G1 X142.079 Y104.995 E3.19164
G1 X144.461 Y102.613 E3.30567
G1 X143.771 Y100.04 E3.39584
G1 X146.153 Y97.658 E3.50987
G1 X147.201 Y97.939 E3.5466
G1 X147.201 Y96.505 E3.59514
G1 X145.634 Y96.505 E3.64818
G1 X145.865 Y97.37 E3.67849
G1 X143.483 Y99.752 E3.79252
G1 X140.91 Y99.063 E3.88268
G1 X138.528 Y101.445 E3.99671
G1 X139.218 Y104.018 E4.08688
G1 X136.836 Y106.4 E4.20091
G1 X134.263 Y105.71 E4.29108
G1 X131.881 Y108.092 E4.40511
G1 X132.57 Y110.665 E4.49527
G1 X131.741 Y111.495 E4.53498
G1 X132.317 Y111.495 E4.55448
G1 X132.858 Y110.953 E4.5804
G1 X134.879 Y111.495 E4.65123
G1 X135.375 Y111.495 E4.66802
G1 X136.358 Y111.495 F7200
G1 F9000
G1 X141.221 Y111.495 E4.83263
G1 X140.962 Y110.526 E4.86658
G1 X143.344 Y108.144 E4.98061
G1 X145.917 Y108.833 E5.07077
G1 X147.201 Y107.549 E5.13223
G1 X147.201 Y108.125 E5.15173
G1 X146.204 Y109.121 E5.19943
G1 X146.841 Y111.495 E5.28263
G1 X141.425 Y111.495 E5.46596
G1 E4.06596 F4800
;WIPE_START
G1 F5760
G1 X142.183 Y111.495 E3.46596
;WIPE_END
G92 E0
G1 X126.753 Y117.536 F7200
G1 E2 F4800
G1 F9000
G1 X128.004 Y112.462 E2.17689
G1 X127.615 Y112.358 E2.19052
G1 X125.233 Y114.74 E2.30455
G1 X125.923 Y117.313 E2.39472
G1 X123.541 Y119.695 E2.50875
G1 X120.968 Y119.006 E2.59891
G1 X118.586 Y121.388 E2.71294
G1 X119.275 Y123.961 E2.8031
G1 X117.671 Y125.565 E2.87988
G1 X117.777 Y126.035 E2.89619
G1 X119.563 Y124.248 E2.98171
G1 X122.136 Y124.938 E3.07188
G1 X124.518 Y122.556 E3.18591
G1 X123.829 Y119.983 E3.27607
G1 X126.211 Y117.601 E3.3901
G1 X126.705 Y117.733 E3.40741
G1 X125.405 Y123.004 E3.59117
G1 X124.806 Y122.844 E3.61216
G1 X122.424 Y125.226 E3.72619
G1 X123.113 Y127.798 E3.81632
G1 X120.731 Y130.181 E3.93037
G1 X118.158 Y129.491 E4.02054
G1 X115.776 Y131.873 E4.13457
G1 X116.176 Y133.365 E4.18686
G1 X117.108 Y133.27 E4.21857
G1 X119.164 Y132.628 E4.29148
G1 X121.041 Y131.61 E4.36376
G1 X121.273 Y131.415 E4.37402
G1 X121.019 Y130.468 E4.40721
G1 X123.401 Y128.086 E4.52124
G1 X123.95 Y128.234 E4.54049
G1 X124.371 Y127.203 E4.57819
G1 X125.357 Y123.202 E4.71767
G1 E3.31767 F4800
;WIPE_START
G1 F5760
G1 X125.176 Y123.938 E2.71767
;WIPE_END
G92 E0
G1 X112.532 Y127.717 F7200
G1 E2 F4800
G1 F9000
G1 X112.664 Y127.965 E2.00951
G1 X113.013 Y128.391 E2.02815
G1 X113.439 Y128.74 E2.04679
G1 X113.926 Y129 E2.06548
G1 X114.453 Y129.16 E2.08412
G1 X115.001 Y129.214 E2.10276
G1 X115.55 Y129.16 E2.12143
G1 X116.077 Y129 E2.14007
G1 X116.563 Y128.74 E2.15873
G1 X116.99 Y128.391 E2.1774
G1 X117.339 Y127.965 E2.19604
G1 X117.472 Y127.716 E2.2056
G1 X117.87 Y129.203 E2.2577
G1 X115.488 Y131.585 E2.37173
G1 X112.915 Y130.896 E2.46189
G1 X111.102 Y132.709 E2.54868
G1 X110.691 Y132.545 E2.56366
G1 X112.628 Y130.608 E2.65638
G1 X111.938 Y128.035 E2.74655
G1 X112.436 Y127.538 E2.77037
G1 X112.291 Y127.106 E2.78579
G1 X111.65 Y127.747 E2.81647
G1 X109.077 Y127.058 E2.90663
G1 X106.735 Y129.4 E3.01874
G1 X106.488 Y129.072 E3.03264
G1 X108.79 Y126.77 E3.14284
G1 X108.1 Y124.197 E3.23301
G1 X110.482 Y121.815 E3.34704
G1 X113.055 Y122.505 E3.43721
G1 X115.437 Y120.123 E3.55124
G1 X114.748 Y117.55 E3.6414
G1 X117.13 Y115.168 E3.75543
G1 X119.703 Y115.857 E3.84559
G1 X122.085 Y113.475 E3.95962
G1 X121.395 Y110.902 E4.04979
G1 X123.777 Y108.52 E4.16382
G1 X126.35 Y109.209 E4.25398
G1 X128.732 Y106.827 E4.36801
G1 X128.043 Y104.255 E4.45814
G1 X130.425 Y101.872 E4.57219
G1 X132.998 Y102.562 E4.66236
G1 X135.38 Y100.18 E4.77639
G1 X134.69 Y97.607 E4.86656
G1 X135.792 Y96.505 E4.91931
G1 X135.217 Y96.505 E4.93877
G1 X134.403 Y97.319 E4.97774
G1 X131.83 Y96.63 E5.0679
G1 X129.448 Y99.012 E5.18193
G1 X130.137 Y101.585 E5.27209
G1 X127.755 Y103.967 E5.38612
G1 X125.182 Y103.277 E5.47629
G1 X122.8 Y105.659 E5.59032
G1 X123.49 Y108.232 E5.68049
G1 X121.107 Y110.614 E5.79454
G1 X118.535 Y109.925 E5.88467
G1 X116.153 Y112.307 E5.9987
G1 X116.842 Y114.88 E6.08886
G1 X114.46 Y117.262 E6.20289
G1 X111.887 Y116.572 E6.29306
G1 X109.505 Y118.954 E6.40709
G1 X110.194 Y121.527 E6.49725
G1 X107.812 Y123.909 E6.61128
G1 X105.239 Y123.22 E6.70144
G1 X104.771 Y123.688 E6.72384
G1 X104.658 Y123.226 E6.73994
G1 X104.952 Y122.932 E6.75401
G1 X104.262 Y120.359 E6.84418
G1 X106.644 Y117.977 E6.95821
G1 X109.217 Y118.667 E7.04838
G1 X111.599 Y116.285 E7.16241
G1 X110.91 Y113.712 E7.25257
G1 X113.292 Y111.33 E7.3666
G1 X115.865 Y112.019 E7.45676
G1 X118.247 Y109.637 E7.57079
G1 X117.557 Y107.064 E7.66096
G1 X119.939 Y104.682 E7.77499
G1 X122.512 Y105.371 E7.86515
G1 X124.894 Y102.989 E7.97918
G1 X124.205 Y100.417 E8.06931
G1 X126.587 Y98.034 E8.18336
G1 X129.16 Y98.724 E8.27353
G1 X131.379 Y96.505 E8.37975
G1 X125.966 Y96.505 E8.56297
G1 X126.299 Y97.747 E8.6065
G1 X123.917 Y100.129 E8.72053
G1 X121.344 Y99.439 E8.8107
G1 X118.962 Y101.821 E8.92473
G1 X119.652 Y104.394 E9.0149
G1 X117.27 Y106.776 E9.12893
G1 X114.697 Y106.087 E9.21909
G1 X112.315 Y108.469 E9.33312
G1 X113.004 Y111.042 E9.42328
G1 X110.622 Y113.424 E9.53731
G1 X108.049 Y112.734 E9.62748
G1 X105.667 Y115.116 E9.74151
G1 X106.356 Y117.689 E9.83167
G1 X103.974 Y120.071 E9.9457
G1 X103.873 Y120.044 E9.94924
G1 X102.543 Y114.648 E10.13735
G1 E8.73735 F4800
;WIPE_START
G1 F5760
G1 X102.724 Y115.384 E8.13735
;WIPE_END
G92 E0
G1 X88.043 Y111.495 F7200
G1 E2 F4800
G1 F9000
G1 X93.361 Y111.495 E2.18001
G1 X93.438 Y111.418 E2.1837
G1 X92.748 Y108.845 E2.27387
G1 X95.13 Y106.463 E2.3879
G1 X97.703 Y107.153 E2.47807
G1 X100.085 Y104.771 E2.5921
G1 X99.396 Y102.198 E2.68226
G1 X101.778 Y99.816 E2.79629
G1 X104.351 Y100.505 E2.88645
G1 X106.733 Y98.123 E3.00048
G1 X106.299 Y96.505 E3.05718
G1 X111.919 Y96.505 E3.24741
G1 X111.976 Y96.718 E3.25487
G1 X109.594 Y99.1 E3.3689
G1 X107.021 Y98.411 E3.45906
G1 X104.639 Y100.793 E3.57309
G1 X105.328 Y103.366 E3.66325
G1 X102.946 Y105.748 E3.77728
G1 X100.373 Y105.058 E3.86745
G1 X97.991 Y107.441 E3.9815
G1 X98.68 Y110.013 E4.07163
G1 X97.199 Y111.495 E4.14255
G1 X97.775 Y111.495 E4.16205
G1 X98.968 Y110.301 E4.21918
G1 X101.541 Y110.991 E4.30935
G1 X103.923 Y108.609 E4.42338
G1 X103.234 Y106.036 E4.51354
G1 X105.616 Y103.654 E4.62757
G1 X108.189 Y104.343 E4.71773
G1 X110.571 Y101.961 E4.83176
G1 X109.881 Y99.388 E4.92193
G1 X112.263 Y97.006 E5.03596
G1 X114.836 Y97.696 E5.12613
G1 X116.027 Y96.505 E5.18314
G1 X116.602 Y96.505 E5.2026
G1 X115.124 Y97.983 E5.27335
G1 X115.814 Y100.556 E5.36352
G1 X113.432 Y102.938 E5.47755
G1 X110.859 Y102.249 E5.56771
G1 X108.477 Y104.631 E5.68174
G1 X109.166 Y107.204 E5.7719
G1 X106.784 Y109.586 E5.88593
G1 X104.211 Y108.896 E5.9761
G1 X101.829 Y111.278 E6.09013
G1 X102.518 Y113.851 E6.18029
G1 X102.381 Y113.989 E6.18687
G1 X102.495 Y114.451 E6.20298
G1 X102.806 Y114.139 E6.21789
G1 X105.379 Y114.829 E6.30806
G1 X107.761 Y112.447 E6.42209
G1 X107.072 Y109.874 E6.51225
G1 X109.454 Y107.492 E6.62628
G1 X112.027 Y108.181 E6.71644
G1 X114.409 Y105.799 E6.83047
G1 X113.719 Y103.226 E6.92064
G1 X116.101 Y100.844 E7.03467
G1 X118.674 Y101.533 E7.12483
G1 X121.056 Y99.151 E7.23886
G1 X120.367 Y96.579 E7.32899
G1 X120.44 Y96.505 E7.33251
G1 X125.763 Y96.505 E7.51269
G1 E6.11269 F4800
;WIPE_START
G1 F5760
G1 X125.005 Y96.505 E5.51269
;WIPE_END
G92 E0
G1 X97.616 Y96.505 F7200
G1 E2 F4800
G1 F9000
G1 X99.908 Y96.505 E2.07758
G1 X100.513 Y96.667 E2.09878
G1 X100.675 Y96.505 E2.10653
G1 X101.25 Y96.505 E2.12599
G1 X100.801 Y96.955 E2.14751
G1 X101.49 Y99.528 E2.23767
G1 X99.108 Y101.91 E2.3517
G1 X96.535 Y101.22 E2.44187
G1 X94.153 Y103.603 E2.55592
G1 X94.842 Y106.175 E2.64605
G1 X92.46 Y108.557 E2.76008
G1 X89.888 Y107.868 E2.85021
G1 X87.506 Y110.25 E2.96424
G1 X87.839 Y111.495 E3.00786
G1 X82.799 Y111.495 E3.17846
G1 X82.799 Y111.118 E3.19122
G1 X84.645 Y109.273 E3.27956
G1 X87.218 Y109.962 E3.36972
G1 X89.6 Y107.58 E3.48375
G1 X88.91 Y105.007 E3.57392
G1 X91.292 Y102.625 E3.68795
G1 X93.865 Y103.315 E3.77812
G1 X96.247 Y100.933 E3.89215
G1 X95.558 Y98.36 E3.98231
G1 X97.412 Y96.505 E4.07108
G1 X96.837 Y96.505 E4.09054
G1 X95.27 Y98.072 E4.16555
G1 X92.697 Y97.383 E4.25571
G1 X90.315 Y99.765 E4.36974
G1 X91.005 Y102.337 E4.45988
G1 X88.622 Y104.719 E4.57393
G1 X86.05 Y104.03 E4.66406
G1 X83.668 Y106.412 E4.77809
G1 X84.357 Y108.985 E4.86825
G1 X82.799 Y110.543 E4.94283
G1 X82.799 Y105.969 E5.09765
G1 X83.38 Y106.124 E5.118
G1 X85.762 Y103.742 E5.23203
G1 X85.072 Y101.169 E5.3222
G1 X87.454 Y98.787 E5.43623
G1 X90.027 Y99.477 E5.5264
G1 X92.409 Y97.095 E5.64043
G1 X92.251 Y96.505 E5.6611
G1 X86.632 Y96.505 E5.8513
G1 X87.167 Y98.499 E5.92118
G1 X84.784 Y100.882 E6.03525
G1 X82.799 Y100.35 E6.10481
G1 X82.799 Y96.505 E6.23496
G1 X86.429 Y96.505 E6.35783
;LAYER_CHANGE
;Z:1.68
;HEIGHT:0.2
; BEFORE_LAYER_CHANGE 7 @ 1.68mm
G1 E4.95783 F4800
;WIPE_START
G1 F5760
G1 X85.671 Y96.505 E4.35783
;WIPE_END
G92 E0
G1 Z1.68 F7200
; AFTER_LAYER_CHANGE 7 @ 1.68mm
G1 X100.944 Y112.591
G1 E2 F4800
;TYPE:External perimeter
G1 X100.935 Y112.555 E2.00126
G1 X81.739 Y112.555 E2.65102
G1 X81.739 Y95.445 E3.23017
G1 X118.886 Y95.445 E4.48755
G1 X148.261 Y95.445 E5.48186
G1 X148.261 Y112.555 E6.06101
G1 X129.073 Y112.555 E6.7105
G1 X125.382 Y127.531 E7.23259
G1 X124.641 Y129.347 E7.29898
G1 X123.369 Y131.034 E7.3705
G1 X121.642 Y132.49 E7.44696
G1 X119.578 Y133.61 E7.52645
G1 X117.322 Y134.314 E7.60644
G1 X115.031 Y134.554 E7.68441
G1 X112.686 Y134.314 E7.7642
G1 X110.43 Y133.61 E7.84419
G1 X108.366 Y132.49 E7.92368
G1 X106.639 Y131.034 E8.00014
G1 X105.367 Y129.347 E8.07166
G1 X104.627 Y127.531 E8.13804
G1 X100.959 Y112.65 E8.65682
G1 X101.259 Y112.271 F7200
;TYPE:Perimeter
;WIDTH:0.4
G1 F9000
G1 X101.235 Y112.173 E8.65982
G1 X82.121 Y112.173 E9.22734
G1 X82.121 Y95.827 E9.71267
G1 X118.886 Y95.827 E10.80427
G1 X147.879 Y95.827 E11.66511
G1 X147.879 Y112.173 E12.15044
G1 X128.773 Y112.173 E12.71772
G1 X125.017 Y127.413 E13.18376
G1 X124.306 Y129.157 E13.23968
G1 X123.09 Y130.77 E13.29966
G1 X121.426 Y132.173 E13.36428
G1 X119.429 Y133.256 E13.43173
G1 X117.245 Y133.938 E13.49966
G1 X115.03 Y134.17 E13.56579
G1 X112.763 Y133.938 E13.63345
G1 X110.579 Y133.256 E13.70138
G1 X108.583 Y132.173 E13.76881
G1 X106.918 Y130.77 E13.83346
G1 X105.702 Y129.157 E13.89344
G1 X104.991 Y127.413 E13.94936
G1 X101.273 Y112.329 E14.41063
G1 X101.553 Y111.972 F7200
G1 F9000
G1 X101.515 Y111.816 E14.4154
G1 X82.478 Y111.816 E14.98063
G1 X82.478 Y96.184 E15.44476
G1 X118.886 Y96.184 E16.52576
G1 X147.522 Y96.184 E17.376
G1 X147.522 Y111.816 E17.84013
G1 X128.494 Y111.816 E18.4051
G1 X124.677 Y127.302 E18.87866
G1 X123.993 Y128.979 E18.93243
G1 X122.829 Y130.523 E18.98984
G1 X121.223 Y131.876 E19.05219
G1 X119.289 Y132.926 E19.11753
G1 X117.172 Y133.586 E19.18337
G1 X115.03 Y133.811 E19.24732
G1 X112.835 Y133.586 E19.31283
G1 X110.719 Y132.926 E19.37864
G1 X108.785 Y131.876 E19.44398
G1 X107.179 Y130.523 E19.50633
G1 X106.015 Y128.979 E19.56374
G1 X105.331 Y127.302 E19.61751
G1 X101.567 Y112.03 E20.08452
G1 E18.68452 F4800
;WIPE_START
G1 F5760
G1 X101.553 Y111.972 E18.63728
G1 X101.515 Y111.816 E18.51017
G1 X100.977 Y111.816 E18.08452
;WIPE_END
G92 E0
G1 X114.661 Y124.69 F7200
G1 E2 F4800
;TYPE:External perimeter
;WIDTH:0.45
G1 F4860
G1 X114.919 Y124.664 E2.00878
G1 X115.337 Y124.688 E2.02295
G1 X115.67 Y124.789 E2.03473
G1 X115.972 Y124.951 E2.04633
G1 X116.236 Y125.168 E2.0579
G1 X116.453 Y125.432 E2.06947
G1 X116.615 Y125.734 E2.08107
G1 X116.714 Y126.062 E2.09267
G1 X116.748 Y126.403 E2.10427
G1 X116.714 Y126.743 E2.11584
G1 X116.615 Y127.071 E2.12744
G1 X116.453 Y127.373 E2.13904
G1 X116.236 Y127.637 E2.15061
G1 X115.972 Y127.854 E2.16218
G1 X115.67 Y128.016 E2.17378
G1 X115.342 Y128.115 E2.18538
G1 X115.001 Y128.149 E2.19698
G1 X114.661 Y128.115 E2.20855
G1 X114.333 Y128.016 E2.22015
G1 X114.031 Y127.854 E2.23175
G1 X113.767 Y127.637 E2.24332
G1 X113.55 Y127.373 E2.25489
G1 X113.388 Y127.071 E2.26649
G1 X113.289 Y126.743 E2.27809
G1 X113.255 Y126.403 E2.28966
G1 X113.289 Y126.062 E2.30126
G1 X113.388 Y125.734 E2.31286
G1 X113.55 Y125.432 E2.32446
G1 X113.767 Y125.168 E2.33603
G1 X114.031 Y124.951 E2.3476
G1 X114.333 Y124.789 E2.3592
G1 X114.603 Y124.707 E2.36875
G1 X114.586 Y124.313 F7200
;TYPE:Perimeter
;WIDTH:0.4
G1 F4860
G1 X114.912 Y124.281 E2.37848
G1 X115.405 Y124.31 E2.39314
G1 X115.817 Y124.435 E2.40592
G1 X116.185 Y124.631 E2.4183
G1 X116.508 Y124.896 E2.4307
G1 X116.773 Y125.219 E2.4431
G1 X116.969 Y125.587 E2.45548
G1 X117.091 Y125.987 E2.4679
G1 X117.132 Y126.403 E2.48031
G1 X117.091 Y126.818 E2.49269
G1 X116.969 Y127.218 E2.50511
G1 X116.773 Y127.586 E2.51749
G1 X116.508 Y127.909 E2.52989
G1 X116.185 Y128.174 E2.54229
G1 X115.817 Y128.371 E2.55468
G1 X115.417 Y128.492 E2.56709
G1 X115.001 Y128.533 E2.5795
G1 X114.586 Y128.492 E2.59188
G1 X114.186 Y128.371 E2.60429
G1 X113.818 Y128.174 E2.61668
G1 X113.495 Y127.909 E2.62908
G1 X113.23 Y127.586 E2.64148
G1 X113.034 Y127.218 E2.65386
G1 X112.912 Y126.818 E2.66628
G1 X112.871 Y126.403 E2.67866
G1 X112.912 Y125.987 E2.69107
G1 X113.034 Y125.587 E2.70349
G1 X113.23 Y125.219 E2.71587
G1 X113.495 Y124.896 E2.72827
G1 X113.818 Y124.631 E2.74067
G1 X114.186 Y124.435 E2.75305
G1 X114.529 Y124.331 E2.76369
G1 X114.516 Y123.961 F7200
G1 F4860
G1 X114.904 Y123.923 E2.77527
G1 X115.468 Y123.956 E2.79204
G1 X115.954 Y124.103 E2.80712
G1 X116.384 Y124.333 E2.8216
G1 X116.761 Y124.643 E2.83609
G1 X117.071 Y125.02 E2.85058
G1 X117.301 Y125.45 E2.86506
G1 X117.443 Y125.917 E2.87955
G1 X117.49 Y126.403 E2.89405
G1 X117.443 Y126.888 E2.90852
G1 X117.301 Y127.355 E2.92301
G1 X117.071 Y127.785 E2.93749
G1 X116.761 Y128.162 E2.95198
G1 X116.384 Y128.472 E2.96647
G1 X115.954 Y128.702 E2.98095
G1 X115.487 Y128.844 E2.99544
G1 X115.001 Y128.891 E3.00994
G1 X114.516 Y128.844 E3.02441
G1 X114.049 Y128.702 E3.0389
G1 X113.619 Y128.472 E3.05338
G1 X113.242 Y128.162 E3.06787
G1 X112.932 Y127.785 E3.08236
G1 X112.702 Y127.355 E3.09684
G1 X112.56 Y126.888 E3.11133
G1 X112.513 Y126.403 E3.1258
G1 X112.56 Y125.917 E3.1403
G1 X112.702 Y125.45 E3.15479
G1 X112.932 Y125.02 E3.16927
G1 X113.242 Y124.643 E3.18376
G1 X113.619 Y124.333 E3.19825
G1 X114.049 Y124.103 E3.21273
G1 X114.459 Y123.979 E3.22545
G1 X114.025 Y123.775 F7200
;TYPE:Internal infill
;WIDTH:0.45
G1 F9000
G1 X114.453 Y123.645 E3.24059
G1 X114.898 Y123.601 E3.25573
G1 X115.524 Y123.637 E3.27695
G1 X116.077 Y123.805 E3.29651
G1 X116.563 Y124.065 E3.31517
G1 X116.99 Y124.415 E3.33386
G1 X117.339 Y124.841 E3.3525
G1 X117.599 Y125.327 E3.37116
G1 X117.738 Y125.785 E3.38736
G1 X119.17 Y124.354 E3.45589
G1 X118.298 Y121.1 E3.56992
G1 X115.725 Y120.41 E3.66009
G1 X114.853 Y117.156 E3.77412
G1 X116.737 Y115.273 E3.86428
G1 X115.865 Y112.019 E3.97831
G1 X113.292 Y111.33 E4.06847
G1 X112.42 Y108.076 E4.1825
G1 X114.303 Y106.192 E4.27266
G1 X113.432 Y102.938 E4.38668
G1 X110.859 Y102.249 E4.47684
G1 X109.987 Y98.995 E4.59087
G1 X111.87 Y97.111 E4.68103
G1 X111.708 Y96.505 E4.70226
G1 X112.129 Y96.505 E4.71651
G1 X112.263 Y97.006 E4.73406
G1 X114.836 Y97.696 E4.82423
G1 X115.708 Y100.949 E4.93823
G1 X113.825 Y102.833 E5.02839
G1 X114.697 Y106.087 E5.14242
G1 X117.27 Y106.776 E5.23258
G1 X118.141 Y110.03 E5.3466
G1 X116.258 Y111.914 E5.43676
G1 X117.13 Y115.168 E5.55079
G1 X119.703 Y115.857 E5.64095
G1 X120.575 Y119.111 E5.75498
G1 X118.691 Y120.994 E5.84514
G1 X119.563 Y124.248 E5.95917
G1 X122.136 Y124.938 E6.04934
G1 X123.008 Y128.192 E6.16337
G1 X121.124 Y130.075 E6.25353
G1 X121.444 Y131.27 E6.2954
G1 X121.101 Y131.56 E6.3106
G1 X120.731 Y130.181 E6.35893
G1 X118.158 Y129.491 E6.4491
G1 X117.61 Y127.444 E6.52083
G1 X117.331 Y127.975 E6.54113
G1 X117.765 Y129.596 E6.59793
G1 X115.882 Y131.48 E6.68809
G1 X116.382 Y133.346 E6.75348
G1 X115.972 Y133.389 E6.76743
G1 X115.488 Y131.585 E6.83065
G1 X112.915 Y130.896 E6.92081
G1 X112.044 Y127.642 E7.03483
G1 X112.358 Y127.327 E7.04988
G1 X112.664 Y127.965 E7.07383
G1 X113.013 Y128.391 E7.09247
G1 X113.44 Y128.74 E7.11114
G1 X113.926 Y129 E7.1298
G1 X114.453 Y129.16 E7.14844
G1 X115.001 Y129.214 E7.16708
G1 X115.55 Y129.16 E7.18575
G1 X116.077 Y129 E7.20439
G1 X116.563 Y128.74 E7.22305
G1 X116.99 Y128.391 E7.24172
G1 X117.201 Y128.132 E7.25303
G1 E5.85303 F4800
;WIPE_START
G1 F5760
G1 X116.99 Y128.391 E5.58856
G1 X116.662 Y128.659 E5.25303
;WIPE_END
G92 E0
G1 X106.475 Y129.056 F7200
G1 E2 F4800
G1 F9000
G1 X106.297 Y128.819 E2.01003
G1 X105.638 Y127.203 E2.0691
G1 X104.714 Y123.457 E2.1997
G1 X104.846 Y123.325 E2.20602
G1 X103.974 Y120.071 E2.32005
G1 X103.873 Y120.044 E2.32359
G1 X101.83 Y111.752 E2.61266
G1 E1.21266 F4800
;WIPE_START
G1 F5760
G1 X102.011 Y112.488 E.61266
;WIPE_END
G92 E0
G1 X87.425 Y111.495 F7200
G1 E2 F4800
G1 F9000
G1 X82.799 Y111.495 E2.15658
G1 X82.799 Y110.83 E2.17909
G1 X84.252 Y109.378 E2.24862
G1 X83.38 Y106.124 E2.36265
G1 X82.799 Y105.969 E2.383
G1 X82.799 Y100.35 E2.5732
G1 X84.784 Y100.882 E2.64276
G1 X85.656 Y104.135 E2.75676
G1 X83.773 Y106.019 E2.84692
G1 X84.645 Y109.273 E2.96095
G1 X87.218 Y109.962 E3.05111
G1 X87.628 Y111.495 E3.10482
G1 X88.05 Y111.495 E3.1191
G1 X87.611 Y109.857 E3.1765
G1 X89.494 Y107.973 E3.26666
G1 X88.622 Y104.72 E3.38066
G1 X86.05 Y104.03 E3.4708
G1 X85.178 Y100.776 E3.58483
G1 X87.061 Y98.893 E3.67497
G1 X86.421 Y96.505 E3.75865
G1 X86.843 Y96.505 E3.77293
G1 X87.454 Y98.787 E3.85289
G1 X90.027 Y99.477 E3.94306
G1 X90.899 Y102.731 E4.05709
G1 X89.016 Y104.614 E4.14723
G1 X89.888 Y107.868 E4.26126
G1 X92.46 Y108.557 E4.35139
G1 X93.247 Y111.495 E4.45434
G1 X93.669 Y111.495 E4.46862
G1 X92.854 Y108.452 E4.57525
G1 X94.737 Y106.569 E4.66539
G1 X93.865 Y103.315 E4.77942
G1 X91.292 Y102.625 E4.86959
G1 X90.42 Y99.371 E4.98362
G1 X92.304 Y97.488 E5.07378
G1 X92.041 Y96.505 E5.10822
G1 X92.462 Y96.505 E5.12247
G1 X92.697 Y97.383 E5.15324
G1 X95.27 Y98.072 E5.2434
G1 X96.142 Y101.326 E5.35743
G1 X94.258 Y103.209 E5.44759
G1 X95.13 Y106.463 E5.56162
G1 X97.703 Y107.153 E5.65179
G1 X98.575 Y110.407 E5.76582
G1 X97.487 Y111.495 E5.8179
G1 X101.676 Y111.495 E5.95969
G1 X101.541 Y110.991 E5.97735
G1 X98.968 Y110.301 E6.06752
G1 X98.096 Y107.047 E6.18155
G1 X99.98 Y105.164 E6.27171
G1 X99.108 Y101.91 E6.38574
G1 X96.535 Y101.221 E6.4759
G1 X95.663 Y97.967 E6.58993
G1 X97.125 Y96.505 E6.65992
G1 X99.908 Y96.505 E6.75412
G1 X100.513 Y96.667 E6.77532
G1 X101.385 Y99.921 E6.88935
G1 X99.501 Y101.805 E6.97954
G1 X100.373 Y105.058 E7.09354
G1 X102.946 Y105.748 E7.18371
G1 X103.818 Y109.002 E7.29774
G1 X101.934 Y110.885 E7.3879
G1 X102.806 Y114.139 E7.50193
G1 X105.379 Y114.829 E7.5921
G1 X106.251 Y118.083 E7.70613
G1 X104.368 Y119.966 E7.79627
G1 X105.239 Y123.22 E7.91029
G1 X107.812 Y123.909 E8.00045
G1 X108.684 Y127.163 E8.11448
G1 X106.801 Y129.047 E8.20464
G1 X106.984 Y129.731 E8.22861
G1 X107.414 Y130.3 E8.25275
G1 X108.967 Y131.61 E8.32152
G1 X110.883 Y132.64 E8.39515
G1 X112.522 Y131.001 E8.47361
G1 X111.65 Y127.747 E8.58764
G1 X109.077 Y127.058 E8.6778
G1 X108.206 Y123.804 E8.79182
G1 X110.089 Y121.921 E8.88196
G1 X109.217 Y118.667 E8.99599
G1 X106.644 Y117.977 E9.08616
G1 X105.772 Y114.723 E9.20019
G1 X107.656 Y112.84 E9.29035
G1 X106.784 Y109.586 E9.40438
G1 X104.211 Y108.896 E9.49455
G1 X103.339 Y105.643 E9.60855
G1 X105.223 Y103.759 E9.69874
G1 X104.351 Y100.505 E9.81277
G1 X101.778 Y99.816 E9.90293
G1 X100.906 Y96.562 E10.01696
G1 X100.963 Y96.505 E10.01969
G1 X106.089 Y96.505 E10.1932
G1 X106.627 Y98.516 E10.26366
G1 X104.744 Y100.4 E10.35382
G1 X105.616 Y103.654 E10.46785
G1 X108.189 Y104.343 E10.55801
G1 X109.061 Y107.597 E10.67204
G1 X107.177 Y109.48 E10.7622
G1 X108.049 Y112.734 E10.87623
G1 X110.622 Y113.424 E10.9664
G1 X111.494 Y116.678 E11.08043
G1 X109.61 Y118.561 E11.17059
G1 X110.482 Y121.815 E11.28462
G1 X113.055 Y122.505 E11.37479
G1 X113.469 Y124.049 E11.4289
G1 X113.838 Y123.852 E11.44306
G1 X113.448 Y122.399 E11.49398
G1 X115.332 Y120.516 E11.58414
G1 X114.46 Y117.262 E11.69817
G1 X111.887 Y116.572 E11.78834
G1 X111.015 Y113.318 E11.90237
G1 X112.899 Y111.435 E11.99253
G1 X112.027 Y108.181 E12.10656
G1 X109.454 Y107.492 E12.19672
G1 X108.582 Y104.238 E12.31075
G1 X110.465 Y102.354 E12.40091
G1 X109.594 Y99.1 E12.51493
G1 X107.021 Y98.411 E12.60509
G1 X106.51 Y96.505 E12.67188
G1 X111.504 Y96.505 E12.84092
G1 X112.333 Y96.505 F7200
G1 F9000
G1 X116.315 Y96.505 E12.97571
G1 X115.23 Y97.59 E13.02765
G1 X116.101 Y100.844 E13.14167
G1 X118.674 Y101.533 E13.23183
G1 X119.546 Y104.787 E13.34586
G1 X117.663 Y106.671 E13.43602
G1 X118.535 Y109.925 E13.55005
G1 X121.107 Y110.614 E13.64018
G1 X121.979 Y113.868 E13.75421
G1 X120.096 Y115.752 E13.84437
G1 X120.968 Y119.006 E13.9584
G1 X123.541 Y119.695 E14.04856
G1 X124.413 Y122.949 E14.16259
G1 X122.529 Y124.832 E14.25275
G1 X123.401 Y128.086 E14.36678
G1 X123.95 Y128.234 E14.38603
G1 X124.371 Y127.203 E14.42373
G1 X125.405 Y123.004 E14.57011
G1 X124.806 Y122.844 E14.5911
G1 X123.934 Y119.59 E14.70513
G1 X125.817 Y117.706 E14.79529
G1 X124.945 Y114.452 E14.90932
G1 X122.373 Y113.763 E14.99945
G1 X121.501 Y110.509 E15.11348
G1 X123.384 Y108.625 E15.20364
G1 X122.512 Y105.371 E15.31767
G1 X119.939 Y104.682 E15.40783
G1 X119.068 Y101.428 E15.52185
G1 X120.951 Y99.545 E15.61199
G1 X120.137 Y96.505 E15.71852
G1 X120.558 Y96.505 E15.73277
G1 X121.344 Y99.439 E15.83558
G1 X123.917 Y100.129 E15.92575
G1 X124.789 Y103.383 E16.03978
G1 X122.905 Y105.266 E16.12994
G1 X123.777 Y108.52 E16.24397
G1 X126.35 Y109.209 E16.33413
G1 X127.222 Y112.463 E16.44816
G1 X125.339 Y114.347 E16.53832
G1 X126.211 Y117.601 E16.65235
G1 X126.705 Y117.733 E16.66966
G1 X128.004 Y112.462 E16.85342
G1 X127.615 Y112.358 E16.86705
G1 X126.743 Y109.104 E16.98108
G1 X128.627 Y107.221 E17.07124
G1 X127.755 Y103.967 E17.18527
G1 X125.182 Y103.277 E17.27544
G1 X124.31 Y100.023 E17.38947
G1 X126.194 Y98.14 E17.47963
G1 X125.756 Y96.505 E17.53692
G1 X126.177 Y96.505 E17.55117
G1 X126.587 Y98.034 E17.60475
G1 X129.16 Y98.724 E17.69492
G1 X130.032 Y101.978 E17.80895
G1 X128.148 Y103.861 E17.89911
G1 X129.02 Y107.115 E18.01314
G1 X131.593 Y107.805 E18.10331
G1 X132.465 Y111.059 E18.21734
G1 X132.029 Y111.495 E18.23821
G1 X128.242 Y111.495 E18.3664
G1 X128.052 Y112.264 E18.39321
G1 E16.99321 F4800
;WIPE_START
G1 F5760
G1 X128.234 Y111.528 E16.39321
;WIPE_END
G92 E0
G1 X135.663 Y111.495 F7200
G1 E2 F4800
G1 F9000
G1 X134.879 Y111.495 E2.02654
G1 X132.858 Y110.953 E2.09737
G1 X131.986 Y107.699 E2.2114
G1 X133.87 Y105.816 E2.30156
G1 X132.998 Y102.562 E2.41559
G1 X130.425 Y101.872 E2.50576
G1 X129.553 Y98.619 E2.61976
G1 X131.437 Y96.735 E2.70995
G1 X131.375 Y96.505 E2.71801
G1 X131.796 Y96.505 E2.73226
G1 X131.83 Y96.63 E2.73664
G1 X134.403 Y97.319 E2.8268
G1 X135.275 Y100.573 E2.94083
G1 X133.391 Y102.457 E3.03102
G1 X134.263 Y105.71 E3.14502
G1 X136.836 Y106.4 E3.23519
G1 X137.708 Y109.654 E3.34922
G1 X135.867 Y111.495 E3.43735
G1 X140.807 Y111.495 E3.60456
G1 E2.20456 F4800
;WIPE_START
G1 F5760
G1 X140.049 Y111.495 E1.60456
;WIPE_END
G92 E0
G1 X147.201 Y103.354 F7200
G1 E2 F4800
G1 F9000
G1 X147.201 Y97.939 E2.18329
G1 X146.153 Y97.658 E2.22002
G1 X145.844 Y96.505 E2.26042
G1 X145.423 Y96.505 E2.27467
G1 X145.76 Y97.763 E2.31875
G1 X143.877 Y99.647 E2.40891
G1 X144.748 Y102.901 E2.52293
G1 X147.201 Y103.558 E2.60889
G1 X147.201 Y107.837 E2.75373
G1 X146.31 Y108.728 E2.79638
G1 X147.051 Y111.495 E2.89334
G1 X146.63 Y111.495 E2.90759
G1 X145.917 Y108.833 E3.00087
G1 X143.344 Y108.144 E3.09103
G1 X142.472 Y104.89 E3.20506
G1 X144.355 Y103.006 E3.29522
G1 X143.483 Y99.752 E3.40925
G1 X140.91 Y99.063 E3.49941
G1 X140.225 Y96.505 E3.58905
G1 X139.804 Y96.505 E3.6033
G1 X140.517 Y99.168 E3.69661
G1 X138.634 Y101.052 E3.78677
G1 X139.506 Y104.306 E3.9008
G1 X142.079 Y104.995 E3.99096
G1 X142.95 Y108.249 E4.10498
G1 X141.067 Y110.132 E4.19512
G1 X141.432 Y111.495 E4.24288
G1 X141.011 Y111.495 E4.25713
G1 X140.674 Y110.238 E4.30118
G1 X138.101 Y109.548 E4.39135
G1 X137.229 Y106.294 E4.50538
G1 X139.112 Y104.411 E4.59552
G1 X138.241 Y101.157 E4.70954
G1 X135.668 Y100.468 E4.7997
G1 X134.796 Y97.214 E4.91373
G1 X135.504 Y96.505 E4.94765
G1 X139.6 Y96.505 E5.08629
;LAYER_CHANGE
;Z:1.88
;HEIGHT:0.2
; BEFORE_LAYER_CHANGE 8 @ 1.88mm
G1 E3.68629 F4800
;WIPE_START
G1 F5760
G1 X138.842 Y96.505 E3.08629
;WIPE_END
G92 E0
G1 Z1.88 F7200
; AFTER_LAYER_CHANGE 8 @ 1.88mm
G1 X100.944 Y112.591
G1 E2 F4800
;TYPE:External perimeter
G1 X100.935 Y112.555 E2.00126
G1 X81.739 Y112.555 E2.65102
G1 X81.739 Y95.445 E3.23017
G1 X128.6 Y95.445 E4.81636
G1 X148.261 Y95.445 E5.48186
G1 X148.261 Y112.555 E6.06101
G1 X129.073 Y112.555 E6.7105
G1 X125.382 Y127.531 E7.23259
G1 X124.641 Y129.347 E7.29898
G1 X123.369 Y131.034 E7.3705
G1 X121.642 Y132.49 E7.44696
G1 X119.578 Y133.61 E7.52645
G1 X117.322 Y134.314 E7.60644
G1 X115.031 Y134.554 E7.68441
G1 X112.686 Y134.314 E7.7642
G1 X110.43 Y133.61 E7.84419
G1 X108.366 Y132.49 E7.92368
G1 X106.639 Y131.034 E8.00014
G1 X105.367 Y129.347 E8.07166
G1 X104.627 Y127.531 E8.13804
G1 X100.959 Y112.65 E8.65682
G1 X101.259 Y112.271 F7200
;TYPE:Perimeter
;WIDTH:0.4
G1 F9000
G1 X101.235 Y112.173 E8.65982
G1 X82.121 Y112.173 E9.22734
G1 X82.121 Y95.827 E9.71267
G1 X128.6 Y95.827 E11.09269
G1 X147.879 Y95.827 E11.66511
G1 X147.879 Y112.173 E12.15044
G1 X128.773 Y112.173 E12.71772
G1 X125.017 Y127.413 E13.18376
G1 X124.306 Y129.157 E13.23968
G1 X123.09 Y130.77 E13.29966
G1 X121.426 Y132.173 E13.36428
G1 X119.429 Y133.256 E13.43173
G1 X117.245 Y133.938 E13.49966
G1 X115.03 Y134.17 E13.56579
G1 X112.763 Y133.938 E13.63345
G1 X110.579 Y133.256 E13.70138
G1 X108.583 Y132.173 E13.76881
G1 X106.918 Y130.77 E13.83346
G1 X105.702 Y129.157 E13.89344
G1 X104.991 Y127.413 E13.94936
G1 X101.273 Y112.329 E14.41063
G1 X101.553 Y111.972 F7200
G1 F9000
G1 X101.515 Y111.816 E14.4154
G1 X82.478 Y111.816 E14.98063
G1 X82.478 Y96.184 E15.44476
G1 X128.6 Y96.184 E16.81418
G1 X147.522 Y96.184 E17.376
G1 X147.522 Y111.816 E17.84013
G1 X128.494 Y111.816 E18.4051
G1 X124.677 Y127.302 E18.87866
G1 X123.993 Y128.979 E18.93243
G1 X122.829 Y130.523 E18.98984
G1 X121.223 Y131.876 E19.05219
G1 X119.289 Y132.926 E19.11753
G1 X117.172 Y133.586 E19.18337
G1 X115.03 Y133.811 E19.24732
G1 X112.835 Y133.586 E19.31283
G1 X110.719 Y132.926 E19.37864
G1 X108.785 Y131.876 E19.44398
G1 X107.179 Y130.523 E19.50633
G1 X106.015 Y128.979 E19.56374
G1 X105.331 Y127.302 E19.61751
G1 X101.567 Y112.03 E20.08452
G1 E18.68452 F4800
;WIPE_START
G1 F5760
G1 X101.553 Y111.972 E18.63728
G1 X101.515 Y111.816 E18.51017
G1 X100.977 Y111.816 E18.08452
;WIPE_END
G92 E0
G1 X114.661 Y124.69 F7200
G1 E2 F4800
;TYPE:External perimeter
;WIDTH:0.45
G1 F4860
G1 X114.891 Y124.667 E2.00782
G1 X115.001 Y124.656 E2.01156
G1 X115.342 Y124.69 E2.02316
G1 X115.67 Y124.789 E2.03476
G1 X115.972 Y124.951 E2.04636
G1 X116.236 Y125.168 E2.05793
G1 X116.453 Y125.432 E2.0695
G1 X116.615 Y125.734 E2.0811
G1 X116.714 Y126.062 E2.0927
G1 X116.748 Y126.403 E2.1043
G1 X116.714 Y126.743 E2.11587
G1 X116.615 Y127.071 E2.12747
G1 X116.453 Y127.373 E2.13907
G1 X116.236 Y127.637 E2.15064
G1 X115.972 Y127.854 E2.16221
G1 X115.67 Y128.016 E2.17381
G1 X115.342 Y128.115 E2.18541
G1 X115.001 Y128.149 E2.19701
G1 X114.661 Y128.115 E2.20858
G1 X114.333 Y128.016 E2.22018
G1 X114.031 Y127.854 E2.23178
G1 X113.767 Y127.637 E2.24335
G1 X113.55 Y127.373 E2.25492
G1 X113.388 Y127.071 E2.26652
G1 X113.289 Y126.743 E2.27812
G1 X113.255 Y126.403 E2.28969
G1 X113.289 Y126.062 E2.30129
G1 X113.388 Y125.734 E2.31289
G1 X113.55 Y125.432 E2.32449
G1 X113.767 Y125.168 E2.33606
G1 X114.031 Y124.951 E2.34763
G1 X114.333 Y124.789 E2.35923
G1 X114.603 Y124.707 E2.36878
G1 X114.586 Y124.313 F7200
;TYPE:Perimeter
;WIDTH:0.4
G1 F4860
G1 X114.853 Y124.287 E2.37675
G1 X115.001 Y124.272 E2.38117
G1 X115.417 Y124.313 E2.39358
G1 X115.817 Y124.435 E2.406
G1 X116.185 Y124.631 E2.41838
G1 X116.508 Y124.896 E2.43078
G1 X116.773 Y125.219 E2.44318
G1 X116.969 Y125.587 E2.45556
G1 X117.091 Y125.987 E2.46798
G1 X117.132 Y126.403 E2.48039
G1 X117.091 Y126.818 E2.49277
G1 X116.969 Y127.218 E2.50519
G1 X116.773 Y127.586 E2.51757
G1 X116.508 Y127.909 E2.52997
G1 X116.185 Y128.174 E2.54237
G1 X115.817 Y128.37 E2.55475
G1 X115.417 Y128.492 E2.56717
G1 X115.001 Y128.533 E2.57958
G1 X114.586 Y128.492 E2.59196
G1 X114.186 Y128.371 E2.60437
G1 X113.818 Y128.174 E2.61676
G1 X113.495 Y127.909 E2.62916
G1 X113.23 Y127.586 E2.64156
G1 X113.034 Y127.218 E2.65394
G1 X112.912 Y126.818 E2.66636
G1 X112.871 Y126.403 E2.67874
G1 X112.912 Y125.987 E2.69115
G1 X113.034 Y125.587 E2.70357
G1 X113.23 Y125.219 E2.71595
G1 X113.495 Y124.896 E2.72835
G1 X113.818 Y124.631 E2.74075
G1 X114.186 Y124.435 E2.75313
G1 X114.529 Y124.331 E2.76377
G1 X114.516 Y123.961 F7200
G1 F4860
G1 X114.818 Y123.932 E2.77278
G1 X115.001 Y123.914 E2.77824
G1 X115.487 Y123.961 E2.79274
G1 X115.954 Y124.103 E2.80723
G1 X116.384 Y124.333 E2.82171
G1 X116.761 Y124.643 E2.8362
G1 X117.071 Y125.02 E2.85069
G1 X117.301 Y125.45 E2.86517
G1 X117.443 Y125.917 E2.87966
G1 X117.49 Y126.403 E2.89416
G1 X117.443 Y126.888 E2.90863
G1 X117.301 Y127.355 E2.92312
G1 X117.071 Y127.785 E2.9376
G1 X116.761 Y128.162 E2.95209
G1 X116.384 Y128.472 E2.96658
G1 X115.954 Y128.702 E2.98106
G1 X115.487 Y128.844 E2.99555
G1 X115.001 Y128.891 E3.01005
G1 X114.516 Y128.844 E3.02452
G1 X114.049 Y128.702 E3.03901
G1 X113.619 Y128.472 E3.05349
G1 X113.242 Y128.162 E3.06798
G1 X112.932 Y127.785 E3.08247
G1 X112.702 Y127.355 E3.09695
G1 X112.56 Y126.888 E3.11144
G1 X112.513 Y126.403 E3.12591
G1 X112.56 Y125.917 E3.14041
G1 X112.702 Y125.45 E3.1549
G1 X112.932 Y125.02 E3.16938
G1 X113.242 Y124.643 E3.18387
G1 X113.619 Y124.333 E3.19836
G1 X114.049 Y124.103 E3.21284
G1 X114.459 Y123.979 E3.22556
G1 X113.833 Y123.855 F7200
;TYPE:Internal infill
;WIDTH:0.45
G1 F9000
G1 X114.453 Y123.645 E3.24772
G1 X115.001 Y123.591 E3.26636
G1 X115.55 Y123.645 E3.28503
G1 X116.077 Y123.805 E3.30367
G1 X116.563 Y124.065 E3.32233
G1 X116.99 Y124.415 E3.34102
G1 X117.339 Y124.841 E3.35966
G1 X117.599 Y125.327 E3.37832
G1 X117.738 Y125.785 E3.39452
G1 X119.17 Y124.354 E3.46305
G1 X122.424 Y125.226 E3.57708
G1 X123.113 Y127.798 E3.66721
G1 X124.028 Y128.044 E3.69928
G1 X123.873 Y128.424 E3.71317
G1 X123.008 Y128.192 E3.74348
G1 X121.124 Y130.075 E3.83364
G1 X117.87 Y129.203 E3.94767
G1 X117.472 Y127.716 E3.99977
G1 X117.339 Y127.965 E4.00933
G1 X116.99 Y128.391 E4.02797
G1 X116.563 Y128.74 E4.04664
G1 X116.077 Y129 E4.0653
G1 X115.55 Y129.16 E4.08394
G1 X115.001 Y129.214 E4.10261
G1 X114.453 Y129.16 E4.12125
G1 X113.926 Y129 E4.13989
G1 X113.44 Y128.74 E4.15855
G1 X113.013 Y128.391 E4.17722
G1 X112.664 Y127.965 E4.19586
G1 X112.426 Y127.519 E4.21297
G1 E2.81297 F4800
;WIPE_START
G1 F5760
G1 X112.664 Y127.965 E2.41276
G1 X112.824 Y128.16 E2.21297
;WIPE_END
G92 E0
G1 X106.507 Y129.098 F7200
G1 E2 F4800
G1 F9000
G1 X107.414 Y130.3 E2.05097
G1 X108.967 Y131.61 E2.11974
G1 X110.883 Y132.64 E2.19337
G1 X112.522 Y131.001 E2.27183
G1 X115.776 Y131.873 E2.38586
G1 X116.177 Y133.368 E2.43825
G1 X117.107 Y133.27 E2.4699
G1 X119.164 Y132.628 E2.54284
G1 X121.041 Y131.61 E2.61512
G1 X121.273 Y131.415 E2.62538
G1 X121.019 Y130.468 E2.65857
G1 X117.765 Y129.596 E2.7726
G1 X115.882 Y131.48 E2.86276
G1 X112.628 Y130.608 E2.97679
G1 X111.938 Y128.035 E3.06696
G1 X108.684 Y127.163 E3.18099
G1 X106.801 Y129.047 E3.27115
G1 X106.384 Y128.935 E3.28577
G1 X105.638 Y127.203 E3.3496
G1 X104.714 Y123.457 E3.4802
G1 X104.846 Y123.325 E3.48652
G1 X108.1 Y124.197 E3.60055
G1 X108.79 Y126.77 E3.69072
G1 X112.044 Y127.642 E3.80475
G1 X112.358 Y127.327 E3.8198
G1 X112.244 Y126.951 E3.8331
G1 X112.19 Y126.403 E3.85174
G1 X112.244 Y125.854 E3.87041
G1 X112.404 Y125.327 E3.88905
G1 X112.664 Y124.841 E3.90771
G1 X113.013 Y124.414 E3.92638
G1 X113.653 Y123.951 E3.95312
G1 X113.343 Y122.792 E3.99373
G1 X110.089 Y121.921 E4.10775
G1 X108.206 Y123.804 E4.19789
G1 X104.952 Y122.932 E4.31192
G1 X104.262 Y120.359 E4.40209
G1 X103.929 Y120.27 E4.41376
G1 X103.818 Y119.819 E4.42948
G1 X104.368 Y119.966 E4.44875
G1 X106.251 Y118.083 E4.53889
G1 X109.505 Y118.954 E4.65291
G1 X110.194 Y121.527 E4.74307
G1 X113.448 Y122.399 E4.8571
G1 X115.332 Y120.516 E4.94726
G1 X118.586 Y121.388 E5.06129
G1 X119.275 Y123.961 E5.15145
G1 X122.529 Y124.832 E5.26547
G1 X124.413 Y122.949 E5.35563
G1 X125.357 Y123.202 E5.38871
G1 X125.454 Y122.807 E5.40248
G1 X124.518 Y122.556 E5.43528
G1 X123.829 Y119.983 E5.52544
G1 X120.575 Y119.111 E5.63947
G1 X118.691 Y120.994 E5.72963
G1 X115.437 Y120.123 E5.84365
G1 X114.748 Y117.55 E5.93381
G1 X111.494 Y116.678 E6.04784
G1 X109.61 Y118.561 E6.138
G1 X106.356 Y117.689 E6.25203
G1 X105.667 Y115.116 E6.34219
G1 X102.446 Y114.253 E6.45506
G1 X103.769 Y119.621 E6.6422
G1 E5.2422 F4800
;WIPE_START
G1 F5760
G1 X103.588 Y118.885 E4.6422
;WIPE_END
G92 E0
G1 X101.378 Y111.495 F7200
G1 E2 F4800
G1 F9000
G1 X97.487 Y111.495 E2.13171
G1 X98.575 Y110.407 E2.18379
G1 X101.829 Y111.278 E2.29781
G1 X102.518 Y113.851 E2.38797
G1 X105.772 Y114.723 E2.502
G1 X107.656 Y112.84 E2.59216
G1 X110.91 Y113.712 E2.70619
G1 X111.599 Y116.285 E2.79635
G1 X114.853 Y117.156 E2.91037
G1 X116.737 Y115.273 E3.00053
G1 X119.991 Y116.145 E3.11456
G1 X120.68 Y118.718 E3.20472
G1 X123.934 Y119.59 E3.31875
G1 X125.817 Y117.706 E3.40891
G1 X126.656 Y117.931 E3.43831
G1 X126.753 Y117.536 E3.45208
G1 X125.923 Y117.313 E3.48117
G1 X125.233 Y114.74 E3.57134
G1 X121.979 Y113.868 E3.68537
G1 X120.096 Y115.752 E3.77553
G1 X116.842 Y114.88 E3.88956
G1 X116.153 Y112.307 E3.97972
G1 X112.899 Y111.435 E4.09375
G1 X111.015 Y113.318 E4.18391
G1 X107.761 Y112.447 E4.29793
G1 X107.072 Y109.874 E4.38809
G1 X103.818 Y109.002 E4.50212
G1 X101.934 Y110.885 E4.59228
G1 X98.68 Y110.013 E4.70631
G1 X97.991 Y107.441 E4.79644
G1 X94.737 Y106.569 E4.91047
G1 X92.854 Y108.452 E5.00061
G1 X89.6 Y107.58 E5.11464
G1 X88.91 Y105.007 E5.20481
G1 X85.656 Y104.135 E5.31884
G1 X83.773 Y106.019 E5.409
G1 X82.799 Y105.758 E5.44313
G1 X82.799 Y106.18 E5.45741
G1 X83.668 Y106.412 E5.48785
G1 X84.357 Y108.985 E5.57801
G1 X87.611 Y109.857 E5.69204
G1 X89.494 Y107.973 E5.7822
G1 X92.748 Y108.845 E5.89623
G1 X93.438 Y111.418 E5.9864
G1 X93.724 Y111.495 E5.99643
G1 X87.839 Y111.495 E6.19563
G1 X87.506 Y110.25 E6.23925
G1 X84.252 Y109.378 E6.35328
G1 X82.799 Y110.83 E6.42281
G1 X82.799 Y111.495 E6.44532
G1 X87.635 Y111.495 E6.60901
G1 E5.20901 F4800
;WIPE_START
G1 F5760
G1 X86.877 Y111.495 E4.60901
;WIPE_END
G92 E0
G1 X82.799 Y105.555 F7200
G1 E2 F4800
G1 F9000
G1 X82.799 Y100.56 E2.16907
G1 X85.072 Y101.169 E2.24872
G1 X85.762 Y103.742 E2.33889
G1 X89.016 Y104.614 E2.45292
G1 X90.899 Y102.731 E2.54306
G1 X94.153 Y103.603 E2.65709
G1 X94.842 Y106.175 E2.74722
G1 X98.096 Y107.047 E2.86125
G1 X99.98 Y105.164 E2.95141
G1 X103.234 Y106.036 E3.06544
G1 X103.923 Y108.609 E3.1556
G1 X107.177 Y109.48 E3.26962
G1 X109.061 Y107.597 E3.35978
G1 X112.315 Y108.469 E3.47381
G1 X113.004 Y111.042 E3.56397
G1 X116.258 Y111.914 E3.678
G1 X118.141 Y110.03 E3.76816
G1 X121.395 Y110.902 E3.88219
G1 X122.085 Y113.475 E3.97236
G1 X125.339 Y114.347 E4.08639
G1 X127.222 Y112.463 E4.17655
G1 X127.955 Y112.66 E4.20224
G1 X128.053 Y112.264 E4.21605
G1 X127.328 Y112.07 E4.24145
G1 X126.638 Y109.497 E4.33162
G1 X123.384 Y108.625 E4.44565
G1 X121.501 Y110.509 E4.53581
G1 X118.247 Y109.637 E4.64984
G1 X117.557 Y107.064 E4.74001
G1 X114.303 Y106.192 E4.85404
G1 X112.42 Y108.076 E4.9442
G1 X109.166 Y107.204 E5.05823
G1 X108.477 Y104.631 E5.14839
G1 X105.223 Y103.759 E5.26242
G1 X103.339 Y105.643 E5.35261
G1 X100.085 Y104.771 E5.46664
G1 X99.396 Y102.198 E5.5568
G1 X96.142 Y101.326 E5.67083
G1 X94.258 Y103.209 E5.76099
G1 X91.005 Y102.337 E5.87499
G1 X90.315 Y99.765 E5.96513
G1 X87.061 Y98.893 E6.07916
G1 X85.178 Y100.776 E6.1693
G1 X82.799 Y100.139 E6.25266
G1 X82.799 Y96.505 E6.37567
G1 X86.429 Y96.505 E6.49854
G1 E5.09854 F4800
;WIPE_START
G1 F5760
G1 X85.671 Y96.505 E4.49854
;WIPE_END
G92 E0
G1 X128.101 Y112.067 F7200
G1 E2 F4800
G1 F9000
G1 X128.242 Y111.495 E2.01994
G1 X132.029 Y111.495 E2.14813
G1 X132.465 Y111.059 E2.169
G1 X134.093 Y111.495 E2.22605
G1 X133.697 Y111.495 E2.23945
G1 E.83945 F4800
;WIPE_START
G1 F5760
G1 X134.093 Y111.495 E.52595
G1 X133.743 Y111.401 E.23945
;WIPE_END
G92 E0
G1 X146.637 Y111.495 F7200
G1 E2 F4800
G1 F9000
G1 X141.221 Y111.495 E2.18333
G1 X140.962 Y110.526 E2.21728
G1 X137.708 Y109.654 E2.33131
G1 X135.867 Y111.495 E2.41944
G1 X135.666 Y111.495 E2.42624
G1 X132.57 Y110.665 E2.53474
G1 X131.881 Y108.092 E2.6249
G1 X128.627 Y107.221 E2.73892
G1 X126.743 Y109.104 E2.82908
G1 X123.49 Y108.232 E2.94308
G1 X122.8 Y105.659 E3.03325
G1 X119.546 Y104.787 E3.14728
G1 X117.663 Y106.671 E3.23744
G1 X114.409 Y105.799 E3.35147
G1 X113.719 Y103.226 E3.44164
G1 X110.465 Y102.354 E3.55567
G1 X108.582 Y104.238 E3.64583
G1 X105.328 Y103.366 E3.75986
G1 X104.639 Y100.793 E3.85002
G1 X101.385 Y99.921 E3.96405
G1 X99.501 Y101.805 E4.05424
G1 X96.247 Y100.933 E4.16827
G1 X95.558 Y98.36 E4.25843
G1 X92.304 Y97.488 E4.37246
G1 X90.42 Y99.371 E4.46262
G1 X87.167 Y98.499 E4.57662
G1 X86.632 Y96.505 E4.6465
G1 X92.251 Y96.505 E4.8367
G1 X92.409 Y97.095 E4.85737
G1 X95.663 Y97.967 E4.9714
G1 X97.125 Y96.505 E5.04139
G1 X99.122 Y96.505 E5.10899
G1 X100.801 Y96.955 E5.16783
G1 X101.49 Y99.528 E5.25799
G1 X104.744 Y100.4 E5.37202
G1 X106.627 Y98.516 E5.46218
G1 X109.881 Y99.388 E5.57621
G1 X110.571 Y101.961 E5.66638
G1 X113.825 Y102.833 E5.78041
G1 X115.708 Y100.949 E5.87057
G1 X118.962 Y101.821 E5.9846
G1 X119.652 Y104.394 E6.07477
G1 X122.905 Y105.266 E6.18877
G1 X124.789 Y103.383 E6.27893
G1 X128.043 Y104.255 E6.39296
G1 X128.732 Y106.827 E6.48309
G1 X131.986 Y107.699 E6.59712
G1 X133.87 Y105.816 E6.68728
G1 X137.124 Y106.688 E6.80131
G1 X137.813 Y109.261 E6.89147
G1 X141.067 Y110.132 E7.00549
G1 X142.95 Y108.249 E7.09563
G1 X146.204 Y109.121 E7.20966
G1 X146.841 Y111.495 E7.29286
G1 X147.201 Y111.495 E7.30505
G1 X147.201 Y107.837 E7.42887
G1 X146.31 Y108.728 E7.47152
G1 X143.056 Y107.856 E7.58555
G1 X142.366 Y105.283 E7.67572
G1 X139.112 Y104.411 E7.78975
G1 X137.229 Y106.294 E7.87989
G1 X133.975 Y105.423 E7.99391
G1 X133.286 Y102.85 E8.08407
G1 X130.032 Y101.978 E8.1981
G1 X128.148 Y103.861 E8.28826
G1 X124.894 Y102.989 E8.40229
G1 X124.205 Y100.417 E8.49242
G1 X120.951 Y99.545 E8.60645
G1 X119.068 Y101.428 E8.69659
G1 X115.814 Y100.556 E8.81062
G1 X115.124 Y97.983 E8.90079
G1 X111.87 Y97.111 E9.01482
G1 X109.987 Y98.995 E9.10498
G1 X106.733 Y98.123 E9.21901
G1 X106.299 Y96.505 E9.27571
G1 X100.963 Y96.505 E9.45633
G1 X100.906 Y96.562 E9.45906
G1 X100.38 Y96.505 E9.47697
G1 E8.07697 F4800
;WIPE_START
G1 F5760
G1 X100.906 Y96.562 E7.65812
G1 X100.963 Y96.505 E7.5943
G1 X101.111 Y96.505 E7.47697
;WIPE_END
G92 E0
G1 X106.503 Y96.505 F7200
G1 E2 F4800
G1 F9000
G1 X111.919 Y96.505 E2.18333
G1 X111.976 Y96.718 E2.19079
G1 X115.23 Y97.59 E2.30482
G1 X116.315 Y96.505 E2.35676
G1 X120.093 Y96.505 E2.48464
G1 X120.367 Y96.579 E2.49425
G1 X121.056 Y99.151 E2.58438
G1 X124.31 Y100.023 E2.69841
G1 X126.194 Y98.14 E2.78857
G1 X129.448 Y99.012 E2.9026
G1 X130.137 Y101.585 E2.99276
G1 X133.391 Y102.457 E3.10679
G1 X135.275 Y100.573 E3.19698
G1 X138.528 Y101.445 E3.31098
G1 X139.218 Y104.018 E3.40115
G1 X142.472 Y104.89 E3.51518
G1 X144.355 Y103.006 E3.60534
G1 X147.201 Y103.769 E3.70508
G1 X147.201 Y103.347 E3.71936
G1 X144.461 Y102.613 E3.81538
G1 X143.771 Y100.04 E3.90555
G1 X140.517 Y99.168 E4.01958
G1 X138.634 Y101.052 E4.10974
G1 X135.38 Y100.18 E4.22377
G1 X134.69 Y97.607 E4.31394
G1 X131.437 Y96.735 E4.42794
G1 X129.553 Y98.619 E4.51813
G1 X126.299 Y97.747 E4.63216
G1 X125.966 Y96.505 E4.67569
G1 X120.297 Y96.505 E4.86758
G1 E3.46758 F4800
;WIPE_START
G1 F5760
G1 X121.055 Y96.505 E2.86758
;WIPE_END
G92 E0
G1 X132.548 Y96.505 F7200
G1 E2 F4800
G1 F9000
G1 X132.152 Y96.505 E2.0134
G1 X134.796 Y97.214 E2.10606
G1 X135.504 Y96.505 E2.13998
G1 X140.014 Y96.505 E2.29264
G1 X140.623 Y98.775 E2.37219
G1 X143.877 Y99.647 E2.48622
G1 X145.76 Y97.763 E2.57638
G1 X147.201 Y98.149 E2.62688
G1 X147.201 Y97.728 E2.64113
G1 X145.865 Y97.37 E2.68795
G1 X145.634 Y96.505 E2.71826
G1 X140.218 Y96.505 E2.90159
;LAYER_CHANGE
;Z:2.08
;HEIGHT:0.2
; BEFORE_LAYER_CHANGE 9 @ 2.08mm
G1 E1.50159 F4800
;WIPE_START
G1 F5760
G1 X140.976 Y96.505 E.90159
;WIPE_END
G92 E0
G1 Z2.08 F7200
; AFTER_LAYER_CHANGE 9 @ 2.08mm
G1 X100.944 Y112.591
G1 E2 F4800
;TYPE:External perimeter
G1 X100.935 Y112.555 E2.00126
G1 X81.739 Y112.555 E2.65102
G1 X81.739 Y95.445 E3.23017
G1 X138.314 Y95.445 E5.14517
G1 X148.261 Y95.445 E5.48186
G1 X148.261 Y112.555 E6.06101
G1 X129.073 Y112.555 E6.7105
G1 X125.382 Y127.531 E7.23259
G1 X124.641 Y129.347 E7.29898
G1 X123.369 Y131.034 E7.3705
G1 X121.642 Y132.49 E7.44696
G1 X119.578 Y133.61 E7.52645
G1 X117.322 Y134.314 E7.60644
G1 X115.031 Y134.554 E7.68441
G1 X112.686 Y134.314 E7.7642
G1 X110.43 Y133.61 E7.84419
G1 X108.366 Y132.49 E7.92368
G1 X106.639 Y131.034 E8.00014
G1 X105.367 Y129.347 E8.07166
G1 X104.627 Y127.531 E8.13804
G1 X100.959 Y112.65 E8.65682
G1 X101.259 Y112.271 F7200
;TYPE:Perimeter
;WIDTH:0.4
G1 F9000
G1 X101.235 Y112.173 E8.65982
G1 X82.121 Y112.173 E9.22734
G1 X82.121 Y95.827 E9.71267
G1 X138.314 Y95.827 E11.38111
G1 X147.879 Y95.827 E11.66511
G1 X147.879 Y112.173 E12.15044
G1 X128.773 Y112.173 E12.71772
G1 X125.017 Y127.413 E13.18376
G1 X124.306 Y129.157 E13.23968
G1 X123.09 Y130.77 E13.29966
G1 X121.426 Y132.173 E13.36428
G1 X119.429 Y133.256 E13.43173
G1 X117.245 Y133.938 E13.49966
G1 X115.03 Y134.17 E13.56579
G1 X112.763 Y133.938 E13.63345
G1 X110.579 Y133.256 E13.70138
G1 X108.583 Y132.173 E13.76881
G1 X106.918 Y130.77 E13.83346
G1 X105.702 Y129.157 E13.89344
G1 X104.991 Y127.413 E13.94936
G1 X101.273 Y112.329 E14.41063
G1 X101.553 Y111.972 F7200
G1 F9000
G1 X101.515 Y111.816 E14.4154
G1 X82.478 Y111.816 E14.98063
G1 X82.478 Y96.184 E15.44476
G1 X138.314 Y96.184 E17.1026
G1 X147.522 Y96.184 E17.376
G1 X147.522 Y111.816 E17.84013
G1 X128.494 Y111.816 E18.4051
G1 X124.677 Y127.302 E18.87866
G1 X123.993 Y128.979 E18.93243
G1 X122.829 Y130.523 E18.98984
G1 X121.223 Y131.876 E19.05219
G1 X119.289 Y132.926 E19.11753
G1 X117.172 Y133.586 E19.18337
G1 X115.03 Y133.811 E19.24732
G1 X112.835 Y133.586 E19.31283
G1 X110.719 Y132.926 E19.37864
G1 X108.785 Y131.876 E19.44398
G1 X107.179 Y130.523 E19.50633
G1 X106.015 Y128.979 E19.56374
G1 X105.331 Y127.302 E19.61751
G1 X101.567 Y112.03 E20.08452
G1 E18.68452 F4800
;WIPE_START
G1 F5760
G1 X101.553 Y111.972 E18.63728
G1 X101.515 Y111.816 E18.51017
G1 X100.977 Y111.816 E18.08452
;WIPE_END
G92 E0
G1 X114.661 Y124.69 F7200
G1 E2 F4800
;TYPE:External perimeter
;WIDTH:0.45
G1 F4860
G1 X114.881 Y124.668 E2.00748
G1 X115.001 Y124.656 E2.01156
G1 X115.342 Y124.69 E2.02316
G1 X115.67 Y124.789 E2.03476
G1 X115.972 Y124.951 E2.04636
G1 X116.236 Y125.168 E2.05793
G1 X116.453 Y125.432 E2.0695
G1 X116.615 Y125.734 E2.0811
G1 X116.714 Y126.062 E2.0927
G1 X116.748 Y126.403 E2.1043
G1 X116.714 Y126.743 E2.11587
G1 X116.615 Y127.071 E2.12747
G1 X116.453 Y127.373 E2.13907
G1 X116.236 Y127.637 E2.15064
G1 X115.972 Y127.854 E2.16221
G1 X115.67 Y128.016 E2.17381
G1 X115.342 Y128.115 E2.18541
G1 X115.001 Y128.149 E2.19701
G1 X114.661 Y128.115 E2.20858
G1 X114.333 Y128.016 E2.22018
G1 X114.031 Y127.854 E2.23178
G1 X113.767 Y127.637 E2.24335
G1 X113.55 Y127.373 E2.25492
G1 X113.388 Y127.071 E2.26652
G1 X113.289 Y126.743 E2.27812
G1 X113.255 Y126.403 E2.28969
G1 X113.289 Y126.062 E2.30129
G1 X113.388 Y125.734 E2.31289
G1 X113.55 Y125.432 E2.32449
G1 X113.767 Y125.168 E2.33606
G1 X114.031 Y124.951 E2.34763
G1 X114.333 Y124.789 E2.35923
G1 X114.603 Y124.707 E2.36878
G1 X114.586 Y124.313 F7200
;TYPE:Perimeter
;WIDTH:0.4
G1 F4860
G1 X114.843 Y124.288 E2.37645
G1 X115.001 Y124.272 E2.38117
G1 X115.417 Y124.313 E2.39358
G1 X115.817 Y124.435 E2.406
G1 X116.185 Y124.631 E2.41838
G1 X116.508 Y124.896 E2.43078
G1 X116.773 Y125.219 E2.44318
G1 X116.969 Y125.587 E2.45556
G1 X117.091 Y125.987 E2.46798
G1 X117.132 Y126.403 E2.48039
G1 X117.091 Y126.818 E2.49277
G1 X116.969 Y127.218 E2.50519
G1 X116.773 Y127.586 E2.51757
G1 X116.508 Y127.909 E2.52997
G1 X116.185 Y128.174 E2.54237
G1 X115.817 Y128.371 E2.55476
G1 X115.417 Y128.492 E2.56717
G1 X115.001 Y128.533 E2.57958
G1 X114.586 Y128.492 E2.59196
G1 X114.186 Y128.371 E2.60437
G1 X113.818 Y128.174 E2.61676
G1 X113.495 Y127.909 E2.62916
G1 X113.23 Y127.586 E2.64156
G1 X113.034 Y127.218 E2.65394
G1 X112.912 Y126.818 E2.66636
G1 X112.871 Y126.403 E2.67874
G1 X112.912 Y125.987 E2.69115
G1 X113.034 Y125.587 E2.70357
G1 X113.23 Y125.219 E2.71595
G1 X113.495 Y124.896 E2.72835
G1 X113.818 Y124.631 E2.74075
G1 X114.186 Y124.435 E2.75313
G1 X114.529 Y124.331 E2.76377
G1 X114.516 Y123.961 F7200
G1 F4860
G1 X114.808 Y123.933 E2.77248
G1 X115.001 Y123.914 E2.77824
G1 X115.487 Y123.961 E2.79274
G1 X115.954 Y124.103 E2.80723
G1 X116.384 Y124.333 E2.82171
G1 X116.761 Y124.643 E2.8362
G1 X117.071 Y125.02 E2.85069
G1 X117.301 Y125.45 E2.86517
G1 X117.443 Y125.917 E2.87966
G1 X117.49 Y126.403 E2.89416
G1 X117.443 Y126.888 E2.90863
G1 X117.301 Y127.355 E2.92312
G1 X117.071 Y127.785 E2.9376
G1 X116.761 Y128.162 E2.95209
G1 X116.384 Y128.472 E2.96658
G1 X115.954 Y128.702 E2.98106
G1 X115.487 Y128.844 E2.99555
G1 X115.001 Y128.891 E3.01005
G1 X114.516 Y128.844 E3.02452
G1 X114.049 Y128.702 E3.03901
G1 X113.619 Y128.472 E3.05349
G1 X113.242 Y128.162 E3.06798
G1 X112.932 Y127.785 E3.08247
G1 X112.702 Y127.355 E3.09695
G1 X112.56 Y126.888 E3.11144
G1 X112.513 Y126.403 E3.12591
G1 X112.56 Y125.917 E3.14041
G1 X112.702 Y125.45 E3.1549
G1 X112.932 Y125.02 E3.16938
G1 X113.242 Y124.643 E3.18387
G1 X113.619 Y124.333 E3.19836
G1 X114.049 Y124.103 E3.21284
G1 X114.459 Y123.979 E3.22556
G1 E1.82556 F4800
;WIPE_START
G1 F5760
G1 X114.516 Y123.961 E1.77824
G1 X114.808 Y123.933 E1.54601
G1 X115.001 Y123.914 E1.39248
G1 X115.211 Y123.934 E1.22556
;WIPE_END
G92 E0
G1 X117.612 Y125.37 F7200
G1 E2 F4800
;TYPE:Internal infill
;WIDTH:0.45
G1 F9000
G1 X117.339 Y124.841 E2.02015
G1 X116.99 Y124.415 E2.03879
G1 X116.563 Y124.065 E2.05748
G1 X116.077 Y123.805 E2.07614
G1 X115.55 Y123.645 E2.09478
G1 X115.001 Y123.591 E2.11345
G1 X114.453 Y123.645 E2.13209
G1 X113.926 Y123.805 E2.15073
G1 X113.653 Y123.951 E2.16121
G1 X113.343 Y122.792 E2.20182
G1 X115.725 Y120.41 E2.31585
G1 X118.298 Y121.1 E2.40602
G1 X120.68 Y118.718 E2.52005
G1 X119.991 Y116.145 E2.61021
G1 X122.373 Y113.763 E2.72424
G1 X124.945 Y114.452 E2.81437
G1 X127.328 Y112.07 E2.92842
G1 X126.638 Y109.497 E3.01859
G1 X129.02 Y107.115 E3.13262
G1 X131.593 Y107.805 E3.22279
G1 X133.975 Y105.423 E3.33682
G1 X133.286 Y102.85 E3.42698
G1 X135.668 Y100.468 E3.54101
G1 X138.241 Y101.157 E3.63117
G1 X140.623 Y98.775 E3.7452
G1 X140.014 Y96.505 E3.82475
G1 X145.43 Y96.505 E4.00808
G1 E2.60808 F4800
;WIPE_START
G1 F5760
G1 X144.672 Y96.505 E2.00808
;WIPE_END
G92 E0
G1 X147.201 Y98.142 F7200
G1 E2 F4800
G1 F9000
G1 X147.201 Y103.558 E2.18333
G1 X144.748 Y102.901 E2.26929
G1 X142.366 Y105.283 E2.38332
G1 X143.056 Y107.856 E2.47349
G1 X140.674 Y110.238 E2.58752
G1 X138.101 Y109.548 E2.67769
G1 X136.154 Y111.495 E2.77089
G1 X135.579 Y111.495 E2.79035
G1 X137.813 Y109.261 E2.89729
G1 X137.124 Y106.688 E2.98745
G1 X139.506 Y104.306 E3.10148
G1 X142.079 Y104.995 E3.19164
G1 X144.461 Y102.613 E3.30567
G1 X143.771 Y100.04 E3.39584
G1 X146.153 Y97.658 E3.50987
G1 X147.201 Y97.939 E3.5466
G1 X147.201 Y96.505 E3.59514
G1 X145.634 Y96.505 E3.64818
G1 X145.865 Y97.37 E3.67849
G1 X143.483 Y99.752 E3.79252
G1 X140.91 Y99.063 E3.88268
G1 X138.528 Y101.445 E3.99671
G1 X139.218 Y104.018 E4.08688
G1 X136.836 Y106.4 E4.20091
G1 X134.263 Y105.71 E4.29108
G1 X131.881 Y108.092 E4.40511
G1 X132.57 Y110.665 E4.49527
G1 X131.741 Y111.495 E4.53498
G1 X132.317 Y111.495 E4.55448
G1 X132.858 Y110.953 E4.5804
G1 X134.879 Y111.495 E4.65123
G1 X135.375 Y111.495 E4.66802
G1 X136.358 Y111.495 F7200
G1 F9000
G1 X141.221 Y111.495 E4.83263
G1 X140.962 Y110.526 E4.86658
G1 X143.344 Y108.144 E4.98061
G1 X145.917 Y108.833 E5.07077
G1 X147.201 Y107.549 E5.13223
G1 X147.201 Y108.125 E5.15173
G1 X146.204 Y109.121 E5.19943
G1 X146.841 Y111.495 E5.28263
G1 X141.425 Y111.495 E5.46596
G1 E4.06596 F4800
;WIPE_START
G1 F5760
G1 X142.183 Y111.495 E3.46596
;WIPE_END
G92 E0
G1 X126.753 Y117.536 F7200
G1 E2 F4800
G1 F9000
G1 X128.004 Y112.462 E2.17689
G1 X127.615 Y112.358 E2.19052
G1 X125.233 Y114.74 E2.30455
G1 X125.923 Y117.313 E2.39472
G1 X123.541 Y119.695 E2.50875
G1 X120.968 Y119.006 E2.59891
G1 X118.586 Y121.388 E2.71294
G1 X119.275 Y123.961 E2.8031
G1 X117.671 Y125.565 E2.87988
G1 X117.777 Y126.035 E2.89619
G1 X119.563 Y124.248 E2.98171
G1 X122.136 Y124.938 E3.07188
G1 X124.518 Y122.556 E3.18591
G1 X123.829 Y119.983 E3.27607
G1 X126.211 Y117.601 E3.3901
G1 X126.705 Y117.733 E3.40741
G1 X125.405 Y123.004 E3.59117
G1 X124.806 Y122.844 E3.61216
G1 X122.424 Y125.226 E3.72619
G1 X123.113 Y127.798 E3.81632
G1 X120.731 Y130.181 E3.93037
G1 X118.158 Y129.491 E4.02054
G1 X115.776 Y131.873 E4.13457
G1 X116.177 Y133.368 E4.18696
G1 X117.107 Y133.27 E4.21861
G1 X119.164 Y132.628 E4.29155
G1 X121.041 Y131.61 E4.36383
G1 X121.273 Y131.415 E4.37409
G1 X121.019 Y130.468 E4.40728
G1 X123.401 Y128.086 E4.52131
G1 X123.95 Y128.234 E4.54056
G1 X124.371 Y127.203 E4.57826
G1 X125.357 Y123.202 E4.71774
G1 E3.31774 F4800
;WIPE_START
G1 F5760
G1 X125.176 Y123.938 E2.71774
;WIPE_END
G92 E0
G1 X112.532 Y127.717 F7200
G1 E2 F4800
G1 F9000
G1 X112.664 Y127.965 E2.00951
G1 X113.013 Y128.391 E2.02815
G1 X113.44 Y128.74 E2.04682
G1 X113.926 Y129 E2.06548
G1 X114.453 Y129.16 E2.08412
G1 X115.001 Y129.214 E2.10276
G1 X115.55 Y129.16 E2.12143
G1 X116.077 Y129 E2.14007
G1 X116.563 Y128.74 E2.15873
G1 X116.99 Y128.391 E2.1774
G1 X117.339 Y127.965 E2.19604
G1 X117.472 Y127.716 E2.2056
G1 X117.87 Y129.203 E2.2577
G1 X115.488 Y131.585 E2.37173
G1 X112.915 Y130.896 E2.46189
G1 X111.102 Y132.709 E2.54868
G1 X110.691 Y132.545 E2.56366
G1 X112.628 Y130.608 E2.65638
G1 X111.938 Y128.035 E2.74655
G1 X112.436 Y127.538 E2.77037
G1 X112.291 Y127.106 E2.78579
G1 X111.65 Y127.747 E2.81647
G1 X109.077 Y127.058 E2.90663
G1 X106.735 Y129.4 E3.01874
G1 X106.488 Y129.072 E3.03264
G1 X108.79 Y126.77 E3.14284
G1 X108.1 Y124.197 E3.23301
G1 X110.482 Y121.815 E3.34704
G1 X113.055 Y122.505 E3.43721
G1 X115.437 Y120.123 E3.55124
G1 X114.748 Y117.55 E3.6414
G1 X117.13 Y115.168 E3.75543
G1 X119.703 Y115.857 E3.84559
G1 X122.085 Y113.475 E3.95962
G1 X121.395 Y110.902 E4.04979
G1 X123.777 Y108.52 E4.16382
G1 X126.35 Y109.209 E4.25398
G1 X128.732 Y106.827 E4.36801
G1 X128.043 Y104.255 E4.45814
G1 X130.425 Y101.872 E4.57219
G1 X132.998 Y102.562 E4.66236
G1 X135.38 Y100.18 E4.77639
G1 X134.69 Y97.607 E4.86656
G1 X135.792 Y96.505 E4.91931
G1 X135.217 Y96.505 E4.93877
G1 X134.403 Y97.319 E4.97774
G1 X131.83 Y96.63 E5.0679
G1 X129.448 Y99.012 E5.18193
G1 X130.137 Y101.585 E5.27209
G1 X127.755 Y103.967 E5.38612
G1 X125.182 Y103.277 E5.47629
G1 X122.8 Y105.659 E5.59032
G1 X123.49 Y108.232 E5.68049
G1 X121.107 Y110.614 E5.79454
G1 X118.535 Y109.925 E5.88467
G1 X116.153 Y112.307 E5.9987
G1 X116.842 Y114.88 E6.08886
G1 X114.46 Y117.262 E6.20289
G1 X111.887 Y116.572 E6.29306
G1 X109.505 Y118.954 E6.40709
G1 X110.194 Y121.527 E6.49725
G1 X107.812 Y123.909 E6.61128
G1 X105.239 Y123.22 E6.70144
G1 X104.771 Y123.688 E6.72384
G1 X104.658 Y123.226 E6.73994
G1 X104.952 Y122.932 E6.75401
G1 X104.262 Y120.359 E6.84418
G1 X106.644 Y117.977 E6.95821
G1 X109.217 Y118.667 E7.04838
G1 X111.599 Y116.285 E7.16241
G1 X110.91 Y113.712 E7.25257
G1 X113.292 Y111.33 E7.3666
G1 X115.865 Y112.019 E7.45676
G1 X118.247 Y109.637 E7.57079
G1 X117.557 Y107.064 E7.66096
G1 X119.939 Y104.682 E7.77499
G1 X122.512 Y105.371 E7.86515
G1 X124.894 Y102.989 E7.97918
G1 X124.205 Y100.417 E8.06931
G1 X126.587 Y98.034 E8.18336
G1 X129.16 Y98.724 E8.27353
G1 X131.379 Y96.505 E8.37975
G1 X125.966 Y96.505 E8.56297
G1 X126.299 Y97.747 E8.6065
G1 X123.917 Y100.129 E8.72053
G1 X121.344 Y99.439 E8.8107
G1 X118.962 Y101.821 E8.92473
G1 X119.652 Y104.394 E9.0149
G1 X117.27 Y106.776 E9.12893
G1 X114.697 Y106.087 E9.21909
G1 X112.315 Y108.469 E9.33312
G1 X113.004 Y111.042 E9.42328
G1 X110.622 Y113.424 E9.53731
G1 X108.049 Y112.734 E9.62748
G1 X105.667 Y115.116 E9.74151
G1 X106.356 Y117.689 E9.83167
G1 X103.974 Y120.071 E9.9457
G1 X103.873 Y120.044 E9.94924
G1 X102.543 Y114.648 E10.13735
G1 E8.73735 F4800
;WIPE_START
G1 F5760
G1 X102.724 Y115.384 E8.13735
;WIPE_END
G92 E0
G1 X88.043 Y111.495 F7200
G1 E2 F4800
G1 F9000
G1 X93.361 Y111.495 E2.18001
G1 X93.438 Y111.418 E2.1837
G1 X92.748 Y108.845 E2.27387
G1 X95.13 Y106.463 E2.3879
G1 X97.703 Y107.153 E2.47807
G1 X100.085 Y104.771 E2.5921
G1 X99.396 Y102.198 E2.68226
G1 X101.778 Y99.816 E2.79629
G1 X104.351 Y100.505 E2.88645
G1 X106.733 Y98.123 E3.00048
G1 X106.299 Y96.505 E3.05718
G1 X111.919 Y96.505 E3.24741
G1 X111.976 Y96.718 E3.25487
G1 X109.594 Y99.1 E3.3689
G1 X107.021 Y98.411 E3.45906
G1 X104.639 Y100.793 E3.57309
G1 X105.328 Y103.366 E3.66325
G1 X102.946 Y105.748 E3.77728
G1 X100.373 Y105.058 E3.86745
G1 X97.991 Y107.441 E3.9815
G1 X98.68 Y110.013 E4.07163
G1 X97.199 Y111.495 E4.14255
G1 X97.775 Y111.495 E4.16205
G1 X98.968 Y110.301 E4.21918
G1 X101.541 Y110.991 E4.30935
G1 X103.923 Y108.609 E4.42338
G1 X103.234 Y106.036 E4.51354
G1 X105.616 Y103.654 E4.62757
G1 X108.189 Y104.343 E4.71773
G1 X110.571 Y101.961 E4.83176
G1 X109.881 Y99.388 E4.92193
G1 X112.263 Y97.006 E5.03596
G1 X114.836 Y97.696 E5.12613
G1 X116.027 Y96.505 E5.18314
G1 X116.602 Y96.505 E5.2026
G1 X115.124 Y97.983 E5.27335
G1 X115.814 Y100.556 E5.36352
G1 X113.432 Y102.938 E5.47755
G1 X110.859 Y102.249 E5.56771
G1 X108.477 Y104.631 E5.68174
G1 X109.166 Y107.204 E5.7719
G1 X106.784 Y109.586 E5.88593
G1 X104.211 Y108.896 E5.9761
G1 X101.829 Y111.278 E6.09013
G1 X102.518 Y113.851 E6.18029
G1 X102.381 Y113.989 E6.18687
G1 X102.495 Y114.451 E6.20298
G1 X102.806 Y114.139 E6.21789
G1 X105.379 Y114.829 E6.30806
G1 X107.761 Y112.447 E6.42209
G1 X107.072 Y109.874 E6.51225
G1 X109.454 Y107.492 E6.62628
G1 X112.027 Y108.181 E6.71644
G1 X114.409 Y105.799 E6.83047
G1 X113.719 Y103.226 E6.92064
G1 X116.101 Y100.844 E7.03467
G1 X118.674 Y101.533 E7.12483
G1 X121.056 Y99.151 E7.23886
G1 X120.367 Y96.579 E7.32899
G1 X120.44 Y96.505 E7.33251
G1 X125.763 Y96.505 E7.51269
G1 E6.11269 F4800
;WIPE_START
G1 F5760
G1 X125.005 Y96.505 E5.51269
;WIPE_END
G92 E0
G1 X97.616 Y96.505 F7200
G1 E2 F4800
G1 F9000
G1 X99.908 Y96.505 E2.07758
G1 X100.513 Y96.667 E2.09878
G1 X100.675 Y96.505 E2.10653
G1 X101.25 Y96.505 E2.12599
G1 X100.801 Y96.955 E2.14751
G1 X101.49 Y99.528 E2.23767
G1 X99.108 Y101.91 E2.3517
G1 X96.535 Y101.22 E2.44187
G1 X94.153 Y103.603 E2.55592
G1 X94.842 Y106.175 E2.64605
G1 X92.46 Y108.557 E2.76008
G1 X89.888 Y107.868 E2.85021
G1 X87.506 Y110.25 E2.96424
G1 X87.839 Y111.495 E3.00786
G1 X82.799 Y111.495 E3.17846
G1 X82.799 Y111.118 E3.19122
G1 X84.645 Y109.273 E3.27956
G1 X87.218 Y109.962 E3.36972
G1 X89.6 Y107.58 E3.48375
G1 X88.91 Y105.007 E3.57392
G1 X91.292 Y102.625 E3.68795
G1 X93.865 Y103.315 E3.77812
G1 X96.247 Y100.933 E3.89215
G1 X95.558 Y98.36 E3.98231
G1 X97.412 Y96.505 E4.07108
G1 X96.837 Y96.505 E4.09054
G1 X95.27 Y98.072 E4.16555
G1 X92.697 Y97.383 E4.25571
G1 X90.315 Y99.765 E4.36974
G1 X91.005 Y102.337 E4.45988
G1 X88.622 Y104.719 E4.57393
G1 X86.05 Y104.03 E4.66406
G1 X83.668 Y106.412 E4.77809
G1 X84.357 Y108.985 E4.86825
G1 X82.799 Y110.543 E4.94283
G1 X82.799 Y105.969 E5.09765
G1 X83.38 Y106.124 E5.118
G1 X85.762 Y103.742 E5.23203
G1 X85.072 Y101.169 E5.3222
G1 X87.454 Y98.787 E5.43623
G1 X90.027 Y99.477 E5.5264
G1 X92.409 Y97.095 E5.64043
G1 X92.251 Y96.505 E5.6611
G1 X86.632 Y96.505 E5.8513
G1 X87.167 Y98.499 E5.92118
G1 X84.784 Y100.882 E6.03525
G1 X82.799 Y100.35 E6.10481
G1 X82.799 Y96.505 E6.23496
G1 X86.429 Y96.505 E6.35783
;LAYER_CHANGE
;Z:2.28
;HEIGHT:0.2
; BEFORE_LAYER_CHANGE 10 @ 2.28mm
G1 E4.95783 F4800
;WIPE_START
G1 F5760
G1 X85.671 Y96.505 E4.35783
;WIPE_END
G92 E0
G1 Z2.28 F7200
; AFTER_LAYER_CHANGE 10 @ 2.28mm
G1 X100.944 Y112.591
G1 E2 F4800
;TYPE:External perimeter
G1 X100.935 Y112.555 E2.00126
G1 X81.739 Y112.555 E2.65102
G1 X81.739 Y95.445 E3.23017
G1 X148.028 Y95.445 E5.47397
G1 X148.261 Y95.445 E5.48186
G1 X148.261 Y112.555 E6.06101
G1 X129.073 Y112.555 E6.7105
G1 X125.382 Y127.531 E7.23259
G1 X124.641 Y129.347 E7.29898
G1 X123.369 Y131.034 E7.3705
G1 X121.642 Y132.49 E7.44696
G1 X119.578 Y133.61 E7.52645
G1 X117.322 Y134.314 E7.60644
G1 X115.031 Y134.554 E7.68441
G1 X112.686 Y134.314 E7.7642
G1 X110.43 Y133.61 E7.84419
G1 X108.366 Y132.49 E7.92368
G1 X106.639 Y131.034 E8.00014
G1 X105.367 Y129.347 E8.07166
G1 X104.627 Y127.531 E8.13804
G1 X100.959 Y112.65 E8.65682
G1 X101.259 Y112.271 F7200
;TYPE:Perimeter
;WIDTH:0.4
G1 F9000
G1 X101.235 Y112.173 E8.65982
G1 X82.121 Y112.173 E9.22734
G1 X82.121 Y95.827 E9.71267
G1 X147.879 Y95.827 E11.66511
G1 X147.879 Y112.173 E12.15044
G1 X128.773 Y112.173 E12.71772
G1 X125.017 Y127.413 E13.18376
G1 X124.306 Y129.157 E13.23968
G1 X123.09 Y130.77 E13.29966
G1 X121.426 Y132.173 E13.36428
G1 X119.429 Y133.256 E13.43173
G1 X117.245 Y133.938 E13.49966
G1 X115.03 Y134.17 E13.56579
G1 X112.763 Y133.938 E13.63345
G1 X110.579 Y133.256 E13.70138
G1 X108.583 Y132.173 E13.76881
G1 X106.918 Y130.77 E13.83346
G1 X105.702 Y129.157 E13.89344
G1 X104.991 Y127.413 E13.94936
G1 X101.273 Y112.329 E14.41063
G1 X101.553 Y111.972 F7200
G1 F9000
G1 X101.515 Y111.816 E14.4154
G1 X82.478 Y111.816 E14.98063
G1 X82.478 Y96.184 E15.44476
G1 X147.522 Y96.184 E17.376
G1 X147.522 Y111.816 E17.84013
G1 X128.494 Y111.816 E18.4051
G1 X124.677 Y127.302 E18.87866
G1 X123.993 Y128.979 E18.93243
G1 X122.829 Y130.523 E18.98984
G1 X121.223 Y131.876 E19.05219
G1 X119.289 Y132.926 E19.11753
G1 X117.172 Y133.586 E19.18337
G1 X115.03 Y133.811 E19.24732
G1 X112.835 Y133.586 E19.31283
G1 X110.719 Y132.926 E19.37864
G1 X108.785 Y131.876 E19.44398
G1 X107.179 Y130.523 E19.50633
G1 X106.015 Y128.979 E19.56374
G1 X105.331 Y127.302 E19.61751
G1 X101.567 Y112.03 E20.08452
G1 E18.68452 F4800
;WIPE_START
G1 F5760
G1 X101.553 Y111.972 E18.63728
G1 X101.515 Y111.816 E18.51017
G1 X100.977 Y111.816 E18.08452
;WIPE_END
G92 E0
G1 X114.661 Y124.69 F7200
G1 E2 F4800
;TYPE:External perimeter
;WIDTH:0.45
G1 F4860
G1 X114.871 Y124.669 E2.00714
G1 X115.001 Y124.656 E2.01156
G1 X115.342 Y124.69 E2.02316
G1 X115.67 Y124.789 E2.03476
G1 X115.972 Y124.951 E2.04636
G1 X116.236 Y125.168 E2.05793
G1 X116.453 Y125.432 E2.0695
G1 X116.615 Y125.734 E2.0811
G1 X116.714 Y126.062 E2.0927
G1 X116.748 Y126.403 E2.1043
G1 X116.714 Y126.743 E2.11587
G1 X116.615 Y127.071 E2.12747
G1 X116.453 Y127.373 E2.13907
G1 X116.236 Y127.637 E2.15064
G1 X115.972 Y127.854 E2.16221
G1 X115.67 Y128.016 E2.17381
G1 X115.342 Y128.115 E2.18541
G1 X115.001 Y128.149 E2.19701
G1 X114.661 Y128.115 E2.20858
G1 X114.333 Y128.016 E2.22018
G1 X114.031 Y127.854 E2.23178
G1 X113.767 Y127.637 E2.24335
G1 X113.55 Y127.373 E2.25492
G1 X113.388 Y127.071 E2.26652
G1 X113.289 Y126.743 E2.27812
G1 X113.255 Y126.403 E2.28969
G1 X113.289 Y126.062 E2.30129
G1 X113.388 Y125.734 E2.31289
G1 X113.55 Y125.432 E2.32449
G1 X113.767 Y125.168 E2.33606
G1 X114.031 Y124.951 E2.34763
G1 X114.333 Y124.789 E2.35923
G1 X114.603 Y124.707 E2.36878
G1 X114.586 Y124.313 F7200
;TYPE:Perimeter
;WIDTH:0.4
G1 F4860
G1 X114.834 Y124.289 E2.37618
G1 X115.001 Y124.272 E2.38116
G1 X115.417 Y124.313 E2.39357
G1 X115.817 Y124.435 E2.40599
G1 X116.185 Y124.631 E2.41837
G1 X116.508 Y124.896 E2.43077
G1 X116.773 Y125.219 E2.44317
G1 X116.969 Y125.587 E2.45555
G1 X117.091 Y125.987 E2.46797
G1 X117.132 Y126.403 E2.48038
G1 X117.091 Y126.818 E2.49276
G1 X116.969 Y127.218 E2.50518
G1 X116.773 Y127.586 E2.51756
G1 X116.508 Y127.909 E2.52996
G1 X116.185 Y128.174 E2.54236
G1 X115.817 Y128.371 E2.55475
G1 X115.417 Y128.492 E2.56716
G1 X115.001 Y128.533 E2.57957
G1 X114.586 Y128.492 E2.59195
G1 X114.186 Y128.371 E2.60436
G1 X113.818 Y128.174 E2.61675
G1 X113.495 Y127.909 E2.62915
G1 X113.23 Y127.586 E2.64155
G1 X113.034 Y127.218 E2.65393
G1 X112.912 Y126.818 E2.66635
G1 X112.871 Y126.403 E2.67873
G1 X112.912 Y125.987 E2.69114
G1 X113.034 Y125.587 E2.70356
G1 X113.23 Y125.219 E2.71594
G1 X113.495 Y124.896 E2.72834
G1 X113.818 Y124.631 E2.74074
G1 X114.186 Y124.435 E2.75312
G1 X114.529 Y124.331 E2.76376
G1 X114.516 Y123.961 F7200
G1 F4860
G1 X114.799 Y123.934 E2.7722
G1 X115.001 Y123.914 E2.77823
G1 X115.487 Y123.961 E2.79273
G1 X115.954 Y124.103 E2.80722
G1 X116.384 Y124.333 E2.8217
G1 X116.761 Y124.643 E2.83619
G1 X117.071 Y125.02 E2.85068
G1 X117.301 Y125.45 E2.86516
G1 X117.443 Y125.917 E2.87965
G1 X117.49 Y126.403 E2.89415
G1 X117.443 Y126.888 E2.90862
G1 X117.301 Y127.355 E2.92311
G1 X117.071 Y127.785 E2.93759
G1 X116.761 Y128.162 E2.95208
G1 X116.384 Y128.472 E2.96657
G1 X115.954 Y128.702 E2.98105
G1 X115.487 Y128.844 E2.99554
G1 X115.001 Y128.891 E3.01004
G1 X114.516 Y128.844 E3.02451
G1 X114.049 Y128.702 E3.039
G1 X113.619 Y128.472 E3.05348
G1 X113.242 Y128.162 E3.06797
G1 X112.932 Y127.785 E3.08246
G1 X112.702 Y127.355 E3.09694
G1 X112.56 Y126.888 E3.11143
G1 X112.513 Y126.403 E3.1259
G1 X112.56 Y125.917 E3.1404
G1 X112.702 Y125.45 E3.15489
G1 X112.932 Y125.02 E3.16937
G1 X113.242 Y124.643 E3.18386
G1 X113.619 Y124.333 E3.19835
G1 X114.049 Y124.103 E3.21283
G1 X114.459 Y123.979 E3.22555
G1 X114.025 Y123.775 F7200
;TYPE:Internal infill
;WIDTH:0.45
G1 F9000
G1 X114.453 Y123.645 E3.24069
G1 X115.001 Y123.591 E3.25933
G1 X115.55 Y123.645 E3.278
G1 X116.077 Y123.805 E3.29664
G1 X116.563 Y124.065 E3.3153
G1 X116.99 Y124.415 E3.33399
G1 X117.339 Y124.841 E3.35263
G1 X117.599 Y125.327 E3.37129
G1 X117.738 Y125.785 E3.38749
G1 X119.17 Y124.354 E3.45602
G1 X118.298 Y121.1 E3.57005
G1 X115.725 Y120.41 E3.66022
G1 X114.853 Y117.156 E3.77425
G1 X116.737 Y115.273 E3.86441
G1 X115.865 Y112.019 E3.97844
G1 X113.292 Y111.33 E4.0686
G1 X112.42 Y108.076 E4.18263
G1 X114.303 Y106.192 E4.27279
G1 X113.432 Y102.938 E4.38681
G1 X110.859 Y102.249 E4.47697
G1 X109.987 Y98.995 E4.591
G1 X111.87 Y97.111 E4.68116
G1 X111.708 Y96.505 E4.70239
G1 X112.129 Y96.505 E4.71664
G1 X112.263 Y97.006 E4.73419
G1 X114.836 Y97.696 E4.82436
G1 X115.708 Y100.949 E4.93836
G1 X113.825 Y102.833 E5.02852
G1 X114.697 Y106.087 E5.14255
G1 X117.27 Y106.776 E5.23271
G1 X118.141 Y110.03 E5.34673
G1 X116.258 Y111.914 E5.43689
G1 X117.13 Y115.168 E5.55092
G1 X119.703 Y115.857 E5.64108
G1 X120.575 Y119.111 E5.75511
G1 X118.691 Y120.994 E5.84527
G1 X119.563 Y124.248 E5.9593
G1 X122.136 Y124.938 E6.04947
G1 X123.008 Y128.192 E6.1635
G1 X121.124 Y130.075 E6.25366
G1 X121.444 Y131.27 E6.29553
G1 X121.101 Y131.56 E6.31073
G1 X120.731 Y130.181 E6.35906
G1 X118.158 Y129.491 E6.44923
G1 X117.61 Y127.444 E6.52096
G1 X117.331 Y127.975 E6.54126
G1 X117.765 Y129.596 E6.59806
G1 X115.882 Y131.48 E6.68822
G1 X116.382 Y133.346 E6.75361
G1 X115.972 Y133.389 E6.76756
G1 X115.488 Y131.585 E6.83078
G1 X112.915 Y130.896 E6.92094
G1 X112.044 Y127.642 E7.03496
G1 X112.358 Y127.327 E7.05001
G1 X112.664 Y127.965 E7.07396
G1 X113.013 Y128.391 E7.0926
G1 X113.44 Y128.74 E7.11127
G1 X113.926 Y129 E7.12993
G1 X114.453 Y129.16 E7.14857
G1 X115.001 Y129.214 E7.16721
G1 X115.55 Y129.16 E7.18588
G1 X116.077 Y129 E7.20452
G1 X116.563 Y128.74 E7.22318
G1 X116.99 Y128.391 E7.24185
G1 X117.201 Y128.132 E7.25316
G1 E5.85316 F4800
;WIPE_START
G1 F5760
G1 X116.99 Y128.391 E5.58869
G1 X116.662 Y128.659 E5.25316
;WIPE_END
G92 E0
G1 X106.475 Y129.056 F7200
G1 E2 F4800
G1 F9000
G1 X106.297 Y128.819 E2.01003
G1 X105.638 Y127.203 E2.0691
G1 X104.714 Y123.457 E2.1997
G1 X104.846 Y123.325 E2.20602
G1 X103.974 Y120.071 E2.32005
G1 X103.873 Y120.044 E2.32359
G1 X101.83 Y111.752 E2.61266
G1 E1.21266 F4800
;WIPE_START
G1 F5760
G1 X102.011 Y112.488 E.61266
;WIPE_END
G92 E0
G1 X87.425 Y111.495 F7200
G1 E2 F4800
G1 F9000
G1 X82.799 Y111.495 E2.15658
G1 X82.799 Y110.83 E2.17909
G1 X84.252 Y109.378 E2.24862
G1 X83.38 Y106.124 E2.36265
G1 X82.799 Y105.969 E2.383
G1 X82.799 Y100.35 E2.5732
G1 X84.784 Y100.882 E2.64276
G1 X85.656 Y104.135 E2.75676
G1 X83.773 Y106.019 E2.84692
G1 X84.645 Y109.273 E2.96095
G1 X87.218 Y109.962 E3.05111
G1 X87.628 Y111.495 E3.10482
G1 X88.05 Y111.495 E3.1191
G1 X87.611 Y109.857 E3.1765
G1 X89.494 Y107.973 E3.26666
G1 X88.622 Y104.72 E3.38066
G1 X86.05 Y104.03 E3.4708
G1 X85.178 Y100.776 E3.58483
G1 X87.061 Y98.893 E3.67497
G1 X86.421 Y96.505 E3.75865
G1 X86.843 Y96.505 E3.77293
G1 X87.454 Y98.787 E3.85289
G1 X90.027 Y99.477 E3.94306
G1 X90.899 Y102.731 E4.05709
G1 X89.016 Y104.614 E4.14723
G1 X89.888 Y107.868 E4.26126
G1 X92.46 Y108.557 E4.35139
G1 X93.247 Y111.495 E4.45434
G1 X93.669 Y111.495 E4.46862
G1 X92.854 Y108.452 E4.57525
G1 X94.737 Y106.569 E4.66539
G1 X93.865 Y103.315 E4.77942
G1 X91.292 Y102.625 E4.86959
G1 X90.42 Y99.371 E4.98362
G1 X92.304 Y97.488 E5.07378
G1 X92.041 Y96.505 E5.10822
G1 X92.462 Y96.505 E5.12247
G1 X92.697 Y97.383 E5.15324
G1 X95.27 Y98.072 E5.2434
G1 X96.142 Y101.326 E5.35743
G1 X94.258 Y103.209 E5.44759
G1 X95.13 Y106.463 E5.56162
G1 X97.703 Y107.153 E5.65179
G1 X98.575 Y110.407 E5.76582
G1 X97.487 Y111.495 E5.8179
G1 X101.676 Y111.495 E5.95969
G1 X101.541 Y110.991 E5.97735
G1 X98.968 Y110.301 E6.06752
G1 X98.096 Y107.047 E6.18155
G1 X99.98 Y105.164 E6.27171
G1 X99.108 Y101.91 E6.38574
G1 X96.535 Y101.221 E6.4759
G1 X95.663 Y97.967 E6.58993
G1 X97.125 Y96.505 E6.65992
G1 X99.908 Y96.505 E6.75412
G1 X100.513 Y96.667 E6.77532
G1 X101.385 Y99.921 E6.88935
G1 X99.501 Y101.805 E6.97954
G1 X100.373 Y105.058 E7.09354
G1 X102.946 Y105.748 E7.18371
G1 X103.818 Y109.002 E7.29774
G1 X101.934 Y110.885 E7.3879
G1 X102.806 Y114.139 E7.50193
G1 X105.379 Y114.829 E7.5921
G1 X106.251 Y118.083 E7.70613
G1 X104.368 Y119.966 E7.79627
G1 X105.239 Y123.22 E7.91029
G1 X107.812 Y123.909 E8.00045
G1 X108.684 Y127.163 E8.11448
G1 X106.801 Y129.047 E8.20464
G1 X106.984 Y129.731 E8.22861
G1 X107.414 Y130.3 E8.25275
G1 X108.967 Y131.61 E8.32152
G1 X110.883 Y132.64 E8.39515
G1 X112.522 Y131.001 E8.47361
G1 X111.65 Y127.747 E8.58764
G1 X109.077 Y127.058 E8.6778
G1 X108.206 Y123.804 E8.79182
G1 X110.089 Y121.921 E8.88196
G1 X109.217 Y118.667 E8.99599
G1 X106.644 Y117.977 E9.08616
G1 X105.772 Y114.723 E9.20019
G1 X107.656 Y112.84 E9.29035
G1 X106.784 Y109.586 E9.40438
G1 X104.211 Y108.896 E9.49455
G1 X103.339 Y105.643 E9.60855
G1 X105.223 Y103.759 E9.69874
G1 X104.351 Y100.505 E9.81277
G1 X101.778 Y99.816 E9.90293
G1 X100.906 Y96.562 E10.01696
G1 X100.963 Y96.505 E10.01969
G1 X106.089 Y96.505 E10.1932
G1 X106.627 Y98.516 E10.26366
G1 X104.744 Y100.4 E10.35382
G1 X105.616 Y103.654 E10.46785
G1 X108.189 Y104.343 E10.55801
G1 X109.061 Y107.597 E10.67204
G1 X107.177 Y109.48 E10.7622
G1 X108.049 Y112.734 E10.87623
G1 X110.622 Y113.424 E10.9664
G1 X111.494 Y116.678 E11.08043
G1 X109.61 Y118.561 E11.17059
G1 X110.482 Y121.815 E11.28462
G1 X113.055 Y122.505 E11.37479
G1 X113.469 Y124.049 E11.4289
G1 X113.838 Y123.852 E11.44306
G1 X113.448 Y122.399 E11.49398
G1 X115.332 Y120.516 E11.58414
G1 X114.46 Y117.262 E11.69817
G1 X111.887 Y116.572 E11.78834
G1 X111.015 Y113.318 E11.90237
G1 X112.899 Y111.435 E11.99253
G1 X112.027 Y108.181 E12.10656
G1 X109.454 Y107.492 E12.19672
G1 X108.582 Y104.238 E12.31075
G1 X110.465 Y102.354 E12.40091
G1 X109.594 Y99.1 E12.51493
G1 X107.021 Y98.411 E12.60509
G1 X106.51 Y96.505 E12.67188
G1 X111.504 Y96.505 E12.84092
G1 X112.333 Y96.505 F7200
G1 F9000
G1 X116.315 Y96.505 E12.97571
G1 X115.23 Y97.59 E13.02765
G1 X116.101 Y100.844 E13.14167
G1 X118.674 Y101.533 E13.23183
G1 X119.546 Y104.787 E13.34586
G1 X117.663 Y106.671 E13.43602
G1 X118.535 Y109.925 E13.55005
G1 X121.107 Y110.614 E13.64018
G1 X121.979 Y113.868 E13.75421
G1 X120.096 Y115.752 E13.84437
G1 X120.968 Y119.006 E13.9584
G1 X123.541 Y119.695 E14.04856
G1 X124.413 Y122.949 E14.16259
G1 X122.529 Y124.832 E14.25275
G1 X123.401 Y128.086 E14.36678
G1 X123.95 Y128.234 E14.38603
G1 X124.371 Y127.203 E14.42373
G1 X125.405 Y123.004 E14.57011
G1 X124.806 Y122.844 E14.5911
G1 X123.934 Y119.59 E14.70513
G1 X125.817 Y117.706 E14.79529
G1 X124.945 Y114.452 E14.90932
G1 X122.373 Y113.763 E14.99945
G1 X121.501 Y110.509 E15.11348
G1 X123.384 Y108.625 E15.20364
G1 X122.512 Y105.371 E15.31767
G1 X119.939 Y104.682 E15.40783
G1 X119.068 Y101.428 E15.52185
G1 X120.951 Y99.545 E15.61199
G1 X120.137 Y96.505 E15.71852
G1 X120.558 Y96.505 E15.73277
G1 X121.344 Y99.439 E15.83558
G1 X123.917 Y100.129 E15.92575
G1 X124.789 Y103.383 E16.03978
G1 X122.905 Y105.266 E16.12994
G1 X123.777 Y108.52 E16.24397
G1 X126.35 Y109.209 E16.33413
G1 X127.222 Y112.463 E16.44816
G1 X125.339 Y114.347 E16.53832
G1 X126.211 Y117.601 E16.65235
G1 X126.705 Y117.733 E16.66966
G1 X128.004 Y112.462 E16.85342
G1 X127.615 Y112.358 E16.86705
G1 X126.743 Y109.104 E16.98108
G1 X128.627 Y107.221 E17.07124
G1 X127.755 Y103.967 E17.18527
G1 X125.182 Y103.277 E17.27544
G1 X124.31 Y100.023 E17.38947
G1 X126.194 Y98.14 E17.47963
G1 X125.756 Y96.505 E17.53692
G1 X126.177 Y96.505 E17.55117
G1 X126.587 Y98.034 E17.60475
G1 X129.16 Y98.724 E17.69492
G1 X130.032 Y101.978 E17.80895
G1 X128.148 Y103.861 E17.89911
G1 X129.02 Y107.115 E18.01314
G1 X131.593 Y107.805 E18.10331
G1 X132.465 Y111.059 E18.21734
G1 X132.029 Y111.495 E18.23821
G1 X128.242 Y111.495 E18.3664
G1 X128.052 Y112.264 E18.39321
G1 E16.99321 F4800
;WIPE_START
G1 F5760
G1 X128.234 Y111.528 E16.39321
;WIPE_END
G92 E0
G1 X135.663 Y111.495 F7200
G1 E2 F4800
G1 F9000
G1 X134.879 Y111.495 E2.02654
G1 X132.858 Y110.953 E2.09737
G1 X131.986 Y107.699 E2.2114
G1 X133.87 Y105.816 E2.30156
G1 X132.998 Y102.562 E2.41559
G1 X130.425 Y101.872 E2.50576
G1 X129.553 Y98.619 E2.61976
G1 X131.437 Y96.735 E2.70995
G1 X131.375 Y96.505 E2.71801
G1 X131.796 Y96.505 E2.73226
G1 X131.83 Y96.63 E2.73664
G1 X134.403 Y97.319 E2.8268
G1 X135.275 Y100.573 E2.94083
G1 X133.391 Y102.457 E3.03102
G1 X134.263 Y105.71 E3.14502
G1 X136.836 Y106.4 E3.23519
G1 X137.708 Y109.654 E3.34922
G1 X135.867 Y111.495 E3.43735
G1 X140.807 Y111.495 E3.60456
G1 E2.20456 F4800
;WIPE_START
G1 F5760
G1 X140.049 Y111.495 E1.60456
;WIPE_END
G92 E0
G1 X147.201 Y103.354 F7200
G1 E2 F4800
G1 F9000
G1 X147.201 Y97.939 E2.18329
G1 X146.153 Y97.658 E2.22002
G1 X145.844 Y96.505 E2.26042
G1 X145.423 Y96.505 E2.27467
G1 X145.76 Y97.763 E2.31875
G1 X143.877 Y99.647 E2.40891
G1 X144.748 Y102.901 E2.52293
G1 X147.201 Y103.558 E2.60889
G1 X147.201 Y107.837 E2.75373
G1 X146.31 Y108.728 E2.79638
G1 X147.051 Y111.495 E2.89334
G1 X146.63 Y111.495 E2.90759
G1 X145.917 Y108.833 E3.00087
G1 X143.344 Y108.144 E3.09103
G1 X142.472 Y104.89 E3.20506
G1 X144.355 Y103.006 E3.29522
G1 X143.483 Y99.752 E3.40925
G1 X140.91 Y99.063 E3.49941
G1 X140.225 Y96.505 E3.58905
G1 X139.804 Y96.505 E3.6033
G1 X140.517 Y99.168 E3.69661
G1 X138.634 Y101.052 E3.78677
G1 X139.506 Y104.306 E3.9008
G1 X142.079 Y104.995 E3.99096
G1 X142.95 Y108.249 E4.10498
G1 X141.067 Y110.132 E4.19512
G1 X141.432 Y111.495 E4.24288
G1 X141.011 Y111.495 E4.25713
G1 X140.674 Y110.238 E4.30118
G1 X138.101 Y109.548 E4.39135
G1 X137.229 Y106.294 E4.50538
G1 X139.112 Y104.411 E4.59552
G1 X138.241 Y101.157 E4.70954
G1 X135.668 Y100.468 E4.7997
G1 X134.796 Y97.214 E4.91373
G1 X135.504 Y96.505 E4.94765
G1 X139.6 Y96.505 E5.08629
;LAYER_CHANGE
;Z:2.48
;HEIGHT:0.2
; BEFORE_LAYER_CHANGE 11 @ 2.48mm
G1 E3.68629 F4800
;WIPE_START
G1 F5760
G1 X138.842 Y96.505 E3.08629
;WIPE_END
G92 E0
G1 Z2.48 F7200
; AFTER_LAYER_CHANGE 11 @ 2.48mm
G1 X100.935 Y112.551
G1 E2 F4800
;TYPE:External perimeter
G1 X100.926 Y112.515 E2.00126
G1 X81.739 Y112.515 E2.65072
G1 X81.739 Y95.485 E3.22717
G1 X142.268 Y95.485 E5.276
G1 X148.261 Y95.485 E5.47886
G1 X148.261 Y112.515 E6.05531
G1 X129.083 Y112.515 E6.70446
G1 X125.382 Y127.531 E7.22794
G1 X124.641 Y129.347 E7.29433
G1 X123.369 Y131.034 E7.36585
G1 X121.642 Y132.49 E7.44231
G1 X119.578 Y133.61 E7.5218
G1 X117.322 Y134.314 E7.60179
G1 X115.031 Y134.554 E7.67976
G1 X112.686 Y134.314 E7.75955
G1 X110.43 Y133.61 E7.83954
G1 X108.366 Y132.49 E7.91903
G1 X106.639 Y131.034 E7.99549
G1 X105.367 Y129.347 E8.06701
G1 X104.627 Y127.531 E8.13339
G1 X100.949 Y112.61 E8.65357
G1 X101.249 Y112.231 F7200
;TYPE:Perimeter
;WIDTH:0.4
G1 F9000
G1 X101.225 Y112.133 E8.65657
G1 X82.121 Y112.133 E9.22379
G1 X82.121 Y95.867 E9.70675
G1 X142.268 Y95.867 E11.49259
G1 X147.879 Y95.867 E11.65919
G1 X147.879 Y112.133 E12.14215
G1 X128.783 Y112.133 E12.70913
G1 X125.017 Y127.413 E13.17639
G1 X124.306 Y129.157 E13.23231
G1 X123.09 Y130.77 E13.29229
G1 X121.426 Y132.173 E13.35691
G1 X119.429 Y133.256 E13.42436
G1 X117.245 Y133.938 E13.49229
G1 X115.03 Y134.17 E13.55842
G1 X112.763 Y133.938 E13.62608
G1 X110.579 Y133.256 E13.69401
G1 X108.583 Y132.173 E13.76144
G1 X106.918 Y130.77 E13.82609
G1 X105.702 Y129.157 E13.88607
G1 X104.991 Y127.413 E13.94199
G1 X101.264 Y112.289 E14.40448
G1 X101.543 Y111.932 F7200
G1 F9000
G1 X101.505 Y111.776 E14.40925
G1 X82.478 Y111.776 E14.97419
G1 X82.478 Y96.224 E15.43595
G1 X142.268 Y96.224 E17.21119
G1 X147.522 Y96.224 E17.36719
G1 X147.522 Y111.776 E17.82895
G1 X128.504 Y111.776 E18.39362
G1 X124.677 Y127.302 E18.8684
G1 X123.993 Y128.979 E18.92217
G1 X122.829 Y130.523 E18.97958
G1 X121.223 Y131.876 E19.04193
G1 X119.289 Y132.926 E19.10727
G1 X117.172 Y133.586 E19.17311
G1 X115.03 Y133.811 E19.23706
G1 X112.835 Y133.586 E19.30257
G1 X110.719 Y132.926 E19.36838
G1 X108.785 Y131.876 E19.43372
G1 X107.179 Y130.523 E19.49607
G1 X106.015 Y128.979 E19.55348
G1 X105.331 Y127.302 E19.60725
G1 X101.558 Y111.99 E20.07548
G1 E18.67548 F4800
;WIPE_START
G1 F5760
G1 X101.543 Y111.932 E18.62805
G1 X101.505 Y111.776 E18.50094
G1 X100.968 Y111.776 E18.07548
;WIPE_END
G92 E0
G1 X114.661 Y124.69 F7200
G1 E2 F4800
;TYPE:External perimeter
;WIDTH:0.45
G1 F4860
G1 X114.861 Y124.67 E2.0068
G1 X115.001 Y124.656 E2.01156
G1 X115.342 Y124.69 E2.02316
G1 X115.67 Y124.789 E2.03476
G1 X115.972 Y124.951 E2.04636
G1 X116.236 Y125.168 E2.05793
G1 X116.453 Y125.432 E2.0695
G1 X116.615 Y125.734 E2.0811
G1 X116.714 Y126.062 E2.0927
G1 X116.748 Y126.403 E2.1043
G1 X116.714 Y126.743 E2.11587
G1 X116.615 Y127.071 E2.12747
G1 X116.453 Y127.373 E2.13907
G1 X116.236 Y127.637 E2.15064
G1 X115.972 Y127.854 E2.16221
G1 X115.67 Y128.016 E2.17381
G1 X115.342 Y128.115 E2.18541
G1 X115.001 Y128.149 E2.19701
G1 X114.661 Y128.115 E2.20858
G1 X114.333 Y128.016 E2.22018
G1 X114.031 Y127.854 E2.23178
G1 X113.767 Y127.637 E2.24335
G1 X113.55 Y127.373 E2.25492
G1 X113.388 Y127.071 E2.26652
G1 X113.289 Y126.743 E2.27812
G1 X113.255 Y126.403 E2.28969
G1 X113.289 Y126.062 E2.30129
G1 X113.388 Y125.734 E2.31289
G1 X113.55 Y125.432 E2.32449
G1 X113.767 Y125.168 E2.33606
G1 X114.031 Y124.951 E2.34763
G1 X114.333 Y124.789 E2.35923
G1 X114.603 Y124.707 E2.36878
G1 X114.586 Y124.313 F7200
;TYPE:Perimeter
;WIDTH:0.4
G1 F4860
G1 X114.824 Y124.29 E2.37588
G1 X115.001 Y124.272 E2.38116
G1 X115.417 Y124.313 E2.39357
G1 X115.817 Y124.435 E2.40599
G1 X116.185 Y124.631 E2.41837
G1 X116.508 Y124.896 E2.43077
G1 X116.773 Y125.219 E2.44317
G1 X116.969 Y125.587 E2.45555
G1 X117.091 Y125.987 E2.46797
G1 X117.132 Y126.403 E2.48038
G1 X117.091 Y126.818 E2.49276
G1 X116.969 Y127.218 E2.50518
G1 X116.773 Y127.586 E2.51756
G1 X116.508 Y127.909 E2.52996
G1 X116.185 Y128.174 E2.54236
G1 X115.817 Y128.371 E2.55475
G1 X115.417 Y128.492 E2.56716
G1 X115.001 Y128.533 E2.57957
G1 X114.586 Y128.492 E2.59195
G1 X114.186 Y128.371 E2.60436
G1 X113.818 Y128.174 E2.61675
G1 X113.495 Y127.909 E2.62915
G1 X113.23 Y127.586 E2.64155
G1 X113.034 Y127.218 E2.65393
G1 X112.912 Y126.818 E2.66635
G1 X112.871 Y126.403 E2.67873
G1 X112.912 Y125.987 E2.69114
G1 X113.034 Y125.587 E2.70356
G1 X113.23 Y125.219 E2.71594
G1 X113.495 Y124.896 E2.72834
G1 X113.818 Y124.631 E2.74074
G1 X114.186 Y124.435 E2.75312
G1 X114.529 Y124.331 E2.76376
G1 X114.516 Y123.961 F7200
G1 F4860
G1 X114.789 Y123.935 E2.7719
G1 X115.001 Y123.914 E2.77823
G1 X115.487 Y123.961 E2.79273
G1 X115.954 Y124.103 E2.80722
G1 X116.384 Y124.333 E2.8217
G1 X116.761 Y124.643 E2.83619
G1 X117.071 Y125.02 E2.85068
G1 X117.301 Y125.45 E2.86516
G1 X117.443 Y125.917 E2.87965
G1 X117.49 Y126.403 E2.89415
G1 X117.443 Y126.888 E2.90862
G1 X117.301 Y127.355 E2.92311
G1 X117.071 Y127.785 E2.93759
G1 X116.761 Y128.162 E2.95208
G1 X116.384 Y128.472 E2.96657
G1 X115.954 Y128.702 E2.98105
G1 X115.487 Y128.844 E2.99554
G1 X115.001 Y128.891 E3.01004
G1 X114.516 Y128.844 E3.02451
G1 X114.049 Y128.702 E3.039
G1 X113.619 Y128.472 E3.05348
G1 X113.242 Y128.162 E3.06797
G1 X112.932 Y127.785 E3.08246
G1 X112.702 Y127.355 E3.09694
G1 X112.56 Y126.888 E3.11143
G1 X112.513 Y126.403 E3.1259
G1 X112.56 Y125.917 E3.1404
G1 X112.702 Y125.45 E3.15489
G1 X112.932 Y125.02 E3.16937
G1 X113.242 Y124.643 E3.18386
G1 X113.619 Y124.333 E3.19835
G1 X114.049 Y124.103 E3.21283
G1 X114.459 Y123.979 E3.22555
G1 X113.833 Y123.855 F7200
;TYPE:Internal infill
;WIDTH:0.45
G1 F9000
G1 X114.453 Y123.645 E3.24771
G1 X115.001 Y123.591 E3.26635
G1 X115.55 Y123.645 E3.28502
G1 X116.077 Y123.805 E3.30366
G1 X116.563 Y124.065 E3.32232
G1 X116.99 Y124.415 E3.34101
G1 X117.339 Y124.841 E3.35965
G1 X117.599 Y125.327 E3.37831
G1 X117.738 Y125.785 E3.39451
G1 X119.17 Y124.354 E3.46304
G1 X122.424 Y125.226 E3.57707
G1 X123.113 Y127.798 E3.6672
G1 X124.028 Y128.044 E3.69927
G1 X123.873 Y128.424 E3.71316
G1 X123.008 Y128.192 E3.74347
G1 X121.124 Y130.075 E3.83363
G1 X117.87 Y129.203 E3.94766
G1 X117.472 Y127.716 E3.99976
G1 X117.339 Y127.965 E4.00932
G1 X116.99 Y128.391 E4.02796
G1 X116.563 Y128.74 E4.04663
G1 X116.077 Y129 E4.06529
G1 X115.55 Y129.16 E4.08393
G1 X115.001 Y129.214 E4.1026
G1 X114.453 Y129.16 E4.12124
G1 X113.926 Y129 E4.13988
G1 X113.44 Y128.74 E4.15854
G1 X113.013 Y128.391 E4.17721
G1 X112.664 Y127.965 E4.19585
G1 X112.426 Y127.519 E4.21296
G1 E2.81296 F4800
;WIPE_START
G1 F5760
G1 X112.664 Y127.965 E2.41275
G1 X112.824 Y128.16 E2.21296
;WIPE_END
G92 E0
G1 X106.507 Y129.098 F7200
G1 E2 F4800
G1 F9000
G1 X107.414 Y130.3 E2.05097
G1 X108.967 Y131.61 E2.11974
G1 X110.883 Y132.64 E2.19337
G1 X112.522 Y131.001 E2.27183
G1 X115.776 Y131.873 E2.38586
G1 X116.177 Y133.368 E2.43825
G1 X117.107 Y133.27 E2.4699
G1 X119.164 Y132.628 E2.54284
G1 X121.041 Y131.61 E2.61512
G1 X121.273 Y131.415 E2.62538
G1 X121.019 Y130.468 E2.65857
G1 X117.765 Y129.596 E2.7726
G1 X115.882 Y131.48 E2.86276
G1 X112.628 Y130.608 E2.97679
G1 X111.938 Y128.035 E3.06696
G1 X108.684 Y127.163 E3.18099
G1 X106.801 Y129.047 E3.27115
G1 X106.384 Y128.935 E3.28577
G1 X105.638 Y127.203 E3.3496
G1 X104.714 Y123.457 E3.4802
G1 X104.846 Y123.325 E3.48652
G1 X108.1 Y124.197 E3.60055
G1 X108.79 Y126.77 E3.69072
G1 X112.044 Y127.642 E3.80475
G1 X112.358 Y127.327 E3.8198
G1 X112.244 Y126.951 E3.8331
G1 X112.19 Y126.403 E3.85174
G1 X112.244 Y125.854 E3.87041
G1 X112.404 Y125.327 E3.88905
G1 X112.664 Y124.841 E3.90771
G1 X113.013 Y124.415 E3.92635
G1 X113.653 Y123.951 E3.95311
G1 X113.343 Y122.792 E3.99372
G1 X110.089 Y121.921 E4.10774
G1 X108.206 Y123.804 E4.19788
G1 X104.952 Y122.932 E4.31191
G1 X104.262 Y120.359 E4.40208
G1 X103.929 Y120.27 E4.41375
G1 X103.818 Y119.819 E4.42947
G1 X104.368 Y119.966 E4.44874
G1 X106.251 Y118.083 E4.53888
G1 X109.505 Y118.954 E4.6529
G1 X110.194 Y121.527 E4.74306
G1 X113.448 Y122.399 E4.85709
G1 X115.332 Y120.516 E4.94725
G1 X118.586 Y121.388 E5.06128
G1 X119.275 Y123.961 E5.15144
G1 X122.529 Y124.832 E5.26546
G1 X124.413 Y122.949 E5.35562
G1 X125.357 Y123.202 E5.3887
G1 X125.454 Y122.807 E5.40247
G1 X124.518 Y122.556 E5.43527
G1 X123.829 Y119.983 E5.52543
G1 X120.575 Y119.111 E5.63946
G1 X118.691 Y120.994 E5.72962
G1 X115.437 Y120.123 E5.84364
G1 X114.748 Y117.55 E5.9338
G1 X111.494 Y116.678 E6.04783
G1 X109.61 Y118.561 E6.13799
G1 X106.356 Y117.689 E6.25202
G1 X105.667 Y115.116 E6.34218
G1 X102.95 Y114.388 E6.43739
G1 X102.839 Y113.937 E6.45311
G1 X105.772 Y114.723 E6.55589
G1 X107.656 Y112.84 E6.64605
G1 X110.91 Y113.712 E6.76008
G1 X111.599 Y116.285 E6.85024
G1 X114.853 Y117.156 E6.96426
G1 X116.737 Y115.273 E7.05442
G1 X119.991 Y116.145 E7.16845
G1 X120.68 Y118.718 E7.25861
G1 X123.934 Y119.59 E7.37264
G1 X125.817 Y117.706 E7.4628
G1 X126.656 Y117.931 E7.4922
G1 X126.753 Y117.536 E7.50597
G1 X125.923 Y117.313 E7.53506
G1 X125.233 Y114.74 E7.62523
G1 X121.979 Y113.868 E7.73926
G1 X120.096 Y115.752 E7.82942
G1 X116.842 Y114.88 E7.94345
G1 X116.153 Y112.307 E8.03361
G1 X112.899 Y111.435 E8.14764
G1 X111.015 Y113.318 E8.2378
G1 X107.761 Y112.447 E8.35182
G1 X107.072 Y109.874 E8.44198
G1 X103.818 Y109.002 E8.55601
G1 X101.934 Y110.885 E8.64617
G1 X98.68 Y110.013 E8.7602
G1 X97.991 Y107.441 E8.85033
G1 X94.737 Y106.569 E8.96436
G1 X92.854 Y108.452 E9.0545
G1 X89.6 Y107.58 E9.16853
G1 X88.91 Y105.007 E9.2587
G1 X85.656 Y104.135 E9.37273
G1 X83.773 Y106.019 E9.46289
G1 X82.799 Y105.758 E9.49702
G1 X82.799 Y106.18 E9.5113
G1 X83.668 Y106.412 E9.54174
G1 X84.357 Y108.985 E9.6319
G1 X87.611 Y109.857 E9.74593
G1 X89.494 Y107.973 E9.83609
G1 X92.748 Y108.845 E9.95012
G1 X93.321 Y110.983 E10.02504
G1 X97.999 Y110.983 E10.18338
G1 X98.575 Y110.407 E10.21095
G1 X100.727 Y110.983 E10.28636
G1 X100.33 Y110.983 E10.2998
G1 E8.8998 F4800
;WIPE_START
G1 F5760
G1 X100.727 Y110.983 E8.58551
G1 X100.378 Y110.89 E8.2998
;WIPE_END
G92 E0
G1 X93.118 Y110.983 F7200
G1 E2 F4800
G1 F9000
G1 X87.702 Y110.983 E2.18333
G1 X87.506 Y110.25 E2.20901
G1 X84.252 Y109.378 E2.32304
G1 X83.256 Y110.373 E2.37069
G1 X83.256 Y110.983 E2.39134
G1 X87.498 Y110.983 E2.53493
G1 E1.13493 F4800
;WIPE_START
G1 F5760
G1 X86.74 Y110.983 E.53493
;WIPE_END
G92 E0
G1 X82.824 Y107.832 F7200
G1 E2 F4800
;TYPE:Solid infill
;WIDTH:0.50003
G1 F9000
G1 X82.824 Y111.187 E2.12752
;WIDTH:0.543597
G1 X82.846 Y111.286 E2.13174
;WIDTH:0.587164
G1 X82.868 Y111.386 E2.13637
G1 X82.96 Y111.404 E2.14061
;WIDTH:0.550889
G1 X83.053 Y111.422 E2.14461
;WIDTH:0.514616
G1 X101.465 Y111.422 E2.86676
;WIDTH:0.55785
G1 X101.752 Y111.453 E2.87912
G1 X101.785 Y111.528 E2.88263
;WIDTH:0.528939
G1 X101.819 Y111.604 E2.88599
;WIDTH:0.50003
G1 X103.037 Y116.546 E3.07945
G1 E1.67945 F4800
;WIPE_START
G1 F5760
G1 X102.856 Y115.81 E1.07945
;WIPE_END
G92 E0
G1 X101.021 Y97.017 F7200
G1 E2 F4800
;TYPE:Internal infill
;WIDTH:0.45
G1 F9000
G1 X106.436 Y97.017 E2.18329
G1 X106.733 Y98.123 E2.22205
G1 X109.987 Y98.995 E2.33608
G1 X111.87 Y97.111 E2.42624
G1 X115.124 Y97.983 E2.54027
G1 X115.814 Y100.556 E2.63044
G1 X119.068 Y101.428 E2.74447
G1 X120.951 Y99.545 E2.83461
G1 X124.205 Y100.417 E2.94864
G1 X124.894 Y102.989 E3.03877
G1 X128.148 Y103.861 E3.1528
G1 X130.032 Y101.978 E3.24296
G1 X133.286 Y102.85 E3.35699
G1 X133.975 Y105.423 E3.44715
G1 X137.229 Y106.294 E3.56117
G1 X139.112 Y104.411 E3.65131
G1 X142.366 Y105.283 E3.76534
G1 X143.056 Y107.856 E3.85551
G1 X146.31 Y108.728 E3.96954
G1 X146.744 Y108.294 E3.99032
G1 X146.744 Y106.454 E4.0526
G1 X147.201 Y106.384 E4.06825
G1 X147.201 Y103.972 E4.14989
G1 E2.74989 F4800
;WIPE_START
G1 F5760
G1 X147.201 Y104.73 E2.14989
;WIPE_END
G92 E0
G1 X141.288 Y110.983 F7200
G1 E2 F4800
G1 F9000
G1 X146.703 Y110.983 E2.18329
G1 X146.204 Y109.121 E2.24854
G1 X142.95 Y108.249 E2.36257
G1 X141.067 Y110.132 E2.45271
G1 X137.813 Y109.261 E2.56673
G1 X137.124 Y106.688 E2.65689
G1 X133.87 Y105.816 E2.77092
G1 X131.986 Y107.699 E2.86108
G1 X128.732 Y106.827 E2.97511
G1 X128.043 Y104.255 E3.06524
G1 X124.789 Y103.383 E3.17927
G1 X122.905 Y105.266 E3.26943
G1 X119.652 Y104.394 E3.38343
G1 X118.962 Y101.821 E3.4736
G1 X115.708 Y100.949 E3.58763
G1 X113.825 Y102.833 E3.67779
G1 X110.571 Y101.961 E3.79182
G1 X109.881 Y99.388 E3.88199
G1 X106.627 Y98.516 E3.99602
G1 X104.744 Y100.4 E4.08618
G1 X101.49 Y99.528 E4.20021
G1 X100.817 Y97.017 E4.2882
G1 X96.613 Y97.017 E4.4305
G1 X95.663 Y97.967 E4.47598
G1 X92.409 Y97.095 E4.59001
G1 X92.388 Y97.017 E4.59274
G1 X86.769 Y97.017 E4.78294
G1 X87.167 Y98.499 E4.83488
G1 X90.42 Y99.371 E4.94888
G1 X92.304 Y97.488 E5.03904
G1 X95.558 Y98.36 E5.15307
G1 X96.247 Y100.933 E5.24323
G1 X99.501 Y101.805 E5.35726
G1 X101.385 Y99.921 E5.44745
G1 X104.639 Y100.793 E5.56148
G1 X105.328 Y103.366 E5.65164
G1 X108.582 Y104.238 E5.76567
G1 X110.465 Y102.354 E5.85583
G1 X113.719 Y103.226 E5.96986
G1 X114.409 Y105.799 E6.06003
G1 X117.663 Y106.671 E6.17406
G1 X119.546 Y104.787 E6.26422
G1 X122.8 Y105.659 E6.37825
G1 X123.49 Y108.232 E6.46842
G1 X126.743 Y109.104 E6.58242
G1 X128.627 Y107.221 E6.67258
G1 X131.881 Y108.092 E6.7866
G1 X132.57 Y110.665 E6.87676
G1 X133.756 Y110.983 E6.91832
G1 X136.378 Y110.983 E7.00707
G1 X137.708 Y109.654 E7.07071
G1 X140.962 Y110.526 E7.18474
G1 X141.084 Y110.983 E7.20075
G1 X136.582 Y110.983 E7.35314
G1 E5.95314 F4800
;WIPE_START
G1 F5760
G1 X137.34 Y110.983 E5.35314
;WIPE_END
G92 E0
G1 X127.102 Y116.02 F7200
G1 E2 F4800
;TYPE:Solid infill
;WIDTH:0.499196
G1 F9000
G1 X128.19 Y111.604 E2.17255
;WIDTH:0.528042
G1 X128.224 Y111.528 E2.17591
;WIDTH:0.557216
G1 X128.258 Y111.452 E2.17947
G1 X128.543 Y111.422 E2.19173
;WIDTH:0.514612
G1 X146.947 Y111.422 E2.91356
;WIDTH:0.550885
G1 X147.04 Y111.404 E2.91756
;WIDTH:0.58716
G1 X147.132 Y111.386 E2.9218
G1 X147.154 Y111.286 E2.92643
;WIDTH:0.543594
G1 X147.176 Y111.187 E2.93065
;WIDTH:0.50003
G1 X147.176 Y106.825 E3.09644
G1 E1.69644 F4800
;WIPE_START
G1 F5760
G1 X147.176 Y107.583 E1.09644
;WIPE_END
G92 E0
G1 X140.355 Y97.017 F7200
G1 E2 F4800
;TYPE:Internal infill
;WIDTH:0.45
G1 F9000
G1 X145.771 Y97.017 E2.18333
G1 X145.865 Y97.37 E2.1957
G1 X146.744 Y97.606 E2.22651
G1 X146.744 Y98.027 E2.24076
G1 X145.76 Y97.763 E2.27525
G1 X143.877 Y99.647 E2.36541
G1 X140.623 Y98.775 E2.47944
G1 X140.152 Y97.017 E2.54104
G1 X134.993 Y97.017 E2.71567
G1 X134.796 Y97.214 E2.7251
G1 X134.061 Y97.017 E2.75086
G1 X134.789 Y97.017 E2.7755
G1 E1.3755 F4800
;WIPE_START
G1 F5760
G1 X134.061 Y97.017 E.79917
G1 X134.09 Y97.025 E.7755
;WIPE_END
G92 E0
G1 X120.688 Y97.017 F7200
G1 E2 F4800
G1 F9000
G1 X126.104 Y97.017 E2.18333
G1 X126.299 Y97.747 E2.20891
G1 X129.553 Y98.619 E2.32294
G1 X131.155 Y97.017 E2.39963
G1 X132.488 Y97.017 E2.44475
G1 X134.69 Y97.607 E2.52191
G1 X135.38 Y100.18 E2.61208
G1 X138.634 Y101.052 E2.72611
G1 X140.517 Y99.168 E2.81627
G1 X143.771 Y100.04 E2.9303
G1 X144.461 Y102.613 E3.02047
G1 X147.201 Y103.347 E3.11649
G1 X147.201 Y103.769 E3.13077
G1 X144.355 Y103.006 E3.23051
G1 X142.472 Y104.89 E3.32067
G1 X139.218 Y104.018 E3.4347
G1 X138.528 Y101.445 E3.52487
G1 X135.275 Y100.573 E3.63887
G1 X133.391 Y102.457 E3.72906
G1 X130.137 Y101.585 E3.84309
G1 X129.448 Y99.012 E3.93325
G1 X126.194 Y98.14 E4.04728
G1 X124.31 Y100.023 E4.13744
G1 X121.056 Y99.151 E4.25147
G1 X120.484 Y97.017 E4.32625
G1 X115.803 Y97.017 E4.4847
G1 X115.23 Y97.59 E4.51213
G1 X113.09 Y97.017 E4.58712
G1 X113.487 Y97.017 E4.60056
G1 E3.20056 F4800
;WIPE_START
G1 F5760
G1 X113.09 Y97.017 E2.88627
G1 X113.439 Y97.11 E2.60056
;WIPE_END
G92 E0
G1 X86.566 Y97.017 F7200
G1 E2 F4800
G1 F9000
G1 X83.256 Y97.017 E2.11204
G1 X83.256 Y100.261 E2.22185
G1 X85.178 Y100.776 E2.2892
G1 X87.061 Y98.893 E2.37934
G1 X90.315 Y99.765 E2.49337
G1 X91.005 Y102.337 E2.58351
G1 X94.258 Y103.209 E2.69751
G1 X96.142 Y101.326 E2.78767
G1 X99.396 Y102.198 E2.9017
G1 X100.085 Y104.771 E2.99186
G1 X103.339 Y105.643 E3.10589
G1 X105.223 Y103.759 E3.19608
G1 X108.477 Y104.631 E3.31011
G1 X109.166 Y107.204 E3.40027
G1 X112.42 Y108.076 E3.5143
G1 X114.303 Y106.192 E3.60446
G1 X117.557 Y107.064 E3.71849
G1 X118.247 Y109.637 E3.80866
G1 X121.501 Y110.509 E3.92269
G1 X123.384 Y108.625 E4.01285
G1 X126.638 Y109.497 E4.12688
G1 X127.328 Y112.07 E4.21705
G1 X127.612 Y112.146 E4.227
G1 X127.515 Y112.542 E4.2408
G1 X127.222 Y112.463 E4.25107
G1 X125.339 Y114.347 E4.34123
G1 X122.085 Y113.475 E4.45526
G1 X121.395 Y110.902 E4.54543
G1 X118.141 Y110.03 E4.65946
G1 X116.258 Y111.914 E4.74962
G1 X113.004 Y111.042 E4.86365
G1 X112.315 Y108.469 E4.95381
G1 X109.061 Y107.597 E5.06784
G1 X107.177 Y109.48 E5.158
G1 X103.923 Y108.609 E5.27202
G1 X103.234 Y106.036 E5.36218
G1 X99.98 Y105.164 E5.47621
G1 X98.096 Y107.047 E5.56637
G1 X94.842 Y106.175 E5.6804
G1 X94.153 Y103.603 E5.77053
G1 X90.899 Y102.731 E5.88456
G1 X89.016 Y104.614 E5.9747
G1 X85.762 Y103.742 E6.08873
G1 X85.072 Y101.169 E6.1789
G1 X83.256 Y100.683 E6.24253
G1 X83.256 Y100.959 E6.25187
G1 X82.799 Y101.03 E6.26752
G1 X82.799 Y105.555 E6.42069
G1 E5.02069 F4800
;WIPE_START
G1 F5760
G1 X82.799 Y104.797 E4.42069
;WIPE_END
G92 E0
G1 X82.824 Y100.588 F7200
G1 E2 F4800
;TYPE:Solid infill
;WIDTH:0.500032
G1 F9000
G1 X82.824 Y96.813 E2.14348
;WIDTH:0.543599
G1 X82.846 Y96.714 E2.1477
;WIDTH:0.587166
G1 X82.868 Y96.614 E2.15233
G1 X82.96 Y96.596 E2.15657
;WIDTH:0.550894
G1 X83.053 Y96.578 E2.16057
;WIDTH:0.514622
G1 X146.947 Y96.578 E4.66663
;WIDTH:0.550883
G1 X147.04 Y96.596 E4.67063
;WIDTH:0.587158
G1 X147.132 Y96.614 E4.67487
G1 X147.154 Y96.714 E4.6795
;WIDTH:0.543595
G1 X147.176 Y96.813 E4.68372
;WIDTH:0.500032
G1 X147.176 Y100.217 E4.8131
;LAYER_CHANGE
;Z:2.68
;HEIGHT:0.2
; BEFORE_LAYER_CHANGE 12 @ 2.68mm
G1 E3.4131 F4800
;WIPE_START
G1 F5760
G1 X147.176 Y99.459 E2.8131
;WIPE_END
G92 E0
G1 Z2.68 F7200
; AFTER_LAYER_CHANGE 12 @ 2.68mm
G1 X100.904 Y112.428
G1 E2 F4800
;TYPE:External perimeter
;WIDTH:0.45
G1 X100.895 Y112.391 E2.00129
G1 X81.739 Y112.391 E2.6497
G1 X81.739 Y95.609 E3.21775
G1 X143.39 Y95.609 E5.30456
G1 X148.261 Y95.609 E5.46944
G1 X148.261 Y112.391 E6.03749
G1 X129.113 Y112.391 E6.68563
G1 X125.382 Y127.531 E7.21343
G1 X124.641 Y129.347 E7.27982
G1 X123.369 Y131.034 E7.35134
G1 X121.642 Y132.49 E7.4278
G1 X119.578 Y133.61 E7.50729
G1 X117.322 Y134.314 E7.58728
G1 X115.031 Y134.554 E7.66525
G1 X112.686 Y134.314 E7.74504
G1 X110.43 Y133.61 E7.82503
G1 X108.366 Y132.49 E7.90452
G1 X106.639 Y131.034 E7.98098
G1 X105.367 Y129.347 E8.0525
G1 X104.627 Y127.531 E8.11888
G1 X100.918 Y112.486 E8.64338
G1 X101.219 Y112.107 F7200
;TYPE:Perimeter
;WIDTH:0.4
G1 F9000
G1 X101.194 Y112.009 E8.64638
G1 X82.121 Y112.009 E9.21268
G1 X82.121 Y95.991 E9.68828
G1 X143.39 Y95.991 E11.50744
G1 X147.879 Y95.991 E11.64072
G1 X147.879 Y112.009 E12.11632
G1 X128.814 Y112.009 E12.68238
G1 X125.017 Y127.413 E13.15343
G1 X124.306 Y129.157 E13.20935
G1 X123.09 Y130.77 E13.26933
G1 X121.426 Y132.173 E13.33395
G1 X119.429 Y133.256 E13.4014
G1 X117.245 Y133.938 E13.46933
G1 X115.03 Y134.17 E13.53546
G1 X112.763 Y133.938 E13.60312
G1 X110.579 Y133.256 E13.67105
G1 X108.583 Y132.173 E13.73848
G1 X106.918 Y130.77 E13.80313
G1 X105.702 Y129.157 E13.86311
G1 X104.991 Y127.413 E13.91903
G1 X101.233 Y112.166 E14.38528
G1 X101.513 Y111.808 F7200
G1 F9000
G1 X101.474 Y111.652 E14.39005
G1 X82.478 Y111.652 E14.95407
G1 X82.478 Y96.348 E15.40847
G1 X143.39 Y96.348 E17.21703
G1 X147.522 Y96.348 E17.33971
G1 X147.522 Y111.652 E17.79411
G1 X128.534 Y111.652 E18.35789
G1 X124.677 Y127.302 E18.83646
G1 X123.993 Y128.979 E18.89023
G1 X122.829 Y130.523 E18.94764
G1 X121.223 Y131.876 E19.00999
G1 X119.289 Y132.926 E19.07533
G1 X117.172 Y133.586 E19.14117
G1 X115.03 Y133.811 E19.20512
G1 X112.835 Y133.586 E19.27063
G1 X110.719 Y132.926 E19.33644
G1 X108.785 Y131.876 E19.40178
G1 X107.179 Y130.523 E19.46413
G1 X106.015 Y128.979 E19.52154
G1 X105.331 Y127.302 E19.57531
G1 X101.527 Y111.866 E20.04734
G1 E18.64734 F4800
;WIPE_START
G1 F5760
G1 X101.513 Y111.808 E18.6001
G1 X101.474 Y111.652 E18.4728
G1 X100.937 Y111.652 E18.04734
;WIPE_END
G92 E0
G1 X114.661 Y124.69 F7200
G1 E2 F4800
;TYPE:External perimeter
;WIDTH:0.45
G1 F4860
G1 X114.852 Y124.671 E2.0065
G1 X115.001 Y124.656 E2.01157
G1 X115.342 Y124.69 E2.02317
G1 X115.67 Y124.789 E2.03477
G1 X115.972 Y124.951 E2.04637
G1 X116.236 Y125.168 E2.05794
G1 X116.453 Y125.432 E2.06951
G1 X116.615 Y125.734 E2.08111
G1 X116.714 Y126.062 E2.09271
G1 X116.748 Y126.403 E2.10431
G1 X116.714 Y126.743 E2.11588
G1 X116.615 Y127.071 E2.12748
G1 X116.453 Y127.373 E2.13908
G1 X116.236 Y127.637 E2.15065
G1 X115.972 Y127.854 E2.16222
G1 X115.67 Y128.016 E2.17382
G1 X115.342 Y128.115 E2.18542
G1 X115.001 Y128.149 E2.19702
G1 X114.661 Y128.115 E2.20859
G1 X114.333 Y128.016 E2.22019
G1 X114.031 Y127.854 E2.23179
G1 X113.767 Y127.637 E2.24336
G1 X113.55 Y127.373 E2.25493
G1 X113.388 Y127.071 E2.26653
G1 X113.289 Y126.743 E2.27813
G1 X113.255 Y126.403 E2.2897
G1 X113.289 Y126.062 E2.3013
G1 X113.388 Y125.734 E2.3129
G1 X113.55 Y125.432 E2.3245
G1 X113.767 Y125.168 E2.33607
G1 X114.031 Y124.951 E2.34764
G1 X114.333 Y124.789 E2.35924
G1 X114.603 Y124.707 E2.36879
G1 X114.586 Y124.313 F7200
;TYPE:Perimeter
;WIDTH:0.4
G1 F4860
G1 X114.814 Y124.291 E2.37559
G1 X115.001 Y124.272 E2.38117
G1 X115.417 Y124.313 E2.39358
G1 X115.817 Y124.435 E2.406
G1 X116.185 Y124.631 E2.41838
G1 X116.508 Y124.896 E2.43078
G1 X116.773 Y125.219 E2.44318
G1 X116.969 Y125.587 E2.45556
G1 X117.091 Y125.987 E2.46798
G1 X117.132 Y126.403 E2.48039
G1 X117.091 Y126.818 E2.49277
G1 X116.969 Y127.218 E2.50519
G1 X116.773 Y127.586 E2.51757
G1 X116.508 Y127.909 E2.52997
G1 X116.185 Y128.174 E2.54237
G1 X115.817 Y128.371 E2.55476
G1 X115.417 Y128.492 E2.56717
G1 X115.001 Y128.533 E2.57958
G1 X114.586 Y128.492 E2.59196
G1 X114.186 Y128.371 E2.60437
G1 X113.818 Y128.174 E2.61676
G1 X113.495 Y127.909 E2.62916
G1 X113.23 Y127.586 E2.64156
G1 X113.034 Y127.218 E2.65394
G1 X112.912 Y126.818 E2.66636
G1 X112.871 Y126.403 E2.67874
G1 X112.912 Y125.987 E2.69115
G1 X113.034 Y125.587 E2.70357
G1 X113.23 Y125.219 E2.71595
G1 X113.495 Y124.896 E2.72835
G1 X113.818 Y124.631 E2.74075
G1 X114.186 Y124.435 E2.75313
G1 X114.529 Y124.331 E2.76377
G1 X114.516 Y123.961 F7200
G1 F4860
G1 X114.779 Y123.936 E2.77161
G1 X115.001 Y123.914 E2.77823
G1 X115.487 Y123.961 E2.79273
G1 X115.954 Y124.103 E2.80722
G1 X116.384 Y124.333 E2.8217
G1 X116.761 Y124.643 E2.83619
G1 X117.071 Y125.02 E2.85068
G1 X117.301 Y125.45 E2.86516
G1 X117.443 Y125.917 E2.87965
G1 X117.49 Y126.403 E2.89415
G1 X117.443 Y126.888 E2.90862
G1 X117.301 Y127.355 E2.92311
G1 X117.071 Y127.785 E2.93759
G1 X116.761 Y128.162 E2.95208
G1 X116.384 Y128.472 E2.96657
G1 X115.954 Y128.702 E2.98105
G1 X115.487 Y128.844 E2.99554
G1 X115.001 Y128.891 E3.01004
G1 X114.516 Y128.844 E3.02451
G1 X114.049 Y128.702 E3.039
G1 X113.619 Y128.472 E3.05348
G1 X113.242 Y128.162 E3.06797
G1 X112.932 Y127.785 E3.08246
G1 X112.702 Y127.355 E3.09694
G1 X112.56 Y126.888 E3.11143
G1 X112.513 Y126.403 E3.1259
G1 X112.56 Y125.917 E3.1404
G1 X112.702 Y125.45 E3.15489
G1 X112.932 Y125.02 E3.16937
G1 X113.242 Y124.643 E3.18386
G1 X113.619 Y124.333 E3.19835
G1 X114.049 Y124.103 E3.21283
G1 X114.459 Y123.979 E3.22555
G1 E1.82555 F4800
;WIPE_START
G1 F5760
G1 X114.516 Y123.961 E1.77823
G1 X114.779 Y123.936 E1.56908
G1 X115.001 Y123.914 E1.39247
G1 X115.211 Y123.934 E1.22555
;WIPE_END
G92 E0
G1 X117.612 Y125.37 F7200
G1 E2 F4800
;TYPE:Internal infill
;WIDTH:0.45
G1 F9000
G1 X117.339 Y124.841 E2.02015
G1 X116.99 Y124.415 E2.03879
G1 X116.563 Y124.065 E2.05748
G1 X116.077 Y123.805 E2.07614
G1 X115.55 Y123.645 E2.09478
G1 X115.001 Y123.591 E2.11345
G1 X114.453 Y123.645 E2.13209
G1 X113.926 Y123.805 E2.15073
G1 X113.653 Y123.951 E2.16121
G1 X113.343 Y122.792 E2.20182
G1 X115.725 Y120.41 E2.31585
G1 X118.298 Y121.1 E2.40602
G1 X120.68 Y118.718 E2.52005
G1 X120.298 Y117.292 E2.57002
G1 X125.13 Y116.549 E2.7355
G1 X125.161 Y116.755 E2.74255
G1 X125.749 Y116.665 E2.76268
G1 X125.923 Y117.313 E2.78539
G1 X123.541 Y119.695 E2.89942
G1 X120.968 Y119.006 E2.98958
G1 X118.586 Y121.388 E3.10361
G1 X119.275 Y123.961 E3.19377
G1 X117.671 Y125.565 E3.27055
G1 X117.777 Y126.035 E3.28686
G1 X119.563 Y124.248 E3.37238
G1 X122.136 Y124.938 E3.46255
G1 X124.518 Y122.556 E3.57658
G1 X123.829 Y119.983 E3.66674
G1 X126.211 Y117.601 E3.78077
G1 X126.705 Y117.733 E3.79808
G1 X125.405 Y123.004 E3.98184
G1 X124.806 Y122.844 E4.00283
G1 X122.424 Y125.226 E4.11686
G1 X123.113 Y127.798 E4.20699
G1 X120.731 Y130.181 E4.32104
G1 X118.158 Y129.491 E4.41121
G1 X115.776 Y131.873 E4.52524
G1 X116.177 Y133.368 E4.57763
G1 X117.107 Y133.27 E4.60928
G1 X119.164 Y132.628 E4.68222
G1 X121.041 Y131.61 E4.7545
G1 X121.273 Y131.415 E4.76476
G1 X121.019 Y130.468 E4.79795
G1 X123.401 Y128.086 E4.91198
G1 X123.95 Y128.234 E4.93123
G1 X124.371 Y127.203 E4.96893
G1 X125.357 Y123.202 E5.10841
G1 E3.70841 F4800
;WIPE_START
G1 F5760
G1 X125.176 Y123.938 E3.10841
;WIPE_END
G92 E0
G1 X127.319 Y116.003 F7200
G1 E2 F4800
;TYPE:Bridge infill
;WIDTH:0.374598
;HEIGHT:0.368782
G1 F2400
G1 X125.506 Y116.282 E2.08405
G1 X125.475 Y116.078 E2.0935
G1 X120.034 Y116.915 E2.34574
G1 X119.977 Y116.703 E2.3558
G1 X127.228 Y115.587 E2.69195
G1 X127.338 Y115.141 E2.713
G1 X119.867 Y116.29 E3.05935
G1 X119.816 Y116.101 E3.06832
G1 X115.605 Y116.749 E3.26354
G1 X115.57 Y116.522 E3.27406
G1 X127.448 Y114.694 E3.82472
G1 X127.558 Y114.247 E3.84581
G1 X115.505 Y116.103 E4.40459
G1 X115.477 Y115.922 E4.41298
G1 X111.996 Y116.457 E4.57435
G1 X111.959 Y116.219 E4.58539
G1 X127.668 Y113.801 E5.31365
G1 X127.778 Y113.354 E5.33474
G1 X105.933 Y116.717 E6.34747
G1 X105.822 Y116.304 E6.36707
G1 X127.888 Y112.908 E7.39004
G1 X127.998 Y112.461 E7.41113
G1 X102.96 Y116.315 E8.57188
G1 X102.858 Y115.901 E8.59142
G1 X128.31 Y111.984 E9.77136
G1 E8.37136 F4800
;WIPE_START
G1 F5760
G1 X127.561 Y112.099 E7.77136
;WIPE_END
G92 E0
G1 X147.383 Y111.196 F7200
G1 E2 F4800
G1 F2400
G1 X146.544 Y111.325 E2.03889
G1 X143.753 Y111.325 E2.16677
G1 X147.195 Y110.795 E2.32634
G1 X147.195 Y110.366 E2.346
G1 X140.962 Y111.325 E2.63496
G1 X138.171 Y111.325 E2.76284
G1 X147.195 Y109.936 E3.18119
G1 X147.195 Y109.507 E3.20085
G1 X135.379 Y111.325 E3.74863
G1 X132.588 Y111.325 E3.87651
G1 X147.195 Y109.077 E4.55368
G1 X147.195 Y108.647 E4.57338
G1 X129.797 Y111.325 E5.37994
G1 X128.278 Y111.325 E5.44954
G1 X128.218 Y111.568 E5.46101
G1 X102.756 Y115.487 E6.64142
G1 X102.654 Y115.073 E6.66096
G1 X147.195 Y108.218 E8.72586
G1 X147.195 Y107.788 E8.74556
G1 X102.552 Y114.659 E10.81519
G1 X102.45 Y114.246 E10.83468
G1 X147.195 Y107.359 E12.90904
G1 X147.195 Y106.929 E12.92874
G1 X102.348 Y113.832 E15.00783
G1 X102.246 Y113.418 E15.02737
G1 X143.027 Y107.141 E16.91796
G1 X142.917 Y106.728 E16.93754
G1 X102.144 Y113.004 E18.82776
G1 X102.042 Y112.59 E18.8473
G1 X137.399 Y107.148 E20.48643
G1 X137.383 Y107.042 E20.49134
G1 X132.504 Y107.793 E20.71753
G1 X132.456 Y107.479 E20.73208
G1 X101.94 Y112.176 E22.14679
G1 X101.838 Y111.762 E22.16633
G1 X129.545 Y107.498 E23.45081
G1 X129.54 Y107.08 E23.46996
G1 X101.736 Y111.348 E24.75886
G1 X101.73 Y111.325 E24.75995
G1 X99.095 Y111.325 E24.88069
G1 X128.864 Y106.743 E26.26077
G1 X128.851 Y106.66 E26.26462
G1 X123.454 Y107.491 E26.51482
G1 X123.365 Y107.16 E26.53053
G1 X96.303 Y111.325 E27.78511
G1 X93.512 Y111.325 E27.91299
G1 X123.254 Y106.747 E29.29182
G1 X123.236 Y106.677 E29.29513
G1 X117.795 Y107.514 E29.54737
G1 X117.741 Y107.166 E29.56351
G1 X90.721 Y111.325 E30.81615
G1 X87.93 Y111.325 E30.94403
G1 X113.274 Y107.424 E32.11897
G1 X113.265 Y107.364 E32.12175
G1 X110.258 Y107.827 E32.26115
G1 X110.214 Y107.54 E32.27445
G1 X110.058 Y107.49 E32.28196
G1 X85.139 Y111.325 E33.43719
G1 X82.805 Y111.325 E33.54413
G1 X82.805 Y111.255 E33.54734
G1 X109.321 Y107.174 E34.77661
G1 X109.21 Y106.761 E34.79621
G1 X82.805 Y110.825 E36.02033
G1 X82.805 Y110.396 E36.03999
G1 X103.703 Y107.179 E37.00881
G1 X103.592 Y106.767 E37.02836
G1 X82.805 Y109.966 E37.99203
G1 X82.805 Y109.536 E38.01173
G1 X97.518 Y107.272 E38.69381
G1 X97.514 Y107.246 E38.69502
G1 X94.153 Y107.763 E38.85083
G1 X94.093 Y107.369 E38.86909
G1 X82.805 Y109.107 E39.3924
G1 X82.805 Y108.677 E39.4121
G1 X94.028 Y106.95 E39.93239
G1 X94.026 Y106.935 E39.93308
G1 X89.765 Y107.591 E40.13062
G1 X89.659 Y107.193 E40.14949
G1 X82.805 Y108.248 E40.46724
G1 X82.805 Y107.818 E40.48694
G1 X89.735 Y106.751 E40.80821
G1 E39.40821 F4800
;WIPE_START
G1 F5760
G1 X88.986 Y106.866 E38.80821
;WIPE_END
G92 E0
G1 X94.328 Y106.471 F7200
G1 E2 F4800
;TYPE:Internal infill
;WIDTH:0.45
;HEIGHT:0.2
G1 F9000
G1 X90.068 Y107.127 E2.1459
G1 X89.85 Y106.313 E2.17442
G1 X89.284 Y106.4 E2.1938
G1 X88.91 Y105.007 E2.24262
G1 X91.292 Y102.625 E2.35665
G1 X93.865 Y103.315 E2.44682
G1 X96.017 Y101.163 E2.54984
G1 X96.331 Y101.424 E2.56366
G1 X94.153 Y103.603 E2.66794
G1 X94.842 Y106.175 E2.75807
G1 X94.396 Y106.622 E2.77944
G1 X94.472 Y107.121 E2.79653
G1 X95.13 Y106.463 E2.82803
G1 X96.865 Y106.928 E2.88883
G1 X97.85 Y106.777 E2.92256
G1 E1.52256 F4800
;WIPE_START
G1 F5760
G1 X97.101 Y106.892 E.92256
;WIPE_END
G92 E0
G1 X96.514 Y101.461 F7200
G1 E2 F4800
G1 F9000
G1 X97.097 Y101.371 E2.01997
G1 X99.108 Y101.91 E2.09044
G1 X99.904 Y101.114 E2.12854
G1 X99.941 Y101.357 E2.13686
G1 X100.29 Y101.303 E2.14881
G1 X99.396 Y102.198 E2.19163
G1 X100.085 Y104.771 E2.28179
G1 X97.889 Y106.967 E2.38691
G1 X97.923 Y107.189 E2.39451
G1 X98.301 Y107.131 E2.40745
G1 X100.373 Y105.058 E2.50666
G1 X102.946 Y105.748 E2.59683
G1 X105.328 Y103.366 E2.71086
G1 X104.816 Y101.454 E2.77786
G1 X109.646 Y100.711 E2.94327
G1 X109.864 Y101.525 E2.97179
G1 X110.431 Y101.437 E2.99121
G1 X110.571 Y101.961 E3.00957
G1 X108.189 Y104.343 E3.1236
G1 X105.616 Y103.654 E3.21376
G1 X103.234 Y106.036 E3.32779
G1 X103.32 Y106.358 E3.33907
G1 X103.887 Y106.271 E3.35849
G1 X104.105 Y107.085 E3.38701
G1 X108.935 Y106.342 E3.55242
G1 X108.477 Y104.631 E3.61237
G1 X110.859 Y102.249 E3.7264
G1 X113.432 Y102.938 E3.81656
G1 X115.526 Y100.844 E3.9168
G1 X115.98 Y100.965 E3.9327
G1 X113.719 Y103.226 E4.04093
G1 X114.409 Y105.799 E4.1311
G1 X113.261 Y106.947 E4.18605
G1 X113.61 Y106.893 E4.198
G1 X113.648 Y107.136 E4.20633
G1 X114.697 Y106.087 E4.25655
G1 X117.296 Y106.749 E4.34733
G1 X119.652 Y104.394 E4.46009
G1 X118.962 Y101.821 E4.55026
G1 X119.465 Y101.318 E4.57434
G1 X119.116 Y101.372 E4.58629
G1 X119.079 Y101.129 E4.59461
G1 X118.674 Y101.533 E4.61397
G1 X117.448 Y101.205 E4.65693
G1 X116.454 Y101.358 E4.69097
G1 X116.411 Y101.081 E4.70046
G1 X116.177 Y101.018 E4.70866
G1 E3.30866 F4800
;WIPE_START
G1 F5760
G1 X116.411 Y101.081 E3.11681
G1 X116.454 Y101.358 E2.89489
G1 X116.686 Y101.322 E2.70866
;WIPE_END
G92 E0
G1 X123.173 Y106.269 F7200
G1 E2 F4800
G1 F9000
G1 X123.539 Y106.212 E2.01254
G1 X123.757 Y107.026 E2.04106
G1 X128.586 Y106.283 E2.20644
G1 X128.043 Y104.255 E2.2775
G1 X130.425 Y101.872 E2.39155
G1 X132.998 Y102.562 E2.48172
G1 X134.759 Y100.801 E2.56602
G1 X135.275 Y100.86 E2.5836
G1 X133.286 Y102.85 E2.67884
G1 X133.975 Y105.423 E2.769
G1 X132.436 Y106.961 E2.84265
G1 X132.785 Y106.908 E2.8546
G1 X132.823 Y107.151 E2.86293
G1 X134.263 Y105.71 E2.93189
G1 X136.836 Y106.4 E3.02206
G1 X139.218 Y104.018 E3.13609
G1 X138.613 Y101.761 E3.21518
G1 X138.526 Y101.774 E3.21816
G1 X138.199 Y101.146 E3.24213
G1 X136.924 Y100.955 E3.28577
G1 X135.478 Y100.872 E3.3348
G1 X134.675 Y100.672 F7200
G1 F9000
G1 X130.082 Y101.379 E3.4921
G1 X130.137 Y101.585 E3.49932
G1 X127.755 Y103.967 E3.61335
G1 X125.182 Y103.277 E3.70352
G1 X122.8 Y105.659 E3.81755
G1 X122.972 Y106.3 E3.84001
G1 X118.14 Y107.043 E4.00549
G1 X118.076 Y106.629 E4.01967
G1 X117.977 Y106.645 E4.02306
G1 X119.939 Y104.682 E4.117
G1 X122.512 Y105.371 E4.20716
G1 X124.894 Y102.989 E4.32119
G1 X124.467 Y101.396 E4.37701
G1 X129.297 Y100.652 E4.54243
G1 X129.515 Y101.466 E4.57095
G1 X129.881 Y101.41 E4.58348
G1 E3.18348 F4800
;WIPE_START
G1 F5760
G1 X129.515 Y101.466 E2.89036
G1 X129.415 Y101.092 E2.58348
;WIPE_END
G92 E0
G1 X142.824 Y106.21 F7200
G1 E2 F4800
G1 F9000
G1 X143.19 Y106.154 E2.01253
G1 X143.408 Y106.968 E2.04105
G1 X147.201 Y106.384 E2.17095
G1 X147.201 Y103.558 E2.26661
G1 X144.748 Y102.901 E2.35257
G1 X142.366 Y105.283 E2.4666
G1 X142.623 Y106.241 E2.50017
G1 X137.792 Y106.985 E2.66562
G1 X137.728 Y106.571 E2.6798
G1 X137.152 Y106.659 E2.69952
G1 X139.506 Y104.306 E2.81218
G1 X142.079 Y104.995 E2.90234
G1 X144.461 Y102.613 E3.01637
G1 X144.064 Y101.133 E3.06824
G1 X147.201 Y100.651 E3.17567
G1 X147.201 Y103.354 E3.26716
G1 E1.86716 F4800
;WIPE_START
G1 F5760
G1 X147.201 Y102.596 E1.26716
;WIPE_END
G92 E0
G1 X143.635 Y100.776 F7200
G1 E2 F4800
;TYPE:Bridge infill
;WIDTH:0.380029
;HEIGHT:0.368782
G1 F2400
G1 X147.195 Y100.228 E2.16986
G1 X147.195 Y99.793 E2.19037
G1 X138.646 Y101.109 E2.59827
G1 X138.453 Y100.739 E2.61795
G1 X138.327 Y100.723 E2.62394
G1 X147.195 Y99.358 E3.04706
G1 X147.195 Y98.923 E3.06757
G1 X136.744 Y100.531 E3.56622
G1 X135.121 Y100.438 E3.64288
G1 X135.107 Y100.348 E3.64718
G1 X147.195 Y98.488 E4.22394
G1 X147.195 Y98.053 E4.24445
G1 X129.747 Y100.738 E5.07695
G1 X129.636 Y100.32 E5.09735
G1 X147.195 Y97.618 E5.93515
G1 X147.195 Y97.182 E5.95571
G1 X124.127 Y100.733 E7.05637
G1 X124.015 Y100.315 E7.07678
G1 X147.195 Y96.747 E8.18278
G1 X147.195 Y96.675 E8.18618
G1 X144.839 Y96.675 E8.29728
G1 X119.413 Y100.588 E9.51044
G1 X119.398 Y100.487 E9.51526
G1 X116.799 Y100.887 E9.63927
G1 X116.779 Y100.752 E9.64571
G1 X116.321 Y100.629 E9.66807
G1 X142.012 Y96.675 E10.89388
G1 X139.186 Y96.675 E11.02715
G1 X115.743 Y100.283 E12.1457
G1 X115.731 Y100.204 E12.14947
G1 X110.167 Y101.06 E12.41495
G1 X110.076 Y100.72 E12.43155
G1 X136.359 Y96.675 E13.6856
G1 X133.532 Y96.675 E13.81892
G1 X109.964 Y100.302 E14.94343
G1 X109.949 Y100.246 E14.94616
G1 X104.621 Y101.066 E15.20038
G1 X104.236 Y100.749 E15.2239
G1 X130.705 Y96.675 E16.48683
G1 X127.878 Y96.675 E16.62015
G1 X103.793 Y100.382 E17.76933
G1 X103.756 Y100.352 E17.77158
G1 X100.286 Y100.886 E17.93715
G1 X100.226 Y100.496 E17.95576
G1 X125.051 Y96.675 E19.14025
G1 X122.224 Y96.675 E19.27357
G1 X96.102 Y100.695 E20.51994
G1 X95.661 Y100.328 E20.547
G1 X119.398 Y96.675 E21.67957
G1 X116.571 Y96.675 E21.81289
G1 X90.404 Y100.702 E23.06141
G1 X90.297 Y100.305 E23.0808
G1 X84.867 Y101.141 E23.33989
G1 X84.886 Y101.117 E23.34133
G1 X113.744 Y96.675 E24.71825
G1 X110.917 Y96.675 E24.85157
G1 X85.27 Y100.622 E26.07528
G1 X85.615 Y100.178 E26.1018
G1 X82.805 Y100.611 E26.23588
G1 X82.805 Y100.567 E26.23795
G1 X108.09 Y96.675 E27.44439
G1 X105.263 Y96.675 E27.57771
G1 X82.805 Y100.131 E28.64926
G1 X82.805 Y99.696 E28.66977
G1 X102.437 Y96.675 E29.60648
G1 X99.61 Y96.675 E29.7398
G1 X82.805 Y99.261 E30.54162
G1 X82.805 Y98.826 E30.56213
G1 X96.783 Y96.675 E31.22907
G1 X93.956 Y96.675 E31.36239
G1 X82.805 Y98.391 E31.89444
G1 X82.805 Y97.956 E31.91495
G1 X91.129 Y96.675 E32.31212
G1 X88.302 Y96.675 E32.44544
G1 X82.805 Y97.521 E32.70772
G1 X82.805 Y97.086 E32.72823
G1 X86.7 Y96.486 E32.91408
G1 E31.51408 F4800
;WIPE_START
G1 F5760
G1 X85.951 Y96.601 E30.91408
;WIPE_END
G92 E0
G1 X85.366 Y101.482 F7200
G1 E2 F4800
;TYPE:Internal infill
;WIDTH:0.45
;HEIGHT:0.2
G1 F9000
G1 X89.994 Y100.77 E2.1585
G1 X90.212 Y101.583 E2.18699
G1 X90.779 Y101.496 E2.20641
G1 X91.005 Y102.337 E2.23589
G1 X88.622 Y104.719 E2.34994
G1 X86.05 Y104.03 E2.44007
G1 X83.668 Y106.412 E2.5541
G1 X83.887 Y107.231 E2.5828
G1 X82.799 Y107.398 E2.62006
G1 X82.799 Y105.969 E2.66843
G1 X83.38 Y106.124 E2.68878
G1 X85.762 Y103.742 E2.80281
G1 X85.164 Y101.513 E2.88093
G1 X83.904 Y101.707 E2.92408
G1 X84.586 Y100.828 E2.96174
G1 X84.411 Y100.781 E2.96787
G1 X82.799 Y101.029 E3.02308
G1 X82.799 Y105.765 E3.18339
G1 E1.78339 F4800
;WIPE_START
G1 F5760
G1 X82.799 Y105.007 E1.18339
;WIPE_END
G92 E0
G1 X106.06 Y117.365 F7200
G1 E2 F4800
G1 F9000
G1 X105.694 Y117.421 E2.01253
G1 X105.476 Y116.607 E2.04105
G1 X103.116 Y116.971 E2.12188
G1 X103.873 Y120.044 E2.22901
G1 X103.974 Y120.071 E2.23255
G1 X106.356 Y117.689 E2.34658
G1 X106.261 Y117.334 E2.35902
G1 X111.33 Y116.554 E2.53262
G1 X109.217 Y118.667 E2.63377
G1 X106.644 Y117.977 E2.72394
G1 X104.262 Y120.359 E2.83797
G1 X104.952 Y122.932 E2.92814
G1 X104.658 Y123.226 E2.94221
G1 X104.771 Y123.688 E2.95831
G1 X105.239 Y123.22 E2.98071
G1 X107.812 Y123.909 E3.07087
G1 X110.194 Y121.527 E3.1849
G1 X109.505 Y118.954 E3.27506
G1 X111.635 Y116.825 E3.377
G1 X111.651 Y116.928 E3.38053
G1 X112.644 Y116.775 E3.41454
G1 X114.46 Y117.262 E3.47818
G1 X115.158 Y116.564 E3.51159
G1 X115.235 Y117.062 E3.52865
G1 X114.748 Y117.55 E3.55199
G1 X115.437 Y120.123 E3.64215
G1 X113.055 Y122.505 E3.75618
G1 X110.482 Y121.815 E3.84635
G1 X108.1 Y124.197 E3.96038
G1 X108.79 Y126.77 E4.05055
G1 X106.488 Y129.072 E4.16075
G1 X106.735 Y129.4 E4.17465
G1 X109.077 Y127.058 E4.28676
G1 X111.65 Y127.747 E4.37692
G1 X112.291 Y127.106 E4.4076
G1 X112.436 Y127.538 E4.42302
G1 X111.938 Y128.035 E4.44684
G1 X112.628 Y130.608 E4.53701
G1 X110.691 Y132.545 E4.62973
G1 X111.102 Y132.709 E4.64471
G1 X112.915 Y130.896 E4.7315
G1 X115.488 Y131.585 E4.82166
G1 X117.87 Y129.203 E4.93569
G1 X117.472 Y127.716 E4.98779
G1 X117.339 Y127.965 E4.99735
G1 X116.99 Y128.391 E5.01599
G1 X116.563 Y128.74 E5.03466
G1 X116.077 Y129 E5.05332
G1 X115.55 Y129.16 E5.07196
G1 X115.001 Y129.214 E5.09063
G1 X114.453 Y129.16 E5.10927
G1 X113.926 Y129 E5.12791
G1 X113.44 Y128.74 E5.14657
G1 X113.013 Y128.391 E5.16524
G1 X112.664 Y127.965 E5.18388
G1 X112.532 Y127.717 E5.19339
;LAYER_CHANGE
;Z:2.88
;HEIGHT:0.2
; BEFORE_LAYER_CHANGE 13 @ 2.88mm
G1 E3.79339 F4800
;WIPE_START
G1 F5760
G1 X112.664 Y127.965 E3.57098
G1 X112.967 Y128.334 E3.19339
;WIPE_END
G92 E0
G1 Z2.88 F7200
; AFTER_LAYER_CHANGE 13 @ 2.88mm
G1 X100.842 Y112.176
G1 E2 F4800
;TYPE:External perimeter
G1 X100.833 Y112.139 E2.00129
G1 X81.739 Y112.139 E2.6476
G1 X81.739 Y95.861 E3.19859
G1 X148.261 Y95.861 E5.45028
G1 X148.261 Y112.139 E6.00127
G1 X129.175 Y112.139 E6.64731
G1 X125.382 Y127.531 E7.1839
G1 X124.641 Y129.347 E7.25029
G1 X123.369 Y131.034 E7.32181
G1 X121.642 Y132.49 E7.39827
G1 X119.578 Y133.61 E7.47776
G1 X117.322 Y134.314 E7.55775
G1 X115.031 Y134.554 E7.63572
G1 X112.686 Y134.314 E7.71551
G1 X110.43 Y133.61 E7.7955
G1 X108.366 Y132.49 E7.87499
G1 X106.639 Y131.034 E7.95145
G1 X105.367 Y129.347 E8.02297
G1 X104.627 Y127.531 E8.08935
G1 X100.856 Y112.234 E8.62264
G1 X101.157 Y111.855 F7200
;TYPE:Perimeter
;WIDTH:0.4
G1 F9000
G1 X101.132 Y111.757 E8.62564
G1 X82.121 Y111.757 E9.1901
G1 X82.121 Y96.243 E9.65073
G1 X147.879 Y96.243 E11.60317
G1 X147.879 Y111.757 E12.0638
G1 X128.876 Y111.757 E12.62802
G1 X125.017 Y127.413 E13.10678
G1 X124.306 Y129.157 E13.1627
G1 X123.09 Y130.77 E13.22268
G1 X121.426 Y132.173 E13.2873
G1 X119.429 Y133.256 E13.35475
G1 X117.245 Y133.938 E13.42268
G1 X115.03 Y134.17 E13.48881
G1 X112.763 Y133.938 E13.55647
G1 X110.579 Y133.256 E13.6244
G1 X108.583 Y132.173 E13.69183
G1 X106.918 Y130.77 E13.75648
G1 X105.702 Y129.157 E13.81646
G1 X104.991 Y127.413 E13.87238
G1 X101.171 Y111.914 E14.34634
G1 X101.451 Y111.556 F7200
G1 F9000
G1 X101.412 Y111.4 E14.35111
G1 X82.478 Y111.4 E14.91328
G1 X82.478 Y96.6 E15.35271
G1 X147.522 Y96.6 E17.28395
G1 X147.522 Y111.4 E17.72338
G1 X128.596 Y111.4 E18.28532
G1 X124.677 Y127.302 E18.7716
G1 X123.993 Y128.979 E18.82537
G1 X122.829 Y130.523 E18.88278
G1 X121.223 Y131.876 E18.94513
G1 X119.289 Y132.926 E19.01047
G1 X117.172 Y133.586 E19.07631
G1 X115.03 Y133.811 E19.14026
G1 X112.835 Y133.586 E19.20577
G1 X110.719 Y132.926 E19.27158
G1 X108.785 Y131.876 E19.33692
G1 X107.179 Y130.523 E19.39927
G1 X106.015 Y128.979 E19.45668
G1 X105.331 Y127.302 E19.51045
G1 X101.465 Y111.614 E19.99018
G1 E18.59018 F4800
;WIPE_START
G1 F5760
G1 X101.451 Y111.556 E18.54294
G1 X101.412 Y111.4 E18.41564
G1 X100.875 Y111.4 E17.99018
;WIPE_END
G92 E0
G1 X114.661 Y124.69 F7200
G1 E2 F4800
;TYPE:External perimeter
;WIDTH:0.45
G1 F4860
G1 X114.842 Y124.672 E2.00616
G1 X115.001 Y124.656 E2.01157
G1 X115.342 Y124.69 E2.02317
G1 X115.67 Y124.789 E2.03477
G1 X115.972 Y124.951 E2.04637
G1 X116.236 Y125.168 E2.05794
G1 X116.453 Y125.432 E2.06951
G1 X116.615 Y125.734 E2.08111
G1 X116.714 Y126.062 E2.09271
G1 X116.748 Y126.403 E2.10431
G1 X116.714 Y126.743 E2.11588
G1 X116.615 Y127.071 E2.12748
G1 X116.453 Y127.373 E2.13908
G1 X116.236 Y127.637 E2.15065
G1 X115.972 Y127.854 E2.16222
G1 X115.67 Y128.016 E2.17382
G1 X115.342 Y128.115 E2.18542
G1 X115.001 Y128.149 E2.19702
G1 X114.661 Y128.115 E2.20859
G1 X114.333 Y128.016 E2.22019
G1 X114.031 Y127.854 E2.23179
G1 X113.767 Y127.637 E2.24336
G1 X113.55 Y127.373 E2.25493
G1 X113.388 Y127.071 E2.26653
G1 X113.289 Y126.743 E2.27813
G1 X113.255 Y126.403 E2.2897
G1 X113.289 Y126.062 E2.3013
G1 X113.388 Y125.734 E2.3129
G1 X113.55 Y125.432 E2.3245
G1 X113.767 Y125.168 E2.33607
G1 X114.031 Y124.951 E2.34764
G1 X114.333 Y124.789 E2.35924
G1 X114.603 Y124.707 E2.36879
G1 X114.586 Y124.313 F7200
;TYPE:Perimeter
;WIDTH:0.4
G1 F4860
G1 X114.804 Y124.292 E2.37529
G1 X115.001 Y124.272 E2.38117
G1 X115.417 Y124.313 E2.39358
G1 X115.817 Y124.435 E2.406
G1 X116.185 Y124.631 E2.41838
G1 X116.508 Y124.896 E2.43078
G1 X116.773 Y125.219 E2.44318
G1 X116.969 Y125.587 E2.45556
G1 X117.091 Y125.987 E2.46798
G1 X117.132 Y126.403 E2.48039
G1 X117.091 Y126.818 E2.49277
G1 X116.969 Y127.218 E2.50519
G1 X116.773 Y127.586 E2.51757
G1 X116.508 Y127.909 E2.52997
G1 X116.185 Y128.174 E2.54237
G1 X115.817 Y128.371 E2.55476
G1 X115.417 Y128.492 E2.56717
G1 X115.001 Y128.533 E2.57958
G1 X114.586 Y128.492 E2.59196
G1 X114.186 Y128.371 E2.60437
G1 X113.818 Y128.174 E2.61676
G1 X113.495 Y127.909 E2.62916
G1 X113.23 Y127.586 E2.64156
G1 X113.034 Y127.218 E2.65394
G1 X112.912 Y126.818 E2.66636
G1 X112.871 Y126.403 E2.67874
G1 X112.912 Y125.987 E2.69115
G1 X113.034 Y125.587 E2.70357
G1 X113.23 Y125.219 E2.71595
G1 X113.495 Y124.896 E2.72835
G1 X113.818 Y124.631 E2.74075
G1 X114.186 Y124.435 E2.75313
G1 X114.529 Y124.331 E2.76377
G1 X114.516 Y123.961 F7200
G1 F4860
G1 X114.769 Y123.936 E2.77132
G1 X115.001 Y123.914 E2.77824
G1 X115.487 Y123.961 E2.79274
G1 X115.954 Y124.103 E2.80723
G1 X116.384 Y124.333 E2.82171
G1 X116.761 Y124.643 E2.8362
G1 X117.071 Y125.02 E2.85069
G1 X117.301 Y125.45 E2.86517
G1 X117.443 Y125.917 E2.87966
G1 X117.49 Y126.403 E2.89416
G1 X117.443 Y126.888 E2.90863
G1 X117.301 Y127.355 E2.92312
G1 X117.071 Y127.785 E2.9376
G1 X116.761 Y128.162 E2.95209
G1 X116.384 Y128.472 E2.96658
G1 X115.954 Y128.702 E2.98106
G1 X115.487 Y128.844 E2.99555
G1 X115.001 Y128.891 E3.01005
G1 X114.516 Y128.844 E3.02452
G1 X114.049 Y128.702 E3.03901
G1 X113.619 Y128.472 E3.05349
G1 X113.242 Y128.162 E3.06798
G1 X112.932 Y127.785 E3.08247
G1 X112.702 Y127.355 E3.09695
G1 X112.56 Y126.888 E3.11144
G1 X112.513 Y126.403 E3.12591
G1 X112.56 Y125.917 E3.14041
G1 X112.702 Y125.45 E3.1549
G1 X112.932 Y125.02 E3.16938
G1 X113.242 Y124.643 E3.18387
G1 X113.619 Y124.333 E3.19836
G1 X114.049 Y124.103 E3.21284
G1 X114.459 Y123.979 E3.22556
G1 X114.025 Y123.775 F7200
;TYPE:Internal infill
;WIDTH:0.45
G1 F9000
G1 X114.453 Y123.645 E3.2407
G1 X115.001 Y123.591 E3.25934
G1 X115.55 Y123.645 E3.27801
G1 X116.077 Y123.805 E3.29665
G1 X116.563 Y124.065 E3.31531
G1 X116.99 Y124.415 E3.334
G1 X117.339 Y124.841 E3.35264
G1 X117.599 Y125.327 E3.3713
G1 X117.738 Y125.785 E3.3875
G1 X119.17 Y124.354 E3.45603
G1 X118.298 Y121.1 E3.57006
G1 X115.725 Y120.41 E3.66023
G1 X114.853 Y117.156 E3.77426
G1 X114.893 Y117.116 E3.77617
G1 X119.837 Y117.116 E3.94352
G1 E2.54352 F4800
;WIPE_START
G1 F5760
G1 X119.079 Y117.116 E1.94352
;WIPE_END
G92 E0
G1 X125.454 Y122.807 F7200
G1 E2 F4800
G1 F9000
G1 X126.705 Y117.733 E2.17689
G1 X126.211 Y117.601 E2.1942
G1 X126.081 Y117.116 E2.2112
G1 X125.659 Y117.116 E2.22548
G1 X125.817 Y117.706 E2.24615
G1 X123.934 Y119.59 E2.33631
G1 X124.806 Y122.844 E2.45034
G1 X125.405 Y123.004 E2.47133
G1 X124.371 Y127.203 E2.61771
G1 X123.95 Y128.234 E2.65541
G1 X123.401 Y128.086 E2.67466
G1 X122.529 Y124.832 E2.78869
G1 X124.413 Y122.949 E2.87885
G1 X123.541 Y119.695 E2.99288
G1 X120.968 Y119.006 E3.08304
G1 X120.462 Y117.116 E3.14927
G1 X120.04 Y117.116 E3.16355
G1 X120.575 Y119.111 E3.23346
G1 X118.691 Y120.994 E3.32362
G1 X119.563 Y124.248 E3.43765
G1 X122.136 Y124.938 E3.52782
G1 X123.008 Y128.192 E3.64185
G1 X121.124 Y130.075 E3.73201
G1 X121.444 Y131.27 E3.77388
G1 X121.101 Y131.56 E3.78908
G1 X120.731 Y130.181 E3.83741
G1 X118.158 Y129.491 E3.92758
G1 X117.61 Y127.444 E3.99931
G1 X117.331 Y127.975 E4.01961
G1 X117.765 Y129.596 E4.07641
G1 X115.882 Y131.48 E4.16657
G1 X116.382 Y133.346 E4.23196
G1 X115.972 Y133.389 E4.24591
G1 X115.488 Y131.585 E4.30913
G1 X112.915 Y130.896 E4.39929
G1 X112.044 Y127.642 E4.51331
G1 X112.358 Y127.327 E4.52836
G1 X112.664 Y127.965 E4.55231
G1 X113.013 Y128.391 E4.57095
G1 X113.44 Y128.74 E4.58962
G1 X113.926 Y129 E4.60828
G1 X114.453 Y129.16 E4.62692
G1 X115.001 Y129.214 E4.64556
G1 X115.55 Y129.16 E4.66423
G1 X116.077 Y129 E4.68287
G1 X116.563 Y128.74 E4.70153
G1 X116.99 Y128.391 E4.7202
G1 X117.201 Y128.132 E4.73151
G1 E3.33151 F4800
;WIPE_START
G1 F5760
G1 X116.99 Y128.391 E3.06704
G1 X116.662 Y128.659 E2.73151
;WIPE_END
G92 E0
G1 X115.769 Y133.41 F7200
G1 E2 F4800
G1 F9000
G1 X115.029 Y133.488 E2.02519
G1 X112.9 Y133.27 E2.09763
G1 X110.883 Y132.64 E2.16916
G1 X112.522 Y131.001 E2.24762
G1 X111.65 Y127.747 E2.36165
G1 X109.077 Y127.058 E2.45181
G1 X108.206 Y123.804 E2.56583
G1 X110.089 Y121.921 E2.65597
G1 X109.217 Y118.667 E2.77
G1 X106.644 Y117.977 E2.86017
G1 X106.414 Y117.116 E2.89034
G1 X105.992 Y117.116 E2.90462
G1 X106.251 Y118.083 E2.93851
G1 X104.368 Y119.966 E3.02865
G1 X105.239 Y123.22 E3.14267
G1 X107.812 Y123.909 E3.23283
G1 X108.684 Y127.163 E3.34686
G1 X106.801 Y129.047 E3.43702
G1 X106.984 Y129.731 E3.46099
G1 X107.414 Y130.3 E3.48513
G1 X108.967 Y131.61 E3.5539
G1 X110.701 Y132.551 E3.62068
G1 E2.22068 F4800
;WIPE_START
G1 F5760
G1 X110.035 Y132.189 E1.62068
;WIPE_END
G92 E0
G1 X106.475 Y129.056 F7200
G1 E2 F4800
G1 F9000
G1 X106.297 Y128.819 E2.01003
G1 X105.638 Y127.203 E2.0691
G1 X104.714 Y123.457 E2.1997
G1 X104.846 Y123.325 E2.20602
G1 X103.974 Y120.071 E2.32005
G1 X103.873 Y120.044 E2.32359
G1 X103.152 Y117.116 E2.42566
G1 X105.789 Y117.116 E2.51492
G1 X106.617 Y117.116 F7200
G1 F9000
G1 X111.055 Y117.116 E2.66514
G1 X109.61 Y118.561 E2.73431
G1 X110.482 Y121.815 E2.84834
G1 X113.055 Y122.505 E2.93851
G1 X113.469 Y124.049 E2.99262
G1 X113.838 Y123.852 E3.00678
G1 X113.448 Y122.399 E3.0577
G1 X115.332 Y120.516 E3.14786
G1 X114.46 Y117.262 E3.26189
G1 X113.916 Y117.116 E3.28096
G1 X111.259 Y117.116 E3.3709
G1 E1.9709 F4800
;WIPE_START
G1 F5760
G1 X112.017 Y117.116 E1.3709
;WIPE_END
G92 E0
G1 X109.418 Y106.599 F7200
G1 E2 F4800
G1 F9000
G1 X113.897 Y106.599 E2.15161
G1 X114.303 Y106.192 E2.17107
G1 X113.432 Y102.938 E2.28509
G1 X110.859 Y102.249 E2.37525
G1 X110.632 Y101.401 E2.40496
G1 X110.21 Y101.401 E2.41924
G1 X110.465 Y102.354 E2.45263
G1 X108.582 Y104.238 E2.54279
G1 X109.215 Y106.599 E2.62553
G1 X108.793 Y106.599 E2.63981
G1 X108.189 Y104.343 E2.71886
G1 X105.616 Y103.654 E2.80902
G1 X105.012 Y101.401 E2.88797
G1 X104.591 Y101.401 E2.90222
G1 X105.223 Y103.759 E2.98485
G1 X103.339 Y105.643 E3.07504
G1 X103.595 Y106.599 E3.10854
G1 X103.174 Y106.599 E3.12279
G1 X102.946 Y105.748 E3.15261
G1 X100.373 Y105.058 E3.24278
G1 X99.501 Y101.805 E3.35678
G1 X99.905 Y101.401 E3.37612
G1 X104.387 Y101.401 E3.52783
G1 E2.12783 F4800
;WIPE_START
G1 F5760
G1 X103.629 Y101.401 E1.52783
;WIPE_END
G92 E0
G1 X102.97 Y106.599 F7200
G1 E2 F4800
G1 F9000
G1 X98.545 Y106.599 E2.14978
G1 X99.98 Y105.164 E2.21847
G1 X99.108 Y101.91 E2.3325
G1 X97.209 Y101.401 E2.39905
G1 X96.067 Y101.401 E2.43771
G1 X94.258 Y103.209 E2.52428
G1 X95.13 Y106.463 E2.63831
G1 X95.636 Y106.599 E2.65605
G1 X98.341 Y106.599 E2.74761
G1 E1.34761 F4800
;WIPE_START
G1 F5760
G1 X97.583 Y106.599 E.74761
;WIPE_END
G92 E0
G1 X89.751 Y106.599 F7200
G1 E2 F4800
G1 F9000
G1 X94.707 Y106.599 E2.16775
G1 X94.737 Y106.569 E2.16919
G1 X93.865 Y103.315 E2.28322
G1 X91.292 Y102.625 E2.37339
G1 X90.964 Y101.401 E2.41628
G1 X90.543 Y101.401 E2.43053
G1 X90.899 Y102.731 E2.47713
G1 X89.016 Y104.614 E2.56727
G1 X89.547 Y106.599 E2.63682
G1 X89.126 Y106.599 E2.65107
G1 X88.622 Y104.72 E2.71692
G1 X86.05 Y104.03 E2.80706
G1 X85.345 Y101.401 E2.89919
G1 X84.924 Y101.401 E2.91344
G1 X85.656 Y104.135 E3.00924
G1 X83.773 Y106.019 E3.0994
G1 X83.928 Y106.599 E3.11972
G1 X83.507 Y106.599 E3.13397
G1 X83.38 Y106.124 E3.15061
G1 X82.799 Y105.969 E3.17096
G1 X82.799 Y101.401 E3.32558
G1 X84.72 Y101.401 E3.3906
G1 E1.9906 F4800
;WIPE_START
G1 F5760
G1 X83.962 Y101.401 E1.3906
;WIPE_END
G92 E0
G1 X82.948 Y96.983 F7200
G1 E2 F4800
;TYPE:Solid infill
;WIDTH:0.610898
G1 F9000
G1 X82.898 Y96.933 E2.00334
G1 X82.83 Y96.951 E2.00666
G1 X82.811 Y97.02 E2.01004
G1 X82.861 Y97.07 E2.01338
G1 X82.93 Y97.052 E2.01675
;WIDTH:0.499999
G1 X82.824 Y97.782 E2.04479
G1 X83.66 Y96.946 E2.08972
G1 X84.306 Y96.946 E2.11427
G1 X82.824 Y98.428 E2.19393
G1 X82.824 Y99.074 E2.21848
G1 X84.953 Y96.946 E2.33288
G1 X85.599 Y96.946 E2.35743
G1 X82.824 Y99.721 E2.50658
G1 X82.824 Y100.367 E2.53113
G1 X86.246 Y96.946 E2.71503
G1 X86.892 Y96.946 E2.73958
G1 X82.869 Y100.969 E2.95581
G1 X82.795 Y100.974 E2.95863
;WIDTH:0.460973
G1 X82.72 Y100.979 E2.96124
;WIDTH:0.421947
G1 X82.646 Y100.984 E2.96358
;WIDTH:0.38292
G1 X82.651 Y101.123 E2.96751
;WIDTH:0.499999
G1 X83.515 Y100.969 E3.00086
G1 X87.539 Y96.946 E3.21712
G1 X88.185 Y96.946 E3.24167
G1 X84.162 Y100.969 E3.4579
G1 X84.808 Y100.969 E3.48245
G1 X88.831 Y96.946 E3.69868
G1 X89.478 Y96.946 E3.72327
G1 X85.455 Y100.969 E3.9395
G1 X86.101 Y100.969 E3.96405
G1 X90.124 Y96.946 E4.18028
G1 X90.771 Y96.946 E4.20487
G1 X86.747 Y100.969 E4.42113
G1 X87.394 Y100.969 E4.44572
G1 X91.417 Y96.946 E4.66195
G1 X92.063 Y96.946 E4.6865
G1 X88.04 Y100.969 E4.90273
G1 X88.687 Y100.969 E4.92732
G1 X92.71 Y96.946 E5.14355
G1 X93.356 Y96.946 E5.1681
G1 X89.333 Y100.969 E5.38433
G1 X89.979 Y100.969 E5.40888
G1 X94.003 Y96.946 E5.62514
G1 X94.649 Y96.946 E5.64969
G1 X90.626 Y100.969 E5.86592
G1 X91.272 Y100.969 E5.89047
G1 X95.295 Y96.946 E6.1067
G1 X95.942 Y96.946 E6.13129
G1 X91.919 Y100.969 E6.34752
G1 X92.565 Y100.969 E6.37207
G1 X96.588 Y96.946 E6.5883
G1 X97.235 Y96.946 E6.61289
G1 X93.211 Y100.969 E6.82915
G1 X93.858 Y100.969 E6.85374
G1 X97.881 Y96.946 E7.06997
G1 X98.527 Y96.946 E7.09452
G1 X94.504 Y100.969 E7.31075
G1 X95.151 Y100.969 E7.33534
G1 X99.174 Y96.946 E7.55157
G1 X99.82 Y96.946 E7.57612
G1 X95.797 Y100.969 E7.79235
G1 X96.443 Y100.969 E7.8169
G1 X100.467 Y96.946 E8.03316
G1 X101.113 Y96.946 E8.05771
G1 X97.09 Y100.969 E8.27394
G1 X97.736 Y100.969 E8.29849
G1 X101.759 Y96.946 E8.51472
G1 X102.406 Y96.946 E8.53931
G1 X98.383 Y100.969 E8.75554
G1 X99.029 Y100.969 E8.78009
G1 X103.052 Y96.946 E8.99632
G1 X103.699 Y96.946 E9.02091
G1 X99.676 Y100.969 E9.23714
G1 X100.322 Y100.969 E9.26169
G1 X104.345 Y96.946 E9.47792
G1 X104.992 Y96.946 E9.50251
G1 X100.968 Y100.969 E9.71877
G1 X101.615 Y100.969 E9.74336
G1 X105.638 Y96.946 E9.95959
G1 X106.284 Y96.946 E9.98414
G1 X102.261 Y100.969 E10.20037
G1 X102.908 Y100.969 E10.22496
G1 X106.931 Y96.946 E10.44119
G1 X107.577 Y96.946 E10.46574
G1 X103.554 Y100.969 E10.68197
G1 X104.2 Y100.969 E10.70652
G1 X108.224 Y96.946 E10.92278
G1 X108.87 Y96.946 E10.94733
G1 X104.847 Y100.969 E11.16356
G1 X105.493 Y100.969 E11.18811
G1 X109.516 Y96.946 E11.40434
G1 X110.163 Y96.946 E11.42893
G1 X106.14 Y100.969 E11.64516
G1 X106.786 Y100.969 E11.66971
G1 X110.809 Y96.946 E11.88594
G1 X111.456 Y96.946 E11.91053
G1 X107.432 Y100.969 E12.12679
G1 X108.079 Y100.969 E12.15138
G1 X112.102 Y96.946 E12.36761
G1 X112.748 Y96.946 E12.39216
G1 X108.725 Y100.969 E12.60839
G1 X109.372 Y100.969 E12.63298
G1 X113.395 Y96.946 E12.84921
G1 X114.041 Y96.946 E12.87376
G1 X110.018 Y100.969 E13.08999
G1 X110.664 Y100.969 E13.11454
G1 X114.688 Y96.946 E13.3308
G1 X115.334 Y96.946 E13.35535
G1 X111.311 Y100.969 E13.57158
G1 X111.957 Y100.969 E13.59613
G1 X115.98 Y96.946 E13.81236
G1 X116.627 Y96.946 E13.83695
G1 X112.604 Y100.969 E14.05318
G1 X113.25 Y100.969 E14.07773
G1 X117.273 Y96.946 E14.29396
G1 X117.92 Y96.946 E14.31855
G1 X113.896 Y100.969 E14.53481
G1 X114.543 Y100.969 E14.5594
G1 X118.566 Y96.946 E14.77563
G1 X119.212 Y96.946 E14.80018
G1 X115.189 Y100.969 E15.01641
G1 X115.836 Y100.969 E15.041
G1 X119.859 Y96.946 E15.25723
G1 X120.505 Y96.946 E15.28178
G1 X116.482 Y100.969 E15.49801
G1 X117.128 Y100.969 E15.52256
G1 X121.152 Y96.946 E15.73882
G1 X121.798 Y96.946 E15.76337
G1 X117.775 Y100.969 E15.9796
G1 X118.421 Y100.969 E16.00415
G1 X122.445 Y96.946 E16.22041
G1 X123.091 Y96.946 E16.24496
G1 X119.068 Y100.969 E16.46119
G1 X119.714 Y100.969 E16.48574
G1 X123.737 Y96.946 E16.70197
G1 X124.384 Y96.946 E16.72656
G1 X120.361 Y100.969 E16.94279
G1 X121.007 Y100.969 E16.96734
G1 X125.03 Y96.946 E17.18357
G1 X125.677 Y96.946 E17.20816
G1 X121.653 Y100.969 E17.42442
G1 X122.3 Y100.969 E17.44901
G1 X126.323 Y96.946 E17.66524
G1 X126.969 Y96.946 E17.68979
G1 X122.946 Y100.969 E17.90602
G1 X123.593 Y100.969 E17.93061
G1 X127.616 Y96.946 E18.14684
G1 X128.262 Y96.946 E18.17139
G1 X124.239 Y100.969 E18.38762
G1 X124.885 Y100.969 E18.41217
G1 X128.909 Y96.946 E18.62843
G1 X129.555 Y96.946 E18.65298
G1 X125.532 Y100.969 E18.86921
G1 X126.178 Y100.969 E18.89376
G1 X130.201 Y96.946 E19.10999
G1 X130.848 Y96.946 E19.13458
G1 X126.825 Y100.969 E19.35081
G1 X127.471 Y100.969 E19.37536
G1 X131.494 Y96.946 E19.59159
G1 X132.141 Y96.946 E19.61618
G1 X128.117 Y100.969 E19.83244
G1 X128.764 Y100.969 E19.85703
G1 X132.787 Y96.946 E20.07326
G1 X133.433 Y96.946 E20.09781
G1 X129.41 Y100.969 E20.31404
G1 X130.057 Y100.969 E20.33863
G1 X134.08 Y96.946 E20.55486
G1 X134.726 Y96.946 E20.57941
G1 X130.703 Y100.969 E20.79564
G1 X131.349 Y100.969 E20.82019
G1 X135.373 Y96.946 E21.03645
G1 X136.019 Y96.946 E21.061
G1 X131.996 Y100.969 E21.27723
G1 X132.642 Y100.969 E21.30178
G1 X136.665 Y96.946 E21.51801
G1 X137.312 Y96.946 E21.5426
G1 X133.289 Y100.969 E21.75883
G1 X133.935 Y100.969 E21.78338
G1 X137.958 Y96.946 E21.99961
G1 X138.605 Y96.946 E22.0242
G1 X134.581 Y100.969 E22.24046
G1 X135.228 Y100.969 E22.26505
G1 X139.251 Y96.946 E22.48128
G1 X139.898 Y96.946 E22.50587
G1 X135.874 Y100.969 E22.72213
G1 X136.521 Y100.969 E22.74672
G1 X140.544 Y96.946 E22.96295
G1 X141.19 Y96.946 E22.9875
G1 X137.167 Y100.969 E23.20373
G1 X137.814 Y100.969 E23.22832
G1 X141.837 Y96.946 E23.44455
G1 X142.483 Y96.946 E23.4691
G1 X138.46 Y100.969 E23.68533
G1 X139.106 Y100.969 E23.70988
G1 X143.13 Y96.946 E23.92614
G1 X143.776 Y96.946 E23.95069
G1 X139.753 Y100.969 E24.16692
G1 X140.399 Y100.969 E24.19147
G1 X144.422 Y96.946 E24.4077
G1 X145.069 Y96.946 E24.43229
G1 X141.046 Y100.969 E24.64852
G1 X141.692 Y100.969 E24.67307
G1 X145.715 Y96.946 E24.8893
G1 X146.362 Y96.946 E24.91389
G1 X142.338 Y100.969 E25.13015
G1 X142.985 Y100.969 E25.15474
G1 X147.008 Y96.946 E25.37097
G1 X147.114 Y96.915 E25.37517
;WIDTH:0.460973
G1 X147.221 Y96.885 E25.37903
;WIDTH:0.421947
G1 X147.327 Y96.854 E25.38251
;WIDTH:0.38292
G1 X147.286 Y96.865 E25.38371
G1 X147.267 Y96.794 E25.38579
G1 X147.338 Y96.813 E25.38787
;WIDTH:0.499999
G1 X147.176 Y97.425 E25.41193
G1 X143.631 Y100.969 E25.60244
G1 X144.278 Y100.969 E25.62703
G1 X147.176 Y98.071 E25.78279
G1 X147.176 Y98.717 E25.80734
G1 X144.924 Y100.969 E25.92838
G1 X145.57 Y100.969 E25.95293
G1 X147.176 Y99.364 E26.03922
G1 X147.251 Y99.315 E26.04262
;WIDTH:0.460973
G1 X147.326 Y99.267 E26.04572
;WIDTH:0.421947
G1 X147.401 Y99.218 E26.04854
;WIDTH:0.38292
G1 X147.36 Y99.229 E26.04974
G1 X147.341 Y99.158 E26.05182
G1 X147.412 Y99.177 E26.0539
G1 X147.15 Y100.073 F7200
;WIDTH:0.55229
G1 F9000
G1 X147.15 Y100.943 E26.09075
G1 X146.28 Y100.943 E26.1276
G1 X146.988 Y100.235 E26.17001
G1 E24.77001 F4800
;WIPE_START
G1 F5760
G1 X146.452 Y100.771 E24.17001
;WIPE_END
G92 E0
G1 X143.133 Y106.599 F7200
G1 E2 F4800
;TYPE:Internal infill
;WIDTH:0.45
G1 F9000
G1 X147.201 Y106.599 E2.1377
G1 X147.201 Y103.558 E2.24063
G1 X144.748 Y102.901 E2.32659
G1 X144.347 Y101.401 E2.37915
G1 X143.925 Y101.401 E2.39343
G1 X144.355 Y103.006 E2.44967
G1 X142.472 Y104.89 E2.53983
G1 X142.93 Y106.599 E2.59972
G1 X142.508 Y106.599 E2.614
G1 X142.079 Y104.995 E2.6702
G1 X139.506 Y104.306 E2.76036
G1 X138.727 Y101.401 E2.86216
G1 X138.306 Y101.401 E2.87641
G1 X139.112 Y104.411 E2.98188
G1 X137.229 Y106.294 E3.07202
G1 X137.311 Y106.599 E3.08271
G1 X136.889 Y106.599 E3.09699
G1 X136.836 Y106.4 E3.10396
G1 X134.263 Y105.71 E3.19413
G1 X133.391 Y102.457 E3.30813
G1 X134.446 Y101.401 E3.35866
G1 X130.502 Y101.401 E3.49216
G1 E2.09216 F4800
;WIPE_START
G1 F5760
G1 X131.26 Y101.401 E1.49216
;WIPE_END
G92 E0
G1 X129.085 Y106.599 F7200
G1 E2 F4800
G1 F9000
G1 X133.087 Y106.599 E2.13546
G1 X133.87 Y105.816 E2.17294
G1 X132.998 Y102.562 E2.28697
G1 X130.425 Y101.872 E2.37714
G1 X130.299 Y101.401 E2.39364
G1 X129.877 Y101.401 E2.40792
G1 X130.032 Y101.978 E2.42814
G1 X128.148 Y103.861 E2.5183
G1 X128.882 Y106.599 E2.61425
G1 X128.46 Y106.599 E2.62853
G1 X127.755 Y103.967 E2.72076
G1 X125.182 Y103.277 E2.81093
G1 X124.679 Y101.401 E2.87667
G1 X124.258 Y101.401 E2.89092
G1 X124.789 Y103.383 E2.96037
G1 X122.905 Y105.266 E3.05053
G1 X123.263 Y106.599 E3.09725
G1 X122.841 Y106.599 E3.11153
G1 X122.512 Y105.371 E3.15456
G1 X119.939 Y104.682 E3.24472
G1 X119.068 Y101.428 E3.35874
G1 X124.055 Y101.401 E3.52755
G1 E2.12755 F4800
;WIPE_START
G1 F5760
G1 X123.297 Y101.405 E1.52755
;WIPE_END
G92 E0
G1 X115.46 Y101.401 F7200
G1 E2 F4800
G1 F9000
G1 X118.181 Y101.401 E2.0921
G1 X118.674 Y101.533 E2.10938
G1 X119.546 Y104.787 E2.22341
G1 X117.735 Y106.599 E2.31013
G1 X116.607 Y106.599 E2.34831
G1 X114.697 Y106.087 E2.41524
G1 X113.825 Y102.833 E2.52927
G1 X115.256 Y101.401 E2.5978
G1 X110.835 Y101.401 E2.74745
G1 E1.34745 F4800
;WIPE_START
G1 F5760
G1 X111.593 Y101.401 E.74745
;WIPE_END
G92 E0
G1 X82.967 Y107.082 F7200
G1 E2 F4800
;TYPE:Solid infill
;WIDTH:0.641134
G1 F9000
G1 X82.914 Y107.029 E2.00373
G1 X82.842 Y107.049 E2.00745
G1 X82.823 Y107.121 E2.01115
G1 X82.876 Y107.174 E2.01488
G1 X82.948 Y107.154 E2.0186
;WIDTH:0.499999
G1 X82.824 Y107.918 E2.04802
G1 X83.712 Y107.031 E2.09572
G1 X84.358 Y107.031 E2.12027
G1 X82.824 Y108.565 E2.20272
G1 X82.824 Y109.211 E2.22727
G1 X85.005 Y107.031 E2.34447
G1 X85.651 Y107.031 E2.36902
G1 X82.824 Y109.857 E2.52094
G1 E1.12094 F4800
;WIPE_START
G1 F5760
G1 X83.36 Y109.321 E.52094
;WIPE_END
G92 E0
G1 X82.676 Y111.203 F7200
G1 E2 F4800
;WIDTH:0.38292
G1 F9000
G1 X82.646 Y110.866 E2.00957
;WIDTH:0.421947
G1 X82.706 Y110.745 E2.01383
;WIDTH:0.460973
G1 X82.765 Y110.625 E2.01848
;WIDTH:0.499999
G1 X82.824 Y110.504 E2.0236
G1 X86.297 Y107.031 E2.21027
G1 X86.944 Y107.031 E2.23486
G1 X82.921 Y111.054 E2.45109
G1 X83.567 Y111.054 E2.47564
G1 X87.59 Y107.031 E2.69187
G1 X88.237 Y107.031 E2.71646
G1 X84.213 Y111.054 E2.93272
G1 X84.86 Y111.054 E2.95731
G1 X88.883 Y107.031 E3.17354
G1 X89.529 Y107.031 E3.19809
G1 X85.506 Y111.054 E3.41432
G1 X86.153 Y111.054 E3.43891
G1 X90.176 Y107.031 E3.65514
G1 X90.822 Y107.031 E3.67969
G1 X86.799 Y111.054 E3.89592
G1 X87.445 Y111.054 E3.92047
G1 X91.469 Y107.031 E4.13673
G1 X92.115 Y107.031 E4.16128
G1 X88.092 Y111.054 E4.37751
G1 X88.738 Y111.054 E4.40206
G1 X92.761 Y107.031 E4.61829
G1 X93.408 Y107.031 E4.64288
G1 X89.385 Y111.054 E4.85911
G1 X90.031 Y111.054 E4.88366
G1 X94.054 Y107.031 E5.09989
G1 X94.701 Y107.031 E5.12448
G1 X90.677 Y111.054 E5.34074
G1 X91.324 Y111.054 E5.36533
G1 X95.347 Y107.031 E5.58156
G1 X95.993 Y107.031 E5.60611
G1 X91.97 Y111.054 E5.82234
G1 X92.617 Y111.054 E5.84693
G1 X96.64 Y107.031 E6.06316
G1 X97.286 Y107.031 E6.08771
G1 X93.263 Y111.054 E6.30394
G1 X93.909 Y111.054 E6.32849
G1 X97.933 Y107.031 E6.54475
G1 X98.579 Y107.031 E6.5693
G1 X94.556 Y111.054 E6.78553
G1 X95.202 Y111.054 E6.81008
G1 X99.225 Y107.031 E7.02631
G1 X99.872 Y107.031 E7.0509
G1 X95.849 Y111.054 E7.26713
G1 X96.495 Y111.054 E7.29168
G1 X100.518 Y107.031 E7.50791
G1 X101.165 Y107.031 E7.5325
G1 X97.141 Y111.054 E7.74876
G1 X97.788 Y111.054 E7.77335
G1 X101.811 Y107.031 E7.98958
G1 X102.457 Y107.031 E8.01413
G1 X98.434 Y111.054 E8.23036
G1 X99.081 Y111.054 E8.25495
G1 X103.104 Y107.031 E8.47118
G1 X103.75 Y107.031 E8.49573
G1 X99.727 Y111.054 E8.71196
G1 X100.374 Y111.054 E8.73655
G1 X104.397 Y107.031 E8.95278
G1 X105.043 Y107.031 E8.97733
G1 X101.02 Y111.054 E9.19356
G1 X101.666 Y111.054 E9.21811
G1 X105.69 Y107.031 E9.43437
G1 X106.336 Y107.031 E9.45892
G1 X101.808 Y111.559 E9.7023
G1 X101.936 Y112.078 E9.72262
G1 X106.982 Y107.031 E9.99386
G1 X107.629 Y107.031 E10.01845
G1 X102.063 Y112.596 E10.31759
G1 X102.191 Y113.115 E10.33791
G1 X108.275 Y107.031 E10.66492
G1 X108.922 Y107.031 E10.68951
G1 X102.319 Y113.634 E11.04441
G1 X102.447 Y114.152 E11.06469
G1 X109.568 Y107.031 E11.44744
G1 X110.214 Y107.031 E11.47199
G1 X102.575 Y114.671 E11.88261
G1 X102.702 Y115.189 E11.90288
G1 X110.861 Y107.031 E12.34139
G1 X111.507 Y107.031 E12.36594
G1 X102.83 Y115.708 E12.83232
G1 X102.958 Y116.226 E12.8526
G1 X112.154 Y107.031 E13.34685
G1 X112.8 Y107.031 E13.3714
G1 X103.147 Y116.684 E13.89024
G1 X103.793 Y116.684 E13.91479
G1 X113.446 Y107.031 E14.43363
G1 X114.093 Y107.031 E14.45822
G1 X104.44 Y116.684 E14.97706
G1 X105.086 Y116.684 E15.00161
G1 X114.739 Y107.031 E15.52045
G1 X115.386 Y107.031 E15.54504
G1 X105.732 Y116.684 E16.06391
G1 X106.379 Y116.684 E16.0885
G1 X116.032 Y107.031 E16.60734
G1 X116.678 Y107.031 E16.63189
G1 X107.025 Y116.684 E17.15073
G1 X107.672 Y116.684 E17.17532
G1 X117.325 Y107.031 E17.69416
G1 X117.971 Y107.031 E17.71871
G1 X108.318 Y116.684 E18.23755
G1 X108.964 Y116.684 E18.2621
G1 X118.618 Y107.031 E18.78097
G1 X119.264 Y107.031 E18.80552
G1 X109.611 Y116.684 E19.32436
G1 X110.257 Y116.684 E19.34891
G1 X119.91 Y107.031 E19.86775
G1 X120.557 Y107.031 E19.89234
G1 X110.904 Y116.684 E20.41118
G1 X111.55 Y116.684 E20.43573
G1 X121.203 Y107.031 E20.95457
G1 X121.85 Y107.031 E20.97916
G1 X112.197 Y116.684 E21.498
G1 X112.843 Y116.684 E21.52255
G1 X122.496 Y107.031 E22.04139
G1 X123.143 Y107.031 E22.06598
G1 X113.489 Y116.684 E22.58485
G1 X114.136 Y116.684 E22.60944
G1 X123.789 Y107.031 E23.12828
G1 X124.435 Y107.031 E23.15283
G1 X114.782 Y116.684 E23.67167
G1 X115.429 Y116.684 E23.69626
G1 X125.082 Y107.031 E24.2151
G1 X125.728 Y107.031 E24.23965
G1 X116.075 Y116.684 E24.75849
G1 X116.721 Y116.684 E24.78304
G1 X126.375 Y107.031 E25.30191
G1 X127.021 Y107.031 E25.32646
G1 X117.368 Y116.684 E25.8453
G1 X118.014 Y116.684 E25.86985
G1 X127.667 Y107.031 E26.38869
G1 X128.314 Y107.031 E26.41328
G1 X118.661 Y116.684 E26.93212
G1 X119.307 Y116.684 E26.95667
G1 X128.96 Y107.031 E27.47551
G1 X129.607 Y107.031 E27.5001
G1 X119.953 Y116.684 E28.01897
G1 X120.6 Y116.684 E28.04356
G1 X130.253 Y107.031 E28.5624
G1 X130.899 Y107.031 E28.58695
G1 X121.246 Y116.684 E29.10579
G1 X121.893 Y116.684 E29.13038
G1 X131.546 Y107.031 E29.64922
G1 X132.192 Y107.031 E29.67377
G1 X122.539 Y116.684 E30.19261
G1 X122.66 Y116.725 E30.19747
;WIDTH:0.460973
G1 X122.782 Y116.766 E30.20194
;WIDTH:0.421947
G1 X122.903 Y116.807 E30.20597
;WIDTH:0.38292
G1 X122.832 Y116.788 E30.20805
G1 X122.851 Y116.859 E30.21013
G1 X122.892 Y116.848 E30.21133
G1 E28.81133 F4800
;WIPE_START
G1 F5760
G1 X122.851 Y116.859 E28.77772
G1 X122.832 Y116.788 E28.71953
G1 X122.903 Y116.807 E28.66134
G1 X122.782 Y116.766 E28.5602
G1 X122.66 Y116.725 E28.45831
G1 X122.539 Y116.684 E28.35717
G1 X122.669 Y116.554 E28.21133
;WIPE_END
G92 E0
G1 X127.542 Y114.958 F7200
G1 E2 F4800
G1 F9000
G1 X128.38 Y111.556 E2.09905
G1 X128.347 Y111.382 E2.10406
G1 X128.492 Y111.188 E2.11091
;WIDTH:0.421947
G1 X128.6 Y111.144 E2.11459
;WIDTH:0.460973
G1 X128.708 Y111.099 E2.11866
;WIDTH:0.499999
G1 X128.815 Y111.054 E2.12307
G1 X132.839 Y107.031 E2.33933
G1 X133.485 Y107.031 E2.36388
G1 X129.462 Y111.054 E2.58011
G1 X130.108 Y111.054 E2.60466
G1 X134.131 Y107.031 E2.82089
G1 X134.778 Y107.031 E2.84548
G1 X130.755 Y111.054 E3.06171
G1 X131.401 Y111.054 E3.08626
G1 X135.424 Y107.031 E3.30249
G1 X136.071 Y107.031 E3.32708
G1 X132.047 Y111.054 E3.54334
G1 X132.694 Y111.054 E3.56793
G1 X136.717 Y107.031 E3.78416
G1 X137.363 Y107.031 E3.80871
G1 X133.34 Y111.054 E4.02494
G1 X133.987 Y111.054 E4.04953
G1 X138.01 Y107.031 E4.26576
G1 X138.656 Y107.031 E4.29031
G1 X134.633 Y111.054 E4.50654
G1 X135.28 Y111.054 E4.53113
G1 X139.303 Y107.031 E4.74736
G1 X139.949 Y107.031 E4.77191
G1 X135.926 Y111.054 E4.98814
G1 X136.572 Y111.054 E5.01269
G1 X140.596 Y107.031 E5.22895
G1 X141.242 Y107.031 E5.2535
G1 X137.219 Y111.054 E5.46973
G1 X137.865 Y111.054 E5.49428
G1 X141.888 Y107.031 E5.71051
G1 X142.535 Y107.031 E5.7351
G1 X138.512 Y111.054 E5.95133
G1 X139.158 Y111.054 E5.97588
G1 X143.181 Y107.031 E6.19211
G1 X143.828 Y107.031 E6.2167
G1 X139.804 Y111.054 E6.43296
G1 X140.451 Y111.054 E6.45755
G1 X144.474 Y107.031 E6.67378
G1 X145.12 Y107.031 E6.69833
G1 X141.097 Y111.054 E6.91456
G1 X141.744 Y111.054 E6.93915
G1 X145.767 Y107.031 E7.15538
G1 X146.413 Y107.031 E7.17993
G1 X142.39 Y111.054 E7.39616
G1 X143.036 Y111.054 E7.42071
G1 X147.06 Y107.031 E7.63697
G1 X147.176 Y107.561 E7.65759
G1 X143.683 Y111.054 E7.84534
G1 X144.329 Y111.054 E7.86989
G1 X147.176 Y108.208 E8.02289
G1 X147.176 Y108.854 E8.04744
G1 X144.976 Y111.054 E8.16569
G1 X145.622 Y111.054 E8.19024
G1 X147.176 Y109.5 E8.27377
G1 X147.157 Y110.192 E8.30008
;WIDTH:0.537174
G1 X147.157 Y111.036 E8.33477
G1 X146.313 Y111.036 E8.36946
G1 X146.995 Y110.353 E8.40913
G1 E7.00913 F4800
;WIPE_START
G1 F5760
G1 X146.46 Y110.889 E6.40913
;WIPE_END
G92 E0
G1 X128.165 Y111.705 F7200
G1 E2 F4800
;WIDTH:0.499999
G1 F9000
G1 X123.185 Y116.684 E2.26764
G1 X123.832 Y116.684 E2.29223
G1 X127.953 Y112.563 E2.51373
G1 X127.742 Y113.421 E2.54731
G1 X124.478 Y116.684 E2.72272
G1 X125.125 Y116.684 E2.74731
G1 X127.53 Y114.278 E2.8766
G1 X127.319 Y115.136 E2.91018
G1 X125.771 Y116.684 E2.99338
G1 E1.59338 F4800
;WIPE_START
G1 F5760
G1 X126.307 Y116.148 E.99338
;WIPE_END
G92 E0
G1 X127.006 Y116.049 F7200
G1 E2 F4800
;WIDTH:0.434067
G1 F9000
G1 X126.338 Y116.717 E2.03073
G1 X126.963 Y116.717 E2.05106
G1 X127.168 Y115.887 E2.07887
;LAYER_CHANGE
;Z:3.08
;HEIGHT:0.2
; BEFORE_LAYER_CHANGE 14 @ 3.08mm
G1 E.67887 F4800
;WIPE_START
G1 F5760
G1 X126.987 Y116.623 E.07887
;WIPE_END
G92 E0
G1 Z3.08 F7200
; AFTER_LAYER_CHANGE 14 @ 3.08mm
G1 X100.685 Y111.538
G1 E2 F4800
;TYPE:External perimeter
;WIDTH:0.45
G1 X100.676 Y111.502 E2.00126
G1 X81.739 Y111.502 E2.64225
G1 X81.739 Y96.498 E3.15012
G1 X148.261 Y96.498 E5.40181
G1 X148.261 Y111.502 E5.90968
G1 X129.332 Y111.502 E6.5504
G1 X125.382 Y127.531 E7.10919
G1 X124.641 Y129.347 E7.17558
G1 X123.369 Y131.034 E7.2471
G1 X121.642 Y132.49 E7.32356
G1 X119.578 Y133.61 E7.40305
G1 X117.322 Y134.314 E7.48304
G1 X114.978 Y134.554 E7.5628
G1 X112.686 Y134.314 E7.64081
G1 X110.43 Y133.61 E7.7208
G1 X108.366 Y132.49 E7.80029
G1 X106.639 Y131.034 E7.87675
G1 X105.367 Y129.347 E7.94827
G1 X104.627 Y127.531 E8.01465
G1 X100.699 Y111.596 E8.57018
G1 X100.999 Y111.218 F7200
;TYPE:Perimeter
;WIDTH:0.4
G1 F9000
G1 X100.975 Y111.12 E8.57318
G1 X82.121 Y111.12 E9.13298
G1 X82.121 Y96.88 E9.55578
G1 X147.879 Y96.88 E11.50822
G1 X147.879 Y111.12 E11.93102
G1 X129.033 Y111.12 E12.49058
G1 X125.017 Y127.413 E12.98882
G1 X124.306 Y129.157 E13.04474
G1 X123.09 Y130.77 E13.10472
G1 X121.426 Y132.173 E13.16934
G1 X119.429 Y133.256 E13.23679
G1 X117.245 Y133.938 E13.30472
G1 X114.978 Y134.17 E13.37238
G1 X112.764 Y133.938 E13.43848
G1 X110.579 Y133.256 E13.50644
G1 X108.583 Y132.173 E13.57387
G1 X106.918 Y130.77 E13.63852
G1 X105.702 Y129.157 E13.6985
G1 X104.991 Y127.413 E13.75442
G1 X101.014 Y111.276 E14.24788
G1 X101.293 Y110.919 F7200
G1 F9000
G1 X101.255 Y110.763 E14.25265
G1 X82.478 Y110.763 E14.81016
G1 X82.478 Y97.237 E15.21176
G1 X147.522 Y97.237 E17.143
G1 X147.522 Y110.763 E17.5446
G1 X128.753 Y110.763 E18.10188
G1 X124.677 Y127.302 E18.60764
G1 X123.993 Y128.979 E18.66141
G1 X122.829 Y130.523 E18.71882
G1 X121.223 Y131.876 E18.78117
G1 X119.289 Y132.926 E18.84651
G1 X117.173 Y133.586 E18.91232
G1 X114.978 Y133.811 E18.97783
G1 X112.836 Y133.586 E19.04178
G1 X110.719 Y132.926 E19.10762
G1 X108.785 Y131.876 E19.17296
G1 X107.179 Y130.523 E19.23531
G1 X106.015 Y128.979 E19.29272
G1 X105.331 Y127.302 E19.34649
G1 X101.308 Y110.977 E19.8457
G1 E18.4457 F4800
;WIPE_START
G1 F5760
G1 X101.293 Y110.919 E18.39827
G1 X101.255 Y110.763 E18.27116
G1 X100.718 Y110.763 E17.8457
;WIPE_END
G92 E0
G1 X114.661 Y124.69 F7200
G1 E2 F4800
;TYPE:External perimeter
;WIDTH:0.45
G1 F4860
G1 X114.832 Y124.673 E2.00582
G1 X115.001 Y124.656 E2.01157
G1 X115.342 Y124.69 E2.02317
G1 X115.67 Y124.789 E2.03477
G1 X115.972 Y124.951 E2.04637
G1 X116.236 Y125.168 E2.05794
G1 X116.453 Y125.432 E2.06951
G1 X116.615 Y125.734 E2.08111
G1 X116.714 Y126.062 E2.09271
G1 X116.748 Y126.403 E2.10431
G1 X116.714 Y126.743 E2.11588
G1 X116.615 Y127.071 E2.12748
G1 X116.453 Y127.373 E2.13908
G1 X116.236 Y127.637 E2.15065
G1 X115.972 Y127.854 E2.16222
G1 X115.67 Y128.016 E2.17382
G1 X115.342 Y128.115 E2.18542
G1 X115.001 Y128.149 E2.19702
G1 X114.661 Y128.115 E2.20859
G1 X114.333 Y128.016 E2.22019
G1 X114.031 Y127.854 E2.23179
G1 X113.767 Y127.637 E2.24336
G1 X113.55 Y127.373 E2.25493
G1 X113.388 Y127.071 E2.26653
G1 X113.289 Y126.743 E2.27813
G1 X113.255 Y126.403 E2.2897
G1 X113.289 Y126.062 E2.3013
G1 X113.388 Y125.734 E2.3129
G1 X113.55 Y125.432 E2.3245
G1 X113.767 Y125.168 E2.33607
G1 X114.031 Y124.951 E2.34764
G1 X114.333 Y124.789 E2.35924
G1 X114.603 Y124.707 E2.36879
G1 X114.586 Y124.313 F7200
;TYPE:Perimeter
;WIDTH:0.4
G1 F4860
G1 X114.795 Y124.293 E2.37502
G1 X115.001 Y124.272 E2.38117
G1 X115.417 Y124.313 E2.39358
G1 X115.817 Y124.435 E2.406
G1 X116.185 Y124.631 E2.41838
G1 X116.508 Y124.896 E2.43078
G1 X116.773 Y125.219 E2.44318
G1 X116.969 Y125.587 E2.45556
G1 X117.091 Y125.987 E2.46798
G1 X117.132 Y126.403 E2.48039
G1 X117.091 Y126.818 E2.49277
G1 X116.969 Y127.218 E2.50519
G1 X116.773 Y127.586 E2.51757
G1 X116.508 Y127.909 E2.52997
G1 X116.185 Y128.174 E2.54237
G1 X115.817 Y128.371 E2.55476
G1 X115.417 Y128.492 E2.56717
G1 X115.001 Y128.533 E2.57958
G1 X114.586 Y128.492 E2.59196
G1 X114.186 Y128.371 E2.60437
G1 X113.818 Y128.174 E2.61676
G1 X113.495 Y127.909 E2.62916
G1 X113.23 Y127.586 E2.64156
G1 X113.034 Y127.218 E2.65394
G1 X112.912 Y126.818 E2.66636
G1 X112.871 Y126.403 E2.67874
G1 X112.912 Y125.987 E2.69115
G1 X113.034 Y125.587 E2.70357
G1 X113.23 Y125.219 E2.71595
G1 X113.495 Y124.896 E2.72835
G1 X113.818 Y124.631 E2.74075
G1 X114.186 Y124.435 E2.75313
G1 X114.529 Y124.331 E2.76377
G1 X114.516 Y123.961 F7200
G1 F4860
G1 X114.76 Y123.937 E2.77105
G1 X115.001 Y123.914 E2.77824
G1 X115.487 Y123.961 E2.79274
G1 X115.954 Y124.103 E2.80723
G1 X116.384 Y124.333 E2.82171
G1 X116.761 Y124.643 E2.8362
G1 X117.071 Y125.02 E2.85069
G1 X117.301 Y125.45 E2.86517
G1 X117.443 Y125.917 E2.87966
G1 X117.49 Y126.403 E2.89416
G1 X117.443 Y126.888 E2.90863
G1 X117.301 Y127.355 E2.92312
G1 X117.071 Y127.785 E2.9376
G1 X116.761 Y128.162 E2.95209
G1 X116.384 Y128.472 E2.96658
G1 X115.954 Y128.702 E2.98106
G1 X115.487 Y128.844 E2.99555
G1 X115.001 Y128.891 E3.01005
G1 X114.516 Y128.844 E3.02452
G1 X114.049 Y128.702 E3.03901
G1 X113.619 Y128.472 E3.05349
G1 X113.242 Y128.162 E3.06798
G1 X112.932 Y127.785 E3.08247
G1 X112.702 Y127.355 E3.09695
G1 X112.56 Y126.888 E3.11144
G1 X112.513 Y126.403 E3.12591
G1 X112.56 Y125.917 E3.14041
G1 X112.702 Y125.45 E3.1549
G1 X112.932 Y125.02 E3.16938
G1 X113.242 Y124.643 E3.18387
G1 X113.619 Y124.333 E3.19836
G1 X114.049 Y124.103 E3.21284
G1 X114.459 Y123.979 E3.22556
G1 X113.833 Y123.855 F7200
;TYPE:Internal infill
;WIDTH:0.45
G1 F9000
G1 X114.453 Y123.645 E3.24772
G1 X115.001 Y123.591 E3.26636
G1 X115.55 Y123.645 E3.28503
G1 X116.077 Y123.805 E3.30367
G1 X116.563 Y124.065 E3.32233
G1 X116.99 Y124.415 E3.34102
G1 X117.339 Y124.841 E3.35966
G1 X117.599 Y125.327 E3.37832
G1 X117.738 Y125.785 E3.39452
G1 X119.17 Y124.354 E3.46305
G1 X122.424 Y125.226 E3.57708
G1 X123.113 Y127.798 E3.66721
G1 X124.028 Y128.044 E3.69928
G1 X123.873 Y128.424 E3.71317
G1 X123.008 Y128.192 E3.74348
G1 X121.124 Y130.075 E3.83364
G1 X117.87 Y129.203 E3.94767
G1 X117.472 Y127.716 E3.99977
G1 X117.339 Y127.965 E4.00933
G1 X116.99 Y128.391 E4.02797
G1 X116.563 Y128.74 E4.04664
G1 X116.077 Y129 E4.0653
G1 X115.55 Y129.16 E4.08394
G1 X115.001 Y129.214 E4.10261
G1 X114.453 Y129.16 E4.12125
G1 X113.926 Y129 E4.13989
G1 X113.44 Y128.74 E4.15855
G1 X113.013 Y128.391 E4.17722
G1 X112.664 Y127.965 E4.19586
G1 X112.426 Y127.519 E4.21297
G1 E2.81297 F4800
;WIPE_START
G1 F5760
G1 X112.664 Y127.965 E2.41276
G1 X112.824 Y128.16 E2.21297
;WIPE_END
G92 E0
G1 X106.507 Y129.098 F7200
G1 E2 F4800
G1 F9000
G1 X107.414 Y130.3 E2.05097
G1 X108.967 Y131.61 E2.11974
G1 X110.883 Y132.64 E2.19337
G1 X112.522 Y131.001 E2.27183
G1 X115.776 Y131.873 E2.38586
G1 X116.176 Y133.365 E2.43815
G1 X117.108 Y133.27 E2.46986
G1 X119.164 Y132.628 E2.54277
G1 X121.041 Y131.61 E2.61505
G1 X121.273 Y131.415 E2.62531
G1 X121.019 Y130.468 E2.6585
G1 X117.765 Y129.596 E2.77253
G1 X115.882 Y131.48 E2.86269
G1 X112.628 Y130.608 E2.97672
G1 X111.938 Y128.035 E3.06689
G1 X108.684 Y127.163 E3.18092
G1 X106.801 Y129.047 E3.27108
G1 X106.384 Y128.935 E3.2857
G1 X105.638 Y127.203 E3.34953
G1 X104.714 Y123.457 E3.48013
G1 X104.846 Y123.325 E3.48645
G1 X108.1 Y124.197 E3.60048
G1 X108.79 Y126.77 E3.69065
G1 X112.044 Y127.642 E3.80468
G1 X112.358 Y127.327 E3.81973
G1 X112.244 Y126.951 E3.83303
G1 X112.19 Y126.403 E3.85167
G1 X112.244 Y125.854 E3.87034
G1 X112.404 Y125.327 E3.88898
G1 X112.664 Y124.841 E3.90764
G1 X113.013 Y124.415 E3.92628
G1 X113.653 Y123.951 E3.95304
G1 X113.343 Y122.792 E3.99365
G1 X110.089 Y121.921 E4.10767
G1 X108.206 Y123.804 E4.19781
G1 X104.952 Y122.932 E4.31184
G1 X104.262 Y120.359 E4.40201
G1 X103.929 Y120.27 E4.41368
G1 X103.818 Y119.819 E4.4294
G1 X104.368 Y119.966 E4.44867
G1 X106.251 Y118.083 E4.53881
G1 X109.505 Y118.954 E4.65283
G1 X110.194 Y121.527 E4.74299
G1 X113.448 Y122.399 E4.85702
G1 X115.332 Y120.516 E4.94718
G1 X118.586 Y121.388 E5.06121
G1 X119.275 Y123.961 E5.15137
G1 X122.529 Y124.832 E5.26539
G1 X124.413 Y122.949 E5.35555
G1 X125.357 Y123.202 E5.38863
G1 X125.454 Y122.807 E5.4024
G1 X124.518 Y122.556 E5.4352
G1 X123.829 Y119.983 E5.52536
G1 X120.575 Y119.111 E5.63939
G1 X118.691 Y120.994 E5.72955
G1 X115.437 Y120.123 E5.84357
G1 X114.748 Y117.55 E5.93373
G1 X113.13 Y117.116 E5.99043
G1 X111.055 Y117.116 E6.06067
G1 X109.61 Y118.561 E6.12984
G1 X106.356 Y117.689 E6.24387
G1 X106.203 Y117.116 E6.26394
G1 X103.152 Y117.116 E6.36721
G1 X103.769 Y119.621 E6.45454
G1 E5.05454 F4800
;WIPE_START
G1 F5760
G1 X103.588 Y118.885 E4.45454
;WIPE_END
G92 E0
G1 X120.454 Y117.116 F7200
G1 E2 F4800
G1 F9000
G1 X125.87 Y117.116 E2.18333
G1 X125.923 Y117.313 E2.19024
G1 X126.753 Y117.536 E2.21933
G1 X126.656 Y117.931 E2.2331
G1 X125.817 Y117.706 E2.2625
G1 X123.934 Y119.59 E2.35266
G1 X120.68 Y118.718 E2.46669
G1 X120.251 Y117.116 E2.52283
G1 X114.893 Y117.116 E2.70419
G1 X114.853 Y117.156 E2.7061
G1 X114.388 Y117.116 E2.7219
G1 E1.3219 F4800
;WIPE_START
G1 F5760
G1 X114.853 Y117.156 E.95242
G1 X114.893 Y117.116 E.90764
G1 X115.128 Y117.116 E.7219
;WIPE_END
G92 E0
G1 X115.424 Y106.599 F7200
G1 E2 F4800
G1 F9000
G1 X115.821 Y106.599 E2.01344
G1 X114.303 Y106.192 E2.06664
G1 X113.897 Y106.599 E2.0861
G1 X109.004 Y106.599 E2.25172
G1 X108.477 Y104.631 E2.32068
G1 X105.223 Y103.759 E2.43471
G1 X103.339 Y105.643 E2.5249
G1 X100.085 Y104.771 E2.63893
G1 X99.396 Y102.198 E2.72909
G1 X96.423 Y101.401 E2.83328
G1 X96.067 Y101.401 E2.84533
G1 X94.258 Y103.209 E2.9319
G1 X91.005 Y102.337 E3.0459
G1 X90.754 Y101.401 E3.0787
G1 X85.134 Y101.401 E3.26893
G1 X85.762 Y103.742 E3.35097
G1 X89.016 Y104.614 E3.465
G1 X90.899 Y102.731 E3.55514
G1 X94.153 Y103.603 E3.66917
G1 X94.842 Y106.175 E3.7593
G1 X96.423 Y106.599 E3.81471
G1 X98.545 Y106.599 E3.88654
G1 X99.98 Y105.164 E3.95523
G1 X103.234 Y106.036 E4.06926
G1 X103.385 Y106.599 E4.08899
G1 X108.8 Y106.599 E4.27228
G1 E2.87228 F4800
;WIPE_START
G1 F5760
G1 X108.042 Y106.599 E2.27228
;WIPE_END
G92 E0
G1 X105.005 Y101.401 F7200
G1 E2 F4800
G1 F9000
G1 X110.421 Y101.401 E2.18333
G1 X110.571 Y101.961 E2.20295
G1 X113.825 Y102.833 E2.31698
G1 X115.256 Y101.401 E2.38551
G1 X117.394 Y101.401 E2.45788
G1 X118.962 Y101.821 E2.51283
G1 X119.652 Y104.394 E2.603
G1 X122.905 Y105.266 E2.717
G1 X124.789 Y103.383 E2.80716
G1 X128.043 Y104.255 E2.92119
G1 X128.671 Y106.599 E3.00333
G1 X133.087 Y106.599 E3.15281
G1 X133.87 Y105.816 E3.19029
G1 X136.792 Y106.599 E3.29269
G1 X136.396 Y106.599 E3.30609
G1 E1.90609 F4800
;WIPE_START
G1 F5760
G1 X136.792 Y106.599 E1.59259
G1 X136.442 Y106.505 E1.30609
;WIPE_END
G92 E0
G1 X138.569 Y101.401 F7200
G1 E2 F4800
G1 F9000
G1 X144.136 Y101.401 E2.18844
G1 X144.461 Y102.613 E2.23091
G1 X147.201 Y103.347 E2.32693
G1 X147.201 Y103.769 E2.34121
G1 X144.355 Y103.006 E2.44095
G1 X142.472 Y104.89 E2.53111
G1 X139.218 Y104.018 E2.64514
G1 X138.528 Y101.445 E2.73531
G1 X138.365 Y101.401 E2.74102
G1 X134.446 Y101.401 E2.87367
G1 X133.391 Y102.456 E2.92417
G1 X130.137 Y101.585 E3.03819
G1 X130.088 Y101.401 E3.04464
G1 X124.672 Y101.401 E3.22797
G1 E1.82797 F4800
;WIPE_START
G1 F5760
G1 X125.43 Y101.401 E1.22797
;WIPE_END
G92 E0
G1 X118.652 Y101.401 F7200
G1 E2 F4800
G1 F9000
G1 X124.469 Y101.401 E2.1969
G1 X124.894 Y102.989 E2.25254
G1 X128.148 Y103.861 E2.36657
G1 X130.032 Y101.978 E2.45673
G1 X133.286 Y102.85 E2.57076
G1 X133.975 Y105.423 E2.66092
G1 X137.229 Y106.294 E2.77494
G1 X139.112 Y104.411 E2.86508
G1 X142.366 Y105.283 E2.97911
G1 X142.719 Y106.599 E3.02523
G1 X147.201 Y106.599 E3.17694
G1 X147.201 Y103.972 E3.26586
G1 E1.86586 F4800
;WIPE_START
G1 F5760
G1 X147.201 Y104.73 E1.26586
;WIPE_END
G92 E0
G1 X147.384 Y107.698 F7200
G1 E2 F4800
;TYPE:Top solid infill
;WIDTH:0.450543
G1 F7200
G1 X146.691 Y107.006 E2.03319
G1 X146.115 Y107.006 E2.05271
G1 X147.201 Y108.092 E2.10477
G1 X147.201 Y108.668 E2.12429
G1 X145.538 Y107.006 E2.20398
G1 X144.962 Y107.006 E2.2235
G1 X147.201 Y109.245 E2.33082
G1 X147.201 Y109.821 E2.35034
G1 X144.385 Y107.006 E2.4853
G1 X143.809 Y107.006 E2.50482
G1 X147.201 Y110.398 E2.66741
G1 X147.201 Y110.442 E2.6689
G1 X146.668 Y110.442 E2.68697
G1 X143.233 Y107.006 E2.85164
G1 X142.656 Y107.006 E2.8712
G1 X146.092 Y110.442 E3.0359
G1 X145.515 Y110.442 E3.05546
G1 X142.08 Y107.006 E3.22013
G1 X141.503 Y107.006 E3.23969
G1 X144.939 Y110.442 E3.40439
G1 X144.362 Y110.442 E3.42395
G1 X140.927 Y107.006 E3.58862
G1 X140.35 Y107.006 E3.60818
G1 X143.786 Y110.442 E3.77288
G1 X143.21 Y110.442 E3.7924
G1 X139.774 Y107.006 E3.9571
G1 X139.197 Y107.006 E3.97666
G1 X142.633 Y110.442 E4.14136
G1 X142.057 Y110.442 E4.16088
G1 X138.621 Y107.006 E4.32558
G1 X138.044 Y107.006 E4.34514
G1 X141.48 Y110.442 E4.50984
G1 X140.904 Y110.442 E4.52936
G1 X137.468 Y107.006 E4.69406
G1 X136.891 Y107.006 E4.71362
G1 X140.327 Y110.442 E4.87832
G1 X139.751 Y110.442 E4.89784
G1 X136.315 Y107.006 E5.06254
G1 X135.738 Y107.006 E5.0821
G1 X139.174 Y110.442 E5.2468
G1 X138.598 Y110.442 E5.26632
G1 X135.162 Y107.006 E5.43102
G1 X134.586 Y107.006 E5.45054
G1 X138.021 Y110.442 E5.61521
G1 X137.445 Y110.442 E5.63473
G1 X134.009 Y107.006 E5.79943
G1 X133.433 Y107.006 E5.81895
G1 X136.868 Y110.442 E5.98362
G1 X136.292 Y110.442 E6.00314
G1 X132.856 Y107.006 E6.16784
G1 X132.28 Y107.006 E6.18736
G1 X135.715 Y110.442 E6.35203
G1 X135.139 Y110.442 E6.37155
G1 X131.703 Y107.006 E6.53625
G1 X131.127 Y107.006 E6.55577
G1 X134.563 Y110.442 E6.72047
G1 X133.986 Y110.442 E6.74003
G1 X130.55 Y107.006 E6.90473
G1 X129.974 Y107.006 E6.92425
G1 X133.41 Y110.442 E7.08895
G1 X132.833 Y110.442 E7.10851
G1 X129.397 Y107.006 E7.27321
G1 X128.821 Y107.006 E7.29273
G1 X132.257 Y110.442 E7.45743
G1 X131.68 Y110.442 E7.47699
G1 X128.244 Y107.006 E7.64169
G1 X127.668 Y107.006 E7.66121
G1 X131.104 Y110.442 E7.82591
G1 X130.527 Y110.442 E7.84547
G1 X127.092 Y107.006 E8.01014
G1 X126.515 Y107.006 E8.0297
G1 X129.951 Y110.442 E8.1944
G1 X129.374 Y110.442 E8.21396
G1 X125.939 Y107.006 E8.37863
G1 X125.362 Y107.006 E8.39819
G1 X128.798 Y110.442 E8.56289
G1 X128.502 Y110.442 E8.57292
G1 X128.446 Y110.667 E8.58078
G1 X124.786 Y107.006 E8.75624
G1 X124.209 Y107.006 E8.7758
G1 X128.332 Y111.129 E8.97343
G1 X128.218 Y111.592 E8.98959
G1 X123.633 Y107.006 E9.20939
G1 X123.056 Y107.006 E9.22895
G1 X128.104 Y112.054 E9.47092
G1 X127.99 Y112.517 E9.48708
G1 X122.48 Y107.006 E9.75122
G1 X121.903 Y107.006 E9.77078
G1 X127.876 Y112.979 E10.05709
G1 X127.762 Y113.441 E10.07322
G1 X121.327 Y107.006 E10.38167
G1 X120.75 Y107.006 E10.40123
G1 X127.648 Y113.904 E10.73187
G1 X127.534 Y114.366 E10.748
G1 X120.174 Y107.006 E11.10079
G1 X119.597 Y107.006 E11.12035
G1 X127.42 Y114.829 E11.49533
G1 X127.306 Y115.291 E11.51146
G1 X119.021 Y107.006 E11.90859
G1 X118.445 Y107.006 E11.92811
G1 X127.192 Y115.754 E12.34741
G1 X127.079 Y116.216 E12.36353
G1 X117.868 Y107.006 E12.80502
G1 X117.292 Y107.006 E12.82454
G1 X126.965 Y116.679 E13.2882
G1 X126.957 Y116.709 E13.28925
G1 X126.418 Y116.709 E13.30752
G1 X116.715 Y107.006 E13.77262
G1 X116.139 Y107.006 E13.79214
G1 X125.842 Y116.709 E14.25724
G1 X125.265 Y116.709 E14.2768
G1 X115.562 Y107.006 E14.7419
G1 X114.986 Y107.006 E14.76142
G1 X124.689 Y116.709 E15.22652
G1 X124.112 Y116.709 E15.24608
G1 X114.409 Y107.006 E15.71118
G1 X113.833 Y107.006 E15.7307
G1 X123.536 Y116.709 E16.1958
G1 X122.96 Y116.709 E16.21532
G1 X113.256 Y107.006 E16.68044
G1 X112.68 Y107.006 E16.69996
G1 X122.383 Y116.709 E17.16506
G1 X121.807 Y116.709 E17.18458
G1 X112.103 Y107.006 E17.6497
G1 X111.527 Y107.006 E17.66922
G1 X121.23 Y116.709 E18.13432
G1 X120.654 Y116.709 E18.15384
G1 X110.95 Y107.006 E18.61896
G1 X110.374 Y107.006 E18.63848
G1 X120.077 Y116.709 E19.10358
G1 X119.501 Y116.709 E19.1231
G1 X109.798 Y107.006 E19.5882
G1 X109.221 Y107.006 E19.60776
G1 X118.924 Y116.709 E20.07286
G1 X118.348 Y116.709 E20.09238
G1 X108.645 Y107.006 E20.55748
G1 X108.068 Y107.006 E20.57704
G1 X117.771 Y116.709 E21.04214
G1 X117.195 Y116.709 E21.06166
G1 X107.492 Y107.006 E21.52676
G1 X106.915 Y107.006 E21.54632
G1 X116.618 Y116.709 E22.01142
G1 X116.042 Y116.709 E22.03094
G1 X106.339 Y107.006 E22.49604
G1 X105.762 Y107.006 E22.5156
G1 X115.465 Y116.709 E22.9807
G1 X114.889 Y116.709 E23.00022
G1 X105.186 Y107.006 E23.46532
G1 X104.609 Y107.006 E23.48488
G1 X114.313 Y116.709 E23.95
G1 X113.736 Y116.709 E23.96956
G1 X104.033 Y107.006 E24.43466
G1 X103.456 Y107.006 E24.45422
G1 X113.16 Y116.709 E24.91934
G1 X112.583 Y116.709 E24.9389
G1 X102.88 Y107.006 E25.404
G1 X102.303 Y107.006 E25.42356
G1 X112.007 Y116.709 E25.88868
G1 X111.43 Y116.709 E25.90824
G1 X101.727 Y107.006 E26.37334
G1 X101.151 Y107.006 E26.39286
G1 X110.854 Y116.709 E26.85796
G1 X110.277 Y116.709 E26.87752
G1 X100.574 Y107.006 E27.34262
G1 X99.998 Y107.006 E27.36214
G1 X109.701 Y116.709 E27.82724
G1 X109.124 Y116.709 E27.8468
G1 X99.421 Y107.006 E28.3119
G1 X98.845 Y107.006 E28.33142
G1 X108.548 Y116.709 E28.79652
G1 X107.971 Y116.709 E28.81608
G1 X98.268 Y107.006 E29.28118
G1 X97.692 Y107.006 E29.3007
G1 X101.127 Y110.442 E29.46537
G1 X101.506 Y110.442 E29.47822
G1 X101.63 Y110.945 E29.49578
G1 X107.395 Y116.709 E29.77209
G1 X106.818 Y116.709 E29.79165
G1 X101.819 Y111.71 E30.03127
G1 X102.008 Y112.475 E30.05798
G1 X106.242 Y116.709 E30.26093
G1 X105.666 Y116.709 E30.28045
G1 X102.196 Y113.24 E30.44675
G1 X102.385 Y114.005 E30.47346
G1 X105.089 Y116.709 E30.60307
G1 X104.513 Y116.709 E30.62259
G1 X102.573 Y114.77 E30.71556
G1 X102.762 Y115.535 E30.74227
G1 X103.936 Y116.709 E30.79854
G1 X103.36 Y116.709 E30.81806
G1 X102.7 Y116.049 E30.8497
G1 E29.4497 F4800
;WIPE_START
G1 F5760
G1 X103.236 Y116.585 E28.8497
;WIPE_END
G92 E0
G1 X100.734 Y110.625 F7200
G1 E2 F4800
G1 F7200
G1 X97.115 Y107.006 E2.17347
G1 X96.539 Y107.006 E2.19299
G1 X99.975 Y110.442 E2.35769
G1 X99.398 Y110.442 E2.37725
G1 X95.962 Y107.006 E2.54195
G1 X95.386 Y107.006 E2.56147
G1 X98.822 Y110.442 E2.72617
G1 X98.245 Y110.442 E2.74573
G1 X94.809 Y107.006 E2.91043
G1 X94.233 Y107.006 E2.92995
G1 X97.669 Y110.442 E3.09465
G1 X97.092 Y110.442 E3.11421
G1 X93.656 Y107.006 E3.27891
G1 X93.08 Y107.006 E3.29843
G1 X96.516 Y110.442 E3.46313
G1 X95.939 Y110.442 E3.48269
G1 X92.504 Y107.006 E3.64736
G1 X91.927 Y107.006 E3.66692
G1 X95.363 Y110.442 E3.83162
G1 X94.786 Y110.442 E3.85118
G1 X91.351 Y107.006 E4.01585
G1 X90.774 Y107.006 E4.03541
G1 X94.21 Y110.442 E4.20011
G1 X93.633 Y110.442 E4.21967
G1 X90.198 Y107.006 E4.38434
G1 X89.621 Y107.006 E4.4039
G1 X93.057 Y110.442 E4.5686
G1 X92.48 Y110.442 E4.58816
G1 X89.045 Y107.006 E4.75283
G1 X88.468 Y107.006 E4.77239
G1 X91.904 Y110.442 E4.93709
G1 X91.328 Y110.442 E4.95661
G1 X87.892 Y107.006 E5.12131
G1 X87.315 Y107.006 E5.14087
G1 X90.751 Y110.442 E5.30557
G1 X90.175 Y110.442 E5.32509
G1 X86.739 Y107.006 E5.48979
G1 X86.162 Y107.006 E5.50935
G1 X89.598 Y110.442 E5.67405
G1 X89.022 Y110.442 E5.69357
G1 X85.586 Y107.006 E5.85827
G1 X85.009 Y107.006 E5.87783
G1 X88.445 Y110.442 E6.04253
G1 X87.869 Y110.442 E6.06205
G1 X84.433 Y107.006 E6.22675
G1 X83.857 Y107.006 E6.24627
G1 X87.292 Y110.442 E6.41094
G1 X86.716 Y110.442 E6.43046
G1 X83.28 Y107.006 E6.59516
G1 X82.799 Y107.006 E6.61146
G1 X82.799 Y107.102 E6.61471
G1 X86.139 Y110.442 E6.77481
G1 X85.563 Y110.442 E6.79433
G1 X82.799 Y107.678 E6.92682
G1 X82.799 Y108.255 E6.94638
G1 X84.986 Y110.442 E7.05121
G1 X84.41 Y110.442 E7.07073
G1 X82.799 Y108.831 E7.14795
G1 X82.799 Y109.407 E7.16747
G1 X83.833 Y110.442 E7.21706
G1 X83.257 Y110.442 E7.23658
G1 X82.616 Y109.801 E7.26731
G1 E5.86731 F4800
;WIPE_START
G1 F5760
G1 X83.152 Y110.337 E5.26731
;WIPE_END
G92 E0
G1 X89.133 Y106.599 F7200
G1 E2 F4800
;TYPE:Internal infill
;WIDTH:0.45
G1 F9000
G1 X83.718 Y106.599 E2.18329
G1 X83.668 Y106.412 E2.18984
G1 X82.799 Y106.18 E2.22028
G1 X82.799 Y105.758 E2.23456
G1 X83.773 Y106.019 E2.26869
G1 X85.656 Y104.135 E2.35885
G1 X88.91 Y105.007 E2.47288
G1 X89.337 Y106.599 E2.52867
G1 X95.164 Y106.599 E2.72591
G1 E1.32591 F4800
;WIPE_START
G1 F5760
G1 X94.406 Y106.599 E.72591
;WIPE_END
G92 E0
G1 X98.392 Y101.401 F7200
G1 E2 F4800
G1 F9000
G1 X97.996 Y101.401 E2.0134
G1 X99.501 Y101.805 E2.06615
G1 X99.905 Y101.401 E2.08549
G1 X104.802 Y101.401 E2.25125
G1 X105.328 Y103.366 E2.3201
G1 X108.582 Y104.238 E2.43413
G1 X110.465 Y102.354 E2.52429
G1 X113.719 Y103.226 E2.63832
G1 X114.409 Y105.799 E2.72849
G1 X117.394 Y106.599 E2.83309
G1 X117.735 Y106.599 E2.84463
G1 X119.546 Y104.787 E2.93135
G1 X122.8 Y105.659 E3.04538
G1 X123.052 Y106.599 E3.07832
G1 X128.468 Y106.599 E3.26165
G1 E1.86165 F4800
;WIPE_START
G1 F5760
G1 X127.71 Y106.599 E1.26165
;WIPE_END
G92 E0
G1 X147.384 Y98.199 F7200
G1 E2 F4800
;TYPE:Top solid infill
;WIDTH:0.450544
G1 F7200
G1 X146.743 Y97.558 E2.03073
G1 X146.167 Y97.558 E2.05025
G1 X147.201 Y98.592 E2.09981
G1 X147.201 Y99.169 E2.11937
G1 X145.59 Y97.558 E2.19659
G1 X145.014 Y97.558 E2.21611
G1 X147.201 Y99.745 E2.32094
G1 X147.201 Y100.322 E2.3405
G1 X144.437 Y97.558 E2.47299
G1 X143.861 Y97.558 E2.49251
G1 X147.201 Y100.898 E2.65261
G1 X147.201 Y100.994 E2.65586
G1 X146.72 Y100.994 E2.67216
G1 X143.284 Y97.558 E2.83686
G1 X142.708 Y97.558 E2.85638
G1 X146.143 Y100.994 E3.02106
G1 X145.567 Y100.994 E3.04058
G1 X142.131 Y97.558 E3.20528
G1 X141.555 Y97.558 E3.2248
G1 X144.991 Y100.994 E3.3895
G1 X144.414 Y100.994 E3.40906
G1 X140.978 Y97.558 E3.57376
G1 X140.402 Y97.558 E3.59328
G1 X143.838 Y100.994 E3.75798
G1 X143.261 Y100.994 E3.77754
G1 X139.825 Y97.558 E3.94224
G1 X139.249 Y97.558 E3.96176
G1 X142.685 Y100.994 E4.12646
G1 X142.108 Y100.994 E4.14602
G1 X138.672 Y97.558 E4.31072
G1 X138.096 Y97.558 E4.33024
G1 X141.532 Y100.994 E4.49494
G1 X140.955 Y100.994 E4.5145
G1 X137.52 Y97.558 E4.67918
G1 X136.943 Y97.558 E4.69874
G1 X140.379 Y100.994 E4.86344
G1 X139.802 Y100.994 E4.883
G1 X136.367 Y97.558 E5.04768
G1 X135.79 Y97.558 E5.06724
G1 X139.226 Y100.994 E5.23194
G1 X138.649 Y100.994 E5.2515
G1 X135.214 Y97.558 E5.41618
G1 X134.637 Y97.558 E5.43574
G1 X138.073 Y100.994 E5.60044
G1 X137.496 Y100.994 E5.62
G1 X134.061 Y97.558 E5.78468
G1 X133.484 Y97.558 E5.80424
G1 X136.92 Y100.994 E5.96894
G1 X136.344 Y100.994 E5.98846
G1 X132.908 Y97.558 E6.15316
G1 X132.331 Y97.558 E6.17272
G1 X135.767 Y100.994 E6.33742
G1 X135.191 Y100.994 E6.35694
G1 X131.755 Y97.558 E6.52164
G1 X131.178 Y97.558 E6.5412
G1 X134.614 Y100.994 E6.7059
G1 X134.038 Y100.994 E6.72542
G1 X130.602 Y97.558 E6.89012
G1 X130.025 Y97.558 E6.90968
G1 X133.461 Y100.994 E7.07438
G1 X132.885 Y100.994 E7.0939
G1 X129.449 Y97.558 E7.2586
G1 X128.872 Y97.558 E7.27816
G1 X132.308 Y100.994 E7.44286
G1 X131.732 Y100.994 E7.46238
G1 X128.296 Y97.558 E7.62708
G1 X127.72 Y97.558 E7.6466
G1 X131.155 Y100.994 E7.81128
G1 X130.579 Y100.994 E7.8308
G1 X127.143 Y97.558 E7.9955
G1 X126.567 Y97.558 E8.01502
G1 X130.002 Y100.994 E8.1797
G1 X129.426 Y100.994 E8.19922
G1 X125.99 Y97.558 E8.36392
G1 X125.414 Y97.558 E8.38344
G1 X128.849 Y100.994 E8.54812
G1 X128.273 Y100.994 E8.56764
G1 X124.837 Y97.558 E8.73234
G1 X124.261 Y97.558 E8.75186
G1 X127.697 Y100.994 E8.91656
G1 X127.12 Y100.994 E8.93612
G1 X123.684 Y97.558 E9.10082
G1 X123.108 Y97.558 E9.12034
G1 X126.544 Y100.994 E9.28504
G1 X125.967 Y100.994 E9.3046
G1 X122.531 Y97.558 E9.4693
G1 X121.955 Y97.558 E9.48882
G1 X125.391 Y100.994 E9.65352
G1 X124.814 Y100.994 E9.67308
G1 X121.378 Y97.558 E9.83778
G1 X120.802 Y97.558 E9.8573
G1 X124.238 Y100.994 E10.022
G1 X123.661 Y100.994 E10.04156
G1 X120.225 Y97.558 E10.20626
G1 X119.649 Y97.558 E10.22578
G1 X123.085 Y100.994 E10.39048
G1 X122.508 Y100.994 E10.41004
G1 X119.073 Y97.558 E10.57472
G1 X118.496 Y97.558 E10.59428
G1 X121.932 Y100.994 E10.75898
G1 X121.355 Y100.994 E10.77854
G1 X117.92 Y97.558 E10.94322
G1 X117.343 Y97.558 E10.96278
G1 X120.779 Y100.994 E11.12748
G1 X120.202 Y100.994 E11.14704
G1 X116.767 Y97.558 E11.31172
G1 X116.19 Y97.558 E11.33128
G1 X119.626 Y100.994 E11.49598
G1 X119.05 Y100.994 E11.5155
G1 X115.614 Y97.558 E11.6802
G1 X115.037 Y97.558 E11.69976
G1 X118.473 Y100.994 E11.86446
G1 X117.897 Y100.994 E11.88398
G1 X114.461 Y97.558 E12.04868
G1 X113.884 Y97.558 E12.06824
G1 X117.32 Y100.994 E12.23294
G1 X116.744 Y100.994 E12.25246
G1 X113.308 Y97.558 E12.41716
G1 X112.731 Y97.558 E12.43672
G1 X116.167 Y100.994 E12.60142
G1 X115.591 Y100.994 E12.62094
G1 X112.155 Y97.558 E12.78564
G1 X111.578 Y97.558 E12.8052
G1 X115.014 Y100.994 E12.9699
G1 X114.438 Y100.994 E12.98942
G1 X111.002 Y97.558 E13.15412
G1 X110.426 Y97.558 E13.17364
G1 X113.861 Y100.994 E13.33832
G1 X113.285 Y100.994 E13.35784
G1 X109.849 Y97.558 E13.52254
G1 X109.273 Y97.558 E13.54206
G1 X112.708 Y100.994 E13.70674
G1 X112.132 Y100.994 E13.72626
G1 X108.696 Y97.558 E13.89096
G1 X108.12 Y97.558 E13.91048
G1 X111.555 Y100.994 E14.07516
G1 X110.979 Y100.994 E14.09468
G1 X107.543 Y97.558 E14.25938
G1 X106.967 Y97.558 E14.2789
G1 X110.402 Y100.994 E14.44358
G1 X109.826 Y100.994 E14.4631
G1 X106.39 Y97.558 E14.6278
G1 X105.814 Y97.558 E14.64732
G1 X109.25 Y100.994 E14.81202
G1 X108.673 Y100.994 E14.83158
G1 X105.237 Y97.558 E14.99628
G1 X104.661 Y97.558 E15.0158
G1 X108.097 Y100.994 E15.1805
G1 X107.52 Y100.994 E15.20006
G1 X104.084 Y97.558 E15.36476
G1 X103.508 Y97.558 E15.38428
G1 X106.944 Y100.994 E15.54898
G1 X106.367 Y100.994 E15.56854
G1 X102.931 Y97.558 E15.73324
G1 X102.355 Y97.558 E15.75276
G1 X105.791 Y100.994 E15.91746
G1 X105.214 Y100.994 E15.93702
G1 X101.779 Y97.558 E16.1017
G1 X101.202 Y97.558 E16.12126
G1 X104.638 Y100.994 E16.28596
G1 X104.061 Y100.994 E16.30552
G1 X100.626 Y97.558 E16.4702
G1 X100.049 Y97.558 E16.48976
G1 X103.485 Y100.994 E16.65446
G1 X102.908 Y100.994 E16.67402
G1 X99.473 Y97.558 E16.8387
G1 X98.896 Y97.558 E16.85826
G1 X102.332 Y100.994 E17.02296
G1 X101.755 Y100.994 E17.04252
G1 X98.32 Y97.558 E17.2072
G1 X97.743 Y97.558 E17.22676
G1 X101.179 Y100.994 E17.39146
G1 X100.603 Y100.994 E17.41098
G1 X97.167 Y97.558 E17.57568
G1 X96.59 Y97.558 E17.59524
G1 X100.026 Y100.994 E17.75994
G1 X99.45 Y100.994 E17.77946
G1 X96.014 Y97.558 E17.94416
G1 X95.437 Y97.558 E17.96372
G1 X98.873 Y100.994 E18.12842
G1 X98.297 Y100.994 E18.14794
G1 X94.861 Y97.558 E18.31264
G1 X94.284 Y97.558 E18.3322
G1 X97.72 Y100.994 E18.4969
G1 X97.144 Y100.994 E18.51642
G1 X93.708 Y97.558 E18.68112
G1 X93.132 Y97.558 E18.70064
G1 X96.567 Y100.994 E18.86532
G1 X95.991 Y100.994 E18.88484
G1 X92.555 Y97.558 E19.04954
G1 X91.979 Y97.558 E19.06906
G1 X95.414 Y100.994 E19.23374
G1 X94.838 Y100.994 E19.25326
G1 X91.402 Y97.558 E19.41796
G1 X90.826 Y97.558 E19.43748
G1 X94.261 Y100.994 E19.60216
G1 X93.685 Y100.994 E19.62168
G1 X90.249 Y97.558 E19.78638
G1 X89.673 Y97.558 E19.8059
G1 X93.108 Y100.994 E19.97058
G1 X92.532 Y100.994 E19.9901
G1 X89.096 Y97.558 E20.1548
G1 X88.52 Y97.558 E20.17432
G1 X91.956 Y100.994 E20.33902
G1 X91.379 Y100.994 E20.35858
G1 X87.943 Y97.558 E20.52328
G1 X87.367 Y97.558 E20.5428
G1 X90.803 Y100.994 E20.7075
G1 X90.226 Y100.994 E20.72706
G1 X86.79 Y97.558 E20.89176
G1 X86.214 Y97.558 E20.91128
G1 X89.65 Y100.994 E21.07598
G1 X89.073 Y100.994 E21.09554
G1 X85.637 Y97.558 E21.26024
G1 X85.061 Y97.558 E21.27976
G1 X88.497 Y100.994 E21.44446
G1 X87.92 Y100.994 E21.46402
G1 X84.485 Y97.558 E21.6287
G1 X83.908 Y97.558 E21.64826
G1 X87.344 Y100.994 E21.81296
G1 X86.767 Y100.994 E21.83252
G1 X83.332 Y97.558 E21.9972
G1 X82.799 Y97.558 E22.01527
G1 X82.799 Y97.603 E22.0168
G1 X86.191 Y100.994 E22.17937
G1 X85.614 Y100.994 E22.19893
G1 X82.799 Y98.179 E22.33386
G1 X82.799 Y98.755 E22.35338
G1 X85.038 Y100.994 E22.4607
G1 X84.461 Y100.994 E22.48026
G1 X82.799 Y99.332 E22.55993
G1 X82.799 Y99.908 E22.57945
G1 X83.885 Y100.994 E22.63151
G1 X83.309 Y100.994 E22.65103
G1 X82.616 Y100.302 E22.68422
;LAYER_CHANGE
;Z:3.28
;HEIGHT:0.2
; BEFORE_LAYER_CHANGE 15 @ 3.28mm
G1 E21.28422 F4800
;WIPE_START
G1 F5760
G1 X83.152 Y100.838 E20.68422
;WIPE_END
G92 E0
G1 Z3.28 F7200
; AFTER_LAYER_CHANGE 15 @ 3.28mm
G1 X128.234 Y115.96
G1 E2 F4800
;TYPE:External perimeter
;WIDTH:0.45
G1 X125.382 Y127.531 E2.40339
G1 X124.641 Y129.347 E2.46978
G1 X123.369 Y131.034 E2.5413
G1 X121.642 Y132.49 E2.61776
G1 X119.578 Y133.61 E2.69725
G1 X117.322 Y134.314 E2.77724
G1 X114.978 Y134.554 E2.857
G1 X112.686 Y134.314 E2.93501
G1 X110.43 Y133.61 E3.015
G1 X108.366 Y132.49 E3.09449
G1 X106.639 Y131.034 E3.17095
G1 X105.367 Y129.347 E3.24247
G1 X104.627 Y127.531 E3.30885
G1 X101.775 Y115.96 E3.71224
G1 X128.174 Y115.96 E4.60581
G1 X127.746 Y116.342 F7200
;TYPE:Perimeter
;WIDTH:0.4
G1 F9000
G1 X125.017 Y127.413 E4.94436
G1 X124.306 Y129.157 E5.00028
G1 X123.09 Y130.77 E5.06026
G1 X121.426 Y132.173 E5.12488
G1 X119.429 Y133.256 E5.19233
G1 X117.245 Y133.938 E5.26026
G1 X114.978 Y134.17 E5.32792
G1 X112.764 Y133.938 E5.39402
G1 X110.579 Y133.256 E5.46198
G1 X108.583 Y132.173 E5.52941
G1 X106.918 Y130.77 E5.59406
G1 X105.702 Y129.157 E5.65404
G1 X104.991 Y127.413 E5.70996
G1 X102.262 Y116.342 E6.04851
G1 X127.686 Y116.342 E6.80338
G1 X127.29 Y116.699 F7200
G1 F9000
G1 X124.677 Y127.302 E7.12762
G1 X123.993 Y128.979 E7.18139
G1 X122.829 Y130.523 E7.2388
G1 X121.223 Y131.876 E7.30115
G1 X119.289 Y132.926 E7.36649
G1 X117.173 Y133.586 E7.4323
G1 X114.978 Y133.811 E7.49781
G1 X112.836 Y133.586 E7.56176
G1 X110.719 Y132.926 E7.6276
G1 X108.785 Y131.876 E7.69294
G1 X107.179 Y130.523 E7.75529
G1 X106.015 Y128.979 E7.8127
G1 X105.331 Y127.302 E7.86647
G1 X102.718 Y116.699 E8.19071
G1 X127.23 Y116.699 E8.9185
G1 E7.5185 F4800
;WIPE_START
G1 F5760
G1 X127.29 Y116.699 E7.471
G1 X127.123 Y117.377 E6.9185
;WIPE_END
G92 E0
G1 X114.661 Y124.69 F7200
G1 E2 F4800
;TYPE:External perimeter
;WIDTH:0.45
G1 F4860
G1 X114.822 Y124.674 E2.00548
G1 X115.001 Y124.656 E2.01157
G1 X115.342 Y124.69 E2.02317
G1 X115.67 Y124.789 E2.03477
G1 X115.972 Y124.951 E2.04637
G1 X116.236 Y125.168 E2.05794
G1 X116.453 Y125.432 E2.06951
G1 X116.615 Y125.734 E2.08111
G1 X116.714 Y126.062 E2.09271
G1 X116.748 Y126.403 E2.10431
G1 X116.714 Y126.743 E2.11588
G1 X116.615 Y127.071 E2.12748
G1 X116.453 Y127.373 E2.13908
G1 X116.236 Y127.637 E2.15065
G1 X115.972 Y127.854 E2.16222
G1 X115.67 Y128.016 E2.17382
G1 X115.342 Y128.115 E2.18542
G1 X115.001 Y128.149 E2.19702
G1 X114.661 Y128.115 E2.20859
G1 X114.333 Y128.016 E2.22019
G1 X114.031 Y127.854 E2.23179
G1 X113.767 Y127.637 E2.24336
G1 X113.55 Y127.373 E2.25493
G1 X113.388 Y127.071 E2.26653
G1 X113.289 Y126.743 E2.27813
G1 X113.255 Y126.403 E2.2897
G1 X113.289 Y126.062 E2.3013
G1 X113.388 Y125.734 E2.3129
G1 X113.55 Y125.432 E2.3245
G1 X113.767 Y125.168 E2.33607
G1 X114.031 Y124.951 E2.34764
G1 X114.333 Y124.789 E2.35924
G1 X114.603 Y124.707 E2.36879
G1 X114.586 Y124.313 F7200
;TYPE:Perimeter
;WIDTH:0.4
G1 F4860
G1 X114.785 Y124.294 E2.37473
G1 X115.001 Y124.272 E2.38118
G1 X115.417 Y124.313 E2.39359
G1 X115.817 Y124.435 E2.40601
G1 X116.185 Y124.631 E2.41839
G1 X116.508 Y124.896 E2.43079
G1 X116.773 Y125.219 E2.44319
G1 X116.969 Y125.587 E2.45557
G1 X117.091 Y125.987 E2.46799
G1 X117.132 Y126.403 E2.4804
G1 X117.091 Y126.818 E2.49278
G1 X116.969 Y127.218 E2.5052
G1 X116.773 Y127.586 E2.51758
G1 X116.508 Y127.909 E2.52998
G1 X116.185 Y128.174 E2.54238
G1 X115.817 Y128.371 E2.55477
G1 X115.417 Y128.492 E2.56718
G1 X115.001 Y128.533 E2.57959
G1 X114.586 Y128.492 E2.59197
G1 X114.186 Y128.371 E2.60438
G1 X113.818 Y128.174 E2.61677
G1 X113.495 Y127.909 E2.62917
G1 X113.23 Y127.586 E2.64157
G1 X113.034 Y127.218 E2.65395
G1 X112.912 Y126.818 E2.66637
G1 X112.871 Y126.403 E2.67875
G1 X112.912 Y125.987 E2.69116
G1 X113.034 Y125.587 E2.70358
G1 X113.23 Y125.219 E2.71596
G1 X113.495 Y124.896 E2.72836
G1 X113.818 Y124.631 E2.74076
G1 X114.186 Y124.435 E2.75314
G1 X114.529 Y124.331 E2.76378
G1 X114.516 Y123.961 F7200
G1 F4860
G1 X114.75 Y123.938 E2.77076
G1 X115.001 Y123.914 E2.77825
G1 X115.487 Y123.961 E2.79275
G1 X115.954 Y124.103 E2.80724
G1 X116.384 Y124.333 E2.82172
G1 X116.761 Y124.643 E2.83621
G1 X117.071 Y125.02 E2.8507
G1 X117.301 Y125.45 E2.86518
G1 X117.443 Y125.917 E2.87967
G1 X117.49 Y126.403 E2.89417
G1 X117.443 Y126.888 E2.90864
G1 X117.301 Y127.355 E2.92313
G1 X117.071 Y127.785 E2.93761
G1 X116.761 Y128.162 E2.9521
G1 X116.384 Y128.472 E2.96659
G1 X115.954 Y128.702 E2.98107
G1 X115.487 Y128.844 E2.99556
G1 X115.001 Y128.891 E3.01006
G1 X114.516 Y128.844 E3.02453
G1 X114.049 Y128.702 E3.03902
G1 X113.619 Y128.472 E3.0535
G1 X113.242 Y128.162 E3.06799
G1 X112.932 Y127.785 E3.08248
G1 X112.702 Y127.355 E3.09696
G1 X112.56 Y126.888 E3.11145
G1 X112.513 Y126.403 E3.12592
G1 X112.56 Y125.917 E3.14042
G1 X112.702 Y125.45 E3.15491
G1 X112.932 Y125.02 E3.16939
G1 X113.242 Y124.643 E3.18388
G1 X113.619 Y124.333 E3.19837
G1 X114.049 Y124.103 E3.21285
G1 X114.459 Y123.979 E3.22557
G1 E1.82557 F4800
;WIPE_START
G1 F5760
G1 X114.516 Y123.961 E1.77825
G1 X114.75 Y123.938 E1.59211
G1 X115.001 Y123.914 E1.3925
G1 X115.211 Y123.934 E1.22557
;WIPE_END
G92 E0
G1 X117.612 Y125.37 F7200
G1 E2 F4800
;TYPE:Internal infill
;WIDTH:0.45
G1 F9000
G1 X117.339 Y124.841 E2.02015
G1 X116.99 Y124.415 E2.03879
G1 X116.563 Y124.065 E2.05748
G1 X116.077 Y123.805 E2.07614
G1 X115.55 Y123.645 E2.09478
G1 X115.001 Y123.591 E2.11345
G1 X114.453 Y123.645 E2.13209
G1 X113.926 Y123.805 E2.15073
G1 X113.653 Y123.951 E2.16121
G1 X113.343 Y122.792 E2.20182
G1 X115.725 Y120.41 E2.31585
G1 X118.298 Y121.1 E2.40602
G1 X120.68 Y118.718 E2.52005
G1 X120.225 Y117.02 E2.57955
G1 X125.844 Y117.02 E2.76975
G1 X125.923 Y117.313 E2.78002
G1 X123.541 Y119.695 E2.89405
G1 X120.968 Y119.006 E2.98421
G1 X118.586 Y121.388 E3.09824
G1 X119.275 Y123.961 E3.1884
G1 X117.671 Y125.565 E3.26518
G1 X117.777 Y126.035 E3.28149
G1 X119.563 Y124.248 E3.36701
G1 X122.136 Y124.938 E3.45718
G1 X124.518 Y122.556 E3.57121
G1 X123.829 Y119.983 E3.66137
G1 X126.211 Y117.601 E3.7754
G1 X126.705 Y117.733 E3.79271
G1 X125.405 Y123.004 E3.97647
G1 X124.806 Y122.844 E3.99746
G1 X122.424 Y125.226 E4.11149
G1 X123.113 Y127.798 E4.20162
G1 X120.731 Y130.181 E4.31567
G1 X118.158 Y129.491 E4.40584
G1 X115.776 Y131.873 E4.51987
G1 X116.176 Y133.365 E4.57216
G1 X117.108 Y133.27 E4.60387
G1 X119.164 Y132.628 E4.67678
G1 X121.041 Y131.61 E4.74906
G1 X121.273 Y131.415 E4.75932
G1 X121.019 Y130.468 E4.79251
G1 X123.401 Y128.086 E4.90654
G1 X123.95 Y128.234 E4.92579
G1 X124.371 Y127.203 E4.96349
G1 X125.357 Y123.202 E5.10297
G1 E3.70297 F4800
;WIPE_START
G1 F5760
G1 X125.176 Y123.938 E3.10297
;WIPE_END
G92 E0
G1 X112.532 Y127.717 F7200
G1 E2 F4800
G1 F9000
G1 X112.664 Y127.965 E2.00951
G1 X113.013 Y128.391 E2.02815
G1 X113.439 Y128.74 E2.04679
G1 X113.926 Y129 E2.06548
G1 X114.453 Y129.16 E2.08412
G1 X115.001 Y129.214 E2.10276
G1 X115.55 Y129.16 E2.12143
G1 X116.077 Y129 E2.14007
G1 X116.563 Y128.74 E2.15873
G1 X116.99 Y128.391 E2.1774
G1 X117.339 Y127.965 E2.19604
G1 X117.472 Y127.716 E2.2056
G1 X117.87 Y129.203 E2.2577
G1 X115.488 Y131.585 E2.37173
G1 X112.915 Y130.896 E2.46189
G1 X111.102 Y132.709 E2.54868
G1 X110.691 Y132.545 E2.56366
G1 X112.628 Y130.608 E2.65638
G1 X111.938 Y128.035 E2.74655
G1 X112.436 Y127.538 E2.77037
G1 X112.291 Y127.106 E2.78579
G1 X111.65 Y127.747 E2.81647
G1 X109.077 Y127.058 E2.90663
G1 X106.735 Y129.4 E3.01874
G1 X106.488 Y129.072 E3.03264
G1 X108.79 Y126.77 E3.14284
G1 X108.1 Y124.197 E3.23301
G1 X110.482 Y121.815 E3.34704
G1 X113.055 Y122.505 E3.43721
G1 X115.437 Y120.123 E3.55124
G1 X114.748 Y117.55 E3.6414
G1 X115.277 Y117.02 E3.66675
G1 X114.702 Y117.02 E3.68621
G1 X114.46 Y117.262 E3.69779
G1 X113.558 Y117.02 E3.7294
G1 X111.439 Y117.02 E3.80113
G1 X109.505 Y118.954 E3.89371
G1 X110.194 Y121.527 E3.98387
G1 X107.812 Y123.909 E4.0979
G1 X105.239 Y123.22 E4.18806
G1 X104.771 Y123.688 E4.21046
G1 X104.658 Y123.226 E4.22656
G1 X104.952 Y122.932 E4.24063
G1 X104.262 Y120.359 E4.3308
G1 X106.644 Y117.977 E4.44483
G1 X109.217 Y118.667 E4.535
G1 X110.864 Y117.02 E4.61384
G1 X106.177 Y117.02 E4.77249
G1 X106.356 Y117.689 E4.79593
G1 X103.974 Y120.071 E4.90996
G1 X103.873 Y120.044 E4.9135
G1 X103.128 Y117.02 E5.01892
G1 X105.974 Y117.02 E5.11525
G1 E3.71525 F4800
;WIPE_START
G1 F5760
G1 X105.216 Y117.02 E3.11525
;WIPE_END
G92 E0
G1 X81.739 Y107.755 F7200
G1 E2 F4800
;TYPE:External perimeter
G1 X81.739 Y100.245 E2.2542
G1 X118.456 Y100.245 E3.49703
G1 X148.261 Y100.245 E4.50589
G1 X148.261 Y107.755 E4.76009
G1 X81.799 Y107.755 E7.00975
G1 X82.121 Y107.373 F7200
;TYPE:Perimeter
;WIDTH:0.4
G1 F9000
G1 X82.121 Y100.627 E7.21005
G1 X118.456 Y100.627 E8.28888
G1 X147.879 Y100.627 E9.16249
G1 X147.879 Y107.373 E9.36279
G1 X82.181 Y107.373 E11.31345
G1 X82.478 Y107.016 F7200
G1 F9000
G1 X82.478 Y100.984 E11.49255
G1 X118.456 Y100.984 E12.56078
G1 X147.522 Y100.984 E13.42379
G1 X147.522 Y107.016 E13.60289
G1 X82.538 Y107.016 E15.53235
G1 E14.13235 F4800
;WIPE_START
G1 F5760
G1 X82.478 Y107.016 E14.08485
G1 X82.478 Y106.318 E13.53235
;WIPE_END
G92 E0
G1 X84.52 Y104.735 F7200
G1 E2 F4800
;TYPE:Internal infill
;WIDTH:0.45
G1 F9000
G1 X84.459 Y104.719 E2.00213
G1 X85.241 Y101.8 E2.10442
G1 X85.109 Y101.305 E2.12176
G1 X82.799 Y101.305 E2.19995
G1 X82.799 Y105.969 E2.35782
G1 X83.38 Y106.124 E2.37817
G1 X84.716 Y104.788 E2.44212
G1 X85.17 Y104.909 E2.45802
G1 X83.668 Y106.412 E2.52994
G1 X83.743 Y106.695 E2.53985
G1 X84.797 Y106.695 E2.57553
G1 X85.242 Y105.034 E2.63374
G1 E1.23374 F4800
;WIPE_START
G1 F5760
G1 X85.046 Y105.766 E.63374
;WIPE_END
G92 E0
G1 X86.675 Y106.877 F7200
G1 E2 F4800
;TYPE:Bridge infill
;WIDTH:0.403682
;HEIGHT:0.368782
G1 F2400
G1 X87.369 Y104.287 E2.14268
G1 X87.045 Y103.743 E2.17637
G1 X86.256 Y106.689 E2.33865
G1 X85.786 Y106.689 E2.36366
G1 X87.227 Y101.311 E2.65992
G1 X86.757 Y101.311 E2.68493
G1 X85.316 Y106.689 E2.98119
G1 X85.226 Y106.689 E2.98598
G1 X85.774 Y104.643 E3.09869
G1 X85.42 Y104.549 E3.11818
G1 X86.288 Y101.311 E3.29656
G1 X85.818 Y101.311 E3.32157
G1 X84.933 Y104.613 E3.50347
G1 E2.10347 F4800
;WIPE_START
G1 F5760
G1 X85.129 Y103.881 E1.50347
;WIPE_END
G92 E0
G1 X87.708 Y104.685 F7200
G1 E2 F4800
;TYPE:Internal infill
;WIDTH:0.45
;HEIGHT:0.2
G1 F9000
G1 X87.169 Y106.695 E2.07044
G1 X89.139 Y106.695 E2.13712
G1 X89.25 Y106.277 E2.15176
G1 X88.91 Y105.007 E2.19626
G1 X89.696 Y104.221 E2.23389
G1 X89.39 Y104.139 E2.24461
G1 X89.458 Y103.884 E2.25354
G1 X88.622 Y104.719 E2.29353
G1 X87.76 Y104.489 E2.32373
G1 X87.826 Y104.246 E2.33225
G1 X87.377 Y103.493 E2.36193
G1 X87.963 Y101.305 E2.4386
G1 X90.149 Y101.305 E2.51259
G1 X89.511 Y103.687 E2.59606
G1 E1.19606 F4800
;WIPE_START
G1 F5760
G1 X89.707 Y102.955 E.59606
;WIPE_END
G92 E0
G1 X92.866 Y103.258 F7200
G1 E2 F4800
G1 F9000
G1 X91.945 Y106.695 E2.12044
G1 X94.323 Y106.695 E2.20093
G1 X94.564 Y106.454 E2.21247
G1 X94.183 Y105.213 E2.25641
G1 X93.898 Y105.137 E2.26639
G1 X94.231 Y103.893 E2.30998
G1 X94.153 Y103.603 E2.32015
G1 X94.366 Y103.39 E2.33035
G1 X94.576 Y102.603 E2.35792
G1 X93.865 Y103.315 E2.39198
G1 X92.918 Y103.061 E2.42517
G1 X93.014 Y102.705 E2.43765
G1 X92.492 Y102.565 E2.45594
G1 X92.267 Y102.188 E2.4708
G1 X92.316 Y101.305 E2.50073
G1 X94.924 Y101.305 E2.58901
G1 X94.629 Y102.407 E2.62762
G1 E1.22762 F4800
;WIPE_START
G1 F5760
G1 X94.825 Y101.675 E.62762
;WIPE_END
G92 E0
G1 X96.225 Y106.877 F7200
G1 E2 F4800
;TYPE:Bridge infill
;WIDTH:0.403686
;HEIGHT:0.368782
G1 F2400
G1 X97.649 Y101.565 E2.29264
G1 X97.211 Y101.447 E2.31678
G1 X95.806 Y106.689 E2.60556
G1 X95.336 Y106.689 E2.63057
G1 X96.777 Y101.311 E2.92684
G1 X96.308 Y101.311 E2.9518
G1 X94.961 Y106.338 E3.22873
G1 X94.766 Y105.794 E3.25948
G1 X94.701 Y105.553 E3.27276
G1 X95.838 Y101.311 E3.50645
G1 X95.368 Y101.311 E3.53146
G1 X94.369 Y105.04 E3.73689
G1 E2.33689 F4800
;WIPE_START
G1 F5760
G1 X94.565 Y104.308 E1.73689
;WIPE_END
G92 E0
G1 X91.45 Y106.877 F7200
G1 E2 F4800
;WIDTH:0.403682
G1 F2400
G1 X92.491 Y102.992 E2.21402
G1 X92.224 Y102.921 E2.22872
G1 X92.097 Y102.709 E2.24187
G1 X91.031 Y106.689 E2.46112
G1 X90.561 Y106.689 E2.48613
G1 X91.876 Y101.781 E2.7565
G1 X91.902 Y101.311 E2.78155
G1 X91.532 Y101.311 E2.80124
G1 X90.091 Y106.689 E3.0975
G1 X89.622 Y106.689 E3.12246
G1 X91.063 Y101.311 E3.41872
G1 X90.593 Y101.311 E3.44373
G1 X89.864 Y104.034 E3.59373
G1 E2.19373 F4800
;WIPE_START
G1 F5760
G1 X90.06 Y103.302 E1.59373
;WIPE_END
G92 E0
G1 X97.958 Y106.695 F7200
G1 E2 F4800
;TYPE:Internal infill
;WIDTH:0.45
;HEIGHT:0.2
G1 F9000
G1 X96.72 Y106.695 E2.0419
G1 X98.076 Y101.633 E2.21928
G1 X99.108 Y101.91 E2.25545
G1 X99.695 Y101.323 E2.28355
G1 X99.484 Y102.11 E2.31113
G1 X99.396 Y102.198 E2.31534
G1 X99.428 Y102.318 E2.31954
G1 X99.095 Y103.562 E2.36313
G1 X99.499 Y103.67 E2.37729
G1 X98.882 Y105.974 E2.45803
G1 X98.161 Y106.695 E2.49254
G1 X98.737 Y106.695 E2.51204
G1 X99.085 Y106.346 E2.52872
G1 X99.127 Y106.695 E2.54062
G1 X98.94 Y106.695 E2.54695
G1 E1.14695 F4800
;WIPE_START
G1 F5760
G1 X99.127 Y106.695 E.99891
G1 X99.085 Y106.346 E.72062
G1 X98.93 Y106.501 E.54695
;WIPE_END
G92 E0
G1 X101.45 Y105.198 F7200
G1 E2 F4800
;TYPE:Bridge infill
;WIDTH:0.403686
;HEIGHT:0.368782
G1 F2400
G1 X101.051 Y106.689 E2.08213
G1 X100.581 Y106.689 E2.10714
G1 X102.022 Y101.311 E2.40341
G1 X101.553 Y101.311 E2.42837
G1 X100.112 Y106.689 E2.72464
G1 X99.642 Y106.689 E2.74965
G1 X101.083 Y101.311 E3.04592
G1 X100.613 Y101.311 E3.07093
G1 X99.37 Y105.95 E3.32649
G1 X99.32 Y105.937 E3.32924
G1 X100.005 Y103.378 E3.4702
G1 X99.617 Y103.274 E3.49158
G1 X100.194 Y101.123 E3.61009
G1 E2.21009 F4800
;WIPE_START
G1 F5760
G1 X99.998 Y101.855 E1.61009
;WIPE_END
G92 E0
G1 X101.776 Y105.645 F7200
G1 E2 F4800
;TYPE:Internal infill
;WIDTH:0.45
;HEIGHT:0.2
G1 F9000
G1 X101.495 Y106.695 E2.03679
G1 X103.41 Y106.695 E2.10161
G1 X103.234 Y106.036 E2.1247
G1 X104.157 Y105.112 E2.16891
G1 X104.168 Y104.986 E2.17319
G1 X103.876 Y104.818 E2.18459
G1 X102.946 Y105.748 E2.22911
G1 X101.829 Y105.449 E2.26825
G1 X101.924 Y105.092 E2.28075
G1 X101.722 Y105.038 E2.28783
G1 X102.722 Y101.305 E2.41864
G1 X104.475 Y101.305 E2.47798
G1 X103.58 Y104.646 E2.59506
G1 X103.7 Y104.716 E2.59976
G1 E1.19976 F4800
;WIPE_START
G1 F5760
G1 X103.58 Y104.646 E1.08978
G1 X103.74 Y104.048 E.59976
;WIPE_END
G92 E0
G1 X105.776 Y106.877 F7200
G1 E2 F4800
;TYPE:Bridge infill
;WIDTH:0.403682
;HEIGHT:0.368782
G1 F2400
G1 X106.559 Y103.952 E2.16112
G1 X106.121 Y103.835 E2.18524
G1 X105.356 Y106.689 E2.34247
G1 X104.887 Y106.689 E2.36743
G1 X106.328 Y101.311 E2.66369
G1 X105.858 Y101.311 E2.6887
G1 X104.443 Y106.592 E2.97962
G1 X104.602 Y104.76 E3.07747
G1 X104.483 Y104.691 E3.08479
G1 X105.388 Y101.311 E3.27098
G1 X104.919 Y101.311 E3.29594
G1 X104.026 Y104.644 E3.47955
G1 E2.07955 F4800
;WIPE_START
G1 F5760
G1 X104.222 Y103.912 E1.47955
;WIPE_END
G92 E0
G1 X106.934 Y104.218 F7200
G1 E2 F4800
;TYPE:Internal infill
;WIDTH:0.45
;HEIGHT:0.2
G1 F9000
G1 X106.27 Y106.695 E2.0868
G1 X108.616 Y106.695 E2.16621
G1 X108.548 Y106.39 E2.17679
G1 X108.632 Y105.21 E2.21683
G1 X108.477 Y104.631 E2.23712
G1 X108.688 Y104.42 E2.24722
G1 X108.695 Y104.324 E2.25048
G1 X108.458 Y104.261 E2.25878
G1 X108.526 Y104.005 E2.26775
G1 X108.189 Y104.343 E2.28391
G1 X106.987 Y104.021 E2.32603
G1 X107.082 Y103.665 E2.3385
G1 X106.475 Y103.502 E2.35977
G1 X107.064 Y101.305 E2.43676
G1 X109.25 Y101.305 E2.51075
G1 X108.579 Y103.809 E2.5985
G1 E1.1985 F4800
;WIPE_START
G1 F5760
G1 X108.775 Y103.077 E.5985
;WIPE_END
G92 E0
G1 X110.551 Y106.877 F7200
G1 E2 F4800
;TYPE:Bridge infill
;WIDTH:0.403683
;HEIGHT:0.368782
G1 F2400
G1 X111.717 Y102.525 E2.23974
G1 X111.279 Y102.407 E2.26388
G1 X110.132 Y106.689 E2.49976
G1 X109.662 Y106.689 E2.52477
G1 X110.993 Y101.723 E2.79834
G1 X111.012 Y101.311 E2.82029
G1 X110.633 Y101.311 E2.84046
G1 X109.192 Y106.689 E3.13673
G1 X109.038 Y106.689 E3.14492
G1 X108.964 Y106.358 E3.16297
G1 X109.019 Y105.583 E3.20431
G1 X110.164 Y101.311 E3.43965
G1 X109.694 Y101.311 E3.46466
G1 X108.932 Y104.156 E3.62138
G1 E2.22138 F4800
;WIPE_START
G1 F5760
G1 X109.128 Y103.424 E1.62138
;WIPE_END
G92 E0
G1 X112.092 Y102.79 F7200
G1 E2 F4800
;TYPE:Internal infill
;WIDTH:0.45
;HEIGHT:0.2
G1 F9000
G1 X111.045 Y106.695 E2.13685
G1 X113.513 Y106.695 E2.22039
G1 X113.578 Y106.629 E2.22353
G1 X113.744 Y104.817 E2.28512
G1 X113.567 Y104.156 E2.30828
G1 X113.282 Y104.08 E2.31826
G1 X113.645 Y102.725 E2.36574
G1 X113.432 Y102.938 E2.37594
G1 X112.144 Y102.593 E2.42107
G1 X112.24 Y102.237 E2.43355
G1 X111.393 Y102.01 E2.46323
G1 X111.426 Y101.305 E2.48712
G1 X114.025 Y101.305 E2.57509
G1 X113.697 Y102.528 E2.61795
G1 E1.21795 F4800
;WIPE_START
G1 F5760
G1 X113.893 Y101.796 E.61795
;WIPE_END
G92 E0
G1 X116.868 Y101.123 F7200
G1 E2 F4800
;TYPE:Bridge infill
;WIDTH:0.403683
;HEIGHT:0.368782
G1 F2400
G1 X115.377 Y106.689 E2.30662
G1 X114.907 Y106.689 E2.33163
G1 X116.348 Y101.311 E2.6279
G1 X115.878 Y101.311 E2.65291
G1 X114.437 Y106.689 E2.94918
G1 X113.988 Y106.689 E2.97307
G1 X113.998 Y106.575 E2.97916
G1 X115.409 Y101.311 E3.26915
G1 X114.939 Y101.311 E3.29416
G1 X114.085 Y104.496 E3.46962
G1 X113.904 Y103.819 E3.50691
G1 X113.804 Y103.793 E3.51241
G1 X114.52 Y101.123 E3.6595
G1 E2.2595 F4800
;WIPE_START
G1 F5760
G1 X114.324 Y101.855 E1.6595
;WIPE_END
G92 E0
G1 X117.758 Y106.018 F7200
G1 E2 F4800
;TYPE:Internal infill
;WIDTH:0.45
;HEIGHT:0.2
G1 F9000
G1 X117.562 Y105.926 E2.00733
G1 X118.763 Y101.445 E2.16436
G1 X118.674 Y101.533 E2.1686
G1 X117.822 Y101.305 E2.19845
G1 X117.265 Y101.305 E2.2173
G1 X115.897 Y106.409 E2.39616
G1 X116.966 Y106.695 E2.43362
G1 X117.351 Y106.695 E2.44665
G1 X117.942 Y106.104 E2.47494
G1 X118.114 Y106.185 E2.48138
G1 X118.161 Y106.461 E2.49086
G1 X117.927 Y106.695 E2.50206
G1 X117.554 Y106.695 E2.51469
G1 E1.11469 F4800
;WIPE_START
G1 F5760
G1 X117.927 Y106.695 E.8194
G1 X118.161 Y106.461 E.55742
G1 X118.152 Y106.408 E.51469
;WIPE_END
G92 E0
G1 X120.677 Y104.73 F7200
G1 E2 F4800
;TYPE:Bridge infill
;WIDTH:0.403682
;HEIGHT:0.368782
G1 F2400
G1 X120.152 Y106.689 E2.10792
G1 X119.682 Y106.689 E2.13293
G1 X121.123 Y101.311 E2.42919
G1 X120.653 Y101.311 E2.4542
G1 X119.212 Y106.689 E2.75046
G1 X118.743 Y106.689 E2.77542
G1 X120.184 Y101.311 E3.07168
G1 X119.714 Y101.311 E3.09669
G1 X118.484 Y105.902 E3.3496
G1 X118.067 Y105.706 E3.37412
G1 X119.295 Y101.123 E3.62659
G1 E2.22659 F4800
;WIPE_START
G1 F5760
G1 X119.099 Y101.855 E1.62659
;WIPE_END
G92 E0
G1 X121.002 Y105.178 F7200
G1 E2 F4800
;TYPE:Internal infill
;WIDTH:0.45
;HEIGHT:0.2
G1 F9000
G1 X120.596 Y106.695 E2.05316
G1 X123.078 Y106.695 E2.13717
G1 X122.8 Y105.659 E2.17348
G1 X123.228 Y105.231 E2.19397
G1 X123.238 Y105.108 E2.19815
G1 X122.945 Y104.939 E2.2096
G1 X122.512 Y105.371 E2.2303
G1 X121.055 Y104.981 E2.28135
G1 X121.151 Y104.625 E2.29383
G1 X120.948 Y104.571 E2.30094
G1 X121.823 Y101.305 E2.41539
G1 X123.576 Y101.305 E2.47473
G1 X122.648 Y104.768 E2.59608
G1 X122.768 Y104.837 E2.60077
G1 E1.20077 F4800
;WIPE_START
G1 F5760
G1 X122.648 Y104.768 E1.09118
G1 X122.808 Y104.17 E.60077
;WIPE_END
G92 E0
G1 X125.834 Y103.303 F7200
G1 E2 F4800
;TYPE:Bridge infill
;WIDTH:0.403683
;HEIGHT:0.368782
G1 F2400
G1 X124.927 Y106.689 E2.18653
G1 X124.457 Y106.689 E2.21154
G1 X125.477 Y102.884 E2.42116
G1 X125.624 Y101.311 E2.50523
G1 X125.429 Y101.311 E2.51561
G1 X123.988 Y106.689 E2.81188
G1 X123.53 Y106.689 E2.83625
G1 X124.959 Y101.311 E3.13235
G1 X124.489 Y101.311 E3.15736
G1 X123.551 Y104.812 E3.35022
G1 X123.144 Y104.578 E3.3752
G1 X124.07 Y101.123 E3.56553
G1 E2.16553 F4800
;WIPE_START
G1 F5760
G1 X123.874 Y101.855 E1.56553
;WIPE_END
G92 E0
G1 X126.213 Y103.553 F7200
G1 E2 F4800
;TYPE:Internal infill
;WIDTH:0.45
;HEIGHT:0.2
G1 F9000
G1 X127.646 Y103.937 E2.05022
G1 E.65022 F4800
;WIPE_START
G1 F5760
G1 X126.914 Y103.741 E.05022
;WIPE_END
G92 E0
G1 X130.992 Y101.875 F7200
G1 E2 F4800
;TYPE:Bridge infill
;WIDTH:0.403683
;HEIGHT:0.368782
G1 F2400
G1 X129.702 Y106.689 E2.2652
G1 X129.233 Y106.689 E2.29016
G1 X130.505 Y101.94 E2.55177
G1 X130.202 Y101.858 E2.56847
G1 X130.191 Y101.36 E2.59498
G1 X128.763 Y106.689 E2.88855
G1 X128.293 Y106.689 E2.91356
G1 X129.734 Y101.311 E3.20983
G1 X129.265 Y101.311 E3.23479
G1 X128.299 Y104.915 E3.43333
G1 X128.193 Y104.038 E3.48034
G1 X128.073 Y104.006 E3.48695
G1 X128.845 Y101.123 E3.64576
G1 E2.24576 F4800
;WIPE_START
G1 F5760
G1 X128.649 Y101.855 E1.64576
;WIPE_END
G92 E0
G1 X131.371 Y102.126 F7200
G1 E2 F4800
;TYPE:Internal infill
;WIDTH:0.45
;HEIGHT:0.2
G1 F9000
G1 X132.803 Y102.51 E2.05018
G1 E.65018 F4800
;WIPE_START
G1 F5760
G1 X132.071 Y102.314 E.05018
;WIPE_END
G92 E0
G1 X134.85 Y105.297 F7200
G1 E2 F4800
;TYPE:Bridge infill
;WIDTH:0.403682
;HEIGHT:0.368782
G1 F2400
G1 X134.477 Y106.689 E2.07668
G1 X134.008 Y106.689 E2.10164
G1 X135.449 Y101.311 E2.3979
G1 X134.979 Y101.311 E2.42291
G1 X133.538 Y106.689 E2.71917
G1 X133.068 Y106.689 E2.74418
G1 X134.509 Y101.311 E3.04044
G1 X134.04 Y101.311 E3.0654
G1 X132.599 Y106.689 E3.36166
G1 X132.545 Y106.689 E3.36453
G1 X133.513 Y103.076 E3.56356
G1 X133.125 Y102.972 E3.58493
G1 X133.621 Y101.123 E3.6868
G1 E2.2868 F4800
;WIPE_START
G1 F5760
G1 X133.425 Y101.855 E1.6868
;WIPE_END
G92 E0
G1 X135.123 Y105.941 F7200
G1 E2 F4800
;TYPE:Internal infill
;WIDTH:0.45
;HEIGHT:0.2
G1 F9000
G1 X136.556 Y106.325 E2.05022
G1 E.65022 F4800
;WIPE_START
G1 F5760
G1 X135.824 Y106.129 E.05022
;WIPE_END
G92 E0
G1 X139.202 Y106.877 F7200
G1 E2 F4800
;TYPE:Bridge infill
;WIDTH:0.403683
;HEIGHT:0.368782
G1 F2400
G1 X139.89 Y104.311 E2.14136
G1 X139.566 Y103.768 E2.17501
G1 X138.783 Y106.689 E2.33593
G1 X138.313 Y106.689 E2.36094
G1 X139.754 Y101.311 E2.65721
G1 X139.285 Y101.311 E2.68217
G1 X137.844 Y106.689 E2.97844
G1 X137.687 Y106.689 E2.98679
G1 X137.55 Y106.091 E3.01943
G1 X137.532 Y106.099 E3.02048
G1 X138.815 Y101.311 E3.28424
G1 X138.345 Y101.311 E3.30925
G1 X136.94 Y106.557 E3.59824
G1 E2.19824 F4800
;WIPE_START
G1 F5760
G1 X137.136 Y105.825 E1.59824
;WIPE_END
G92 E0
G1 X140.281 Y104.513 F7200
G1 E2 F4800
;TYPE:Internal infill
;WIDTH:0.45
;HEIGHT:0.2
G1 F9000
G1 X141.714 Y104.897 E2.05022
G1 E.65022 F4800
;WIPE_START
G1 F5760
G1 X140.982 Y104.701 E.05022
;WIPE_END
G92 E0
G1 X145.061 Y102.835 F7200
G1 E2 F4800
;TYPE:Bridge infill
;WIDTH:0.403683
;HEIGHT:0.368782
G1 F2400
G1 X144.028 Y106.689 E2.21232
G1 X143.558 Y106.689 E2.23733
G1 X144.618 Y102.734 E2.45521
G1 X144.369 Y102.316 E2.4811
G1 X144.398 Y101.8 E2.5086
G1 X143.089 Y106.689 E2.77791
G1 X142.756 Y106.689 E2.79563
G1 X142.744 Y106.221 E2.82054
G1 X144.06 Y101.311 E3.09103
G1 X143.59 Y101.311 E3.11604
G1 X142.635 Y104.875 E3.31238
G1 X142.148 Y104.942 E3.33854
G1 X143.171 Y101.123 E3.54892
G1 E2.14892 F4800
;WIPE_START
G1 F5760
G1 X142.975 Y101.855 E1.54892
;WIPE_END
G92 E0
G1 X145.439 Y103.086 F7200
G1 E2 F4800
;TYPE:Internal infill
;WIDTH:0.45
;HEIGHT:0.2
G1 F9000
G1 X147.201 Y103.558 E2.06174
;LAYER_CHANGE
;Z:3.48
;HEIGHT:0.2
; BEFORE_LAYER_CHANGE 16 @ 3.48mm
G1 E.66174 F4800
;WIPE_START
G1 F5760
G1 X146.469 Y103.362 E.06174
;WIPE_END
G92 E0
G1 Z3.48 F7200
; AFTER_LAYER_CHANGE 16 @ 3.48mm
G1 X128.234 Y115.96
G1 E2 F4800
;TYPE:External perimeter
G1 X125.382 Y127.531 E2.40339
G1 X124.641 Y129.347 E2.46978
G1 X123.369 Y131.034 E2.5413
G1 X121.642 Y132.49 E2.61776
G1 X119.578 Y133.61 E2.69725
G1 X117.322 Y134.314 E2.77724
G1 X115.031 Y134.554 E2.85521
G1 X112.686 Y134.314 E2.935
G1 X110.43 Y133.61 E3.01499
G1 X108.366 Y132.49 E3.09448
G1 X106.639 Y131.034 E3.17094
G1 X105.367 Y129.347 E3.24246
G1 X104.627 Y127.531 E3.30884
G1 X101.775 Y115.96 E3.71223
G1 X128.174 Y115.96 E4.6058
G1 X127.746 Y116.342 F7200
;TYPE:Perimeter
;WIDTH:0.4
G1 F9000
G1 X125.017 Y127.413 E4.94435
G1 X124.306 Y129.157 E5.00027
G1 X123.09 Y130.77 E5.06025
G1 X121.426 Y132.173 E5.12487
G1 X119.429 Y133.256 E5.19232
G1 X117.245 Y133.938 E5.26025
G1 X115.03 Y134.17 E5.32638
G1 X112.763 Y133.938 E5.39404
G1 X110.579 Y133.256 E5.46197
G1 X108.583 Y132.173 E5.5294
G1 X106.918 Y130.77 E5.59405
G1 X105.702 Y129.157 E5.65403
G1 X104.991 Y127.413 E5.70995
G1 X102.262 Y116.342 E6.0485
G1 X127.686 Y116.342 E6.80337
G1 X127.29 Y116.699 F7200
G1 F9000
G1 X124.677 Y127.302 E7.12761
G1 X123.993 Y128.979 E7.18138
G1 X122.829 Y130.523 E7.23879
G1 X121.223 Y131.876 E7.30114
G1 X119.289 Y132.926 E7.36648
G1 X117.172 Y133.586 E7.43232
G1 X115.03 Y133.811 E7.49627
G1 X112.835 Y133.586 E7.56178
G1 X110.719 Y132.926 E7.62759
G1 X108.785 Y131.876 E7.69293
G1 X107.179 Y130.523 E7.75528
G1 X106.015 Y128.979 E7.81269
G1 X105.331 Y127.302 E7.86646
G1 X102.718 Y116.699 E8.1907
G1 X127.23 Y116.699 E8.91849
G1 E7.51849 F4800
;WIPE_START
G1 F5760
G1 X127.29 Y116.699 E7.47099
G1 X127.123 Y117.377 E6.91849
;WIPE_END
G92 E0
G1 X114.661 Y124.69 F7200
G1 E2 F4800
;TYPE:External perimeter
;WIDTH:0.45
G1 F4860
G1 X114.813 Y124.675 E2.00517
G1 X115.001 Y124.656 E2.01157
G1 X115.342 Y124.69 E2.02317
G1 X115.67 Y124.789 E2.03477
G1 X115.972 Y124.951 E2.04637
G1 X116.236 Y125.168 E2.05794
G1 X116.453 Y125.432 E2.06951
G1 X116.615 Y125.734 E2.08111
G1 X116.714 Y126.062 E2.09271
G1 X116.748 Y126.403 E2.10431
G1 X116.714 Y126.743 E2.11588
G1 X116.615 Y127.071 E2.12748
G1 X116.453 Y127.373 E2.13908
G1 X116.236 Y127.637 E2.15065
G1 X115.972 Y127.854 E2.16222
G1 X115.67 Y128.016 E2.17382
G1 X115.342 Y128.115 E2.18542
G1 X115.001 Y128.149 E2.19702
G1 X114.661 Y128.115 E2.20859
G1 X114.333 Y128.016 E2.22019
G1 X114.031 Y127.854 E2.23179
G1 X113.767 Y127.637 E2.24336
G1 X113.55 Y127.373 E2.25493
G1 X113.388 Y127.071 E2.26653
G1 X113.289 Y126.743 E2.27813
G1 X113.255 Y126.403 E2.2897
G1 X113.289 Y126.062 E2.3013
G1 X113.388 Y125.734 E2.3129
G1 X113.55 Y125.432 E2.3245
G1 X113.767 Y125.168 E2.33607
G1 X114.031 Y124.951 E2.34764
G1 X114.333 Y124.789 E2.35924
G1 X114.603 Y124.707 E2.36879
G1 X114.586 Y124.313 F7200
;TYPE:Perimeter
;WIDTH:0.4
G1 F4860
G1 X114.775 Y124.295 E2.37443
G1 X115.001 Y124.272 E2.38117
G1 X115.417 Y124.313 E2.39358
G1 X115.817 Y124.435 E2.406
G1 X116.185 Y124.631 E2.41838
G1 X116.508 Y124.896 E2.43078
G1 X116.773 Y125.219 E2.44318
G1 X116.969 Y125.587 E2.45556
G1 X117.091 Y125.987 E2.46798
G1 X117.132 Y126.403 E2.48039
G1 X117.091 Y126.818 E2.49277
G1 X116.969 Y127.218 E2.50519
G1 X116.773 Y127.586 E2.51757
G1 X116.508 Y127.909 E2.52997
G1 X116.185 Y128.174 E2.54237
G1 X115.817 Y128.371 E2.55476
G1 X115.417 Y128.492 E2.56717
G1 X115.001 Y128.533 E2.57958
G1 X114.586 Y128.492 E2.59196
G1 X114.186 Y128.371 E2.60437
G1 X113.818 Y128.174 E2.61676
G1 X113.495 Y127.909 E2.62916
G1 X113.23 Y127.586 E2.64156
G1 X113.034 Y127.218 E2.65394
G1 X112.912 Y126.818 E2.66636
G1 X112.871 Y126.403 E2.67874
G1 X112.912 Y125.987 E2.69115
G1 X113.034 Y125.587 E2.70357
G1 X113.23 Y125.219 E2.71595
G1 X113.495 Y124.896 E2.72835
G1 X113.818 Y124.631 E2.74075
G1 X114.186 Y124.435 E2.75313
G1 X114.529 Y124.331 E2.76377
G1 X114.516 Y123.961 F7200
G1 F4860
G1 X114.74 Y123.939 E2.77045
G1 X115.001 Y123.914 E2.77823
G1 X115.487 Y123.961 E2.79273
G1 X115.954 Y124.103 E2.80722
G1 X116.384 Y124.333 E2.8217
G1 X116.761 Y124.643 E2.83619
G1 X117.071 Y125.02 E2.85068
G1 X117.301 Y125.45 E2.86516
G1 X117.443 Y125.917 E2.87965
G1 X117.49 Y126.403 E2.89415
G1 X117.443 Y126.888 E2.90862
G1 X117.301 Y127.355 E2.92311
G1 X117.071 Y127.785 E2.93759
G1 X116.761 Y128.162 E2.95208
G1 X116.384 Y128.472 E2.96657
G1 X115.954 Y128.702 E2.98105
G1 X115.487 Y128.844 E2.99554
G1 X115.001 Y128.891 E3.01004
G1 X114.516 Y128.844 E3.02451
G1 X114.049 Y128.702 E3.039
G1 X113.619 Y128.472 E3.05348
G1 X113.242 Y128.162 E3.06797
G1 X112.932 Y127.785 E3.08246
G1 X112.702 Y127.355 E3.09694
G1 X112.56 Y126.888 E3.11143
G1 X112.513 Y126.403 E3.1259
G1 X112.56 Y125.917 E3.1404
G1 X112.702 Y125.45 E3.15489
G1 X112.932 Y125.02 E3.16937
G1 X113.242 Y124.643 E3.18386
G1 X113.619 Y124.333 E3.19835
G1 X114.049 Y124.103 E3.21283
G1 X114.459 Y123.979 E3.22555
G1 X114.025 Y123.775 F7200
;TYPE:Internal infill
;WIDTH:0.45
G1 F9000
G1 X114.453 Y123.645 E3.24069
G1 X115.001 Y123.591 E3.25933
G1 X115.55 Y123.645 E3.278
G1 X116.077 Y123.805 E3.29664
G1 X116.563 Y124.065 E3.3153
G1 X116.99 Y124.415 E3.33399
G1 X117.339 Y124.841 E3.35263
G1 X117.599 Y125.327 E3.37129
G1 X117.738 Y125.785 E3.38749
G1 X119.17 Y124.354 E3.45602
G1 X118.298 Y121.1 E3.57005
G1 X115.725 Y120.41 E3.66022
G1 X114.853 Y117.156 E3.77425
G1 X114.989 Y117.02 E3.78076
G1 X119.811 Y117.02 E3.94398
G1 E2.54398 F4800
;WIPE_START
G1 F5760
G1 X119.053 Y117.02 E1.94398
;WIPE_END
G92 E0
G1 X125.454 Y122.807 F7200
G1 E2 F4800
G1 F9000
G1 X126.705 Y117.733 E2.17689
G1 X126.211 Y117.601 E2.1942
G1 X126.055 Y117.02 E2.21456
G1 X125.634 Y117.02 E2.22881
G1 X125.817 Y117.706 E2.25284
G1 X123.934 Y119.59 E2.343
G1 X124.806 Y122.844 E2.45703
G1 X125.405 Y123.004 E2.47802
G1 X124.371 Y127.203 E2.6244
G1 X123.95 Y128.234 E2.6621
G1 X123.401 Y128.086 E2.68135
G1 X122.529 Y124.832 E2.79538
G1 X124.413 Y122.949 E2.88554
G1 X123.541 Y119.695 E2.99957
G1 X120.968 Y119.006 E3.08973
G1 X120.436 Y117.02 E3.15932
G1 X120.014 Y117.02 E3.1736
G1 X120.575 Y119.111 E3.24688
G1 X118.691 Y120.994 E3.33704
G1 X119.563 Y124.248 E3.45107
G1 X122.136 Y124.938 E3.54124
G1 X123.008 Y128.192 E3.65527
G1 X121.124 Y130.075 E3.74543
G1 X121.444 Y131.27 E3.7873
G1 X121.101 Y131.56 E3.8025
G1 X120.731 Y130.181 E3.85083
G1 X118.158 Y129.491 E3.941
G1 X117.61 Y127.444 E4.01273
G1 X117.331 Y127.975 E4.03303
G1 X117.765 Y129.596 E4.08983
G1 X115.882 Y131.48 E4.17999
G1 X116.382 Y133.346 E4.24538
G1 X115.972 Y133.389 E4.25933
G1 X115.488 Y131.585 E4.32255
G1 X112.915 Y130.896 E4.41271
G1 X112.044 Y127.642 E4.52673
G1 X112.358 Y127.327 E4.54178
G1 X112.664 Y127.965 E4.56573
G1 X113.013 Y128.391 E4.58437
G1 X113.44 Y128.74 E4.60304
G1 X113.926 Y129 E4.6217
G1 X114.453 Y129.16 E4.64034
G1 X115.001 Y129.214 E4.65898
G1 X115.55 Y129.16 E4.67765
G1 X116.077 Y129 E4.69629
G1 X116.563 Y128.74 E4.71495
G1 X116.99 Y128.391 E4.73362
G1 X117.201 Y128.132 E4.74493
G1 E3.34493 F4800
;WIPE_START
G1 F5760
G1 X116.99 Y128.391 E3.08046
G1 X116.662 Y128.659 E2.74493
;WIPE_END
G92 E0
G1 X115.769 Y133.41 F7200
G1 E2 F4800
G1 F9000
G1 X115.029 Y133.488 E2.02519
G1 X112.9 Y133.27 E2.09763
G1 X110.883 Y132.64 E2.16916
G1 X112.522 Y131.001 E2.24762
G1 X111.65 Y127.747 E2.36165
G1 X109.077 Y127.058 E2.45181
G1 X108.206 Y123.804 E2.56583
G1 X110.089 Y121.921 E2.65597
G1 X109.217 Y118.667 E2.77
G1 X106.644 Y117.977 E2.86017
G1 X106.388 Y117.02 E2.8937
G1 X105.966 Y117.02 E2.90798
G1 X106.251 Y118.083 E2.94523
G1 X104.368 Y119.966 E3.03537
G1 X105.239 Y123.22 E3.14939
G1 X107.812 Y123.909 E3.23955
G1 X108.684 Y127.163 E3.35358
G1 X106.801 Y129.047 E3.44374
G1 X106.984 Y129.731 E3.46771
G1 X107.414 Y130.3 E3.49185
G1 X108.967 Y131.61 E3.56062
G1 X110.701 Y132.551 E3.6274
G1 E2.2274 F4800
;WIPE_START
G1 F5760
G1 X110.035 Y132.189 E1.6274
;WIPE_END
G92 E0
G1 X106.475 Y129.056 F7200
G1 E2 F4800
G1 F9000
G1 X106.297 Y128.819 E2.01003
G1 X105.638 Y127.203 E2.0691
G1 X104.714 Y123.457 E2.1997
G1 X104.846 Y123.325 E2.20602
G1 X103.974 Y120.071 E2.32005
G1 X103.873 Y120.044 E2.32359
G1 X103.128 Y117.02 E2.42901
G1 X105.763 Y117.02 E2.5182
G1 X106.591 Y117.02 F7200
G1 F9000
G1 X111.151 Y117.02 E2.67255
G1 X109.61 Y118.561 E2.74632
G1 X110.482 Y121.815 E2.86035
G1 X113.055 Y122.505 E2.95052
G1 X113.469 Y124.049 E3.00463
G1 X113.838 Y123.852 E3.01879
G1 X113.448 Y122.399 E3.06971
G1 X115.332 Y120.516 E3.15987
G1 X114.46 Y117.262 E3.2739
G1 X113.558 Y117.02 E3.30551
G1 X111.355 Y117.02 E3.38008
G1 E1.98008 F4800
;WIPE_START
G1 F5760
G1 X112.113 Y117.02 E1.38008
;WIPE_END
G92 E0
G1 X81.739 Y107.755 F7200
G1 E2 F4800
;TYPE:External perimeter
G1 X81.739 Y100.245 E2.2542
G1 X117.354 Y100.245 E3.45973
G1 X148.261 Y100.245 E4.5059
G1 X148.261 Y107.755 E4.7601
G1 X81.799 Y107.755 E7.00976
G1 X82.121 Y107.373 F7200
;TYPE:Perimeter
;WIDTH:0.4
G1 F9000
G1 X82.121 Y100.627 E7.21006
G1 X117.354 Y100.627 E8.25617
G1 X147.879 Y100.627 E9.1625
G1 X147.879 Y107.373 E9.3628
G1 X82.181 Y107.373 E11.31346
G1 X82.478 Y107.016 F7200
G1 F9000
G1 X82.478 Y100.984 E11.49256
G1 X117.354 Y100.984 E12.52807
G1 X147.522 Y100.984 E13.4238
G1 X147.522 Y107.016 E13.6029
G1 X82.538 Y107.016 E15.53236
G1 E14.13236 F4800
;WIPE_START
G1 F5760
G1 X82.478 Y107.016 E14.08486
G1 X82.478 Y106.318 E13.53236
;WIPE_END
G92 E0
G1 X84.158 Y106.695 F7200
G1 E2 F4800
;TYPE:Internal infill
;WIDTH:0.45
G1 F9000
G1 X84.611 Y106.695 E2.01533
G1 X84.611 Y105.18 E2.06661
G1 X83.773 Y106.019 E2.10675
G1 X83.954 Y106.695 E2.13044
G1 X83.533 Y106.695 E2.14469
G1 X83.38 Y106.124 E2.1647
G1 X82.799 Y105.969 E2.18505
G1 X82.799 Y101.305 E2.34292
G1 X84.611 Y101.305 E2.40425
G1 X84.611 Y104.829 E2.52353
G1 E1.12353 F4800
;WIPE_START
G1 F5760
G1 X84.611 Y104.071 E.52353
;WIPE_END
G92 E0
G1 X85.044 Y106.67 F7200
G1 E2 F4800
;TYPE:Solid infill
;WIDTH:0.499999
G1 F9000
G1 X85.044 Y101.33 E2.20295
G1 X87.586 Y101.33 E2.29956
G1 X87.586 Y106.67 E2.50251
G1 X85.272 Y106.67 E2.59046
G1 X85.501 Y106.213 E2.60989
G1 X85.501 Y101.787 E2.77811
G1 X87.129 Y101.787 E2.83998
G1 X87.129 Y106.213 E3.0082
G1 X85.729 Y106.213 E3.06141
G1 X86.022 Y105.692 E3.08413
;WIDTH:0.628326
G1 X86.022 Y102.308 E3.24885
G1 X86.607 Y102.308 E3.27733
G1 X86.607 Y105.692 E3.44205
G1 X86.25 Y105.692 E3.45943
G1 E2.05943 F4800
;WIPE_START
G1 F5760
G1 X86.607 Y105.692 E1.77681
G1 X86.607 Y105.291 E1.45943
;WIPE_END
G92 E0
G1 X89.387 Y104.741 F7200
G1 E2 F4800
;TYPE:Internal infill
;WIDTH:0.45
G1 F9000
G1 X89.387 Y104.243 E2.01686
G1 X89.016 Y104.614 E2.03462
G1 X89.387 Y105.999 E2.08315
G1 X89.387 Y106.695 E2.10671
G1 X89.152 Y106.695 E2.11466
G1 X88.622 Y104.719 E2.18391
G1 X88.018 Y104.557 E2.20508
G1 X88.018 Y101.305 E2.31516
G1 X89.387 Y101.305 E2.3615
G1 X89.387 Y104.04 E2.45408
G1 E1.05408 F4800
;WIPE_START
G1 F5760
G1 X89.387 Y103.282 E.45408
;WIPE_END
G92 E0
G1 X89.819 Y106.67 F7200
G1 E2 F4800
;TYPE:Solid infill
;WIDTH:0.499999
G1 F9000
G1 X89.819 Y101.33 E2.20295
G1 X92.361 Y101.33 E2.29956
G1 X92.361 Y106.67 E2.50251
G1 X90.047 Y106.67 E2.59046
G1 X90.276 Y106.213 E2.60989
G1 X90.276 Y101.787 E2.77811
G1 X91.904 Y101.787 E2.83998
G1 X91.904 Y106.213 E3.0082
G1 X90.504 Y106.213 E3.06141
G1 X90.797 Y105.692 E3.08413
;WIDTH:0.628324
G1 X90.797 Y102.308 E3.24885
G1 X91.382 Y102.308 E3.27733
G1 X91.382 Y105.692 E3.44205
G1 X91.026 Y105.692 E3.45938
G1 E2.05938 F4800
;WIPE_START
G1 F5760
G1 X91.382 Y105.692 E1.77755
G1 X91.382 Y105.29 E1.45938
;WIPE_END
G92 E0
G1 X92.793 Y103.027 F7200
G1 E2 F4800
;TYPE:Internal infill
;WIDTH:0.45
G1 F9000
G1 X93.865 Y103.315 E2.03757
G1 X94.162 Y104.422 E2.07637
G1 E.67637 F4800
;WIPE_START
G1 F5760
G1 X93.966 Y103.69 E.07637
;WIPE_END
G92 E0
G1 X94.594 Y106.67 F7200
G1 E2 F4800
;TYPE:Solid infill
;WIDTH:0.499999
G1 F9000
G1 X94.594 Y101.33 E2.20295
G1 X97.136 Y101.33 E2.29956
G1 X97.136 Y106.67 E2.50251
G1 X94.823 Y106.67 E2.59042
G1 X95.051 Y106.213 E2.60983
G1 X95.051 Y101.787 E2.77805
G1 X96.679 Y101.787 E2.83992
G1 X96.679 Y106.213 E3.00814
G1 X95.28 Y106.213 E3.06131
G1 X95.572 Y105.692 E3.08401
;WIDTH:0.628323
G1 X95.572 Y102.308 E3.24873
G1 X96.158 Y102.308 E3.27725
G1 X96.158 Y105.692 E3.44197
G1 X95.801 Y105.692 E3.45935
G1 E2.05935 F4800
;WIPE_START
G1 F5760
G1 X96.158 Y105.692 E1.77673
G1 X96.158 Y105.291 E1.45935
;WIPE_END
G92 E0
G1 X97.568 Y101.701 F7200
G1 E2 F4800
;TYPE:Internal infill
;WIDTH:0.45
G1 F9000
G1 X97.568 Y106.695 E2.16904
G1 X98.449 Y106.695 E2.19886
G1 X98.937 Y106.207 E2.22222
G1 X98.937 Y101.864 E2.36923
G1 X97.568 Y101.497 E2.41721
G1 X97.568 Y101.305 E2.42371
G1 X98.937 Y101.305 E2.47005
G1 X98.937 Y101.661 E2.4821
G1 X99.369 Y101.559 F7200
;TYPE:Solid infill
;WIDTH:0.499999
G1 F9000
G1 X99.369 Y106.67 E2.67635
G1 X101.911 Y106.67 E2.77296
G1 X101.911 Y101.33 E2.97591
G1 X99.369 Y101.33 E3.07252
G1 X99.826 Y101.787 E3.09708
G1 X101.454 Y101.787 E3.15895
G1 X101.454 Y106.213 E3.32717
G1 X99.826 Y106.213 E3.38904
G1 X99.826 Y102.016 E3.54855
G1 X100.348 Y102.308 E3.57128
;WIDTH:0.628324
G1 X100.933 Y102.308 E3.59976
G1 X100.933 Y105.692 E3.76448
G1 X100.348 Y105.692 E3.79296
G1 X100.348 Y102.537 E3.94653
G1 E2.54653 F4800
;WIPE_START
G1 F5760
G1 X100.348 Y103.295 E1.94653
;WIPE_END
G92 E0
G1 X102.343 Y105.383 F7200
G1 E2 F4800
;TYPE:Internal infill
;WIDTH:0.45
G1 F9000
G1 X102.343 Y101.305 E2.13804
G1 X103.712 Y101.305 E2.18438
G1 X103.712 Y105.269 E2.31856
G1 X103.339 Y105.643 E2.33644
G1 X103.621 Y106.695 E2.37331
G1 X103.2 Y106.695 E2.38756
G1 X102.946 Y105.748 E2.42075
G1 X102.343 Y105.586 E2.44188
G1 X102.343 Y106.695 E2.47942
G1 X102.996 Y106.695 E2.50152
G1 E1.10152 F4800
;WIPE_START
G1 F5760
G1 X102.343 Y106.695 E.58456
G1 X102.343 Y106.59 E.50152
;WIPE_END
G92 E0
G1 X104.144 Y106.67 F7200
G1 E2 F4800
;TYPE:Solid infill
;WIDTH:0.499999
G1 F9000
G1 X104.144 Y101.33 E2.20295
G1 X106.686 Y101.33 E2.29956
G1 X106.686 Y106.67 E2.50251
G1 X104.373 Y106.67 E2.59042
G1 X104.602 Y106.213 E2.60985
G1 X104.602 Y101.787 E2.77807
G1 X106.229 Y101.787 E2.83991
G1 X106.229 Y106.213 E3.00813
G1 X104.83 Y106.213 E3.0613
G1 X105.123 Y105.692 E3.08402
;WIDTH:0.628324
G1 X105.123 Y102.308 E3.24874
G1 X105.708 Y102.308 E3.27722
G1 X105.708 Y105.692 E3.44194
G1 X105.351 Y105.692 E3.45932
G1 E2.05932 F4800
;WIPE_START
G1 F5760
G1 X105.708 Y105.692 E1.7767
G1 X105.708 Y105.291 E1.45932
;WIPE_END
G92 E0
G1 X107.119 Y104.056 F7200
G1 E2 F4800
;TYPE:Internal infill
;WIDTH:0.45
G1 F9000
G1 X108.189 Y104.343 E2.0375
G1 X108.488 Y105.458 E2.07657
G1 E.67657 F4800
;WIPE_START
G1 F5760
G1 X108.292 Y104.726 E.07657
;WIPE_END
G92 E0
G1 X108.92 Y106.67 F7200
G1 E2 F4800
;TYPE:Solid infill
;WIDTH:0.499999
G1 F9000
G1 X108.92 Y101.33 E2.20295
G1 X111.462 Y101.33 E2.29956
G1 X111.462 Y106.67 E2.50251
G1 X109.148 Y106.67 E2.59046
G1 X109.377 Y106.213 E2.60989
G1 X109.377 Y101.787 E2.77811
G1 X111.005 Y101.787 E2.83998
G1 X111.005 Y106.213 E3.0082
G1 X109.605 Y106.213 E3.06141
G1 X109.898 Y105.692 E3.08413
;WIDTH:0.628325
G1 X109.898 Y102.308 E3.24885
G1 X110.483 Y102.308 E3.27733
G1 X110.483 Y105.692 E3.44205
G1 X110.127 Y105.692 E3.45938
G1 E2.05938 F4800
;WIPE_START
G1 F5760
G1 X110.483 Y105.692 E1.77755
G1 X110.483 Y105.29 E1.45938
;WIPE_END
G92 E0
G1 X111.894 Y102.526 F7200
G1 E2 F4800
;TYPE:Internal infill
;WIDTH:0.45
G1 F9000
G1 X113.263 Y102.893 E2.04798
G1 E.64798 F4800
;WIPE_START
G1 F5760
G1 X112.531 Y102.697 E.04798
;WIPE_END
G92 E0
G1 X113.695 Y106.67 F7200
G1 E2 F4800
;TYPE:Solid infill
;WIDTH:0.499999
G1 F9000
G1 X113.695 Y101.33 E2.20295
G1 X116.237 Y101.33 E2.29956
G1 X116.237 Y106.67 E2.50251
G1 X113.923 Y106.67 E2.59046
G1 X114.152 Y106.213 E2.60989
G1 X114.152 Y101.787 E2.77811
G1 X115.78 Y101.787 E2.83998
G1 X115.78 Y106.213 E3.0082
G1 X114.38 Y106.213 E3.06141
G1 E1.66141 F4800
;WIPE_START
G1 F5760
G1 X115.138 Y106.213 E1.06141
;WIPE_END
G92 E0
G1 X114.673 Y102.537 F7200
G1 E2 F4800
;WIDTH:0.628323
G1 F9000
G1 X114.673 Y105.692 E2.15357
G1 X115.259 Y105.692 E2.18209
G1 X115.259 Y102.308 E2.34681
G1 X114.673 Y102.308 E2.37533
G1 E.97533 F4800
;WIPE_START
G1 F5760
G1 X115.259 Y102.308 E.51141
G1 X115.259 Y102.48 E.37533
;WIPE_END
G92 E0
G1 X117.619 Y101.305 F7200
G1 E2 F4800
;TYPE:Internal infill
;WIDTH:0.45
G1 F9000
G1 X116.669 Y101.305 E2.03216
G1 X116.669 Y106.615 E2.2119
G1 X116.966 Y106.695 E2.22231
G1 X117.669 Y106.695 E2.24611
G1 X118.038 Y106.296 E2.26451
G1 X118.038 Y101.363 E2.43149
G1 X117.822 Y101.305 E2.43906
G1 X117.892 Y101.305 E2.44143
G1 E1.04143 F4800
;WIPE_START
G1 F5760
G1 X117.822 Y101.305 E.98601
G1 X118.038 Y101.363 E.80895
G1 X118.038 Y101.827 E.44143
;WIPE_END
G92 E0
G1 X121.444 Y105.085 F7200
G1 E2 F4800
G1 F9000
G1 X122.512 Y105.371 E2.03742
G1 X122.813 Y106.495 E2.07681
G1 X123.245 Y106.67 F7200
;TYPE:Solid infill
;WIDTH:0.499999
G1 F9000
G1 X123.245 Y101.33 E2.27976
G1 X125.787 Y101.33 E2.37637
G1 X125.787 Y106.67 E2.57932
G1 X123.474 Y106.67 E2.66723
G1 X123.702 Y106.213 E2.68664
G1 X123.702 Y101.787 E2.85486
G1 X125.33 Y101.787 E2.91673
G1 X125.33 Y106.213 E3.08495
G1 X123.931 Y106.213 E3.13812
G1 X124.224 Y105.692 E3.16084
;WIDTH:0.628322
G1 X124.224 Y102.308 E3.32556
G1 X124.809 Y102.308 E3.35404
G1 X124.809 Y105.692 E3.51876
G1 X124.452 Y105.692 E3.53614
G1 E2.13614 F4800
;WIPE_START
G1 F5760
G1 X124.809 Y105.692 E1.85352
G1 X124.809 Y105.291 E1.53614
;WIPE_END
G92 E0
G1 X126.219 Y103.555 F7200
G1 E2 F4800
;TYPE:Internal infill
;WIDTH:0.45
G1 F9000
G1 X127.588 Y103.922 E2.04798
G1 E.64798 F4800
;WIPE_START
G1 F5760
G1 X126.856 Y103.726 E.04798
;WIPE_END
G92 E0
G1 X128.021 Y106.67 F7200
G1 E2 F4800
;TYPE:Solid infill
;WIDTH:0.499999
G1 F9000
G1 X128.021 Y101.33 E2.20295
G1 X130.563 Y101.33 E2.29956
G1 X130.563 Y106.67 E2.50251
G1 X128.249 Y106.67 E2.59046
G1 X128.478 Y106.213 E2.60989
G1 X128.478 Y101.787 E2.77811
G1 X130.105 Y101.787 E2.83995
G1 X130.105 Y106.213 E3.00817
G1 X128.706 Y106.213 E3.06134
G1 X128.999 Y105.692 E3.08406
;WIDTH:0.628322
G1 X128.999 Y102.308 E3.24878
G1 X129.584 Y102.308 E3.27726
G1 X129.584 Y105.692 E3.44198
G1 X129.227 Y105.692 E3.45936
G1 E2.05936 F4800
;WIPE_START
G1 F5760
G1 X129.584 Y105.692 E1.77674
G1 X129.584 Y105.291 E1.45936
;WIPE_END
G92 E0
G1 X132.796 Y106.67 F7200
G1 E2 F4800
;WIDTH:0.499999
G1 F9000
G1 X132.796 Y101.33 E2.20295
G1 X135.338 Y101.33 E2.29956
G1 X135.338 Y106.67 E2.50251
G1 X133.024 Y106.67 E2.59046
G1 X133.253 Y106.213 E2.60989
G1 X133.253 Y101.787 E2.77811
G1 X134.881 Y101.787 E2.83998
G1 X134.881 Y106.213 E3.0082
G1 X133.481 Y106.213 E3.06141
G1 X133.774 Y105.692 E3.08413
;WIDTH:0.628327
G1 X133.774 Y102.308 E3.24885
G1 X134.359 Y102.308 E3.27733
G1 X134.359 Y105.692 E3.44205
G1 X134.003 Y105.692 E3.45938
G1 E2.05938 F4800
;WIPE_START
G1 F5760
G1 X134.359 Y105.692 E1.77755
G1 X134.359 Y105.29 E1.45938
;WIPE_END
G92 E0
G1 X135.77 Y106.114 F7200
G1 E2 F4800
;TYPE:Internal infill
;WIDTH:0.45
G1 F9000
G1 X136.836 Y106.4 E2.03736
G1 X136.915 Y106.695 E2.0477
G1 E.6477 F4800
;WIPE_START
G1 F5760
G1 X136.836 Y106.4 E.40593
G1 X136.399 Y106.283 E.0477
;WIPE_END
G92 E0
G1 X140.545 Y104.584 F7200
G1 E2 F4800
G1 F9000
G1 X141.914 Y104.951 E2.04798
G1 E.64798 F4800
;WIPE_START
G1 F5760
G1 X141.182 Y104.755 E.04798
;WIPE_END
G92 E0
G1 X142.346 Y106.67 F7200
G1 E2 F4800
;TYPE:Solid infill
;WIDTH:0.499999
G1 F9000
G1 X142.346 Y101.33 E2.20295
G1 X144.888 Y101.33 E2.29956
G1 X144.888 Y106.67 E2.50251
G1 X142.575 Y106.67 E2.59042
G1 X142.803 Y106.213 E2.60983
G1 X142.803 Y101.787 E2.77805
G1 X144.431 Y101.787 E2.83992
G1 X144.431 Y106.213 E3.00814
G1 X143.032 Y106.213 E3.06131
G1 X143.325 Y105.692 E3.08403
;WIDTH:0.628324
G1 X143.325 Y102.308 E3.24875
G1 X143.91 Y102.308 E3.27723
G1 X143.91 Y105.692 E3.44195
G1 X143.553 Y105.692 E3.45933
G1 E2.05933 F4800
;WIPE_START
G1 F5760
G1 X143.91 Y105.692 E1.77671
G1 X143.91 Y105.291 E1.45933
;WIPE_END
G92 E0
G1 X145.32 Y103.054 F7200
G1 E2 F4800
;TYPE:Internal infill
;WIDTH:0.45
G1 F9000
G1 X147.201 Y103.558 E2.06592
G1 E.66592 F4800
;WIPE_START
G1 F5760
G1 X146.469 Y103.362 E.06592
;WIPE_END
G92 E0
G1 X137.571 Y101.559 F7200
G1 E2 F4800
;TYPE:Solid infill
;WIDTH:0.499999
G1 F9000
G1 X137.571 Y106.67 E2.19425
G1 X140.113 Y106.67 E2.29086
G1 X140.113 Y101.33 E2.49381
G1 X137.571 Y101.33 E2.59042
G1 X138.028 Y101.787 E2.61498
G1 X139.656 Y101.787 E2.67685
G1 X139.656 Y106.213 E2.84507
G1 X138.028 Y106.213 E2.90694
G1 X138.028 Y102.016 E3.06645
G1 X138.549 Y102.308 E3.08915
;WIDTH:0.628323
G1 X139.135 Y102.308 E3.11767
G1 X139.135 Y105.692 E3.28239
G1 X138.549 Y105.692 E3.31091
G1 X138.549 Y102.537 E3.46448
G1 E2.06448 F4800
;WIPE_START
G1 F5760
G1 X138.549 Y103.295 E1.46448
;WIPE_END
G92 E0
G1 X132.364 Y102.392 F7200
G1 E2 F4800
;TYPE:Internal infill
;WIDTH:0.45
G1 F9000
G1 X130.995 Y102.025 E2.04798
G1 E.64798 F4800
;WIPE_START
G1 F5760
G1 X131.727 Y102.221 E.04798
;WIPE_END
G92 E0
G1 X118.47 Y106.67 F7200
G1 E2 F4800
;TYPE:Solid infill
;WIDTH:0.499999
G1 F9000
G1 X118.47 Y101.33 E2.20295
G1 X121.012 Y101.33 E2.29956
G1 X121.012 Y106.67 E2.50251
G1 X118.699 Y106.67 E2.59042
G1 X118.927 Y106.213 E2.60983
G1 X118.927 Y101.787 E2.77805
G1 X120.555 Y101.787 E2.83992
G1 X120.555 Y106.213 E3.00814
G1 X119.156 Y106.213 E3.06131
G1 X119.448 Y105.692 E3.08401
;WIDTH:0.628325
G1 X119.448 Y102.308 E3.24873
G1 X120.034 Y102.308 E3.27725
G1 X120.034 Y105.692 E3.44197
G1 X119.677 Y105.692 E3.45935
;LAYER_CHANGE
;Z:3.68
;HEIGHT:0.2
; BEFORE_LAYER_CHANGE 17 @ 3.68mm
G1 E2.05935 F4800
;WIPE_START
G1 F5760
G1 X120.034 Y105.692 E1.77673
G1 X120.034 Y105.291 E1.45935
;WIPE_END
G92 E0
G1 Z3.68 F7200
; AFTER_LAYER_CHANGE 17 @ 3.68mm
G1 X128.234 Y115.96
G1 E2 F4800
;TYPE:External perimeter
;WIDTH:0.45
G1 X125.382 Y127.531 E2.40339
G1 X124.641 Y129.347 E2.46978
G1 X123.369 Y131.034 E2.5413
G1 X121.642 Y132.49 E2.61776
G1 X119.578 Y133.61 E2.69725
G1 X117.322 Y134.314 E2.77724
G1 X115.031 Y134.554 E2.85521
G1 X112.686 Y134.314 E2.935
G1 X110.43 Y133.61 E3.01499
G1 X108.366 Y132.49 E3.09448
G1 X106.639 Y131.034 E3.17094
G1 X105.367 Y129.347 E3.24246
G1 X104.627 Y127.531 E3.30884
G1 X101.775 Y115.96 E3.71223
G1 X128.174 Y115.96 E4.6058
G1 X127.746 Y116.342 F7200
;TYPE:Perimeter
;WIDTH:0.4
G1 F9000
G1 X125.017 Y127.413 E4.94435
G1 X124.306 Y129.157 E5.00027
G1 X123.09 Y130.77 E5.06025
G1 X121.426 Y132.173 E5.12487
G1 X119.429 Y133.256 E5.19232
G1 X117.245 Y133.938 E5.26025
G1 X115.03 Y134.17 E5.32638
G1 X112.763 Y133.938 E5.39404
G1 X110.579 Y133.256 E5.46197
G1 X108.583 Y132.173 E5.5294
G1 X106.918 Y130.77 E5.59405
G1 X105.702 Y129.157 E5.65403
G1 X104.991 Y127.413 E5.70995
G1 X102.262 Y116.342 E6.0485
G1 X127.686 Y116.342 E6.80337
G1 X127.29 Y116.699 F7200
G1 F9000
G1 X124.677 Y127.302 E7.12761
G1 X123.993 Y128.979 E7.18138
G1 X122.829 Y130.523 E7.23879
G1 X121.223 Y131.876 E7.30114
G1 X119.289 Y132.926 E7.36648
G1 X117.172 Y133.586 E7.43232
G1 X115.03 Y133.811 E7.49627
G1 X112.835 Y133.586 E7.56178
G1 X110.719 Y132.926 E7.62759
G1 X108.785 Y131.876 E7.69293
G1 X107.179 Y130.523 E7.75528
G1 X106.015 Y128.979 E7.81269
G1 X105.331 Y127.302 E7.86646
G1 X102.718 Y116.699 E8.1907
G1 X127.23 Y116.699 E8.91849
G1 E7.51849 F4800
;WIPE_START
G1 F5760
G1 X127.29 Y116.699 E7.47099
G1 X127.123 Y117.377 E6.91849
;WIPE_END
G92 E0
G1 X114.661 Y124.69 F7200
G1 E2 F4800
;TYPE:External perimeter
;WIDTH:0.45
G1 F4860
G1 X114.803 Y124.676 E2.00483
G1 X115.001 Y124.656 E2.01157
G1 X115.342 Y124.69 E2.02317
G1 X115.67 Y124.789 E2.03477
G1 X115.972 Y124.951 E2.04637
G1 X116.236 Y125.168 E2.05794
G1 X116.453 Y125.432 E2.06951
G1 X116.615 Y125.734 E2.08111
G1 X116.714 Y126.062 E2.09271
G1 X116.748 Y126.403 E2.10431
G1 X116.714 Y126.743 E2.11588
G1 X116.615 Y127.071 E2.12748
G1 X116.453 Y127.373 E2.13908
G1 X116.236 Y127.637 E2.15065
G1 X115.972 Y127.854 E2.16222
G1 X115.67 Y128.016 E2.17382
G1 X115.342 Y128.115 E2.18542
G1 X115.001 Y128.149 E2.19702
G1 X114.661 Y128.115 E2.20859
G1 X114.333 Y128.016 E2.22019
G1 X114.031 Y127.854 E2.23179
G1 X113.767 Y127.637 E2.24336
G1 X113.55 Y127.373 E2.25493
G1 X113.388 Y127.071 E2.26653
G1 X113.289 Y126.743 E2.27813
G1 X113.255 Y126.403 E2.2897
G1 X113.289 Y126.062 E2.3013
G1 X113.388 Y125.734 E2.3129
G1 X113.55 Y125.432 E2.3245
G1 X113.767 Y125.168 E2.33607
G1 X114.031 Y124.951 E2.34764
G1 X114.333 Y124.789 E2.35924
G1 X114.603 Y124.707 E2.36879
G1 X114.586 Y124.313 F7200
;TYPE:Perimeter
;WIDTH:0.4
G1 F4860
G1 X114.765 Y124.296 E2.37413
G1 X115.001 Y124.272 E2.38117
G1 X115.417 Y124.313 E2.39358
G1 X115.817 Y124.435 E2.406
G1 X116.185 Y124.631 E2.41838
G1 X116.508 Y124.896 E2.43078
G1 X116.773 Y125.219 E2.44318
G1 X116.969 Y125.587 E2.45556
G1 X117.091 Y125.987 E2.46798
G1 X117.132 Y126.403 E2.48039
G1 X117.091 Y126.818 E2.49277
G1 X116.969 Y127.218 E2.50519
G1 X116.773 Y127.586 E2.51757
G1 X116.508 Y127.909 E2.52997
G1 X116.185 Y128.174 E2.54237
G1 X115.817 Y128.371 E2.55476
G1 X115.417 Y128.492 E2.56717
G1 X115.001 Y128.533 E2.57958
G1 X114.586 Y128.492 E2.59196
G1 X114.186 Y128.371 E2.60437
G1 X113.818 Y128.174 E2.61676
G1 X113.495 Y127.909 E2.62916
G1 X113.23 Y127.586 E2.64156
G1 X113.034 Y127.218 E2.65394
G1 X112.912 Y126.818 E2.66636
G1 X112.871 Y126.403 E2.67874
G1 X112.912 Y125.987 E2.69115
G1 X113.034 Y125.587 E2.70357
G1 X113.23 Y125.219 E2.71595
G1 X113.495 Y124.896 E2.72835
G1 X113.818 Y124.631 E2.74075
G1 X114.186 Y124.435 E2.75313
G1 X114.529 Y124.331 E2.76377
G1 X114.516 Y123.961 F7200
G1 F4860
G1 X114.73 Y123.94 E2.77015
G1 X115.001 Y123.914 E2.77823
G1 X115.487 Y123.961 E2.79273
G1 X115.954 Y124.103 E2.80722
G1 X116.384 Y124.333 E2.8217
G1 X116.761 Y124.643 E2.83619
G1 X117.071 Y125.02 E2.85068
G1 X117.301 Y125.45 E2.86516
G1 X117.443 Y125.917 E2.87965
G1 X117.49 Y126.403 E2.89415
G1 X117.443 Y126.888 E2.90862
G1 X117.301 Y127.355 E2.92311
G1 X117.071 Y127.785 E2.93759
G1 X116.761 Y128.162 E2.95208
G1 X116.384 Y128.472 E2.96657
G1 X115.954 Y128.702 E2.98105
G1 X115.487 Y128.844 E2.99554
G1 X115.001 Y128.891 E3.01004
G1 X114.516 Y128.844 E3.02451
G1 X114.049 Y128.702 E3.039
G1 X113.619 Y128.472 E3.05348
G1 X113.242 Y128.162 E3.06797
G1 X112.932 Y127.785 E3.08246
G1 X112.702 Y127.355 E3.09694
G1 X112.56 Y126.888 E3.11143
G1 X112.513 Y126.403 E3.1259
G1 X112.56 Y125.917 E3.1404
G1 X112.702 Y125.45 E3.15489
G1 X112.932 Y125.02 E3.16937
G1 X113.242 Y124.643 E3.18386
G1 X113.619 Y124.333 E3.19835
G1 X114.049 Y124.103 E3.21283
G1 X114.459 Y123.979 E3.22555
G1 X113.833 Y123.855 F7200
;TYPE:Internal infill
;WIDTH:0.45
G1 F9000
G1 X114.453 Y123.645 E3.24771
G1 X115.001 Y123.591 E3.26635
G1 X115.55 Y123.645 E3.28502
G1 X116.077 Y123.805 E3.30366
G1 X116.563 Y124.065 E3.32232
G1 X116.99 Y124.415 E3.34101
G1 X117.339 Y124.841 E3.35965
G1 X117.599 Y125.327 E3.37831
G1 X117.738 Y125.785 E3.39451
G1 X119.17 Y124.354 E3.46304
G1 X122.424 Y125.226 E3.57707
G1 X123.113 Y127.798 E3.6672
G1 X124.028 Y128.044 E3.69927
G1 X123.873 Y128.424 E3.71316
G1 X123.008 Y128.192 E3.74347
G1 X121.124 Y130.075 E3.83363
G1 X117.87 Y129.203 E3.94766
G1 X117.472 Y127.716 E3.99976
G1 X117.339 Y127.965 E4.00932
G1 X116.99 Y128.391 E4.02796
G1 X116.563 Y128.74 E4.04663
G1 X116.077 Y129 E4.06529
G1 X115.55 Y129.16 E4.08393
G1 X115.001 Y129.214 E4.1026
G1 X114.453 Y129.16 E4.12124
G1 X113.926 Y129 E4.13988
G1 X113.44 Y128.74 E4.15854
G1 X113.013 Y128.391 E4.17721
G1 X112.664 Y127.965 E4.19585
G1 X112.426 Y127.519 E4.21296
G1 E2.81296 F4800
;WIPE_START
G1 F5760
G1 X112.664 Y127.965 E2.41275
G1 X112.824 Y128.16 E2.21296
;WIPE_END
G92 E0
G1 X106.507 Y129.098 F7200
G1 E2 F4800
G1 F9000
G1 X107.414 Y130.3 E2.05097
G1 X108.967 Y131.61 E2.11974
G1 X110.883 Y132.64 E2.19337
G1 X112.522 Y131.001 E2.27183
G1 X115.776 Y131.873 E2.38586
G1 X116.177 Y133.368 E2.43825
G1 X117.107 Y133.27 E2.4699
G1 X119.164 Y132.628 E2.54284
G1 X121.041 Y131.61 E2.61512
G1 X121.273 Y131.415 E2.62538
G1 X121.019 Y130.468 E2.65857
G1 X117.765 Y129.596 E2.7726
G1 X115.882 Y131.48 E2.86276
G1 X112.628 Y130.608 E2.97679
G1 X111.938 Y128.035 E3.06696
G1 X108.684 Y127.163 E3.18099
G1 X106.801 Y129.047 E3.27115
G1 X106.384 Y128.935 E3.28577
G1 X105.638 Y127.203 E3.3496
G1 X104.714 Y123.457 E3.4802
G1 X104.846 Y123.325 E3.48652
G1 X108.1 Y124.197 E3.60055
G1 X108.79 Y126.77 E3.69072
G1 X112.044 Y127.642 E3.80475
G1 X112.358 Y127.327 E3.8198
G1 X112.244 Y126.951 E3.8331
G1 X112.19 Y126.403 E3.85174
G1 X112.244 Y125.854 E3.87041
G1 X112.404 Y125.327 E3.88905
G1 X112.664 Y124.841 E3.90771
G1 X113.013 Y124.414 E3.92638
G1 X113.653 Y123.951 E3.95312
G1 X113.343 Y122.792 E3.99373
G1 X110.089 Y121.921 E4.10775
G1 X108.206 Y123.804 E4.19789
G1 X104.952 Y122.932 E4.31192
G1 X104.262 Y120.359 E4.40209
G1 X103.929 Y120.27 E4.41376
G1 X103.818 Y119.819 E4.42948
G1 X104.368 Y119.966 E4.44875
G1 X106.251 Y118.083 E4.53889
G1 X109.505 Y118.954 E4.65291
G1 X110.194 Y121.527 E4.74307
G1 X113.448 Y122.399 E4.8571
G1 X115.332 Y120.516 E4.94726
G1 X118.586 Y121.388 E5.06129
G1 X119.275 Y123.961 E5.15145
G1 X122.529 Y124.832 E5.26547
G1 X124.413 Y122.949 E5.35563
G1 X125.357 Y123.202 E5.38871
G1 X125.454 Y122.807 E5.40248
G1 X124.518 Y122.556 E5.43528
G1 X123.829 Y119.983 E5.52544
G1 X120.575 Y119.111 E5.63947
G1 X118.691 Y120.994 E5.72963
G1 X115.437 Y120.123 E5.84365
G1 X114.748 Y117.55 E5.93381
G1 X112.772 Y117.02 E6.00306
G1 X111.151 Y117.02 E6.05793
G1 X109.61 Y118.561 E6.1317
G1 X106.356 Y117.689 E6.24573
G1 X106.177 Y117.02 E6.26917
G1 X103.128 Y117.02 E6.37238
G1 X103.769 Y119.621 E6.46305
G1 E5.06305 F4800
;WIPE_START
G1 F5760
G1 X103.588 Y118.885 E4.46305
;WIPE_END
G92 E0
G1 X114.786 Y117.02 F7200
G1 E2 F4800
G1 F9000
G1 X114.345 Y117.02 E2.01493
G1 X114.853 Y117.156 E2.03273
G1 X114.989 Y117.02 E2.03924
G1 X120.225 Y117.02 E2.21647
G1 X120.68 Y118.718 E2.27597
G1 X123.934 Y119.59 E2.39
G1 X125.817 Y117.706 E2.48016
G1 X126.656 Y117.931 E2.50956
G1 X126.753 Y117.536 E2.52333
G1 X125.923 Y117.313 E2.55242
G1 X125.844 Y117.02 E2.56269
G1 X120.429 Y117.02 E2.74598
G1 E1.34598 F4800
;WIPE_START
G1 F5760
G1 X121.187 Y117.02 E.74598
;WIPE_END
G92 E0
G1 X81.739 Y107.755 F7200
G1 E2 F4800
;TYPE:External perimeter
G1 X81.739 Y100.245 E2.2542
G1 X119.449 Y100.245 E3.53064
G1 X148.261 Y100.245 E4.50589
G1 X148.261 Y107.755 E4.76009
G1 X81.799 Y107.755 E7.00975
G1 X82.121 Y107.373 F7200
;TYPE:Perimeter
;WIDTH:0.4
G1 F9000
G1 X82.121 Y100.627 E7.21005
G1 X119.449 Y100.627 E8.31837
G1 X147.879 Y100.627 E9.16249
G1 X147.879 Y107.373 E9.36279
G1 X82.181 Y107.373 E11.31345
G1 X82.478 Y107.016 F7200
G1 F9000
G1 X82.478 Y100.984 E11.49255
G1 X119.449 Y100.984 E12.59027
G1 X147.522 Y100.984 E13.42379
G1 X147.522 Y107.016 E13.60289
G1 X82.538 Y107.016 E15.53235
G1 E14.13235 F4800
;WIPE_START
G1 F5760
G1 X82.478 Y107.016 E14.08485
G1 X82.478 Y106.318 E13.53235
;WIPE_END
G92 E0
G1 X82.799 Y105.555 F7200
G1 E2 F4800
;TYPE:Internal infill
;WIDTH:0.45
G1 F9000
G1 X82.799 Y101.305 E2.14386
G1 X84.517 Y101.305 E2.20201
G1 X84.517 Y105.275 E2.33639
G1 X83.773 Y106.019 E2.372
G1 X82.799 Y105.758 E2.40613
G1 X82.799 Y106.18 E2.42041
G1 X83.668 Y106.412 E2.45085
G1 X83.743 Y106.695 E2.46076
G1 X84.517 Y106.695 E2.48696
G1 X84.517 Y105.479 E2.52812
G1 E1.12812 F4800
;WIPE_START
G1 F5760
G1 X84.517 Y106.237 E.52812
;WIPE_END
G92 E0
G1 X86.989 Y106.878 F7200
G1 E2 F4800
;TYPE:Top solid infill
;WIDTH:0.46164
G1 F7200
G1 X87.705 Y106.162 E2.03525
G1 X87.705 Y105.57 E2.05586
G1 X86.58 Y106.695 E2.11125
G1 X85.988 Y106.695 E2.13186
G1 X87.705 Y104.978 E2.2164
G1 X87.705 Y104.386 E2.23701
G1 X85.396 Y106.695 E2.3507
G1 X84.924 Y106.695 E2.36713
G1 X84.924 Y106.575 E2.37131
G1 X87.705 Y103.793 E2.50827
G1 X87.705 Y103.201 E2.52888
G1 X84.924 Y105.983 E2.66584
G1 X84.924 Y105.391 E2.68645
G1 X87.705 Y102.609 E2.82341
G1 X87.705 Y102.017 E2.84402
G1 X84.924 Y104.799 E2.98098
G1 X84.924 Y104.207 E3.00159
G1 X87.705 Y101.425 E3.13855
G1 X87.705 Y101.305 E3.14273
G1 X87.233 Y101.305 E3.15916
G1 X84.924 Y103.614 E3.27285
G1 X84.924 Y103.022 E3.29346
G1 X86.641 Y101.305 E3.378
G1 X86.049 Y101.305 E3.39861
G1 X84.924 Y102.43 E3.454
G1 X84.924 Y101.838 E3.47461
G1 X85.64 Y101.122 E3.50986
G1 E2.10986 F4800
;WIPE_START
G1 F5760
G1 X85.104 Y101.658 E1.50986
;WIPE_END
G92 E0
G1 X88.113 Y104.169 F7200
G1 E2 F4800
;TYPE:Internal infill
;WIDTH:0.45
G1 F9000
G1 X88.113 Y101.305 E2.09694
G1 X89.292 Y101.305 E2.13685
G1 X89.292 Y104.338 E2.23951
G1 X89.016 Y104.614 E2.25272
G1 X88.113 Y104.372 E2.28436
G1 X88.113 Y104.794 E2.29864
G1 X88.91 Y105.007 E2.32656
G1 X89.292 Y106.431 E2.37646
G1 X89.292 Y106.695 E2.3854
G1 X88.113 Y106.695 E2.42531
G1 X88.113 Y104.997 E2.48279
G1 E1.08279 F4800
;WIPE_START
G1 F5760
G1 X88.113 Y105.755 E.48279
;WIPE_END
G92 E0
G1 X92.664 Y105.979 F7200
G1 E2 F4800
;TYPE:Top solid infill
;WIDTH:0.46164
G1 F7200
G1 X91.948 Y106.695 E2.03525
G1 X91.356 Y106.695 E2.05586
G1 X92.481 Y105.57 E2.11125
G1 X92.481 Y104.978 E2.13186
G1 X90.764 Y106.695 E2.2164
G1 X90.171 Y106.695 E2.23705
G1 X92.481 Y104.386 E2.35077
G1 X92.481 Y103.793 E2.37142
G1 X89.699 Y106.575 E2.5084
G1 X89.699 Y105.983 E2.52901
G1 X92.481 Y103.201 E2.66599
G1 X92.481 Y102.609 E2.6866
G1 X89.699 Y105.391 E2.82358
G1 X89.699 Y104.799 E2.84419
G1 X92.481 Y102.017 E2.98117
G1 X92.481 Y101.425 E3.00178
G1 X89.699 Y104.207 E3.13876
G1 X89.699 Y103.614 E3.15941
G1 X92.008 Y101.305 E3.2731
G1 X91.416 Y101.305 E3.29371
G1 X89.699 Y103.022 E3.37825
G1 X89.699 Y102.43 E3.39886
G1 X90.824 Y101.305 E3.45425
G1 X90.232 Y101.305 E3.47486
G1 X89.516 Y102.021 E3.51011
G1 E2.11011 F4800
;WIPE_START
G1 F5760
G1 X90.052 Y101.485 E1.51011
;WIPE_END
G92 E0
G1 X92.888 Y102.639 F7200
G1 E2 F4800
;TYPE:Internal infill
;WIDTH:0.45
G1 F9000
G1 X92.888 Y101.305 E2.04515
G1 X94.067 Y101.305 E2.08506
G1 X94.067 Y103.158 E2.14778
G1 X92.888 Y102.842 E2.1891
G1 X92.888 Y103.264 E2.20338
G1 X94.067 Y103.579 E2.24469
G1 X94.067 Y106.695 E2.35016
G1 X92.888 Y106.695 E2.39007
G1 X92.888 Y103.467 E2.49933
G1 E1.09933 F4800
;WIPE_START
G1 F5760
G1 X92.888 Y104.225 E.49933
;WIPE_END
G92 E0
G1 X97.439 Y105.979 F7200
G1 E2 F4800
;TYPE:Top solid infill
;WIDTH:0.46164
G1 F7200
G1 X96.723 Y106.695 E2.03525
G1 X96.131 Y106.695 E2.05586
G1 X97.256 Y105.57 E2.11125
G1 X97.256 Y104.978 E2.13186
G1 X95.539 Y106.695 E2.2164
G1 X94.947 Y106.695 E2.23701
G1 X97.256 Y104.386 E2.3507
G1 X97.256 Y103.793 E2.37135
G1 X94.474 Y106.575 E2.50833
G1 X94.474 Y105.983 E2.52894
G1 X97.256 Y103.201 E2.66592
G1 X97.256 Y102.609 E2.68653
G1 X94.474 Y105.391 E2.82351
G1 X94.474 Y104.799 E2.84412
G1 X97.256 Y102.017 E2.9811
G1 X97.256 Y101.425 E3.00171
G1 X94.474 Y104.207 E3.13869
G1 X94.474 Y103.614 E3.15934
G1 X96.783 Y101.305 E3.27303
G1 X96.191 Y101.305 E3.29364
G1 X94.474 Y103.022 E3.37818
G1 X94.474 Y102.43 E3.39879
G1 X95.599 Y101.305 E3.45418
G1 X95.007 Y101.305 E3.47479
G1 X94.291 Y102.021 E3.51004
G1 E2.11004 F4800
;WIPE_START
G1 F5760
G1 X94.827 Y101.485 E1.51004
;WIPE_END
G92 E0
G1 X98.842 Y102.253 F7200
G1 E2 F4800
;TYPE:Internal infill
;WIDTH:0.45
G1 F9000
G1 X98.842 Y106.301 E2.13702
G1 X98.449 Y106.695 E2.15586
G1 X97.663 Y106.695 E2.18247
G1 X97.663 Y101.733 E2.35043
G1 X98.842 Y102.049 E2.39175
G1 X98.842 Y101.628 E2.406
G1 X97.663 Y101.305 E2.44738
G1 X98.842 Y101.305 E2.48729
G1 X98.842 Y101.424 E2.49132
G1 E1.09132 F4800
;WIPE_START
G1 F5760
G1 X98.842 Y101.305 E.99711
G1 X98.203 Y101.305 E.49132
;WIPE_END
G92 E0
G1 X102.438 Y105.198 F7200
G1 E2 F4800
G1 F9000
G1 X102.438 Y101.305 E2.13177
G1 X103.617 Y101.305 E2.17168
G1 X103.617 Y105.364 E2.30907
G1 X103.339 Y105.643 E2.3224
G1 X102.438 Y105.401 E2.35398
G1 X102.438 Y105.823 E2.36826
G1 X103.234 Y106.036 E2.39615
G1 X103.41 Y106.695 E2.41924
G1 X102.438 Y106.695 E2.45214
G1 X102.438 Y106.026 E2.47478
G1 E1.07478 F4800
;WIPE_START
G1 F5760
G1 X102.438 Y106.695 E.54515
G1 X102.527 Y106.695 E.47478
;WIPE_END
G92 E0
G1 X101.315 Y106.878 F7200
G1 E2 F4800
;TYPE:Top solid infill
;WIDTH:0.46164
G1 F7200
G1 X102.031 Y106.162 E2.03525
G1 X102.031 Y105.57 E2.05586
G1 X100.906 Y106.695 E2.11125
G1 X100.314 Y106.695 E2.13186
G1 X102.031 Y104.978 E2.2164
G1 X102.031 Y104.386 E2.23701
G1 X99.722 Y106.695 E2.3507
G1 X99.249 Y106.695 E2.36717
G1 X99.249 Y106.575 E2.37135
G1 X102.031 Y103.793 E2.50833
G1 X102.031 Y103.201 E2.52894
G1 X99.249 Y105.983 E2.66592
G1 X99.249 Y105.391 E2.68653
G1 X102.031 Y102.609 E2.82351
G1 X102.031 Y102.017 E2.84412
G1 X99.249 Y104.799 E2.9811
G1 X99.249 Y104.207 E3.00171
G1 X102.031 Y101.425 E3.13869
G1 X102.031 Y101.305 E3.14287
G1 X101.559 Y101.305 E3.1593
G1 X99.249 Y103.614 E3.27302
G1 X99.249 Y103.022 E3.29363
G1 X100.966 Y101.305 E3.37817
G1 X100.374 Y101.305 E3.39878
G1 X99.249 Y102.43 E3.45417
G1 X99.249 Y101.838 E3.47478
G1 X99.965 Y101.122 E3.51003
G1 E2.11003 F4800
;WIPE_START
G1 F5760
G1 X99.429 Y101.658 E1.51003
;WIPE_END
G92 E0
G1 X107.213 Y103.667 F7200
G1 E2 F4800
;TYPE:Internal infill
;WIDTH:0.45
G1 F9000
G1 X107.213 Y101.305 E2.07995
G1 X108.393 Y101.305 E2.11989
G1 X108.393 Y104.187 E2.21744
G1 X107.213 Y103.871 E2.25879
G1 X107.213 Y104.292 E2.27304
G1 X108.393 Y104.608 E2.31439
G1 X108.393 Y106.695 E2.38503
G1 X107.213 Y106.695 E2.42497
G1 X107.213 Y104.496 E2.4994
G1 E1.0994 F4800
;WIPE_START
G1 F5760
G1 X107.213 Y105.254 E.4994
;WIPE_END
G92 E0
G1 X106.99 Y105.979 F7200
G1 E2 F4800
;TYPE:Top solid infill
;WIDTH:0.46164
G1 F7200
G1 X106.273 Y106.695 E2.03528
G1 X105.681 Y106.695 E2.05589
G1 X106.806 Y105.57 E2.11128
G1 X106.806 Y104.978 E2.13189
G1 X105.089 Y106.695 E2.21643
G1 X104.497 Y106.695 E2.23704
G1 X106.806 Y104.386 E2.35073
G1 X106.806 Y103.793 E2.37138
G1 X104.025 Y106.575 E2.50834
G1 X104.025 Y105.983 E2.52895
G1 X106.806 Y103.201 E2.66591
G1 X106.806 Y102.609 E2.68652
G1 X104.025 Y105.391 E2.82348
G1 X104.025 Y104.799 E2.84409
G1 X106.806 Y102.017 E2.98105
G1 X106.806 Y101.425 E3.00166
G1 X104.025 Y104.207 E3.13862
G1 X104.025 Y103.614 E3.15927
G1 X106.334 Y101.305 E3.27296
G1 X105.742 Y101.305 E3.29357
G1 X104.025 Y103.022 E3.37811
G1 X104.025 Y102.43 E3.39872
G1 X105.149 Y101.305 E3.45409
G1 X104.557 Y101.305 E3.4747
G1 X103.841 Y102.021 E3.50995
G1 E2.10995 F4800
;WIPE_START
G1 F5760
G1 X104.377 Y101.485 E1.50995
;WIPE_END
G92 E0
G1 X111.989 Y102.137 F7200
G1 E2 F4800
;TYPE:Internal infill
;WIDTH:0.45
G1 F9000
G1 X111.989 Y101.305 E2.02816
G1 X113.168 Y101.305 E2.06807
G1 X113.168 Y102.657 E2.11383
G1 X111.989 Y102.341 E2.15515
G1 X111.989 Y102.762 E2.1694
G1 X113.168 Y103.078 E2.21072
G1 X113.168 Y106.695 E2.33315
G1 X111.989 Y106.695 E2.37306
G1 X111.989 Y102.966 E2.49928
G1 E1.09928 F4800
;WIPE_START
G1 F5760
G1 X111.989 Y103.724 E.49928
;WIPE_END
G92 E0
G1 X111.765 Y105.979 F7200
G1 E2 F4800
;TYPE:Top solid infill
;WIDTH:0.46164
G1 F7200
G1 X111.049 Y106.695 E2.03525
G1 X110.457 Y106.695 E2.05586
G1 X111.582 Y105.57 E2.11125
G1 X111.582 Y104.978 E2.13186
G1 X109.864 Y106.695 E2.21643
G1 X109.272 Y106.695 E2.23704
G1 X111.582 Y104.386 E2.35076
G1 X111.582 Y103.793 E2.37141
G1 X108.8 Y106.575 E2.50839
G1 X108.8 Y105.983 E2.529
G1 X111.582 Y103.201 E2.66598
G1 X111.582 Y102.609 E2.68659
G1 X108.8 Y105.391 E2.82357
G1 X108.8 Y104.799 E2.84418
G1 X111.582 Y102.017 E2.98116
G1 X111.582 Y101.425 E3.00177
G1 X108.8 Y104.207 E3.13875
G1 X108.8 Y103.614 E3.1594
G1 X111.109 Y101.305 E3.27309
G1 X110.517 Y101.305 E3.2937
G1 X108.8 Y103.022 E3.37824
G1 X108.8 Y102.43 E3.39885
G1 X109.925 Y101.305 E3.45424
G1 X109.332 Y101.305 E3.47489
G1 X108.617 Y102.021 E3.51012
G1 E2.11012 F4800
;WIPE_START
G1 F5760
G1 X109.153 Y101.485 E1.51012
;WIPE_END
G92 E0
G1 X116.832 Y101.305 F7200
G1 E2 F4800
;TYPE:Internal infill
;WIDTH:0.45
G1 F9000
G1 X116.764 Y101.305 E2.0023
G1 X116.764 Y106.43 E2.17578
G1 X117.663 Y106.671 E2.20728
G1 X117.943 Y106.39 E2.22071
G1 X117.943 Y101.548 E2.38461
G1 X117.036 Y101.305 E2.41639
G1 X117.943 Y101.305 E2.44709
G1 X117.943 Y101.345 E2.44844
G1 E1.04844 F4800
;WIPE_START
G1 F5760
G1 X117.943 Y101.305 E1.01677
G1 X117.225 Y101.305 E.44844
;WIPE_END
G92 E0
G1 X121.539 Y104.696 F7200
G1 E2 F4800
G1 F9000
G1 X121.539 Y101.305 E2.11478
G1 X122.718 Y101.305 E2.15469
G1 X122.718 Y105.216 E2.28707
G1 X121.539 Y104.9 E2.32839
G1 X121.539 Y105.321 E2.34264
G1 X122.718 Y105.637 E2.38396
G1 X122.718 Y106.695 E2.41977
G1 X121.539 Y106.695 E2.45968
G1 X121.539 Y105.525 E2.49928
G1 X121.315 Y105.979 F7200
;TYPE:Top solid infill
;WIDTH:0.46164
G1 X120.599 Y106.695 E2.53453
G1 X120.007 Y106.695 E2.55514
G1 X121.132 Y105.57 E2.61053
G1 X121.132 Y104.978 E2.63114
G1 X119.415 Y106.695 E2.71568
G1 X118.823 Y106.695 E2.73629
G1 X121.132 Y104.386 E2.84998
G1 X121.132 Y103.793 E2.87063
G1 X118.35 Y106.575 E3.00761
G1 X118.35 Y105.983 E3.02822
G1 X121.132 Y103.201 E3.1652
G1 X121.132 Y102.609 E3.18581
G1 X118.35 Y105.391 E3.32279
G1 X118.35 Y104.799 E3.3434
G1 X121.132 Y102.017 E3.48038
G1 X121.132 Y101.425 E3.50099
G1 X118.35 Y104.207 E3.63797
G1 X118.35 Y103.614 E3.65862
G1 X120.659 Y101.305 E3.77231
G1 X120.067 Y101.305 E3.79292
G1 X118.35 Y103.022 E3.87746
G1 X118.35 Y102.43 E3.89807
G1 X119.475 Y101.305 E3.95346
G1 X118.883 Y101.305 E3.97407
G1 X118.167 Y102.021 E4.00932
G1 E2.60932 F4800
;WIPE_START
G1 F5760
G1 X118.703 Y101.485 E2.00932
;WIPE_END
G92 E0
G1 X115.641 Y106.878 F7200
G1 E2 F4800
G1 F7200
G1 X116.357 Y106.162 E2.03525
G1 X116.357 Y105.57 E2.05586
G1 X115.232 Y106.695 E2.11125
G1 X114.64 Y106.695 E2.13186
G1 X116.357 Y104.978 E2.2164
G1 X116.357 Y104.386 E2.23701
G1 X114.047 Y106.695 E2.35073
G1 X113.575 Y106.695 E2.36716
G1 X113.575 Y106.575 E2.37134
G1 X116.357 Y103.793 E2.50832
G1 X116.357 Y103.201 E2.52893
G1 X113.575 Y105.983 E2.66591
G1 X113.575 Y105.391 E2.68652
G1 X116.357 Y102.609 E2.8235
G1 X116.357 Y102.017 E2.84411
G1 X113.575 Y104.799 E2.98109
G1 X113.575 Y104.207 E3.0017
G1 X116.357 Y101.425 E3.13868
G1 X116.357 Y101.305 E3.14286
G1 X115.884 Y101.305 E3.15933
G1 X113.575 Y103.614 E3.27302
G1 X113.575 Y103.022 E3.29363
G1 X115.292 Y101.305 E3.37817
G1 X114.7 Y101.305 E3.39878
G1 X113.575 Y102.43 E3.45417
G1 X113.575 Y101.838 E3.47478
G1 X114.291 Y101.122 E3.51003
G1 E2.11003 F4800
;WIPE_START
G1 F5760
G1 X113.755 Y101.658 E1.51003
;WIPE_END
G92 E0
G1 X126.314 Y103.166 F7200
G1 E2 F4800
;TYPE:Internal infill
;WIDTH:0.45
G1 F9000
G1 X126.314 Y101.305 E2.06299
G1 X127.494 Y101.305 E2.10293
G1 X127.494 Y103.686 E2.18352
G1 X126.314 Y103.37 E2.22487
G1 X126.314 Y103.791 E2.23912
G1 X127.494 Y104.107 E2.28047
G1 X127.494 Y106.695 E2.36807
G1 X126.314 Y106.695 E2.40801
G1 X126.314 Y103.995 E2.4994
G1 E1.0994 F4800
;WIPE_START
G1 F5760
G1 X126.314 Y104.753 E.4994
;WIPE_END
G92 E0
G1 X126.09 Y105.979 F7200
G1 E2 F4800
;TYPE:Top solid infill
;WIDTH:0.46164
G1 F7200
G1 X125.374 Y106.695 E2.03525
G1 X124.782 Y106.695 E2.05586
G1 X125.907 Y105.57 E2.11125
G1 X125.907 Y104.978 E2.13186
G1 X124.19 Y106.695 E2.2164
G1 X123.598 Y106.695 E2.23701
G1 X125.907 Y104.386 E2.3507
G1 X125.907 Y103.793 E2.37135
G1 X123.125 Y106.575 E2.50833
G1 X123.125 Y105.983 E2.52894
G1 X125.907 Y103.201 E2.66592
G1 X125.907 Y102.609 E2.68653
G1 X123.125 Y105.391 E2.82351
G1 X123.125 Y104.799 E2.84412
G1 X125.907 Y102.017 E2.9811
G1 X125.907 Y101.425 E3.00171
G1 X123.125 Y104.207 E3.13869
G1 X123.125 Y103.614 E3.15934
G1 X125.435 Y101.305 E3.27306
G1 X124.842 Y101.305 E3.29371
G1 X123.125 Y103.022 E3.37825
G1 X123.125 Y102.43 E3.39886
G1 X124.25 Y101.305 E3.45425
G1 X123.658 Y101.305 E3.47486
G1 X122.942 Y102.021 E3.51011
G1 E2.11011 F4800
;WIPE_START
G1 F5760
G1 X123.478 Y101.485 E1.51011
;WIPE_END
G92 E0
G1 X131.09 Y101.636 F7200
G1 E2 F4800
;TYPE:Internal infill
;WIDTH:0.45
G1 F9000
G1 X131.09 Y101.305 E2.0112
G1 X132.269 Y101.305 E2.05111
G1 X132.269 Y102.156 E2.07992
G1 X131.09 Y101.84 E2.12124
G1 X131.09 Y102.261 E2.13549
G1 X132.269 Y102.577 E2.17681
G1 X132.269 Y106.695 E2.3162
G1 X131.09 Y106.695 E2.35611
G1 X131.09 Y102.465 E2.49929
G1 E1.09929 F4800
;WIPE_START
G1 F5760
G1 X131.09 Y103.223 E.49929
;WIPE_END
G92 E0
G1 X129.966 Y106.878 F7200
G1 E2 F4800
;TYPE:Top solid infill
;WIDTH:0.46164
G1 F7200
G1 X130.682 Y106.162 E2.03525
G1 X130.682 Y105.57 E2.05586
G1 X129.557 Y106.695 E2.11125
G1 X128.965 Y106.695 E2.13186
G1 X130.682 Y104.978 E2.2164
G1 X130.682 Y104.386 E2.23701
G1 X128.373 Y106.695 E2.3507
G1 X127.901 Y106.695 E2.36713
G1 X127.901 Y106.575 E2.37131
G1 X130.682 Y103.793 E2.50827
G1 X130.682 Y103.201 E2.52888
G1 X127.901 Y105.983 E2.66584
G1 X127.901 Y105.391 E2.68645
G1 X130.682 Y102.609 E2.82341
G1 X130.682 Y102.017 E2.84402
G1 X127.901 Y104.799 E2.98098
G1 X127.901 Y104.207 E3.00159
G1 X130.682 Y101.425 E3.13855
G1 X130.682 Y101.305 E3.14273
G1 X130.21 Y101.305 E3.15916
G1 X127.901 Y103.614 E3.27285
G1 X127.901 Y103.022 E3.29346
G1 X129.618 Y101.305 E3.378
G1 X129.026 Y101.305 E3.39861
G1 X127.901 Y102.43 E3.454
G1 X127.901 Y101.838 E3.47461
G1 X128.617 Y101.122 E3.50986
G1 E2.10986 F4800
;WIPE_START
G1 F5760
G1 X128.081 Y101.658 E1.50986
;WIPE_END
G92 E0
G1 X135.865 Y105.186 F7200
G1 E2 F4800
;TYPE:Internal infill
;WIDTH:0.45
G1 F9000
G1 X135.865 Y101.305 E2.13137
G1 X137.044 Y101.305 E2.17128
G1 X137.044 Y106.245 E2.33849
G1 X135.865 Y105.929 E2.37981
G1 X135.865 Y106.35 E2.39406
G1 X137.044 Y106.695 E2.43564
G1 X135.865 Y106.695 E2.47555
G1 X135.865 Y106.554 E2.48032
G1 E1.08032 F4800
;WIPE_START
G1 F5760
G1 X135.865 Y106.695 E.96869
G1 X136.482 Y106.695 E.48032
;WIPE_END
G92 E0
G1 X134.742 Y106.878 F7200
G1 E2 F4800
;TYPE:Top solid infill
;WIDTH:0.46164
G1 F7200
G1 X135.458 Y106.162 E2.03525
G1 X135.458 Y105.57 E2.05586
G1 X134.333 Y106.695 E2.11125
G1 X133.741 Y106.695 E2.13186
G1 X135.458 Y104.978 E2.2164
G1 X135.458 Y104.386 E2.23701
G1 X133.148 Y106.695 E2.35073
G1 X132.676 Y106.695 E2.36716
G1 X132.676 Y106.575 E2.37134
G1 X135.458 Y103.793 E2.50832
G1 X135.458 Y103.201 E2.52893
G1 X132.676 Y105.983 E2.66591
G1 X132.676 Y105.391 E2.68652
G1 X135.458 Y102.609 E2.8235
G1 X135.458 Y102.017 E2.84411
G1 X132.676 Y104.799 E2.98109
G1 X132.676 Y104.207 E3.0017
G1 X135.458 Y101.425 E3.13868
G1 X135.458 Y101.305 E3.14286
G1 X134.985 Y101.305 E3.15933
G1 X132.676 Y103.614 E3.27302
G1 X132.676 Y103.022 E3.29363
G1 X134.393 Y101.305 E3.37817
G1 X133.801 Y101.305 E3.39878
G1 X132.676 Y102.43 E3.45417
G1 X132.676 Y101.838 E3.47478
G1 X133.392 Y101.122 E3.51003
G1 E2.11003 F4800
;WIPE_START
G1 F5760
G1 X132.856 Y101.658 E1.51003
;WIPE_END
G92 E0
G1 X140.64 Y104.195 F7200
G1 E2 F4800
;TYPE:Internal infill
;WIDTH:0.45
G1 F9000
G1 X140.64 Y101.305 E2.09782
G1 X141.819 Y101.305 E2.13773
G1 X141.819 Y104.715 E2.25315
G1 X140.64 Y104.399 E2.29447
G1 X140.64 Y104.82 E2.30872
G1 X141.819 Y105.136 E2.35004
G1 X141.819 Y106.695 E2.40281
G1 X140.64 Y106.695 E2.44272
G1 X140.64 Y105.024 E2.49928
G1 X140.416 Y105.979 F7200
;TYPE:Top solid infill
;WIDTH:0.46164
G1 X139.7 Y106.695 E2.53453
G1 X139.108 Y106.695 E2.55514
G1 X140.233 Y105.57 E2.61053
G1 X140.233 Y104.978 E2.63114
G1 X138.516 Y106.695 E2.71568
G1 X137.924 Y106.695 E2.73629
G1 X140.233 Y104.386 E2.84998
G1 X140.233 Y103.793 E2.87063
G1 X137.451 Y106.575 E3.00761
G1 X137.451 Y105.983 E3.02822
G1 X140.233 Y103.201 E3.1652
G1 X140.233 Y102.609 E3.18581
G1 X137.451 Y105.391 E3.32279
G1 X137.451 Y104.799 E3.3434
G1 X140.233 Y102.017 E3.48038
G1 X140.233 Y101.425 E3.50099
G1 X137.451 Y104.207 E3.63797
G1 X137.451 Y103.614 E3.65862
G1 X139.76 Y101.305 E3.77231
G1 X139.168 Y101.305 E3.79292
G1 X137.451 Y103.022 E3.87746
G1 X137.451 Y102.43 E3.89807
G1 X138.576 Y101.305 E3.95346
G1 X137.984 Y101.305 E3.97407
G1 X137.268 Y102.021 E4.00932
G1 E2.60932 F4800
;WIPE_START
G1 F5760
G1 X137.804 Y101.485 E2.00932
;WIPE_END
G92 E0
G1 X145.415 Y102.665 F7200
G1 E2 F4800
;TYPE:Internal infill
;WIDTH:0.45
G1 F9000
G1 X145.415 Y101.305 E2.04603
G1 X146.594 Y101.305 E2.08594
G1 X146.594 Y103.185 E2.14958
G1 X145.415 Y102.869 E2.1909
G1 X145.415 Y103.29 E2.20515
G1 X146.594 Y103.606 E2.24647
G1 X146.594 Y106.695 E2.35103
G1 X145.415 Y106.695 E2.39094
G1 X145.415 Y103.494 E2.49929
G1 E1.09929 F4800
;WIPE_START
G1 F5760
G1 X145.415 Y104.252 E.49929
;WIPE_END
G92 E0
G1 X147.101 Y101.405 F7200
G1 E2 F4800
;TYPE:Solid infill
;WIDTH:0.649104
G1 F9000
G1 X147.101 Y106.595 E2.2616
G1 E.8616 F4800
;WIPE_START
G1 F5760
G1 X147.101 Y105.837 E.2616
;WIPE_END
G92 E0
G1 X144.292 Y106.878 F7200
G1 E2 F4800
;TYPE:Top solid infill
;WIDTH:0.46164
G1 F7200
G1 X145.008 Y106.162 E2.03525
G1 X145.008 Y105.57 E2.05586
G1 X143.883 Y106.695 E2.11125
G1 X143.291 Y106.695 E2.13186
G1 X145.008 Y104.978 E2.2164
G1 X145.008 Y104.386 E2.23701
G1 X142.699 Y106.695 E2.3507
G1 X142.226 Y106.695 E2.36717
G1 X142.226 Y106.575 E2.37135
G1 X145.008 Y103.793 E2.50833
G1 X145.008 Y103.201 E2.52894
G1 X142.226 Y105.983 E2.66592
G1 X142.226 Y105.391 E2.68653
G1 X145.008 Y102.609 E2.82351
G1 X145.008 Y102.017 E2.84412
G1 X142.226 Y104.799 E2.9811
G1 X142.226 Y104.207 E3.00171
G1 X145.008 Y101.425 E3.13869
G1 X145.008 Y101.305 E3.14287
G1 X144.536 Y101.305 E3.1593
G1 X142.226 Y103.614 E3.27302
G1 X142.226 Y103.022 E3.29363
G1 X143.943 Y101.305 E3.37817
G1 X143.351 Y101.305 E3.39878
G1 X142.226 Y102.43 E3.45417
G1 X142.226 Y101.838 E3.47478
G1 X142.942 Y101.122 E3.51003
;LAYER_CHANGE
;Z:3.88
;HEIGHT:0.2
; BEFORE_LAYER_CHANGE 18 @ 3.88mm
G1 E2.11003 F4800
;WIPE_START
G1 F5760
G1 X142.406 Y101.658 E1.51003
;WIPE_END
G92 E0
G1 Z3.88 F7200
; AFTER_LAYER_CHANGE 18 @ 3.88mm
G1 X144.164 Y107.755
G1 E2 F4800
;TYPE:External perimeter
;WIDTH:0.45
G1 F4860
G1 X144.164 Y100.245 E2.2542
G1 X147.846 Y100.245 E2.37883
G1 X147.846 Y107.755 E2.63303
G1 X144.224 Y107.755 E2.75563
G1 X144.546 Y107.373 F7200
;TYPE:Perimeter
;WIDTH:0.4
G1 F4860
G1 X144.546 Y100.627 E2.95593
G1 X147.463 Y100.627 E3.04254
G1 X147.463 Y107.373 E3.24284
G1 X144.606 Y107.373 E3.32767
G1 X144.903 Y107.016 F7200
G1 F4860
G1 X144.903 Y100.984 E3.50677
G1 X147.106 Y100.984 E3.57218
G1 X147.106 Y107.016 E3.75128
G1 X144.963 Y107.016 E3.81491
G1 E2.41491 F4800
;WIPE_START
G1 F5760
G1 X144.903 Y107.016 E2.36741
G1 X144.903 Y106.318 E1.81491
;WIPE_END
G92 E0
G1 X145.224 Y103.028 F7200
G1 E2 F4800
;TYPE:Internal infill
;WIDTH:0.45
G1 F9000
G1 X146.785 Y103.447 E2.05471
G1 E.65471 F4800
;WIPE_START
G1 F5760
G1 X146.053 Y103.251 E.05471
;WIPE_END
G92 E0
G1 X139.389 Y107.755 F7200
G1 E2 F4800
;TYPE:External perimeter
G1 F4860
G1 X139.389 Y100.245 E2.2542
G1 X143.07 Y100.245 E2.3788
G1 X143.07 Y107.755 E2.633
G1 X139.449 Y107.755 E2.75557
G1 X139.771 Y107.373 F7200
;TYPE:Perimeter
;WIDTH:0.4
G1 F4860
G1 X139.771 Y100.627 E2.95587
G1 X142.688 Y100.627 E3.04248
G1 X142.688 Y107.373 E3.24278
G1 X139.831 Y107.373 E3.32761
G1 X140.128 Y107.016 F7200
G1 F4860
G1 X140.128 Y100.984 E3.50671
G1 X142.331 Y100.984 E3.57212
G1 X142.331 Y107.016 E3.75122
G1 X140.188 Y107.016 E3.81485
G1 E2.41485 F4800
;WIPE_START
G1 F5760
G1 X140.128 Y107.016 E2.36735
G1 X140.128 Y106.318 E1.81485
;WIPE_END
G92 E0
G1 X140.449 Y104.558 F7200
G1 E2 F4800
;TYPE:Internal infill
;WIDTH:0.45
G1 F9000
G1 X142.01 Y104.977 E2.05471
G1 E.65471 F4800
;WIPE_START
G1 F5760
G1 X141.278 Y104.781 E.05471
;WIPE_END
G92 E0
G1 X134.614 Y107.755 F7200
G1 E2 F4800
;TYPE:External perimeter
G1 F4860
G1 X134.614 Y100.245 E2.2542
G1 X138.295 Y100.245 E2.3788
G1 X138.295 Y107.755 E2.633
G1 X134.674 Y107.755 E2.75557
G1 X134.996 Y107.373 F7200
;TYPE:Perimeter
;WIDTH:0.4
G1 F4860
G1 X134.996 Y100.627 E2.95587
G1 X137.913 Y100.627 E3.04248
G1 X137.913 Y107.373 E3.24278
G1 X135.056 Y107.373 E3.32761
G1 X135.353 Y107.016 F7200
G1 F4860
G1 X135.353 Y100.984 E3.50671
G1 X137.556 Y100.984 E3.57212
G1 X137.556 Y107.016 E3.75122
G1 X135.413 Y107.016 E3.81485
G1 X135.674 Y106.292 F7200
;TYPE:Internal infill
;WIDTH:0.45
G1 F9000
G1 X135.674 Y106.695 E3.82849
G1 X137.126 Y106.695 E3.87764
G1 X137.235 Y106.576 E3.8831
G1 X137.235 Y106.001 E3.90256
G1 X136.836 Y106.4 E3.92166
G1 X135.674 Y106.088 E3.96239
G1 X135.674 Y101.305 E4.12429
G1 X137.235 Y101.305 E4.17713
G1 X137.235 Y104.961 E4.30088
G1 E2.90088 F4800
;WIPE_START
G1 F5760
G1 X137.235 Y104.203 E2.30088
;WIPE_END
G92 E0
G1 X129.838 Y107.755 F7200
G1 E2 F4800
;TYPE:External perimeter
G1 F4860
G1 X129.838 Y100.245 E2.2542
G1 X133.52 Y100.245 E2.37883
G1 X133.52 Y107.755 E2.63303
G1 X129.898 Y107.755 E2.75563
G1 X130.221 Y107.373 F7200
;TYPE:Perimeter
;WIDTH:0.4
G1 F4860
G1 X130.221 Y100.627 E2.95593
G1 X133.138 Y100.627 E3.04254
G1 X133.138 Y107.373 E3.24284
G1 X130.281 Y107.373 E3.32767
G1 X130.578 Y107.016 F7200
G1 F4860
G1 X130.578 Y100.984 E3.50677
G1 X132.781 Y100.984 E3.57218
G1 X132.781 Y107.016 E3.75128
G1 X130.638 Y107.016 E3.81491
G1 E2.41491 F4800
;WIPE_START
G1 F5760
G1 X130.578 Y107.016 E2.36741
G1 X130.578 Y106.318 E1.81491
;WIPE_END
G92 E0
G1 X132.46 Y102.418 F7200
G1 E2 F4800
;TYPE:Internal infill
;WIDTH:0.45
G1 F9000
G1 X130.899 Y101.999 E2.05471
G1 E.65471 F4800
;WIPE_START
G1 F5760
G1 X131.631 Y102.195 E.05471
;WIPE_END
G92 E0
G1 X125.063 Y107.755 F7200
G1 E2 F4800
;TYPE:External perimeter
G1 F4860
G1 X125.063 Y100.245 E2.2542
G1 X128.745 Y100.245 E2.37883
G1 X128.745 Y107.755 E2.63303
G1 X125.123 Y107.755 E2.75563
G1 X125.445 Y107.373 F7200
;TYPE:Perimeter
;WIDTH:0.4
G1 F4860
G1 X125.445 Y100.627 E2.95593
G1 X128.363 Y100.627 E3.04257
G1 X128.363 Y107.373 E3.24287
G1 X125.505 Y107.373 E3.32773
G1 X125.802 Y107.016 F7200
G1 F4860
G1 X125.802 Y100.984 E3.50683
G1 X128.005 Y100.984 E3.57224
G1 X128.005 Y107.016 E3.75134
G1 X125.862 Y107.016 E3.81497
G1 E2.41497 F4800
;WIPE_START
G1 F5760
G1 X125.802 Y107.016 E2.36747
G1 X125.802 Y106.318 E1.81497
;WIPE_END
G92 E0
G1 X126.123 Y103.529 F7200
G1 E2 F4800
;TYPE:Internal infill
;WIDTH:0.45
G1 F9000
G1 X127.684 Y103.948 E2.05471
G1 E.65471 F4800
;WIPE_START
G1 F5760
G1 X126.952 Y103.752 E.05471
;WIPE_END
G92 E0
G1 X120.288 Y107.755 F7200
G1 E2 F4800
;TYPE:External perimeter
G1 F4860
G1 X120.288 Y100.245 E2.2542
G1 X123.969 Y100.245 E2.3788
G1 X123.969 Y107.755 E2.633
G1 X120.348 Y107.755 E2.75557
G1 X120.67 Y107.373 F7200
;TYPE:Perimeter
;WIDTH:0.4
G1 F4860
G1 X120.67 Y100.627 E2.95587
G1 X123.587 Y100.627 E3.04248
G1 X123.587 Y107.373 E3.24278
G1 X120.73 Y107.373 E3.32761
G1 X121.027 Y107.016 F7200
G1 F4860
G1 X121.027 Y100.984 E3.50671
G1 X123.23 Y100.984 E3.57212
G1 X123.23 Y107.016 E3.75122
G1 X121.087 Y107.016 E3.81485
G1 E2.41485 F4800
;WIPE_START
G1 F5760
G1 X121.027 Y107.016 E2.36735
G1 X121.027 Y106.318 E1.81485
;WIPE_END
G92 E0
G1 X121.348 Y105.263 F7200
G1 E2 F4800
;TYPE:Internal infill
;WIDTH:0.45
G1 F9000
G1 X121.348 Y106.695 E2.04847
G1 X122.909 Y106.695 E2.10131
G1 X122.909 Y106.067 E2.12257
G1 X122.8 Y105.659 E2.13686
G1 X122.909 Y105.55 E2.14208
G1 X122.909 Y104.974 E2.16158
G1 X122.512 Y105.371 E2.18058
G1 X121.348 Y105.06 E2.22136
G1 X121.348 Y101.305 E2.34846
G1 X122.909 Y101.305 E2.4013
G1 X122.909 Y104.771 E2.51862
G1 E1.11862 F4800
;WIPE_START
G1 F5760
G1 X122.909 Y104.013 E.51862
;WIPE_END
G92 E0
G1 X128.234 Y115.96 F7200
G1 E2 F4800
;TYPE:External perimeter
G1 X125.382 Y127.531 E2.40339
G1 X124.641 Y129.347 E2.46978
G1 X123.369 Y131.034 E2.5413
G1 X121.642 Y132.49 E2.61776
G1 X119.578 Y133.61 E2.69725
G1 X117.322 Y134.314 E2.77724
G1 X115.031 Y134.554 E2.85521
G1 X112.686 Y134.314 E2.935
G1 X110.43 Y133.61 E3.01499
G1 X108.366 Y132.49 E3.09448
G1 X106.639 Y131.034 E3.17094
G1 X105.367 Y129.347 E3.24246
G1 X104.627 Y127.531 E3.30884
G1 X101.775 Y115.96 E3.71223
G1 X128.174 Y115.96 E4.6058
G1 X127.746 Y116.342 F7200
;TYPE:Perimeter
;WIDTH:0.4
G1 F9000
G1 X125.017 Y127.413 E4.94435
G1 X124.306 Y129.157 E5.00027
G1 X123.09 Y130.77 E5.06025
G1 X121.426 Y132.173 E5.12487
G1 X119.429 Y133.256 E5.19232
G1 X117.245 Y133.938 E5.26025
G1 X115.03 Y134.17 E5.32638
G1 X112.763 Y133.938 E5.39404
G1 X110.579 Y133.256 E5.46197
G1 X108.583 Y132.173 E5.5294
G1 X106.918 Y130.77 E5.59405
G1 X105.702 Y129.157 E5.65403
G1 X104.991 Y127.413 E5.70995
G1 X102.262 Y116.342 E6.0485
G1 X127.686 Y116.342 E6.80337
G1 X127.29 Y116.699 F7200
G1 F9000
G1 X124.677 Y127.302 E7.12761
G1 X123.993 Y128.979 E7.18138
G1 X122.829 Y130.523 E7.23879
G1 X121.223 Y131.876 E7.30114
G1 X119.289 Y132.926 E7.36648
G1 X117.172 Y133.586 E7.43232
G1 X115.03 Y133.811 E7.49627
G1 X112.835 Y133.586 E7.56178
G1 X110.719 Y132.926 E7.62759
G1 X108.785 Y131.876 E7.69293
G1 X107.179 Y130.523 E7.75528
G1 X106.015 Y128.979 E7.81269
G1 X105.331 Y127.302 E7.86646
G1 X102.718 Y116.699 E8.1907
G1 X127.23 Y116.699 E8.91849
G1 E7.51849 F4800
;WIPE_START
G1 F5760
G1 X127.29 Y116.699 E7.47099
G1 X127.123 Y117.377 E6.91849
;WIPE_END
G92 E0
G1 X114.661 Y124.69 F7200
G1 E2 F4800
;TYPE:External perimeter
;WIDTH:0.45
G1 F4860
G1 X114.793 Y124.677 E2.00449
G1 X115.001 Y124.656 E2.01157
G1 X115.342 Y124.69 E2.02317
G1 X115.67 Y124.789 E2.03477
G1 X115.972 Y124.951 E2.04637
G1 X116.236 Y125.168 E2.05794
G1 X116.453 Y125.432 E2.06951
G1 X116.615 Y125.734 E2.08111
G1 X116.714 Y126.062 E2.09271
G1 X116.748 Y126.403 E2.10431
G1 X116.714 Y126.743 E2.11588
G1 X116.615 Y127.071 E2.12748
G1 X116.453 Y127.373 E2.13908
G1 X116.236 Y127.637 E2.15065
G1 X115.972 Y127.854 E2.16222
G1 X115.67 Y128.016 E2.17382
G1 X115.342 Y128.115 E2.18542
G1 X115.001 Y128.149 E2.19702
G1 X114.661 Y128.115 E2.20859
G1 X114.333 Y128.016 E2.22019
G1 X114.031 Y127.854 E2.23179
G1 X113.767 Y127.637 E2.24336
G1 X113.55 Y127.373 E2.25493
G1 X113.388 Y127.071 E2.26653
G1 X113.289 Y126.743 E2.27813
G1 X113.255 Y126.403 E2.2897
G1 X113.289 Y126.062 E2.3013
G1 X113.388 Y125.734 E2.3129
G1 X113.55 Y125.432 E2.3245
G1 X113.767 Y125.168 E2.33607
G1 X114.031 Y124.951 E2.34764
G1 X114.333 Y124.789 E2.35924
G1 X114.603 Y124.707 E2.36879
G1 X114.586 Y124.313 F7200
;TYPE:Perimeter
;WIDTH:0.4
G1 F4860
G1 X114.756 Y124.297 E2.37386
G1 X115.001 Y124.272 E2.38117
G1 X115.417 Y124.313 E2.39358
G1 X115.817 Y124.435 E2.406
G1 X116.185 Y124.631 E2.41838
G1 X116.508 Y124.896 E2.43078
G1 X116.773 Y125.219 E2.44318
G1 X116.969 Y125.587 E2.45556
G1 X117.091 Y125.987 E2.46798
G1 X117.132 Y126.403 E2.48039
G1 X117.091 Y126.818 E2.49277
G1 X116.969 Y127.218 E2.50519
G1 X116.773 Y127.586 E2.51757
G1 X116.508 Y127.909 E2.52997
G1 X116.185 Y128.174 E2.54237
G1 X115.817 Y128.371 E2.55476
G1 X115.417 Y128.492 E2.56717
G1 X115.001 Y128.533 E2.57958
G1 X114.586 Y128.492 E2.59196
G1 X114.186 Y128.371 E2.60437
G1 X113.818 Y128.174 E2.61676
G1 X113.495 Y127.909 E2.62916
G1 X113.23 Y127.586 E2.64156
G1 X113.034 Y127.218 E2.65394
G1 X112.912 Y126.818 E2.66636
G1 X112.871 Y126.403 E2.67874
G1 X112.912 Y125.987 E2.69115
G1 X113.034 Y125.587 E2.70357
G1 X113.23 Y125.219 E2.71595
G1 X113.495 Y124.896 E2.72835
G1 X113.818 Y124.631 E2.74075
G1 X114.186 Y124.435 E2.75313
G1 X114.529 Y124.331 E2.76377
G1 X114.516 Y123.961 F7200
G1 F4860
G1 X114.721 Y123.941 E2.76989
G1 X115.001 Y123.914 E2.77824
G1 X115.487 Y123.961 E2.79274
G1 X115.954 Y124.103 E2.80723
G1 X116.384 Y124.333 E2.82171
G1 X116.761 Y124.643 E2.8362
G1 X117.071 Y125.02 E2.85069
G1 X117.301 Y125.45 E2.86517
G1 X117.443 Y125.917 E2.87966
G1 X117.49 Y126.403 E2.89416
G1 X117.443 Y126.888 E2.90863
G1 X117.301 Y127.355 E2.92312
G1 X117.071 Y127.785 E2.9376
G1 X116.761 Y128.162 E2.95209
G1 X116.384 Y128.472 E2.96658
G1 X115.954 Y128.702 E2.98106
G1 X115.487 Y128.844 E2.99555
G1 X115.001 Y128.891 E3.01005
G1 X114.516 Y128.844 E3.02452
G1 X114.049 Y128.702 E3.03901
G1 X113.619 Y128.472 E3.05349
G1 X113.242 Y128.162 E3.06798
G1 X112.932 Y127.785 E3.08247
G1 X112.702 Y127.355 E3.09695
G1 X112.56 Y126.888 E3.11144
G1 X112.513 Y126.403 E3.12591
G1 X112.56 Y125.917 E3.14041
G1 X112.702 Y125.45 E3.1549
G1 X112.932 Y125.02 E3.16938
G1 X113.242 Y124.643 E3.18387
G1 X113.619 Y124.333 E3.19836
G1 X114.049 Y124.103 E3.21284
G1 X114.459 Y123.979 E3.22556
G1 E1.82556 F4800
;WIPE_START
G1 F5760
G1 X114.516 Y123.961 E1.77824
G1 X114.721 Y123.941 E1.61518
G1 X115.001 Y123.914 E1.39249
G1 X115.211 Y123.934 E1.22556
;WIPE_END
G92 E0
G1 X117.612 Y125.37 F7200
G1 E2 F4800
;TYPE:Internal infill
;WIDTH:0.45
G1 F9000
G1 X117.339 Y124.841 E2.02015
G1 X116.99 Y124.415 E2.03879
G1 X116.563 Y124.065 E2.05748
G1 X116.077 Y123.805 E2.07614
G1 X115.55 Y123.645 E2.09478
G1 X115.001 Y123.591 E2.11345
G1 X114.453 Y123.645 E2.13209
G1 X113.926 Y123.805 E2.15073
G1 X113.653 Y123.951 E2.16121
G1 X113.343 Y122.792 E2.20182
G1 X115.725 Y120.41 E2.31585
G1 X118.298 Y121.1 E2.40602
G1 X120.68 Y118.718 E2.52005
G1 X120.225 Y117.02 E2.57955
G1 X125.844 Y117.02 E2.76975
G1 X125.923 Y117.313 E2.78002
G1 X123.541 Y119.695 E2.89405
G1 X120.968 Y119.006 E2.98421
G1 X118.586 Y121.388 E3.09824
G1 X119.275 Y123.961 E3.1884
G1 X117.671 Y125.565 E3.26518
G1 X117.777 Y126.035 E3.28149
G1 X119.563 Y124.248 E3.36701
G1 X122.136 Y124.938 E3.45718
G1 X124.518 Y122.556 E3.57121
G1 X123.829 Y119.983 E3.66137
G1 X126.211 Y117.601 E3.7754
G1 X126.705 Y117.733 E3.79271
G1 X125.405 Y123.004 E3.97647
G1 X124.806 Y122.844 E3.99746
G1 X122.424 Y125.226 E4.11149
G1 X123.113 Y127.798 E4.20162
G1 X120.731 Y130.181 E4.31567
G1 X118.158 Y129.491 E4.40584
G1 X115.776 Y131.873 E4.51987
G1 X116.177 Y133.368 E4.57226
G1 X117.107 Y133.27 E4.60391
G1 X119.164 Y132.628 E4.67685
G1 X121.041 Y131.61 E4.74913
G1 X121.273 Y131.415 E4.75939
G1 X121.019 Y130.468 E4.79258
G1 X123.401 Y128.086 E4.90661
G1 X123.95 Y128.234 E4.92586
G1 X124.371 Y127.203 E4.96356
G1 X125.357 Y123.202 E5.10304
G1 E3.70304 F4800
;WIPE_START
G1 F5760
G1 X125.176 Y123.938 E3.10304
;WIPE_END
G92 E0
G1 X112.532 Y127.717 F7200
G1 E2 F4800
G1 F9000
G1 X112.664 Y127.964 E2.00948
G1 X113.013 Y128.391 E2.02815
G1 X113.44 Y128.74 E2.04682
G1 X113.926 Y129 E2.06548
G1 X114.453 Y129.16 E2.08412
G1 X115.001 Y129.214 E2.10276
G1 X115.55 Y129.16 E2.12143
G1 X116.077 Y129 E2.14007
G1 X116.563 Y128.74 E2.15873
G1 X116.99 Y128.391 E2.1774
G1 X117.339 Y127.964 E2.19607
G1 X117.472 Y127.716 E2.2056
G1 X117.87 Y129.203 E2.2577
G1 X115.488 Y131.585 E2.37173
G1 X112.915 Y130.896 E2.46189
G1 X111.102 Y132.709 E2.54868
G1 X110.691 Y132.545 E2.56366
G1 X112.628 Y130.608 E2.65638
G1 X111.938 Y128.035 E2.74655
G1 X112.436 Y127.538 E2.77037
G1 X112.291 Y127.106 E2.78579
G1 X111.65 Y127.747 E2.81647
G1 X109.077 Y127.058 E2.90663
G1 X106.735 Y129.4 E3.01874
G1 X106.488 Y129.072 E3.03264
G1 X108.79 Y126.77 E3.14284
G1 X108.1 Y124.197 E3.23301
G1 X110.482 Y121.815 E3.34704
G1 X113.055 Y122.505 E3.43721
G1 X115.437 Y120.123 E3.55124
G1 X114.748 Y117.55 E3.6414
G1 X115.277 Y117.02 E3.66675
G1 X114.702 Y117.02 E3.68621
G1 X114.46 Y117.262 E3.69779
G1 X113.558 Y117.02 E3.7294
G1 X111.439 Y117.02 E3.80113
G1 X109.505 Y118.954 E3.89371
G1 X110.194 Y121.527 E3.98387
G1 X107.812 Y123.909 E4.0979
G1 X105.239 Y123.22 E4.18806
G1 X104.771 Y123.688 E4.21046
G1 X104.658 Y123.226 E4.22656
G1 X104.952 Y122.932 E4.24063
G1 X104.262 Y120.359 E4.3308
G1 X106.644 Y117.977 E4.44483
G1 X109.217 Y118.667 E4.535
G1 X110.864 Y117.02 E4.61384
G1 X106.177 Y117.02 E4.77249
G1 X106.356 Y117.689 E4.79593
G1 X103.974 Y120.071 E4.90996
G1 X103.873 Y120.044 E4.9135
G1 X103.128 Y117.02 E5.01892
G1 X105.974 Y117.02 E5.11525
G1 E3.71525 F4800
;WIPE_START
G1 F5760
G1 X105.216 Y117.02 E3.11525
;WIPE_END
G92 E0
G1 X115.513 Y107.755 F7200
G1 E2 F4800
;TYPE:External perimeter
G1 F4860
G1 X115.513 Y100.245 E2.2542
G1 X119.194 Y100.245 E2.3788
G1 X119.194 Y107.755 E2.633
G1 X115.573 Y107.755 E2.75557
G1 X115.895 Y107.373 F7200
;TYPE:Perimeter
;WIDTH:0.4
G1 F4860
G1 X115.895 Y100.627 E2.95587
G1 X118.812 Y100.627 E3.04248
G1 X118.812 Y107.373 E3.24278
G1 X115.955 Y107.373 E3.32761
G1 X116.252 Y107.016 F7200
G1 F4860
G1 X116.252 Y100.984 E3.50671
G1 X118.455 Y100.984 E3.57212
G1 X118.455 Y107.016 E3.75122
G1 X116.312 Y107.016 E3.81485
G1 E2.41485 F4800
;WIPE_START
G1 F5760
G1 X116.252 Y107.016 E2.36735
G1 X116.252 Y106.318 E1.81485
;WIPE_END
G92 E0
G1 X117.554 Y106.695 F7200
G1 E2 F4800
;TYPE:Internal infill
;WIDTH:0.45
G1 F9000
G1 X117.927 Y106.695 E2.01263
G1 X118.134 Y106.487 E2.02256
G1 X118.134 Y105.912 E2.04202
G1 X117.351 Y106.695 E2.0795
G1 X116.966 Y106.695 E2.09253
G1 X116.573 Y106.59 E2.1063
G1 X116.573 Y101.305 E2.28519
G1 X117.822 Y101.305 E2.32747
G1 X118.134 Y101.389 E2.33841
G1 X118.134 Y105.708 E2.4846
G1 E1.0846 F4800
;WIPE_START
G1 F5760
G1 X118.134 Y104.95 E.4846
;WIPE_END
G92 E0
G1 X110.738 Y107.755 F7200
G1 E2 F4800
;TYPE:External perimeter
G1 F4860
G1 X110.738 Y100.245 E2.2542
G1 X114.419 Y100.245 E2.3788
G1 X114.419 Y107.755 E2.633
G1 X110.798 Y107.755 E2.75557
G1 X111.12 Y107.373 F7200
;TYPE:Perimeter
;WIDTH:0.4
G1 F4860
G1 X111.12 Y100.627 E2.95587
G1 X114.037 Y100.627 E3.04248
G1 X114.037 Y107.373 E3.24278
G1 X111.18 Y107.373 E3.32761
G1 X111.477 Y107.016 F7200
G1 F4860
G1 X111.477 Y100.984 E3.50671
G1 X113.68 Y100.984 E3.57212
G1 X113.68 Y107.016 E3.75122
G1 X111.537 Y107.016 E3.81485
G1 E2.41485 F4800
;WIPE_START
G1 F5760
G1 X111.477 Y107.016 E2.36735
G1 X111.477 Y106.318 E1.81485
;WIPE_END
G92 E0
G1 X113.359 Y102.919 F7200
G1 E2 F4800
;TYPE:Internal infill
;WIDTH:0.45
G1 F9000
G1 X111.798 Y102.501 E2.0547
G1 E.6547 F4800
;WIPE_START
G1 F5760
G1 X112.53 Y102.697 E.0547
;WIPE_END
G92 E0
G1 X105.962 Y107.755 F7200
G1 E2 F4800
;TYPE:External perimeter
G1 F4860
G1 X105.962 Y100.245 E2.2542
G1 X109.644 Y100.245 E2.37883
G1 X109.644 Y107.755 E2.63303
G1 X106.022 Y107.755 E2.75563
G1 X106.344 Y107.373 F7200
;TYPE:Perimeter
;WIDTH:0.4
G1 F4860
G1 X106.344 Y100.627 E2.95593
G1 X109.262 Y100.627 E3.04257
G1 X109.262 Y107.373 E3.24287
G1 X106.404 Y107.373 E3.32773
G1 X106.702 Y107.016 F7200
G1 F4860
G1 X106.702 Y100.984 E3.50683
G1 X108.905 Y100.984 E3.57224
G1 X108.905 Y107.016 E3.75134
G1 X106.762 Y107.016 E3.81497
G1 E2.41497 F4800
;WIPE_START
G1 F5760
G1 X106.702 Y107.016 E2.36747
G1 X106.702 Y106.318 E1.81497
;WIPE_END
G92 E0
G1 X107.023 Y104.234 F7200
G1 E2 F4800
;TYPE:Internal infill
;WIDTH:0.45
G1 F9000
G1 X107.023 Y106.695 E2.0833
G1 X108.584 Y106.695 E2.13614
G1 X108.584 Y105.03 E2.1925
G1 X108.477 Y104.631 E2.20648
G1 X108.584 Y104.524 E2.2116
G1 X108.584 Y103.948 E2.2311
G1 X108.189 Y104.343 E2.25001
G1 X107.023 Y104.031 E2.29087
G1 X107.023 Y101.305 E2.38314
G1 X108.584 Y101.305 E2.43598
G1 X108.584 Y103.745 E2.51857
G1 E1.11857 F4800
;WIPE_START
G1 F5760
G1 X108.584 Y102.987 E.51857
;WIPE_END
G92 E0
G1 X104.869 Y107.755 F7200
G1 E2 F4800
;TYPE:External perimeter
G1 F4860
G1 X101.187 Y107.755 E2.12463
G1 X101.187 Y100.245 E2.37883
G1 X104.869 Y100.245 E2.50346
G1 X104.869 Y107.695 E2.75563
G1 X104.486 Y107.373 F7200
;TYPE:Perimeter
;WIDTH:0.4
G1 F4860
G1 X101.569 Y107.373 E2.84224
G1 X101.569 Y100.627 E3.04254
G1 X104.486 Y100.627 E3.12915
G1 X104.486 Y107.313 E3.32767
G1 X104.129 Y107.016 F7200
G1 F4860
G1 X101.926 Y107.016 E3.39308
G1 X101.926 Y100.984 E3.57218
G1 X104.129 Y100.984 E3.63759
G1 X104.129 Y106.956 E3.81491
G1 E2.41491 F4800
;WIPE_START
G1 F5760
G1 X104.129 Y107.016 E2.36741
G1 X103.431 Y107.016 E1.81491
;WIPE_END
G92 E0
G1 X102.247 Y105.764 F7200
G1 E2 F4800
;TYPE:Internal infill
;WIDTH:0.45
G1 F9000
G1 X102.247 Y106.695 E2.03151
G1 X103.41 Y106.695 E2.07088
G1 X103.234 Y106.036 E2.09397
G1 X103.808 Y105.461 E2.12147
G1 X103.808 Y104.885 E2.14097
G1 X102.946 Y105.748 E2.18226
G1 X102.247 Y105.561 E2.20675
G1 X102.247 Y101.305 E2.35081
G1 X103.808 Y101.305 E2.40365
G1 X103.808 Y104.682 E2.51796
G1 E1.11796 F4800
;WIPE_START
G1 F5760
G1 X103.808 Y103.924 E.51796
;WIPE_END
G92 E0
G1 X100.093 Y107.755 F7200
G1 E2 F4800
;TYPE:External perimeter
G1 F4860
G1 X96.412 Y107.755 E2.1246
G1 X96.412 Y100.245 E2.3788
G1 X100.093 Y100.245 E2.5034
G1 X100.093 Y107.695 E2.75557
G1 X99.711 Y107.373 F7200
;TYPE:Perimeter
;WIDTH:0.4
G1 F4860
G1 X96.794 Y107.373 E2.84218
G1 X96.794 Y100.627 E3.04248
G1 X99.711 Y100.627 E3.12909
G1 X99.711 Y107.313 E3.32761
G1 X99.354 Y107.016 F7200
G1 F4860
G1 X97.151 Y107.016 E3.39302
G1 X97.151 Y100.984 E3.57212
G1 X99.354 Y100.984 E3.63753
G1 X99.354 Y106.956 E3.81485
G1 X98.94 Y106.695 F7200
;TYPE:Internal infill
;WIDTH:0.45
G1 F9000
G1 X99.033 Y106.695 E3.818
G1 X99.033 Y106.398 E3.82805
G1 X98.737 Y106.695 E3.84224
G1 X98.161 Y106.695 E3.86174
G1 X99.033 Y105.823 E3.90348
G1 X99.033 Y101.89 E4.03661
G1 X97.472 Y101.472 E4.09131
G1 X97.472 Y106.695 E4.2681
G1 X97.958 Y106.695 E4.28455
G1 E2.88455 F4800
;WIPE_START
G1 F5760
G1 X97.472 Y106.695 E2.4998
G1 X97.472 Y106.423 E2.28455
;WIPE_END
G92 E0
G1 X95.318 Y107.755 F7200
G1 E2 F4800
;TYPE:External perimeter
G1 F4860
G1 X91.637 Y107.755 E2.1246
G1 X91.637 Y100.245 E2.3788
G1 X95.318 Y100.245 E2.5034
G1 X95.318 Y107.695 E2.75557
G1 X94.936 Y107.373 F7200
;TYPE:Perimeter
;WIDTH:0.4
G1 F4860
G1 X92.019 Y107.373 E2.84218
G1 X92.019 Y100.627 E3.04248
G1 X94.936 Y100.627 E3.12909
G1 X94.936 Y107.313 E3.32761
G1 X94.579 Y107.016 F7200
G1 F4860
G1 X92.376 Y107.016 E3.39302
G1 X92.376 Y100.984 E3.57212
G1 X94.579 Y100.984 E3.63753
G1 X94.579 Y106.956 E3.81485
G1 E2.41485 F4800
;WIPE_START
G1 F5760
G1 X94.579 Y107.016 E2.36735
G1 X93.881 Y107.016 E1.81485
;WIPE_END
G92 E0
G1 X92.697 Y103.205 F7200
G1 E2 F4800
;TYPE:Internal infill
;WIDTH:0.45
G1 F9000
G1 X92.697 Y106.695 E2.11813
G1 X94.258 Y106.695 E2.17097
G1 X94.258 Y103.994 E2.2624
G1 X94.153 Y103.603 E2.2761
G1 X94.258 Y103.498 E2.28113
G1 X94.258 Y102.922 E2.30063
G1 X93.865 Y103.315 E2.31944
G1 X92.697 Y103.002 E2.36037
G1 X92.697 Y101.305 E2.41781
G1 X94.258 Y101.305 E2.47065
G1 X94.258 Y102.718 E2.51848
G1 E1.11848 F4800
;WIPE_START
G1 F5760
G1 X94.258 Y101.96 E.51848
;WIPE_END
G92 E0
G1 X90.543 Y107.755 F7200
G1 E2 F4800
;TYPE:External perimeter
G1 F4860
G1 X86.861 Y107.755 E2.12463
G1 X86.861 Y100.245 E2.37883
G1 X90.543 Y100.245 E2.50346
G1 X90.543 Y107.695 E2.75563
G1 X90.161 Y107.373 F7200
;TYPE:Perimeter
;WIDTH:0.4
G1 F4860
G1 X87.244 Y107.373 E2.84224
G1 X87.244 Y100.627 E3.04254
G1 X90.161 Y100.627 E3.12915
G1 X90.161 Y107.313 E3.32767
G1 X89.804 Y107.016 F7200
G1 F4860
G1 X87.601 Y107.016 E3.39308
G1 X87.601 Y100.984 E3.57218
G1 X89.804 Y100.984 E3.63759
G1 X89.804 Y106.956 E3.81491
G1 E2.41491 F4800
;WIPE_START
G1 F5760
G1 X89.804 Y107.016 E2.36741
G1 X89.106 Y107.016 E1.81491
;WIPE_END
G92 E0
G1 X87.922 Y104.735 F7200
G1 E2 F4800
;TYPE:Internal infill
;WIDTH:0.45
G1 F9000
G1 X87.922 Y106.695 E2.06634
G1 X89.362 Y106.695 E2.11508
G1 X88.91 Y105.007 E2.17423
G1 X89.483 Y104.435 E2.20164
G1 X89.483 Y103.859 E2.22114
G1 X88.622 Y104.719 E2.26233
G1 X87.922 Y104.532 E2.28686
G1 X87.922 Y101.305 E2.39609
G1 X89.483 Y101.305 E2.44893
G1 X89.483 Y103.656 E2.52851
G1 E1.12851 F4800
;WIPE_START
G1 F5760
G1 X89.483 Y102.898 E.52851
;WIPE_END
G92 E0
G1 X85.768 Y107.755 F7200
G1 E2 F4800
;TYPE:External perimeter
G1 F4860
G1 X82.086 Y107.755 E2.12463
G1 X82.086 Y100.245 E2.37883
G1 X85.768 Y100.245 E2.50346
G1 X85.768 Y107.695 E2.75563
G1 X85.386 Y107.373 F7200
;TYPE:Perimeter
;WIDTH:0.4
G1 F4860
G1 X82.468 Y107.373 E2.84227
G1 X82.468 Y100.627 E3.04257
G1 X85.386 Y100.627 E3.12921
G1 X85.386 Y107.313 E3.32773
G1 X85.028 Y107.016 F7200
G1 F4860
G1 X82.825 Y107.016 E3.39314
G1 X82.825 Y100.984 E3.57224
G1 X85.028 Y100.984 E3.63765
G1 X85.028 Y106.956 E3.81497
G1 E2.41497 F4800
;WIPE_START
G1 F5760
G1 X85.028 Y107.016 E2.36747
G1 X84.33 Y107.016 E1.81497
;WIPE_END
G92 E0
G1 X84.707 Y105.576 F7200
G1 E2 F4800
;TYPE:Internal infill
;WIDTH:0.45
G1 F9000
G1 X84.707 Y106.695 E2.03788
G1 X83.743 Y106.695 E2.07051
G1 X83.668 Y106.412 E2.08042
G1 X84.707 Y105.372 E2.13018
G1 X84.707 Y104.796 E2.14968
G1 X83.38 Y106.124 E2.21323
G1 X83.146 Y106.062 E2.22142
G1 X83.146 Y101.305 E2.38244
G1 X84.707 Y101.305 E2.43528
G1 X84.707 Y104.593 E2.54657
;LAYER_CHANGE
;Z:4.08
;HEIGHT:0.2
; BEFORE_LAYER_CHANGE 19 @ 4.08mm
G1 E1.14657 F4800
;WIPE_START
G1 F5760
G1 X84.707 Y103.835 E.54657
;WIPE_END
G92 E0
G1 Z4.08 F7200
; AFTER_LAYER_CHANGE 19 @ 4.08mm
G1 X144.259 Y107.755
G1 E2 F4800
;TYPE:External perimeter
G1 F4860
G1 X144.259 Y100.245 E2.2542
G1 X147.751 Y100.245 E2.3724
G1 X147.751 Y107.755 E2.6266
G1 X144.319 Y107.755 E2.74277
G1 X144.641 Y107.373 F7200
;TYPE:Perimeter
;WIDTH:0.4
G1 F4860
G1 X144.641 Y100.627 E2.94307
G1 X147.369 Y100.627 E3.02407
G1 X147.369 Y107.373 E3.22437
G1 X144.701 Y107.373 E3.30359
G1 X144.998 Y107.016 F7200
G1 F4860
G1 X144.998 Y100.984 E3.48269
G1 X147.011 Y100.984 E3.54246
G1 X147.011 Y107.016 E3.72156
G1 X145.058 Y107.016 E3.77955
G1 E2.37955 F4800
;WIPE_START
G1 F5760
G1 X144.998 Y107.016 E2.33205
G1 X144.998 Y106.318 E1.77955
;WIPE_END
G92 E0
G1 X146.69 Y103.421 F7200
G1 E2 F4800
;TYPE:Internal infill
;WIDTH:0.45
G1 F9000
G1 X145.319 Y103.054 E2.04804
G1 E.64804 F4800
;WIPE_START
G1 F5760
G1 X146.051 Y103.25 E.04804
;WIPE_END
G92 E0
G1 X139.484 Y107.755 F7200
G1 E2 F4800
;TYPE:External perimeter
G1 F4860
G1 X139.484 Y100.245 E2.2542
G1 X142.975 Y100.245 E2.37237
G1 X142.975 Y107.755 E2.62657
G1 X139.544 Y107.755 E2.74271
G1 X139.866 Y107.373 F7200
;TYPE:Perimeter
;WIDTH:0.4
G1 F4860
G1 X139.866 Y100.627 E2.94301
G1 X142.593 Y100.627 E3.02398
G1 X142.593 Y107.373 E3.22428
G1 X139.926 Y107.373 E3.30347
G1 X140.223 Y107.016 F7200
G1 F4860
G1 X140.223 Y100.984 E3.48257
G1 X142.236 Y100.984 E3.54234
G1 X142.236 Y107.016 E3.72144
G1 X140.283 Y107.016 E3.77943
G1 E2.37943 F4800
;WIPE_START
G1 F5760
G1 X140.223 Y107.016 E2.33193
G1 X140.223 Y106.318 E1.77943
;WIPE_END
G92 E0
G1 X140.544 Y104.584 F7200
G1 E2 F4800
;TYPE:Internal infill
;WIDTH:0.45
G1 F9000
G1 X141.915 Y104.951 E2.04804
G1 E.64804 F4800
;WIPE_START
G1 F5760
G1 X141.183 Y104.755 E.04804
;WIPE_END
G92 E0
G1 X134.709 Y107.755 F7200
G1 E2 F4800
;TYPE:External perimeter
G1 F4860
G1 X134.709 Y100.245 E2.2542
G1 X138.2 Y100.245 E2.37237
G1 X138.2 Y107.755 E2.62657
G1 X134.769 Y107.755 E2.74271
G1 X135.091 Y107.373 F7200
;TYPE:Perimeter
;WIDTH:0.4
G1 F4860
G1 X135.091 Y100.627 E2.94301
G1 X137.818 Y100.627 E3.02398
G1 X137.818 Y107.373 E3.22428
G1 X135.151 Y107.373 E3.30347
G1 X135.448 Y107.016 F7200
G1 F4860
G1 X135.448 Y100.984 E3.48257
G1 X137.461 Y100.984 E3.54234
G1 X137.461 Y107.016 E3.72144
G1 X135.508 Y107.016 E3.77943
G1 X135.769 Y106.114 F7200
;TYPE:Internal infill
;WIDTH:0.45
G1 F9000
G1 X136.836 Y106.4 E3.81682
G1 X136.915 Y106.695 E3.82716
G1 E2.42716 F4800
;WIPE_START
G1 F5760
G1 X136.836 Y106.4 E2.18539
G1 X136.399 Y106.283 E1.82716
;WIPE_END
G92 E0
G1 X129.933 Y107.755 F7200
G1 E2 F4800
;TYPE:External perimeter
G1 F4860
G1 X129.933 Y100.245 E2.2542
G1 X133.425 Y100.245 E2.3724
G1 X133.425 Y107.755 E2.6266
G1 X129.993 Y107.755 E2.74277
G1 X130.315 Y107.373 F7200
;TYPE:Perimeter
;WIDTH:0.4
G1 F4860
G1 X130.315 Y100.627 E2.94307
G1 X133.043 Y100.627 E3.02407
G1 X133.043 Y107.373 E3.22437
G1 X130.375 Y107.373 E3.30359
G1 X130.673 Y107.016 F7200
G1 F4860
G1 X130.673 Y100.984 E3.48269
G1 X132.686 Y100.984 E3.54246
G1 X132.686 Y107.016 E3.72156
G1 X130.733 Y107.016 E3.77955
G1 E2.37955 F4800
;WIPE_START
G1 F5760
G1 X130.673 Y107.016 E2.33205
G1 X130.673 Y106.318 E1.77955
;WIPE_END
G92 E0
G1 X132.365 Y102.392 F7200
G1 E2 F4800
;TYPE:Internal infill
;WIDTH:0.45
G1 F9000
G1 X130.994 Y102.025 E2.04804
G1 E.64804 F4800
;WIPE_START
G1 F5760
G1 X131.726 Y102.221 E.04804
;WIPE_END
G92 E0
G1 X125.158 Y107.755 F7200
G1 E2 F4800
;TYPE:External perimeter
G1 F4860
G1 X125.158 Y100.245 E2.2542
G1 X128.65 Y100.245 E2.3724
G1 X128.65 Y107.755 E2.6266
G1 X125.218 Y107.755 E2.74277
G1 X125.54 Y107.373 F7200
;TYPE:Perimeter
;WIDTH:0.4
G1 F4860
G1 X125.54 Y100.627 E2.94307
G1 X128.268 Y100.627 E3.02407
G1 X128.268 Y107.373 E3.22437
G1 X125.6 Y107.373 E3.30359
G1 X125.897 Y107.016 F7200
G1 F4860
G1 X125.897 Y100.984 E3.48269
G1 X127.911 Y100.984 E3.54249
G1 X127.911 Y107.016 E3.72159
G1 X125.957 Y107.016 E3.77961
G1 E2.37961 F4800
;WIPE_START
G1 F5760
G1 X125.897 Y107.016 E2.33211
G1 X125.897 Y106.318 E1.77961
;WIPE_END
G92 E0
G1 X126.218 Y103.555 F7200
G1 E2 F4800
;TYPE:Internal infill
;WIDTH:0.45
G1 F9000
G1 X127.59 Y103.922 E2.04807
G1 E.64807 F4800
;WIPE_START
G1 F5760
G1 X126.858 Y103.726 E.04807
;WIPE_END
G92 E0
G1 X120.383 Y107.755 F7200
G1 E2 F4800
;TYPE:External perimeter
G1 F4860
G1 X120.383 Y100.245 E2.2542
G1 X123.875 Y100.245 E2.3724
G1 X123.875 Y107.755 E2.6266
G1 X120.443 Y107.755 E2.74277
G1 X120.765 Y107.373 F7200
;TYPE:Perimeter
;WIDTH:0.4
G1 F4860
G1 X120.765 Y100.627 E2.94307
G1 X123.492 Y100.627 E3.02404
G1 X123.492 Y107.373 E3.22434
G1 X120.825 Y107.373 E3.30353
G1 X121.122 Y107.016 F7200
G1 F4860
G1 X121.122 Y100.984 E3.48263
G1 X123.135 Y100.984 E3.5424
G1 X123.135 Y107.016 E3.7215
G1 X121.182 Y107.016 E3.77949
G1 E2.37949 F4800
;WIPE_START
G1 F5760
G1 X121.122 Y107.016 E2.33199
G1 X121.122 Y106.318 E1.77949
;WIPE_END
G92 E0
G1 X122.814 Y106.499 F7200
G1 E2 F4800
;TYPE:Internal infill
;WIDTH:0.45
G1 F9000
G1 X122.512 Y105.371 E2.03953
G1 X121.443 Y105.085 E2.07699
G1 E.67699 F4800
;WIPE_START
G1 F5760
G1 X122.175 Y105.281 E.07699
;WIPE_END
G92 E0
G1 X128.234 Y115.96 F7200
G1 E2 F4800
;TYPE:External perimeter
G1 X125.382 Y127.531 E2.40339
G1 X124.641 Y129.347 E2.46978
G1 X123.369 Y131.034 E2.5413
G1 X121.642 Y132.49 E2.61776
G1 X119.578 Y133.61 E2.69725
G1 X117.322 Y134.314 E2.77724
G1 X115.031 Y134.554 E2.85521
G1 X112.686 Y134.314 E2.935
G1 X110.43 Y133.61 E3.01499
G1 X108.366 Y132.49 E3.09448
G1 X106.639 Y131.034 E3.17094
G1 X105.367 Y129.347 E3.24246
G1 X104.627 Y127.531 E3.30884
G1 X101.775 Y115.96 E3.71223
G1 X128.174 Y115.96 E4.6058
G1 X127.746 Y116.342 F7200
;TYPE:Perimeter
;WIDTH:0.4
G1 F9000
G1 X125.017 Y127.413 E4.94435
G1 X124.306 Y129.157 E5.00027
G1 X123.09 Y130.77 E5.06025
G1 X121.426 Y132.173 E5.12487
G1 X119.429 Y133.256 E5.19232
G1 X117.245 Y133.938 E5.26025
G1 X115.03 Y134.17 E5.32638
G1 X112.763 Y133.938 E5.39404
G1 X110.579 Y133.256 E5.46197
G1 X108.583 Y132.173 E5.5294
G1 X106.918 Y130.77 E5.59405
G1 X105.702 Y129.157 E5.65403
G1 X104.991 Y127.413 E5.70995
G1 X102.262 Y116.342 E6.0485
G1 X127.686 Y116.342 E6.80337
G1 X127.29 Y116.699 F7200
G1 F9000
G1 X124.677 Y127.302 E7.12761
G1 X123.993 Y128.979 E7.18138
G1 X122.829 Y130.523 E7.23879
G1 X121.223 Y131.876 E7.30114
G1 X119.289 Y132.926 E7.36648
G1 X117.172 Y133.586 E7.43232
G1 X115.03 Y133.811 E7.49627
G1 X112.835 Y133.586 E7.56178
G1 X110.719 Y132.926 E7.62759
G1 X108.785 Y131.876 E7.69293
G1 X107.179 Y130.523 E7.75528
G1 X106.015 Y128.979 E7.81269
G1 X105.331 Y127.302 E7.86646
G1 X102.718 Y116.699 E8.1907
G1 X127.23 Y116.699 E8.91849
G1 E7.51849 F4800
;WIPE_START
G1 F5760
G1 X127.29 Y116.699 E7.47099
G1 X127.123 Y117.377 E6.91849
;WIPE_END
G92 E0
G1 X114.661 Y124.69 F7200
G1 E2 F4800
;TYPE:External perimeter
;WIDTH:0.45
G1 F4860
G1 X114.783 Y124.678 E2.00415
G1 X115.001 Y124.656 E2.01157
G1 X115.342 Y124.69 E2.02317
G1 X115.67 Y124.789 E2.03477
G1 X115.972 Y124.951 E2.04637
G1 X116.236 Y125.168 E2.05794
G1 X116.453 Y125.432 E2.06951
G1 X116.615 Y125.734 E2.08111
G1 X116.714 Y126.062 E2.09271
G1 X116.748 Y126.403 E2.10431
G1 X116.714 Y126.743 E2.11588
G1 X116.615 Y127.071 E2.12748
G1 X116.453 Y127.373 E2.13908
G1 X116.236 Y127.637 E2.15065
G1 X115.972 Y127.854 E2.16222
G1 X115.67 Y128.016 E2.17382
G1 X115.342 Y128.115 E2.18542
G1 X115.001 Y128.149 E2.19702
G1 X114.661 Y128.115 E2.20859
G1 X114.333 Y128.016 E2.22019
G1 X114.031 Y127.854 E2.23179
G1 X113.767 Y127.637 E2.24336
G1 X113.55 Y127.373 E2.25493
G1 X113.388 Y127.071 E2.26653
G1 X113.289 Y126.743 E2.27813
G1 X113.255 Y126.403 E2.2897
G1 X113.289 Y126.062 E2.3013
G1 X113.388 Y125.734 E2.3129
G1 X113.55 Y125.432 E2.3245
G1 X113.767 Y125.168 E2.33607
G1 X114.031 Y124.951 E2.34764
G1 X114.333 Y124.789 E2.35924
G1 X114.603 Y124.707 E2.36879
G1 X114.586 Y124.313 F7200
;TYPE:Perimeter
;WIDTH:0.4
G1 F4860
G1 X114.746 Y124.298 E2.37356
G1 X115.001 Y124.272 E2.38117
G1 X115.417 Y124.313 E2.39358
G1 X115.817 Y124.435 E2.406
G1 X116.185 Y124.631 E2.41838
G1 X116.508 Y124.896 E2.43078
G1 X116.773 Y125.219 E2.44318
G1 X116.969 Y125.587 E2.45556
G1 X117.091 Y125.987 E2.46798
G1 X117.132 Y126.403 E2.48039
G1 X117.091 Y126.818 E2.49277
G1 X116.969 Y127.218 E2.50519
G1 X116.773 Y127.586 E2.51757
G1 X116.508 Y127.909 E2.52997
G1 X116.185 Y128.174 E2.54237
G1 X115.817 Y128.371 E2.55476
G1 X115.417 Y128.492 E2.56717
G1 X115.001 Y128.533 E2.57958
G1 X114.586 Y128.492 E2.59196
G1 X114.186 Y128.371 E2.60437
G1 X113.818 Y128.174 E2.61676
G1 X113.495 Y127.909 E2.62916
G1 X113.23 Y127.586 E2.64156
G1 X113.034 Y127.218 E2.65394
G1 X112.912 Y126.818 E2.66636
G1 X112.871 Y126.403 E2.67874
G1 X112.912 Y125.987 E2.69115
G1 X113.034 Y125.587 E2.70357
G1 X113.23 Y125.219 E2.71595
G1 X113.495 Y124.896 E2.72835
G1 X113.818 Y124.631 E2.74075
G1 X114.186 Y124.435 E2.75313
G1 X114.529 Y124.331 E2.76377
G1 X114.516 Y123.961 F7200
G1 F4860
G1 X114.711 Y123.942 E2.76959
G1 X115.001 Y123.914 E2.77824
G1 X115.487 Y123.961 E2.79274
G1 X115.954 Y124.103 E2.80723
G1 X116.384 Y124.333 E2.82171
G1 X116.761 Y124.643 E2.8362
G1 X117.071 Y125.02 E2.85069
G1 X117.301 Y125.45 E2.86517
G1 X117.443 Y125.917 E2.87966
G1 X117.49 Y126.403 E2.89416
G1 X117.443 Y126.888 E2.90863
G1 X117.301 Y127.355 E2.92312
G1 X117.071 Y127.785 E2.9376
G1 X116.761 Y128.162 E2.95209
G1 X116.384 Y128.472 E2.96658
G1 X115.954 Y128.702 E2.98106
G1 X115.487 Y128.844 E2.99555
G1 X115.001 Y128.891 E3.01005
G1 X114.516 Y128.844 E3.02452
G1 X114.049 Y128.702 E3.03901
G1 X113.619 Y128.472 E3.05349
G1 X113.242 Y128.162 E3.06798
G1 X112.932 Y127.785 E3.08247
G1 X112.702 Y127.355 E3.09695
G1 X112.56 Y126.888 E3.11144
G1 X112.513 Y126.403 E3.12591
G1 X112.56 Y125.917 E3.14041
G1 X112.702 Y125.45 E3.1549
G1 X112.932 Y125.02 E3.16938
G1 X113.242 Y124.643 E3.18387
G1 X113.619 Y124.333 E3.19836
G1 X114.049 Y124.103 E3.21284
G1 X114.459 Y123.979 E3.22556
G1 X114.025 Y123.775 F7200
;TYPE:Internal infill
;WIDTH:0.45
G1 F9000
G1 X114.453 Y123.645 E3.2407
G1 X115.001 Y123.591 E3.25934
G1 X115.55 Y123.645 E3.27801
G1 X116.077 Y123.805 E3.29665
G1 X116.563 Y124.065 E3.31531
G1 X116.989 Y124.415 E3.33397
G1 X117.339 Y124.841 E3.35263
G1 X117.599 Y125.327 E3.37129
G1 X117.738 Y125.785 E3.38749
G1 X119.17 Y124.354 E3.45602
G1 X118.298 Y121.1 E3.57005
G1 X115.725 Y120.41 E3.66022
G1 X114.853 Y117.156 E3.77425
G1 X114.989 Y117.02 E3.78076
G1 X119.811 Y117.02 E3.94398
G1 E2.54398 F4800
;WIPE_START
G1 F5760
G1 X119.053 Y117.02 E1.94398
;WIPE_END
G92 E0
G1 X125.454 Y122.807 F7200
G1 E2 F4800
G1 F9000
G1 X126.705 Y117.733 E2.17689
G1 X126.211 Y117.601 E2.1942
G1 X126.055 Y117.02 E2.21456
G1 X125.634 Y117.02 E2.22881
G1 X125.817 Y117.706 E2.25284
G1 X123.934 Y119.59 E2.343
G1 X124.806 Y122.844 E2.45703
G1 X125.405 Y123.004 E2.47802
G1 X124.371 Y127.203 E2.6244
G1 X123.95 Y128.234 E2.6621
G1 X123.401 Y128.086 E2.68135
G1 X122.529 Y124.832 E2.79538
G1 X124.413 Y122.949 E2.88554
G1 X123.541 Y119.695 E2.99957
G1 X120.968 Y119.006 E3.08973
G1 X120.436 Y117.02 E3.15932
G1 X120.014 Y117.02 E3.1736
G1 X120.575 Y119.111 E3.24688
G1 X118.691 Y120.994 E3.33704
G1 X119.563 Y124.248 E3.45107
G1 X122.136 Y124.938 E3.54124
G1 X123.008 Y128.192 E3.65527
G1 X121.124 Y130.075 E3.74543
G1 X121.444 Y131.27 E3.7873
G1 X121.101 Y131.56 E3.8025
G1 X120.731 Y130.181 E3.85083
G1 X118.158 Y129.491 E3.941
G1 X117.61 Y127.444 E4.01273
G1 X117.331 Y127.975 E4.03303
G1 X117.765 Y129.596 E4.08983
G1 X115.882 Y131.48 E4.17999
G1 X116.382 Y133.346 E4.24538
G1 X115.972 Y133.389 E4.25933
G1 X115.488 Y131.585 E4.32255
G1 X112.915 Y130.896 E4.41271
G1 X112.044 Y127.642 E4.52673
G1 X112.358 Y127.327 E4.54178
G1 X112.664 Y127.964 E4.5657
G1 X113.013 Y128.391 E4.58437
G1 X113.44 Y128.74 E4.60304
G1 X113.926 Y129 E4.6217
G1 X114.453 Y129.16 E4.64034
G1 X115.001 Y129.214 E4.65898
G1 X115.55 Y129.16 E4.67765
G1 X116.077 Y129 E4.69629
G1 X116.563 Y128.74 E4.71495
G1 X116.99 Y128.391 E4.73362
G1 X117.201 Y128.132 E4.74493
G1 E3.34493 F4800
;WIPE_START
G1 F5760
G1 X116.99 Y128.391 E3.08046
G1 X116.662 Y128.659 E2.74493
;WIPE_END
G92 E0
G1 X115.769 Y133.41 F7200
G1 E2 F4800
G1 F9000
G1 X115.029 Y133.488 E2.02519
G1 X112.9 Y133.27 E2.09763
G1 X110.883 Y132.64 E2.16916
G1 X112.522 Y131.001 E2.24762
G1 X111.65 Y127.747 E2.36165
G1 X109.077 Y127.058 E2.45181
G1 X108.206 Y123.804 E2.56583
G1 X110.089 Y121.921 E2.65597
G1 X109.217 Y118.667 E2.77
G1 X106.644 Y117.977 E2.86017
G1 X106.388 Y117.02 E2.8937
G1 X105.966 Y117.02 E2.90798
G1 X106.251 Y118.083 E2.94523
G1 X104.368 Y119.966 E3.03537
G1 X105.239 Y123.22 E3.14939
G1 X107.812 Y123.909 E3.23955
G1 X108.684 Y127.163 E3.35358
G1 X106.801 Y129.047 E3.44374
G1 X106.984 Y129.731 E3.46771
G1 X107.414 Y130.3 E3.49185
G1 X108.967 Y131.61 E3.56062
G1 X110.701 Y132.551 E3.6274
G1 E2.2274 F4800
;WIPE_START
G1 F5760
G1 X110.035 Y132.189 E1.6274
;WIPE_END
G92 E0
G1 X106.475 Y129.056 F7200
G1 E2 F4800
G1 F9000
G1 X106.297 Y128.819 E2.01003
G1 X105.638 Y127.203 E2.0691
G1 X104.714 Y123.457 E2.1997
G1 X104.846 Y123.325 E2.20602
G1 X103.974 Y120.071 E2.32005
G1 X103.873 Y120.044 E2.32359
G1 X103.128 Y117.02 E2.42901
G1 X105.763 Y117.02 E2.5182
G1 X106.591 Y117.02 F7200
G1 F9000
G1 X111.151 Y117.02 E2.67255
G1 X109.61 Y118.561 E2.74632
G1 X110.482 Y121.815 E2.86035
G1 X113.055 Y122.505 E2.95052
G1 X113.469 Y124.049 E3.00463
G1 X113.838 Y123.852 E3.01879
G1 X113.448 Y122.399 E3.06971
G1 X115.332 Y120.516 E3.15987
G1 X114.46 Y117.262 E3.2739
G1 X113.558 Y117.02 E3.30551
G1 X111.355 Y117.02 E3.38008
G1 E1.98008 F4800
;WIPE_START
G1 F5760
G1 X112.113 Y117.02 E1.38008
;WIPE_END
G92 E0
G1 X115.608 Y107.755 F7200
G1 E2 F4800
;TYPE:External perimeter
G1 F4860
G1 X115.608 Y100.245 E2.2542
G1 X119.099 Y100.245 E2.37237
G1 X119.099 Y107.755 E2.62657
G1 X115.668 Y107.755 E2.74271
G1 X115.99 Y107.373 F7200
;TYPE:Perimeter
;WIDTH:0.4
G1 F4860
G1 X115.99 Y100.627 E2.94301
G1 X118.717 Y100.627 E3.02398
G1 X118.717 Y107.373 E3.22428
G1 X116.05 Y107.373 E3.30347
G1 X116.347 Y107.016 F7200
G1 F4860
G1 X116.347 Y100.984 E3.48257
G1 X118.36 Y100.984 E3.54234
G1 X118.36 Y107.016 E3.72144
G1 X116.407 Y107.016 E3.77943
G1 E2.37943 F4800
;WIPE_START
G1 F5760
G1 X116.347 Y107.016 E2.33193
G1 X116.347 Y106.318 E1.77943
;WIPE_END
G92 E0
G1 X117.619 Y101.305 F7200
G1 E2 F4800
;TYPE:Internal infill
;WIDTH:0.45
G1 F9000
G1 X116.668 Y101.305 E2.03219
G1 X116.668 Y106.615 E2.21193
G1 X116.966 Y106.695 E2.22237
G1 X117.669 Y106.695 E2.24617
G1 X118.039 Y106.294 E2.26464
G1 X118.039 Y101.363 E2.43155
G1 X117.822 Y101.305 E2.43915
G1 X117.894 Y101.305 E2.44159
G1 E1.04159 F4800
;WIPE_START
G1 F5760
G1 X117.822 Y101.305 E.98459
G1 X118.039 Y101.363 E.80677
G1 X118.039 Y101.824 E.44159
;WIPE_END
G92 E0
G1 X110.832 Y107.755 F7200
G1 E2 F4800
;TYPE:External perimeter
G1 F4860
G1 X110.832 Y100.245 E2.2542
G1 X114.324 Y100.245 E2.3724
G1 X114.324 Y107.755 E2.6266
G1 X110.892 Y107.755 E2.74277
G1 X111.215 Y107.373 F7200
;TYPE:Perimeter
;WIDTH:0.4
G1 F4860
G1 X111.215 Y100.627 E2.94307
G1 X113.942 Y100.627 E3.02404
G1 X113.942 Y107.373 E3.22434
G1 X111.275 Y107.373 E3.30353
G1 X111.572 Y107.016 F7200
G1 F4860
G1 X111.572 Y100.984 E3.48263
G1 X113.585 Y100.984 E3.5424
G1 X113.585 Y107.016 E3.7215
G1 X111.632 Y107.016 E3.77949
G1 E2.37949 F4800
;WIPE_START
G1 F5760
G1 X111.572 Y107.016 E2.33199
G1 X111.572 Y106.318 E1.77949
;WIPE_END
G92 E0
G1 X113.264 Y102.893 F7200
G1 E2 F4800
;TYPE:Internal infill
;WIDTH:0.45
G1 F9000
G1 X111.893 Y102.526 E2.04804
G1 E.64804 F4800
;WIPE_START
G1 F5760
G1 X112.625 Y102.722 E.04804
;WIPE_END
G92 E0
G1 X106.057 Y107.755 F7200
G1 E2 F4800
;TYPE:External perimeter
G1 F4860
G1 X106.057 Y100.245 E2.2542
G1 X109.549 Y100.245 E2.3724
G1 X109.549 Y107.755 E2.6266
G1 X106.117 Y107.755 E2.74277
G1 X106.439 Y107.373 F7200
;TYPE:Perimeter
;WIDTH:0.4
G1 F4860
G1 X106.439 Y100.627 E2.94307
G1 X109.167 Y100.627 E3.02407
G1 X109.167 Y107.373 E3.22437
G1 X106.499 Y107.373 E3.30359
G1 X106.796 Y107.016 F7200
G1 F4860
G1 X106.796 Y100.984 E3.48269
G1 X108.81 Y100.984 E3.54249
G1 X108.81 Y107.016 E3.72159
G1 X106.856 Y107.016 E3.77961
G1 E2.37961 F4800
;WIPE_START
G1 F5760
G1 X106.796 Y107.016 E2.33211
G1 X106.796 Y106.318 E1.77961
;WIPE_END
G92 E0
G1 X108.489 Y105.462 F7200
G1 E2 F4800
;TYPE:Internal infill
;WIDTH:0.45
G1 F9000
G1 X108.189 Y104.343 E2.03921
G1 X107.117 Y104.056 E2.07677
G1 E.67677 F4800
;WIPE_START
G1 F5760
G1 X107.849 Y104.252 E.07677
;WIPE_END
G92 E0
G1 X104.774 Y107.755 F7200
G1 E2 F4800
;TYPE:External perimeter
G1 F4860
G1 X101.282 Y107.755 E2.1182
G1 X101.282 Y100.245 E2.3724
G1 X104.774 Y100.245 E2.4906
G1 X104.774 Y107.695 E2.74277
G1 X104.392 Y107.373 F7200
;TYPE:Perimeter
;WIDTH:0.4
G1 F4860
G1 X101.664 Y107.373 E2.82377
G1 X101.664 Y100.627 E3.02407
G1 X104.392 Y100.627 E3.10507
G1 X104.392 Y107.313 E3.30359
G1 X104.034 Y107.016 F7200
G1 F4860
G1 X102.021 Y107.016 E3.36336
G1 X102.021 Y100.984 E3.54246
G1 X104.034 Y100.984 E3.60223
G1 X104.034 Y106.956 E3.77955
G1 E2.37955 F4800
;WIPE_START
G1 F5760
G1 X104.034 Y107.016 E2.33205
G1 X103.336 Y107.016 E1.77955
;WIPE_END
G92 E0
G1 X103.713 Y105.781 F7200
G1 E2 F4800
;TYPE:Internal infill
;WIDTH:0.45
G1 F9000
G1 X103.713 Y105.268 E2.01736
G1 X103.339 Y105.643 E2.03529
G1 X103.621 Y106.695 E2.07216
G1 X103.2 Y106.695 E2.08641
G1 X102.946 Y105.748 E2.1196
G1 X102.342 Y105.586 E2.14077
G1 X102.342 Y101.305 E2.28568
G1 X103.713 Y101.305 E2.33209
G1 X103.713 Y105.065 E2.45936
G1 E1.05936 F4800
;WIPE_START
G1 F5760
G1 X103.713 Y104.307 E.45936
;WIPE_END
G92 E0
G1 X99.998 Y107.755 F7200
G1 E2 F4800
;TYPE:External perimeter
G1 F4860
G1 X96.507 Y107.755 E2.11817
G1 X96.507 Y100.245 E2.37237
G1 X99.998 Y100.245 E2.49054
G1 X99.998 Y107.695 E2.74271
G1 X99.616 Y107.373 F7200
;TYPE:Perimeter
;WIDTH:0.4
G1 F4860
G1 X96.889 Y107.373 E2.82368
G1 X96.889 Y100.627 E3.02398
G1 X99.616 Y100.627 E3.10495
G1 X99.616 Y107.313 E3.30347
G1 X99.259 Y107.016 F7200
G1 F4860
G1 X97.246 Y107.016 E3.36324
G1 X97.246 Y100.984 E3.54234
G1 X99.259 Y100.984 E3.60211
G1 X99.259 Y106.956 E3.77943
G1 E2.37943 F4800
;WIPE_START
G1 F5760
G1 X99.259 Y107.016 E2.33193
G1 X98.561 Y107.016 E1.77943
;WIPE_END
G92 E0
G1 X98.938 Y101.661 F7200
G1 E2 F4800
;TYPE:Internal infill
;WIDTH:0.45
G1 F9000
G1 X98.938 Y101.305 E2.01205
G1 X97.567 Y101.305 E2.05846
G1 X97.567 Y101.497 E2.06496
G1 X98.938 Y101.864 E2.113
G1 X98.938 Y106.205 E2.25994
G1 X98.449 Y106.695 E2.28337
G1 X97.567 Y106.695 E2.31322
G1 X97.567 Y101.701 E2.48226
G1 E1.08226 F4800
;WIPE_START
G1 F5760
G1 X97.567 Y102.459 E.48226
;WIPE_END
G92 E0
G1 X95.223 Y107.755 F7200
G1 E2 F4800
;TYPE:External perimeter
G1 F4860
G1 X91.732 Y107.755 E2.11817
G1 X91.732 Y100.245 E2.37237
G1 X95.223 Y100.245 E2.49054
G1 X95.223 Y107.695 E2.74271
G1 X94.841 Y107.373 F7200
;TYPE:Perimeter
;WIDTH:0.4
G1 F4860
G1 X92.114 Y107.373 E2.82368
G1 X92.114 Y100.627 E3.02398
G1 X94.841 Y100.627 E3.10495
G1 X94.841 Y107.313 E3.30347
G1 X94.484 Y107.016 F7200
G1 F4860
G1 X92.471 Y107.016 E3.36324
G1 X92.471 Y100.984 E3.54234
G1 X94.484 Y100.984 E3.60211
G1 X94.484 Y106.956 E3.77943
G1 E2.37943 F4800
;WIPE_START
G1 F5760
G1 X94.484 Y107.016 E2.33193
G1 X93.786 Y107.016 E1.77943
;WIPE_END
G92 E0
G1 X94.163 Y104.426 F7200
G1 E2 F4800
;TYPE:Internal infill
;WIDTH:0.45
G1 F9000
G1 X93.865 Y103.315 E2.03894
G1 X92.792 Y103.027 E2.07655
G1 E.67655 F4800
;WIPE_START
G1 F5760
G1 X93.524 Y103.223 E.07655
;WIPE_END
G92 E0
G1 X90.448 Y107.755 F7200
G1 E2 F4800
;TYPE:External perimeter
G1 F4860
G1 X86.956 Y107.755 E2.1182
G1 X86.956 Y100.245 E2.3724
G1 X90.448 Y100.245 E2.4906
G1 X90.448 Y107.695 E2.74277
G1 X90.066 Y107.373 F7200
;TYPE:Perimeter
;WIDTH:0.4
G1 F4860
G1 X87.338 Y107.373 E2.82377
G1 X87.338 Y100.627 E3.02407
G1 X90.066 Y100.627 E3.10507
G1 X90.066 Y107.313 E3.30359
G1 X89.709 Y107.016 F7200
G1 F4860
G1 X87.696 Y107.016 E3.36336
G1 X87.696 Y100.984 E3.54246
G1 X89.709 Y100.984 E3.60223
G1 X89.709 Y106.956 E3.77955
G1 E2.37955 F4800
;WIPE_START
G1 F5760
G1 X89.709 Y107.016 E2.33205
G1 X89.011 Y107.016 E1.77955
;WIPE_END
G92 E0
G1 X89.388 Y104.745 F7200
G1 E2 F4800
;TYPE:Internal infill
;WIDTH:0.45
G1 F9000
G1 X89.388 Y104.242 E2.01703
G1 X89.016 Y104.614 E2.03484
G1 X89.388 Y106.003 E2.08351
G1 X89.388 Y106.695 E2.10693
G1 X89.152 Y106.695 E2.11492
G1 X88.622 Y104.719 E2.18417
G1 X88.017 Y104.557 E2.20537
G1 X88.017 Y101.305 E2.31545
G1 X89.388 Y101.305 E2.36186
G1 X89.388 Y104.038 E2.45437
G1 E1.05437 F4800
;WIPE_START
G1 F5760
G1 X89.388 Y103.28 E.45437
;WIPE_END
G92 E0
G1 X85.673 Y107.755 F7200
G1 E2 F4800
;TYPE:External perimeter
G1 F4860
G1 X82.181 Y107.755 E2.1182
G1 X82.181 Y100.245 E2.3724
G1 X85.673 Y100.245 E2.4906
G1 X85.673 Y107.695 E2.74277
G1 X85.291 Y107.373 F7200
;TYPE:Perimeter
;WIDTH:0.4
G1 F4860
G1 X82.563 Y107.373 E2.82377
G1 X82.563 Y100.627 E3.02407
G1 X85.291 Y100.627 E3.10507
G1 X85.291 Y107.313 E3.30359
G1 X84.934 Y107.016 F7200
G1 F4860
G1 X82.92 Y107.016 E3.36339
G1 X82.92 Y100.984 E3.54249
G1 X84.934 Y100.984 E3.60229
G1 X84.934 Y106.956 E3.77961
G1 X84.158 Y106.695 F7200
;TYPE:Internal infill
;WIDTH:0.45
G1 F9000
G1 X84.613 Y106.695 E3.79501
G1 X84.613 Y105.179 E3.84632
G1 X83.773 Y106.019 E3.88653
G1 X83.954 Y106.695 E3.91022
G1 X83.533 Y106.695 E3.92447
G1 X83.38 Y106.124 E3.94448
G1 X83.241 Y106.087 E3.94935
G1 X83.241 Y101.305 E4.11122
G1 X84.613 Y101.305 E4.15766
G1 X84.613 Y104.976 E4.28192
;LAYER_CHANGE
;Z:4.28
;HEIGHT:0.2
; BEFORE_LAYER_CHANGE 20 @ 4.28mm
G1 E2.88192 F4800
;WIPE_START
G1 F5760
G1 X84.613 Y104.218 E2.28192
;WIPE_END
G92 E0
G1 Z4.28 F7200
; AFTER_LAYER_CHANGE 20 @ 4.28mm
G1 X144.354 Y107.755
G1 E2 F4800
;TYPE:External perimeter
G1 F4860
G1 X144.354 Y100.245 E2.2542
G1 X147.656 Y100.245 E2.36597
G1 X147.656 Y107.755 E2.62017
G1 X144.414 Y107.755 E2.72991
G1 X144.736 Y107.373 F7200
;TYPE:Perimeter
;WIDTH:0.4
G1 F4860
G1 X144.736 Y100.627 E2.93021
G1 X147.274 Y100.627 E3.00557
G1 X147.274 Y107.373 E3.20587
G1 X144.796 Y107.373 E3.27945
G1 X145.093 Y107.016 F7200
G1 F4860
G1 X145.093 Y100.984 E3.45855
G1 X146.917 Y100.984 E3.51271
G1 X146.917 Y107.016 E3.69181
G1 X145.153 Y107.016 E3.74419
G1 E2.34419 F4800
;WIPE_START
G1 F5760
G1 X145.093 Y107.016 E2.29669
G1 X145.093 Y106.318 E1.74419
;WIPE_END
G92 E0
G1 X145.414 Y103.493 F7200
G1 E2 F4800
;TYPE:Internal infill
;WIDTH:0.45
G1 F9000
G1 X145.414 Y106.695 E2.10838
G1 X146.596 Y106.695 E2.14839
G1 X146.596 Y103.606 E2.25295
G1 X145.414 Y103.29 E2.29436
G1 X145.414 Y102.868 E2.30864
G1 X146.596 Y103.185 E2.35006
G1 X146.596 Y101.305 E2.4137
G1 X145.414 Y101.305 E2.45371
G1 X145.414 Y102.665 E2.49974
G1 E1.09974 F4800
;WIPE_START
G1 F5760
G1 X145.414 Y101.907 E.49974
;WIPE_END
G92 E0
G1 X139.579 Y107.755 F7200
G1 E2 F4800
;TYPE:External perimeter
G1 F4860
G1 X139.579 Y100.245 E2.2542
G1 X142.881 Y100.245 E2.36597
G1 X142.881 Y107.755 E2.62017
G1 X139.639 Y107.755 E2.72991
G1 X139.961 Y107.373 F7200
;TYPE:Perimeter
;WIDTH:0.4
G1 F4860
G1 X139.961 Y100.627 E2.93021
G1 X142.498 Y100.627 E3.00554
G1 X142.498 Y107.373 E3.20584
G1 X140.021 Y107.373 E3.27939
G1 X140.318 Y107.016 F7200
G1 F4860
G1 X140.318 Y100.984 E3.45849
G1 X142.141 Y100.984 E3.51262
G1 X142.141 Y107.016 E3.69172
G1 X140.378 Y107.016 E3.74407
G1 E2.34407 F4800
;WIPE_START
G1 F5760
G1 X140.318 Y107.016 E2.29657
G1 X140.318 Y106.318 E1.74407
;WIPE_END
G92 E0
G1 X140.639 Y105.024 F7200
G1 E2 F4800
;TYPE:Internal infill
;WIDTH:0.45
G1 F9000
G1 X140.639 Y106.695 E2.05656
G1 X141.82 Y106.695 E2.09654
G1 X141.82 Y105.137 E2.14928
G1 X140.639 Y104.82 E2.19067
G1 X140.639 Y104.399 E2.20492
G1 X141.82 Y104.715 E2.2463
G1 X141.82 Y101.305 E2.36172
G1 X140.639 Y101.305 E2.4017
G1 X140.639 Y104.195 E2.49952
G1 E1.09952 F4800
;WIPE_START
G1 F5760
G1 X140.639 Y103.437 E.49952
;WIPE_END
G92 E0
G1 X134.803 Y107.755 F7200
G1 E2 F4800
;TYPE:External perimeter
G1 F4860
G1 X134.803 Y100.245 E2.2542
G1 X138.105 Y100.245 E2.36597
G1 X138.105 Y107.755 E2.62017
G1 X134.863 Y107.755 E2.72991
G1 X135.186 Y107.373 F7200
;TYPE:Perimeter
;WIDTH:0.4
G1 F4860
G1 X135.186 Y100.627 E2.93021
G1 X137.723 Y100.627 E3.00554
G1 X137.723 Y107.373 E3.20584
G1 X135.246 Y107.373 E3.27939
G1 X135.543 Y107.016 F7200
G1 F4860
G1 X135.543 Y100.984 E3.45849
G1 X137.366 Y100.984 E3.51262
G1 X137.366 Y107.016 E3.69172
G1 X135.603 Y107.016 E3.74407
G1 X135.864 Y106.554 F7200
;TYPE:Internal infill
;WIDTH:0.45
G1 F9000
G1 X135.864 Y106.695 E3.74884
G1 X137.045 Y106.695 E3.78882
G1 X135.864 Y106.35 E3.83047
G1 X135.864 Y105.929 E3.84472
G1 X137.045 Y106.245 E3.8861
G1 X137.045 Y101.305 E4.05331
G1 X135.864 Y101.305 E4.09329
G1 X135.864 Y105.184 E4.22459
G1 E2.82459 F4800
;WIPE_START
G1 F5760
G1 X135.864 Y104.426 E2.22459
;WIPE_END
G92 E0
G1 X130.028 Y107.755 F7200
G1 E2 F4800
;TYPE:External perimeter
G1 F4860
G1 X130.028 Y100.245 E2.2542
G1 X133.33 Y100.245 E2.36597
G1 X133.33 Y107.755 E2.62017
G1 X130.088 Y107.755 E2.72991
G1 X130.41 Y107.373 F7200
;TYPE:Perimeter
;WIDTH:0.4
G1 F4860
G1 X130.41 Y100.627 E2.93021
G1 X132.948 Y100.627 E3.00557
G1 X132.948 Y107.373 E3.20587
G1 X130.47 Y107.373 E3.27945
G1 X130.767 Y107.016 F7200
G1 F4860
G1 X130.767 Y100.984 E3.45855
G1 X132.591 Y100.984 E3.51271
G1 X132.591 Y107.016 E3.69181
G1 X130.827 Y107.016 E3.74419
G1 E2.34419 F4800
;WIPE_START
G1 F5760
G1 X130.767 Y107.016 E2.29669
G1 X130.767 Y106.318 E1.74419
;WIPE_END
G92 E0
G1 X131.088 Y102.464 F7200
G1 E2 F4800
;TYPE:Internal infill
;WIDTH:0.45
G1 F9000
G1 X131.088 Y106.695 E2.14321
G1 X132.27 Y106.695 E2.18322
G1 X132.27 Y102.578 E2.32258
G1 X131.088 Y102.261 E2.364
G1 X131.088 Y101.84 E2.37825
G1 X132.27 Y102.156 E2.41966
G1 X132.27 Y101.305 E2.44847
G1 X131.088 Y101.305 E2.48848
G1 X131.088 Y101.636 E2.49968
G1 E1.09968 F4800
;WIPE_START
G1 F5760
G1 X131.088 Y101.305 E.83764
G1 X131.515 Y101.305 E.49968
;WIPE_END
G92 E0
G1 X125.253 Y107.755 F7200
G1 E2 F4800
;TYPE:External perimeter
G1 F4860
G1 X125.253 Y100.245 E2.2542
G1 X128.555 Y100.245 E2.36597
G1 X128.555 Y107.755 E2.62017
G1 X125.313 Y107.755 E2.72991
G1 X125.635 Y107.373 F7200
;TYPE:Perimeter
;WIDTH:0.4
G1 F4860
G1 X125.635 Y100.627 E2.93021
G1 X128.173 Y100.627 E3.00557
G1 X128.173 Y107.373 E3.20587
G1 X125.695 Y107.373 E3.27945
G1 X125.992 Y107.016 F7200
G1 F4860
G1 X125.992 Y100.984 E3.45855
G1 X127.816 Y100.984 E3.51271
G1 X127.816 Y107.016 E3.69181
G1 X126.052 Y107.016 E3.74419
G1 E2.34419 F4800
;WIPE_START
G1 F5760
G1 X125.992 Y107.016 E2.29669
G1 X125.992 Y106.318 E1.74419
;WIPE_END
G92 E0
G1 X127.495 Y104.311 F7200
G1 E2 F4800
;TYPE:Internal infill
;WIDTH:0.45
G1 F9000
G1 X127.495 Y106.695 E2.0807
G1 X126.313 Y106.695 E2.12071
G1 X126.313 Y103.791 E2.21901
G1 X127.495 Y104.108 E2.26043
G1 X127.495 Y103.686 E2.27471
G1 X126.313 Y103.37 E2.31612
G1 X126.313 Y101.305 E2.38602
G1 X127.495 Y101.305 E2.42603
G1 X127.495 Y103.483 E2.49975
G1 E1.09975 F4800
;WIPE_START
G1 F5760
G1 X127.495 Y102.725 E.49975
;WIPE_END
G92 E0
G1 X120.478 Y107.755 F7200
G1 E2 F4800
;TYPE:External perimeter
G1 F4860
G1 X120.478 Y100.245 E2.2542
G1 X123.78 Y100.245 E2.36597
G1 X123.78 Y107.755 E2.62017
G1 X120.538 Y107.755 E2.72991
G1 X120.86 Y107.373 F7200
;TYPE:Perimeter
;WIDTH:0.4
G1 F4860
G1 X120.86 Y100.627 E2.93021
G1 X123.398 Y100.627 E3.00557
G1 X123.398 Y107.373 E3.20587
G1 X120.92 Y107.373 E3.27945
G1 X121.217 Y107.016 F7200
G1 F4860
G1 X121.217 Y100.984 E3.45855
G1 X123.04 Y100.984 E3.51268
G1 X123.04 Y107.016 E3.69178
G1 X121.277 Y107.016 E3.74413
G1 E2.34413 F4800
;WIPE_START
G1 F5760
G1 X121.217 Y107.016 E2.29663
G1 X121.217 Y106.318 E1.74413
;WIPE_END
G92 E0
G1 X121.538 Y105.525 F7200
G1 E2 F4800
;TYPE:Internal infill
;WIDTH:0.45
G1 F9000
G1 X121.538 Y106.695 E2.0396
G1 X122.719 Y106.695 E2.07958
G1 X122.719 Y105.638 E2.11536
G1 X121.538 Y105.321 E2.15675
G1 X121.538 Y104.9 E2.171
G1 X122.719 Y105.216 E2.21238
G1 X122.719 Y101.305 E2.34476
G1 X121.538 Y101.305 E2.38474
G1 X121.538 Y104.696 E2.49952
G1 E1.09952 F4800
;WIPE_START
G1 F5760
G1 X121.538 Y103.938 E.49952
;WIPE_END
G92 E0
G1 X128.234 Y115.96 F7200
G1 E2 F4800
;TYPE:External perimeter
G1 X125.382 Y127.531 E2.40339
G1 X124.641 Y129.347 E2.46978
G1 X123.369 Y131.034 E2.5413
G1 X121.642 Y132.49 E2.61776
G1 X119.578 Y133.61 E2.69725
G1 X117.322 Y134.314 E2.77724
G1 X115.031 Y134.554 E2.85521
G1 X112.686 Y134.314 E2.935
G1 X110.43 Y133.61 E3.01499
G1 X108.366 Y132.49 E3.09448
G1 X106.639 Y131.034 E3.17094
G1 X105.367 Y129.347 E3.24246
G1 X104.627 Y127.531 E3.30884
G1 X101.775 Y115.96 E3.71223
G1 X128.174 Y115.96 E4.6058
G1 X127.746 Y116.342 F7200
;TYPE:Perimeter
;WIDTH:0.4
G1 F9000
G1 X125.017 Y127.413 E4.94435
G1 X124.306 Y129.157 E5.00027
G1 X123.09 Y130.77 E5.06025
G1 X121.426 Y132.173 E5.12487
G1 X119.429 Y133.256 E5.19232
G1 X117.245 Y133.938 E5.26025
G1 X115.03 Y134.17 E5.32638
G1 X112.763 Y133.938 E5.39404
G1 X110.579 Y133.256 E5.46197
G1 X108.583 Y132.173 E5.5294
G1 X106.918 Y130.77 E5.59405
G1 X105.702 Y129.157 E5.65403
G1 X104.991 Y127.413 E5.70995
G1 X102.262 Y116.342 E6.0485
G1 X127.686 Y116.342 E6.80337
G1 X127.29 Y116.699 F7200
G1 F9000
G1 X124.677 Y127.302 E7.12761
G1 X123.993 Y128.979 E7.18138
G1 X122.829 Y130.523 E7.23879
G1 X121.223 Y131.876 E7.30114
G1 X119.289 Y132.926 E7.36648
G1 X117.172 Y133.586 E7.43232
G1 X115.03 Y133.811 E7.49627
G1 X112.835 Y133.586 E7.56178
G1 X110.719 Y132.926 E7.62759
G1 X108.785 Y131.876 E7.69293
G1 X107.179 Y130.523 E7.75528
G1 X106.015 Y128.979 E7.81269
G1 X105.331 Y127.302 E7.86646
G1 X102.718 Y116.699 E8.1907
G1 X127.23 Y116.699 E8.91849
G1 E7.51849 F4800
;WIPE_START
G1 F5760
G1 X127.29 Y116.699 E7.47099
G1 X127.123 Y117.377 E6.91849
;WIPE_END
G92 E0
G1 X114.661 Y124.69 F7200
G1 E2 F4800
;TYPE:External perimeter
;WIDTH:0.45
G1 F4860
G1 X114.774 Y124.679 E2.00384
G1 X115.001 Y124.656 E2.01156
G1 X115.342 Y124.69 E2.02316
G1 X115.67 Y124.789 E2.03476
G1 X115.972 Y124.951 E2.04636
G1 X116.236 Y125.168 E2.05793
G1 X116.453 Y125.432 E2.0695
G1 X116.615 Y125.734 E2.0811
G1 X116.714 Y126.062 E2.0927
G1 X116.748 Y126.403 E2.1043
G1 X116.714 Y126.743 E2.11587
G1 X116.615 Y127.071 E2.12747
G1 X116.453 Y127.373 E2.13907
G1 X116.236 Y127.637 E2.15064
G1 X115.972 Y127.854 E2.16221
G1 X115.67 Y128.016 E2.17381
G1 X115.342 Y128.115 E2.18541
G1 X115.001 Y128.149 E2.19701
G1 X114.661 Y128.115 E2.20858
G1 X114.333 Y128.016 E2.22018
G1 X114.031 Y127.854 E2.23178
G1 X113.767 Y127.637 E2.24335
G1 X113.55 Y127.373 E2.25492
G1 X113.388 Y127.071 E2.26652
G1 X113.289 Y126.743 E2.27812
G1 X113.255 Y126.403 E2.28969
G1 X113.289 Y126.062 E2.30129
G1 X113.388 Y125.734 E2.31289
G1 X113.55 Y125.432 E2.32449
G1 X113.767 Y125.168 E2.33606
G1 X114.031 Y124.951 E2.34763
G1 X114.333 Y124.789 E2.35923
G1 X114.603 Y124.707 E2.36878
G1 X114.586 Y124.313 F7200
;TYPE:Perimeter
;WIDTH:0.4
G1 F4860
G1 X114.736 Y124.299 E2.37325
G1 X115.001 Y124.272 E2.38116
G1 X115.417 Y124.313 E2.39357
G1 X115.817 Y124.435 E2.40599
G1 X116.185 Y124.631 E2.41837
G1 X116.508 Y124.896 E2.43077
G1 X116.773 Y125.219 E2.44317
G1 X116.969 Y125.587 E2.45555
G1 X117.091 Y125.987 E2.46797
G1 X117.132 Y126.403 E2.48038
G1 X117.091 Y126.818 E2.49276
G1 X116.969 Y127.218 E2.50518
G1 X116.773 Y127.586 E2.51756
G1 X116.508 Y127.909 E2.52996
G1 X116.185 Y128.174 E2.54236
G1 X115.817 Y128.371 E2.55475
G1 X115.417 Y128.492 E2.56716
G1 X115.001 Y128.533 E2.57957
G1 X114.586 Y128.492 E2.59195
G1 X114.186 Y128.371 E2.60436
G1 X113.818 Y128.174 E2.61675
G1 X113.495 Y127.909 E2.62915
G1 X113.23 Y127.586 E2.64155
G1 X113.034 Y127.218 E2.65393
G1 X112.912 Y126.818 E2.66635
G1 X112.871 Y126.403 E2.67873
G1 X112.912 Y125.987 E2.69114
G1 X113.034 Y125.587 E2.70356
G1 X113.23 Y125.219 E2.71594
G1 X113.495 Y124.896 E2.72834
G1 X113.818 Y124.631 E2.74074
G1 X114.186 Y124.435 E2.75312
G1 X114.529 Y124.331 E2.76376
G1 X114.516 Y123.961 F7200
G1 F4860
G1 X114.701 Y123.943 E2.76928
G1 X115.001 Y123.914 E2.77823
G1 X115.487 Y123.961 E2.79273
G1 X115.954 Y124.103 E2.80722
G1 X116.384 Y124.333 E2.8217
G1 X116.761 Y124.643 E2.83619
G1 X117.071 Y125.02 E2.85068
G1 X117.301 Y125.45 E2.86516
G1 X117.443 Y125.917 E2.87965
G1 X117.49 Y126.403 E2.89415
G1 X117.443 Y126.888 E2.90862
G1 X117.301 Y127.355 E2.92311
G1 X117.071 Y127.785 E2.93759
G1 X116.761 Y128.162 E2.95208
G1 X116.384 Y128.472 E2.96657
G1 X115.954 Y128.702 E2.98105
G1 X115.487 Y128.844 E2.99554
G1 X115.001 Y128.891 E3.01004
G1 X114.516 Y128.844 E3.02451
G1 X114.049 Y128.702 E3.039
G1 X113.619 Y128.472 E3.05348
G1 X113.242 Y128.162 E3.06797
G1 X112.932 Y127.785 E3.08246
G1 X112.702 Y127.355 E3.09694
G1 X112.56 Y126.888 E3.11143
G1 X112.513 Y126.403 E3.1259
G1 X112.56 Y125.917 E3.1404
G1 X112.702 Y125.45 E3.15489
G1 X112.932 Y125.02 E3.16937
G1 X113.242 Y124.643 E3.18386
G1 X113.619 Y124.333 E3.19835
G1 X114.049 Y124.103 E3.21283
G1 X114.459 Y123.979 E3.22555
G1 X113.833 Y123.855 F7200
;TYPE:Internal infill
;WIDTH:0.45
G1 F9000
G1 X114.453 Y123.645 E3.24771
G1 X115.001 Y123.591 E3.26635
G1 X115.55 Y123.645 E3.28502
G1 X116.077 Y123.805 E3.30366
G1 X116.563 Y124.065 E3.32232
G1 X116.989 Y124.415 E3.34098
G1 X117.339 Y124.841 E3.35964
G1 X117.599 Y125.327 E3.3783
G1 X117.738 Y125.785 E3.3945
G1 X119.17 Y124.354 E3.46303
G1 X122.424 Y125.226 E3.57706
G1 X123.113 Y127.798 E3.66719
G1 X124.028 Y128.044 E3.69926
G1 X123.873 Y128.424 E3.71315
G1 X123.008 Y128.192 E3.74346
G1 X121.124 Y130.075 E3.83362
G1 X117.87 Y129.203 E3.94765
G1 X117.472 Y127.716 E3.99975
G1 X117.339 Y127.965 E4.00931
G1 X116.99 Y128.391 E4.02795
G1 X116.563 Y128.74 E4.04662
G1 X116.077 Y129 E4.06528
G1 X115.55 Y129.16 E4.08392
G1 X115.001 Y129.214 E4.10259
G1 X114.453 Y129.16 E4.12123
G1 X113.926 Y129 E4.13987
G1 X113.44 Y128.74 E4.15853
G1 X113.013 Y128.391 E4.1772
G1 X112.664 Y127.965 E4.19584
G1 X112.426 Y127.519 E4.21295
G1 E2.81295 F4800
;WIPE_START
G1 F5760
G1 X112.664 Y127.965 E2.41274
G1 X112.824 Y128.16 E2.21295
;WIPE_END
G92 E0
G1 X106.507 Y129.098 F7200
G1 E2 F4800
G1 F9000
G1 X107.414 Y130.3 E2.05097
G1 X108.967 Y131.61 E2.11974
G1 X110.883 Y132.64 E2.19337
G1 X112.522 Y131.001 E2.27183
G1 X115.776 Y131.873 E2.38586
G1 X116.177 Y133.368 E2.43825
G1 X117.107 Y133.27 E2.4699
G1 X119.164 Y132.628 E2.54284
G1 X121.041 Y131.61 E2.61512
G1 X121.273 Y131.415 E2.62538
G1 X121.019 Y130.468 E2.65857
G1 X117.765 Y129.596 E2.7726
G1 X115.882 Y131.48 E2.86276
G1 X112.628 Y130.608 E2.97679
G1 X111.938 Y128.035 E3.06696
G1 X108.684 Y127.163 E3.18099
G1 X106.801 Y129.047 E3.27115
G1 X106.384 Y128.935 E3.28577
G1 X105.638 Y127.203 E3.3496
G1 X104.714 Y123.457 E3.4802
G1 X104.846 Y123.325 E3.48652
G1 X108.1 Y124.197 E3.60055
G1 X108.79 Y126.77 E3.69072
G1 X112.044 Y127.642 E3.80475
G1 X112.358 Y127.327 E3.8198
G1 X112.244 Y126.951 E3.8331
G1 X112.19 Y126.403 E3.85174
G1 X112.244 Y125.854 E3.87041
G1 X112.404 Y125.327 E3.88905
G1 X112.664 Y124.841 E3.90771
G1 X113.013 Y124.415 E3.92635
G1 X113.653 Y123.951 E3.95311
G1 X113.343 Y122.792 E3.99372
G1 X110.089 Y121.921 E4.10774
G1 X108.206 Y123.804 E4.19788
G1 X104.952 Y122.932 E4.31191
G1 X104.262 Y120.359 E4.40208
G1 X103.929 Y120.27 E4.41375
G1 X103.818 Y119.819 E4.42947
G1 X104.368 Y119.966 E4.44874
G1 X106.251 Y118.083 E4.53888
G1 X109.505 Y118.954 E4.6529
G1 X110.194 Y121.527 E4.74306
G1 X113.448 Y122.399 E4.85709
G1 X115.332 Y120.516 E4.94725
G1 X118.586 Y121.388 E5.06128
G1 X119.275 Y123.961 E5.15144
G1 X122.529 Y124.832 E5.26546
G1 X124.413 Y122.949 E5.35562
G1 X125.357 Y123.202 E5.3887
G1 X125.454 Y122.807 E5.40247
G1 X124.518 Y122.556 E5.43527
G1 X123.829 Y119.983 E5.52543
G1 X120.575 Y119.111 E5.63946
G1 X118.691 Y120.994 E5.72962
G1 X115.437 Y120.123 E5.84364
G1 X114.748 Y117.55 E5.9338
G1 X112.772 Y117.02 E6.00305
G1 X111.151 Y117.02 E6.05792
G1 X109.61 Y118.561 E6.13169
G1 X106.356 Y117.689 E6.24572
G1 X106.177 Y117.02 E6.26916
G1 X103.128 Y117.02 E6.37237
G1 X103.769 Y119.621 E6.46304
G1 E5.06304 F4800
;WIPE_START
G1 F5760
G1 X103.588 Y118.885 E4.46304
;WIPE_END
G92 E0
G1 X114.786 Y117.02 F7200
G1 E2 F4800
G1 F9000
G1 X114.345 Y117.02 E2.01493
G1 X114.853 Y117.156 E2.03273
G1 X114.989 Y117.02 E2.03924
G1 X120.225 Y117.02 E2.21647
G1 X120.68 Y118.718 E2.27597
G1 X123.934 Y119.59 E2.39
G1 X125.817 Y117.706 E2.48016
G1 X126.656 Y117.931 E2.50956
G1 X126.753 Y117.536 E2.52333
G1 X125.923 Y117.313 E2.55242
G1 X125.844 Y117.02 E2.56269
G1 X120.429 Y117.02 E2.74598
G1 E1.34598 F4800
;WIPE_START
G1 F5760
G1 X121.187 Y117.02 E.74598
;WIPE_END
G92 E0
G1 X115.703 Y107.755 F7200
G1 E2 F4800
;TYPE:External perimeter
G1 F4860
G1 X115.703 Y100.245 E2.2542
G1 X119.004 Y100.245 E2.36593
G1 X119.004 Y107.755 E2.62013
G1 X115.763 Y107.755 E2.72983
G1 X116.085 Y107.373 F7200
;TYPE:Perimeter
;WIDTH:0.4
G1 F4860
G1 X116.085 Y100.627 E2.93013
G1 X118.622 Y100.627 E3.00546
G1 X118.622 Y107.373 E3.20576
G1 X116.145 Y107.373 E3.27931
G1 X116.442 Y107.016 F7200
G1 F4860
G1 X116.442 Y100.984 E3.45841
G1 X118.265 Y100.984 E3.51254
G1 X118.265 Y107.016 E3.69164
G1 X116.502 Y107.016 E3.74399
G1 E2.34399 F4800
;WIPE_START
G1 F5760
G1 X116.442 Y107.016 E2.29649
G1 X116.442 Y106.318 E1.74399
;WIPE_END
G92 E0
G1 X116.832 Y101.305 F7200
G1 E2 F4800
;TYPE:Internal infill
;WIDTH:0.45
G1 F9000
G1 X116.763 Y101.305 E2.00234
G1 X116.763 Y106.43 E2.17582
G1 X117.663 Y106.671 E2.20736
G1 X117.944 Y106.389 E2.22084
G1 X117.944 Y101.549 E2.38467
G1 X117.036 Y101.305 E2.4165
G1 X117.944 Y101.305 E2.44723
G1 X117.944 Y101.345 E2.44858
G1 E1.04858 F4800
;WIPE_START
G1 F5760
G1 X117.944 Y101.305 E1.01691
G1 X117.226 Y101.305 E.44858
;WIPE_END
G92 E0
G1 X110.927 Y107.755 F7200
G1 E2 F4800
;TYPE:External perimeter
G1 F4860
G1 X110.927 Y100.245 E2.2542
G1 X114.229 Y100.245 E2.36597
G1 X114.229 Y107.755 E2.62017
G1 X110.987 Y107.755 E2.72991
G1 X111.309 Y107.373 F7200
;TYPE:Perimeter
;WIDTH:0.4
G1 F4860
G1 X111.309 Y100.627 E2.93021
G1 X113.847 Y100.627 E3.00557
G1 X113.847 Y107.373 E3.20587
G1 X111.369 Y107.373 E3.27945
G1 X111.667 Y107.016 F7200
G1 F4860
G1 X111.667 Y100.984 E3.45855
G1 X113.49 Y100.984 E3.51268
G1 X113.49 Y107.016 E3.69178
G1 X111.727 Y107.016 E3.74413
G1 E2.34413 F4800
;WIPE_START
G1 F5760
G1 X111.667 Y107.016 E2.29663
G1 X111.667 Y106.318 E1.74413
;WIPE_END
G92 E0
G1 X111.988 Y102.966 F7200
G1 E2 F4800
;TYPE:Internal infill
;WIDTH:0.45
G1 F9000
G1 X111.988 Y106.695 E2.12622
G1 X113.169 Y106.695 E2.1662
G1 X113.169 Y103.079 E2.2886
G1 X111.988 Y102.762 E2.32999
G1 X111.988 Y102.341 E2.34424
G1 X113.169 Y102.657 E2.38562
G1 X113.169 Y101.305 E2.43138
G1 X111.988 Y101.305 E2.47136
G1 X111.988 Y102.137 E2.49952
G1 E1.09952 F4800
;WIPE_START
G1 F5760
G1 X111.988 Y101.379 E.49952
;WIPE_END
G92 E0
G1 X106.152 Y107.755 F7200
G1 E2 F4800
;TYPE:External perimeter
G1 F4860
G1 X106.152 Y100.245 E2.2542
G1 X109.454 Y100.245 E2.36597
G1 X109.454 Y107.755 E2.62017
G1 X106.212 Y107.755 E2.72991
G1 X106.534 Y107.373 F7200
;TYPE:Perimeter
;WIDTH:0.4
G1 F4860
G1 X106.534 Y100.627 E2.93021
G1 X109.072 Y100.627 E3.00557
G1 X109.072 Y107.373 E3.20587
G1 X106.594 Y107.373 E3.27945
G1 X106.891 Y107.016 F7200
G1 F4860
G1 X106.891 Y100.984 E3.45855
G1 X108.715 Y100.984 E3.51271
G1 X108.715 Y107.016 E3.69181
G1 X106.951 Y107.016 E3.74419
G1 E2.34419 F4800
;WIPE_START
G1 F5760
G1 X106.891 Y107.016 E2.29669
G1 X106.891 Y106.318 E1.74419
;WIPE_END
G92 E0
G1 X107.212 Y104.496 F7200
G1 E2 F4800
;TYPE:Internal infill
;WIDTH:0.45
G1 F9000
G1 X107.212 Y106.695 E2.07443
G1 X108.394 Y106.695 E2.11444
G1 X108.394 Y104.609 E2.18505
G1 X107.212 Y104.292 E2.22647
G1 X107.212 Y103.871 E2.24072
G1 X108.394 Y104.187 E2.28213
G1 X108.394 Y101.305 E2.37968
G1 X107.212 Y101.305 E2.41969
G1 X107.212 Y103.667 E2.49964
G1 E1.09964 F4800
;WIPE_START
G1 F5760
G1 X107.212 Y102.909 E.49964
;WIPE_END
G92 E0
G1 X104.679 Y107.755 F7200
G1 E2 F4800
;TYPE:External perimeter
G1 F4860
G1 X101.377 Y107.755 E2.11177
G1 X101.377 Y100.245 E2.36597
G1 X104.679 Y100.245 E2.47774
G1 X104.679 Y107.695 E2.72991
G1 X104.297 Y107.373 F7200
;TYPE:Perimeter
;WIDTH:0.4
G1 F4860
G1 X101.759 Y107.373 E2.80527
G1 X101.759 Y100.627 E3.00557
G1 X104.297 Y100.627 E3.08093
G1 X104.297 Y107.313 E3.27945
G1 X103.94 Y107.016 F7200
G1 F4860
G1 X102.116 Y107.016 E3.33361
G1 X102.116 Y100.984 E3.51271
G1 X103.94 Y100.984 E3.56687
G1 X103.94 Y106.956 E3.74419
G1 E2.34419 F4800
;WIPE_START
G1 F5760
G1 X103.94 Y107.016 E2.29669
G1 X103.242 Y107.016 E1.74419
;WIPE_END
G92 E0
G1 X102.437 Y106.026 F7200
G1 E2 F4800
;TYPE:Internal infill
;WIDTH:0.45
G1 F9000
G1 X102.437 Y106.695 E2.02264
G1 X103.41 Y106.695 E2.05557
G1 X103.234 Y106.036 E2.07866
G1 X102.437 Y105.822 E2.10659
G1 X102.437 Y105.401 E2.12084
G1 X103.339 Y105.643 E2.15245
G1 X103.619 Y105.363 E2.16585
G1 X103.619 Y101.305 E2.30321
G1 X102.437 Y101.305 E2.34322
G1 X102.437 Y105.197 E2.47496
G1 E1.07496 F4800
;WIPE_START
G1 F5760
G1 X102.437 Y104.439 E.47496
;WIPE_END
G92 E0
G1 X99.904 Y107.755 F7200
G1 E2 F4800
;TYPE:External perimeter
G1 F4860
G1 X96.602 Y107.755 E2.11177
G1 X96.602 Y100.245 E2.36597
G1 X99.904 Y100.245 E2.47774
G1 X99.904 Y107.695 E2.72991
G1 X99.521 Y107.373 F7200
;TYPE:Perimeter
;WIDTH:0.4
G1 F4860
G1 X96.984 Y107.373 E2.80524
G1 X96.984 Y100.627 E3.00554
G1 X99.521 Y100.627 E3.08087
G1 X99.521 Y107.313 E3.27939
G1 X99.164 Y107.016 F7200
G1 F4860
G1 X97.341 Y107.016 E3.33352
G1 X97.341 Y100.984 E3.51262
G1 X99.164 Y100.984 E3.56675
G1 X99.164 Y106.956 E3.74407
G1 E2.34407 F4800
;WIPE_START
G1 F5760
G1 X99.164 Y107.016 E2.29657
G1 X98.466 Y107.016 E1.74407
;WIPE_END
G92 E0
G1 X97.662 Y101.937 F7200
G1 E2 F4800
;TYPE:Internal infill
;WIDTH:0.45
G1 F9000
G1 X97.662 Y106.695 E2.16105
G1 X98.449 Y106.695 E2.18769
G1 X98.843 Y106.3 E2.20657
G1 X98.843 Y102.05 E2.35043
G1 X97.662 Y101.733 E2.39182
G1 X97.662 Y101.312 E2.40607
G1 X98.843 Y101.628 E2.44745
G1 X98.843 Y101.305 E2.45838
G1 X97.859 Y101.305 E2.49169
G1 E1.09169 F4800
;WIPE_START
G1 F5760
G1 X98.617 Y101.305 E.49169
;WIPE_END
G92 E0
G1 X95.128 Y107.755 F7200
G1 E2 F4800
;TYPE:External perimeter
G1 F4860
G1 X91.826 Y107.755 E2.11177
G1 X91.826 Y100.245 E2.36597
G1 X95.128 Y100.245 E2.47774
G1 X95.128 Y107.695 E2.72991
G1 X94.746 Y107.373 F7200
;TYPE:Perimeter
;WIDTH:0.4
G1 F4860
G1 X92.209 Y107.373 E2.80524
G1 X92.209 Y100.627 E3.00554
G1 X94.746 Y100.627 E3.08087
G1 X94.746 Y107.313 E3.27939
G1 X94.389 Y107.016 F7200
G1 F4860
G1 X92.566 Y107.016 E3.33352
G1 X92.566 Y100.984 E3.51262
G1 X94.389 Y100.984 E3.56675
G1 X94.389 Y106.956 E3.74407
G1 E2.34407 F4800
;WIPE_START
G1 F5760
G1 X94.389 Y107.016 E2.29657
G1 X93.691 Y107.016 E1.74407
;WIPE_END
G92 E0
G1 X92.887 Y103.467 F7200
G1 E2 F4800
;TYPE:Internal infill
;WIDTH:0.45
G1 F9000
G1 X92.887 Y106.695 E2.10926
G1 X94.068 Y106.695 E2.14924
G1 X94.068 Y103.58 E2.25468
G1 X92.887 Y103.263 E2.29607
G1 X92.887 Y102.842 E2.31032
G1 X94.068 Y103.158 E2.3517
G1 X94.068 Y101.305 E2.41442
G1 X92.887 Y101.305 E2.4544
G1 X92.887 Y102.638 E2.49952
G1 E1.09952 F4800
;WIPE_START
G1 F5760
G1 X92.887 Y101.88 E.49952
;WIPE_END
G92 E0
G1 X90.353 Y107.755 F7200
G1 E2 F4800
;TYPE:External perimeter
G1 F4860
G1 X87.051 Y107.755 E2.11177
G1 X87.051 Y100.245 E2.36597
G1 X90.353 Y100.245 E2.47774
G1 X90.353 Y107.695 E2.72991
G1 X89.971 Y107.373 F7200
;TYPE:Perimeter
;WIDTH:0.4
G1 F4860
G1 X87.433 Y107.373 E2.80527
G1 X87.433 Y100.627 E3.00557
G1 X89.971 Y100.627 E3.08093
G1 X89.971 Y107.313 E3.27945
G1 X89.614 Y107.016 F7200
G1 F4860
G1 X87.79 Y107.016 E3.33361
G1 X87.79 Y100.984 E3.51271
G1 X89.614 Y100.984 E3.56687
G1 X89.614 Y106.956 E3.74419
G1 E2.34419 F4800
;WIPE_START
G1 F5760
G1 X89.614 Y107.016 E2.29669
G1 X88.916 Y107.016 E1.74419
;WIPE_END
G92 E0
G1 X88.111 Y104.997 F7200
G1 E2 F4800
;TYPE:Internal infill
;WIDTH:0.45
G1 F9000
G1 X88.111 Y106.695 E2.05748
G1 X89.293 Y106.695 E2.09749
G1 X89.293 Y106.435 E2.10629
G1 X88.91 Y105.007 E2.15633
G1 X88.111 Y104.793 E2.18433
G1 X88.111 Y104.372 E2.19858
G1 X89.016 Y104.614 E2.23029
G1 X89.293 Y104.337 E2.24355
G1 X89.293 Y101.305 E2.34618
G1 X88.111 Y101.305 E2.38619
G1 X88.111 Y104.168 E2.4831
G1 E1.0831 F4800
;WIPE_START
G1 F5760
G1 X88.111 Y103.41 E.4831
;WIPE_END
G92 E0
G1 X85.578 Y107.755 F7200
G1 E2 F4800
;TYPE:External perimeter
G1 F4860
G1 X82.276 Y107.755 E2.11177
G1 X82.276 Y100.245 E2.36597
G1 X85.578 Y100.245 E2.47774
G1 X85.578 Y107.695 E2.72991
G1 X85.196 Y107.373 F7200
;TYPE:Perimeter
;WIDTH:0.4
G1 F4860
G1 X82.658 Y107.373 E2.80527
G1 X82.658 Y100.627 E3.00557
G1 X85.196 Y100.627 E3.08093
G1 X85.196 Y107.313 E3.27945
G1 X84.839 Y107.016 F7200
G1 F4860
G1 X83.015 Y107.016 E3.33361
G1 X83.015 Y100.984 E3.51271
G1 X84.839 Y100.984 E3.56687
G1 X84.839 Y106.956 E3.74419
G1 E2.34419 F4800
;WIPE_START
G1 F5760
G1 X84.839 Y107.016 E2.29669
G1 X84.141 Y107.016 E1.74419
;WIPE_END
G92 E0
G1 X84.518 Y105.478 F7200
G1 E2 F4800
;TYPE:Internal infill
;WIDTH:0.45
G1 F9000
G1 X84.518 Y106.695 E2.04119
G1 X83.743 Y106.695 E2.06742
G1 X83.668 Y106.412 E2.07733
G1 X83.336 Y106.323 E2.08896
G1 X83.336 Y105.902 E2.10321
G1 X83.773 Y106.019 E2.11852
G1 X84.518 Y105.274 E2.15418
G1 X84.518 Y101.305 E2.28853
G1 X83.336 Y101.305 E2.32854
G1 X83.336 Y105.698 E2.47724
;LAYER_CHANGE
;Z:4.48
;HEIGHT:0.2
; BEFORE_LAYER_CHANGE 21 @ 4.48mm
G1 E1.07724 F4800
;WIPE_START
G1 F5760
G1 X83.336 Y104.94 E.47724
;WIPE_END
G92 E0
G1 Z4.48 F7200
; AFTER_LAYER_CHANGE 21 @ 4.48mm
G1 X144.449 Y107.755
G1 E2 F4800
;TYPE:External perimeter
G1 F4860
G1 X144.449 Y100.245 E2.2542
G1 X147.561 Y100.245 E2.35954
G1 X147.561 Y107.755 E2.61374
G1 X144.509 Y107.755 E2.71705
G1 X144.831 Y107.373 F7200
;TYPE:Perimeter
;WIDTH:0.4
G1 F4860
G1 X144.831 Y100.627 E2.91735
G1 X147.179 Y100.627 E2.98707
G1 X147.179 Y107.373 E3.18737
G1 X144.891 Y107.373 E3.2553
G1 X145.188 Y107.016 F7200
G1 F4860
G1 X145.188 Y100.984 E3.4344
G1 X146.822 Y100.984 E3.48292
G1 X146.822 Y107.016 E3.66202
G1 X145.248 Y107.016 E3.70875
G1 E2.30875 F4800
;WIPE_START
G1 F5760
G1 X145.188 Y107.016 E2.26125
G1 X145.188 Y106.318 E1.70875
;WIPE_END
G92 E0
G1 X146.501 Y103.37 F7200
G1 E2 F4800
;TYPE:Internal infill
;WIDTH:0.45
G1 F9000
G1 X145.509 Y103.105 E2.03476
G1 E.63476 F4800
;WIPE_START
G1 F5760
G1 X146.241 Y103.301 E.03476
;WIPE_END
G92 E0
G1 X139.674 Y107.755 F7200
G1 E2 F4800
;TYPE:External perimeter
G1 F4860
G1 X139.674 Y100.245 E2.2542
G1 X142.786 Y100.245 E2.35954
G1 X142.786 Y107.755 E2.61374
G1 X139.734 Y107.755 E2.71705
G1 X140.056 Y107.373 F7200
;TYPE:Perimeter
;WIDTH:0.4
G1 F4860
G1 X140.056 Y100.627 E2.91735
G1 X142.404 Y100.627 E2.98707
G1 X142.404 Y107.373 E3.18737
G1 X140.116 Y107.373 E3.2553
G1 X140.413 Y107.016 F7200
G1 F4860
G1 X140.413 Y100.984 E3.4344
G1 X142.046 Y100.984 E3.48289
G1 X142.046 Y107.016 E3.66199
G1 X140.473 Y107.016 E3.70869
G1 E2.30869 F4800
;WIPE_START
G1 F5760
G1 X140.413 Y107.016 E2.26119
G1 X140.413 Y106.318 E1.70869
;WIPE_END
G92 E0
G1 X140.734 Y104.635 F7200
G1 E2 F4800
;TYPE:Internal infill
;WIDTH:0.45
G1 F9000
G1 X141.725 Y104.9 E2.03472
G1 E.63472 F4800
;WIPE_START
G1 F5760
G1 X140.993 Y104.704 E.03472
;WIPE_END
G92 E0
G1 X134.898 Y107.755 F7200
G1 E2 F4800
;TYPE:External perimeter
G1 F4860
G1 X134.898 Y100.245 E2.2542
G1 X138.01 Y100.245 E2.35954
G1 X138.01 Y107.755 E2.61374
G1 X134.958 Y107.755 E2.71705
G1 X135.28 Y107.373 F7200
;TYPE:Perimeter
;WIDTH:0.4
G1 F4860
G1 X135.28 Y100.627 E2.91735
G1 X137.628 Y100.627 E2.98707
G1 X137.628 Y107.373 E3.18737
G1 X135.34 Y107.373 E3.2553
G1 X135.637 Y107.016 F7200
G1 F4860
G1 X135.637 Y100.984 E3.4344
G1 X137.271 Y100.984 E3.48292
G1 X137.271 Y107.016 E3.66202
G1 X135.697 Y107.016 E3.70875
G1 X135.959 Y106.165 F7200
;TYPE:Internal infill
;WIDTH:0.45
G1 F9000
G1 X136.836 Y106.4 E3.73948
G1 X136.95 Y106.285 E3.74496
G1 E2.34496 F4800
;WIPE_START
G1 F5760
G1 X136.836 Y106.4 E2.21677
G1 X136.26 Y106.246 E1.74496
;WIPE_END
G92 E0
G1 X130.123 Y107.755 F7200
G1 E2 F4800
;TYPE:External perimeter
G1 F4860
G1 X130.123 Y100.245 E2.2542
G1 X133.235 Y100.245 E2.35954
G1 X133.235 Y107.755 E2.61374
G1 X130.183 Y107.755 E2.71705
G1 X130.505 Y107.373 F7200
;TYPE:Perimeter
;WIDTH:0.4
G1 F4860
G1 X130.505 Y100.627 E2.91735
G1 X132.853 Y100.627 E2.98707
G1 X132.853 Y107.373 E3.18737
G1 X130.565 Y107.373 E3.2553
G1 X130.862 Y107.016 F7200
G1 F4860
G1 X130.862 Y100.984 E3.4344
G1 X132.496 Y100.984 E3.48292
G1 X132.496 Y107.016 E3.66202
G1 X130.922 Y107.016 E3.70875
G1 E2.30875 F4800
;WIPE_START
G1 F5760
G1 X130.862 Y107.016 E2.26125
G1 X130.862 Y106.318 E1.70875
;WIPE_END
G92 E0
G1 X132.175 Y102.341 F7200
G1 E2 F4800
;TYPE:Internal infill
;WIDTH:0.45
G1 F9000
G1 X131.183 Y102.076 E2.03476
G1 E.63476 F4800
;WIPE_START
G1 F5760
G1 X131.915 Y102.272 E.03476
;WIPE_END
G92 E0
G1 X125.348 Y107.755 F7200
G1 E2 F4800
;TYPE:External perimeter
G1 F4860
G1 X125.348 Y100.245 E2.2542
G1 X128.46 Y100.245 E2.35954
G1 X128.46 Y107.755 E2.61374
G1 X125.408 Y107.755 E2.71705
G1 X125.73 Y107.373 F7200
;TYPE:Perimeter
;WIDTH:0.4
G1 F4860
G1 X125.73 Y100.627 E2.91735
G1 X128.078 Y100.627 E2.98707
G1 X128.078 Y107.373 E3.18737
G1 X125.79 Y107.373 E3.2553
G1 X126.087 Y107.016 F7200
G1 F4860
G1 X126.087 Y100.984 E3.4344
G1 X127.721 Y100.984 E3.48292
G1 X127.721 Y107.016 E3.66202
G1 X126.147 Y107.016 E3.70875
G1 E2.30875 F4800
;WIPE_START
G1 F5760
G1 X126.087 Y107.016 E2.26125
G1 X126.087 Y106.318 E1.70875
;WIPE_END
G92 E0
G1 X127.4 Y103.871 F7200
G1 E2 F4800
;TYPE:Internal infill
;WIDTH:0.45
G1 F9000
G1 X126.408 Y103.606 E2.03476
G1 E.63476 F4800
;WIPE_START
G1 F5760
G1 X127.14 Y103.802 E.03476
;WIPE_END
G92 E0
G1 X120.573 Y107.755 F7200
G1 E2 F4800
;TYPE:External perimeter
G1 F4860
G1 X120.573 Y100.245 E2.2542
G1 X123.685 Y100.245 E2.35954
G1 X123.685 Y107.755 E2.61374
G1 X120.633 Y107.755 E2.71705
G1 X120.955 Y107.373 F7200
;TYPE:Perimeter
;WIDTH:0.4
G1 F4860
G1 X120.955 Y100.627 E2.91735
G1 X123.303 Y100.627 E2.98707
G1 X123.303 Y107.373 E3.18737
G1 X121.015 Y107.373 E3.2553
G1 X121.312 Y107.016 F7200
G1 F4860
G1 X121.312 Y100.984 E3.4344
G1 X122.946 Y100.984 E3.48292
G1 X122.946 Y107.016 E3.66202
G1 X121.372 Y107.016 E3.70875
G1 E2.30875 F4800
;WIPE_START
G1 F5760
G1 X121.312 Y107.016 E2.26125
G1 X121.312 Y106.318 E1.70875
;WIPE_END
G92 E0
G1 X121.633 Y105.136 F7200
G1 E2 F4800
;TYPE:Internal infill
;WIDTH:0.45
G1 F9000
G1 X122.512 Y105.371 E2.0308
G1 X122.625 Y105.259 E2.03619
G1 E.63619 F4800
;WIPE_START
G1 F5760
G1 X122.512 Y105.371 E.51024
G1 X121.933 Y105.216 E.03619
;WIPE_END
G92 E0
G1 X128.234 Y115.96 F7200
G1 E2 F4800
;TYPE:External perimeter
G1 X125.382 Y127.531 E2.40339
G1 X124.641 Y129.347 E2.46978
G1 X123.369 Y131.034 E2.5413
G1 X121.642 Y132.49 E2.61776
G1 X119.578 Y133.61 E2.69725
G1 X117.322 Y134.314 E2.77724
G1 X115.031 Y134.554 E2.85521
G1 X112.686 Y134.314 E2.935
G1 X110.43 Y133.61 E3.01499
G1 X108.366 Y132.49 E3.09448
G1 X106.639 Y131.034 E3.17094
G1 X105.367 Y129.347 E3.24246
G1 X104.627 Y127.531 E3.30884
G1 X101.775 Y115.96 E3.71223
G1 X128.174 Y115.96 E4.6058
G1 X127.746 Y116.342 F7200
;TYPE:Perimeter
;WIDTH:0.4
G1 F9000
G1 X125.017 Y127.413 E4.94435
G1 X124.306 Y129.157 E5.00027
G1 X123.09 Y130.77 E5.06025
G1 X121.426 Y132.173 E5.12487
G1 X119.429 Y133.256 E5.19232
G1 X117.245 Y133.938 E5.26025
G1 X115.03 Y134.17 E5.32638
G1 X112.763 Y133.938 E5.39404
G1 X110.579 Y133.256 E5.46197
G1 X108.583 Y132.173 E5.5294
G1 X106.918 Y130.77 E5.59405
G1 X105.702 Y129.157 E5.65403
G1 X104.991 Y127.413 E5.70995
G1 X102.262 Y116.342 E6.0485
G1 X127.686 Y116.342 E6.80337
G1 X127.29 Y116.699 F7200
G1 F9000
G1 X124.677 Y127.302 E7.12761
G1 X123.993 Y128.979 E7.18138
G1 X122.829 Y130.523 E7.23879
G1 X121.223 Y131.876 E7.30114
G1 X119.289 Y132.926 E7.36648
G1 X117.172 Y133.586 E7.43232
G1 X115.03 Y133.811 E7.49627
G1 X112.835 Y133.586 E7.56178
G1 X110.719 Y132.926 E7.62759
G1 X108.785 Y131.876 E7.69293
G1 X107.179 Y130.523 E7.75528
G1 X106.015 Y128.979 E7.81269
G1 X105.331 Y127.302 E7.86646
G1 X102.718 Y116.699 E8.1907
G1 X127.23 Y116.699 E8.91849
G1 E7.51849 F4800
;WIPE_START
G1 F5760
G1 X127.29 Y116.699 E7.47099
G1 X127.123 Y117.377 E6.91849
;WIPE_END
G92 E0
G1 X114.661 Y124.69 F7200
G1 E2 F4800
;TYPE:External perimeter
;WIDTH:0.45
G1 F4860
G1 X114.764 Y124.68 E2.0035
G1 X115.001 Y124.656 E2.01156
G1 X115.342 Y124.69 E2.02316
G1 X115.67 Y124.789 E2.03476
G1 X115.972 Y124.951 E2.04636
G1 X116.236 Y125.168 E2.05793
G1 X116.453 Y125.432 E2.0695
G1 X116.615 Y125.734 E2.0811
G1 X116.714 Y126.062 E2.0927
G1 X116.748 Y126.403 E2.1043
G1 X116.714 Y126.743 E2.11587
G1 X116.615 Y127.071 E2.12747
G1 X116.453 Y127.373 E2.13907
G1 X116.236 Y127.637 E2.15064
G1 X115.972 Y127.854 E2.16221
G1 X115.67 Y128.016 E2.17381
G1 X115.342 Y128.115 E2.18541
G1 X115.001 Y128.149 E2.19701
G1 X114.661 Y128.115 E2.20858
G1 X114.333 Y128.016 E2.22018
G1 X114.031 Y127.854 E2.23178
G1 X113.767 Y127.637 E2.24335
G1 X113.55 Y127.373 E2.25492
G1 X113.388 Y127.071 E2.26652
G1 X113.289 Y126.743 E2.27812
G1 X113.255 Y126.403 E2.28969
G1 X113.289 Y126.062 E2.30129
G1 X113.388 Y125.734 E2.31289
G1 X113.55 Y125.432 E2.32449
G1 X113.767 Y125.168 E2.33606
G1 X114.031 Y124.951 E2.34763
G1 X114.333 Y124.789 E2.35923
G1 X114.603 Y124.707 E2.36878
G1 X114.586 Y124.313 F7200
;TYPE:Perimeter
;WIDTH:0.4
G1 F4860
G1 X114.726 Y124.3 E2.37295
G1 X115.001 Y124.272 E2.38116
G1 X115.417 Y124.313 E2.39357
G1 X115.817 Y124.435 E2.40599
G1 X116.185 Y124.631 E2.41837
G1 X116.508 Y124.896 E2.43077
G1 X116.773 Y125.219 E2.44317
G1 X116.969 Y125.587 E2.45555
G1 X117.091 Y125.987 E2.46797
G1 X117.132 Y126.403 E2.48038
G1 X117.091 Y126.818 E2.49276
G1 X116.969 Y127.218 E2.50518
G1 X116.773 Y127.586 E2.51756
G1 X116.508 Y127.909 E2.52996
G1 X116.185 Y128.174 E2.54236
G1 X115.817 Y128.371 E2.55475
G1 X115.417 Y128.492 E2.56716
G1 X115.001 Y128.533 E2.57957
G1 X114.586 Y128.492 E2.59195
G1 X114.186 Y128.371 E2.60436
G1 X113.818 Y128.174 E2.61675
G1 X113.495 Y127.909 E2.62915
G1 X113.23 Y127.586 E2.64155
G1 X113.034 Y127.218 E2.65393
G1 X112.912 Y126.818 E2.66635
G1 X112.871 Y126.403 E2.67873
G1 X112.912 Y125.987 E2.69114
G1 X113.034 Y125.587 E2.70356
G1 X113.23 Y125.219 E2.71594
G1 X113.495 Y124.896 E2.72834
G1 X113.818 Y124.631 E2.74074
G1 X114.186 Y124.435 E2.75312
G1 X114.529 Y124.331 E2.76376
G1 X114.516 Y123.961 F7200
G1 F4860
G1 X114.691 Y123.944 E2.76898
G1 X115.001 Y123.914 E2.77823
G1 X115.487 Y123.961 E2.79273
G1 X115.954 Y124.103 E2.80722
G1 X116.384 Y124.333 E2.8217
G1 X116.761 Y124.643 E2.83619
G1 X117.071 Y125.02 E2.85068
G1 X117.301 Y125.45 E2.86516
G1 X117.443 Y125.917 E2.87965
G1 X117.49 Y126.403 E2.89415
G1 X117.443 Y126.888 E2.90862
G1 X117.301 Y127.355 E2.92311
G1 X117.071 Y127.785 E2.93759
G1 X116.761 Y128.162 E2.95208
G1 X116.384 Y128.472 E2.96657
G1 X115.954 Y128.702 E2.98105
G1 X115.487 Y128.844 E2.99554
G1 X115.001 Y128.891 E3.01004
G1 X114.516 Y128.844 E3.02451
G1 X114.049 Y128.702 E3.039
G1 X113.619 Y128.472 E3.05348
G1 X113.242 Y128.162 E3.06797
G1 X112.932 Y127.785 E3.08246
G1 X112.702 Y127.355 E3.09694
G1 X112.56 Y126.888 E3.11143
G1 X112.513 Y126.403 E3.1259
G1 X112.56 Y125.917 E3.1404
G1 X112.702 Y125.45 E3.15489
G1 X112.932 Y125.02 E3.16937
G1 X113.242 Y124.643 E3.18386
G1 X113.619 Y124.333 E3.19835
G1 X114.049 Y124.103 E3.21283
G1 X114.459 Y123.979 E3.22555
G1 E1.82555 F4800
;WIPE_START
G1 F5760
G1 X114.516 Y123.961 E1.77823
G1 X114.691 Y123.944 E1.63904
G1 X115.001 Y123.914 E1.39248
G1 X115.211 Y123.934 E1.22555
;WIPE_END
G92 E0
G1 X117.612 Y125.37 F7200
G1 E2 F4800
;TYPE:Internal infill
;WIDTH:0.45
G1 F9000
G1 X117.339 Y124.841 E2.02015
G1 X116.99 Y124.415 E2.03879
G1 X116.563 Y124.065 E2.05748
G1 X116.077 Y123.805 E2.07614
G1 X115.55 Y123.645 E2.09478
G1 X115.001 Y123.591 E2.11345
G1 X114.453 Y123.645 E2.13209
G1 X113.926 Y123.805 E2.15073
G1 X113.653 Y123.951 E2.16121
G1 X113.343 Y122.792 E2.20182
G1 X115.725 Y120.41 E2.31585
G1 X118.298 Y121.1 E2.40602
G1 X120.68 Y118.718 E2.52005
G1 X120.225 Y117.02 E2.57955
G1 X125.844 Y117.02 E2.76975
G1 X125.923 Y117.313 E2.78002
G1 X123.541 Y119.695 E2.89405
G1 X120.968 Y119.006 E2.98421
G1 X118.586 Y121.388 E3.09824
G1 X119.275 Y123.961 E3.1884
G1 X117.671 Y125.565 E3.26518
G1 X117.777 Y126.035 E3.28149
G1 X119.563 Y124.248 E3.36701
G1 X122.136 Y124.938 E3.45718
G1 X124.518 Y122.556 E3.57121
G1 X123.829 Y119.983 E3.66137
G1 X126.211 Y117.601 E3.7754
G1 X126.705 Y117.733 E3.79271
G1 X125.405 Y123.004 E3.97647
G1 X124.806 Y122.844 E3.99746
G1 X122.424 Y125.226 E4.11149
G1 X123.113 Y127.798 E4.20162
G1 X120.731 Y130.181 E4.31567
G1 X118.158 Y129.491 E4.40584
G1 X115.776 Y131.873 E4.51987
G1 X116.177 Y133.368 E4.57226
G1 X117.107 Y133.27 E4.60391
G1 X119.164 Y132.628 E4.67685
G1 X121.041 Y131.61 E4.74913
G1 X121.273 Y131.415 E4.75939
G1 X121.019 Y130.468 E4.79258
G1 X123.401 Y128.086 E4.90661
G1 X123.95 Y128.234 E4.92586
G1 X124.371 Y127.203 E4.96356
G1 X125.357 Y123.202 E5.10304
G1 E3.70304 F4800
;WIPE_START
G1 F5760
G1 X125.176 Y123.938 E3.10304
;WIPE_END
G92 E0
G1 X112.532 Y127.717 F7200
G1 E2 F4800
G1 F9000
G1 X112.664 Y127.965 E2.00951
G1 X113.013 Y128.391 E2.02815
G1 X113.44 Y128.74 E2.04682
G1 X113.926 Y129 E2.06548
G1 X114.453 Y129.16 E2.08412
G1 X115.001 Y129.214 E2.10276
G1 X115.55 Y129.16 E2.12143
G1 X116.077 Y129 E2.14007
G1 X116.563 Y128.74 E2.15873
G1 X116.99 Y128.391 E2.1774
G1 X117.339 Y127.965 E2.19604
G1 X117.472 Y127.716 E2.2056
G1 X117.87 Y129.203 E2.2577
G1 X115.488 Y131.585 E2.37173
G1 X112.915 Y130.896 E2.46189
G1 X111.102 Y132.709 E2.54868
G1 X110.691 Y132.545 E2.56366
G1 X112.628 Y130.608 E2.65638
G1 X111.938 Y128.035 E2.74655
G1 X112.436 Y127.538 E2.77037
G1 X112.291 Y127.106 E2.78579
G1 X111.65 Y127.747 E2.81647
G1 X109.077 Y127.058 E2.90663
G1 X106.735 Y129.4 E3.01874
G1 X106.488 Y129.072 E3.03264
G1 X108.79 Y126.77 E3.14284
G1 X108.1 Y124.197 E3.23301
G1 X110.482 Y121.815 E3.34704
G1 X113.055 Y122.505 E3.43721
G1 X115.437 Y120.123 E3.55124
G1 X114.748 Y117.55 E3.6414
G1 X115.277 Y117.02 E3.66675
G1 X114.702 Y117.02 E3.68621
G1 X114.46 Y117.262 E3.69779
G1 X113.558 Y117.02 E3.7294
G1 X111.439 Y117.02 E3.80113
G1 X109.505 Y118.954 E3.89371
G1 X110.194 Y121.527 E3.98387
G1 X107.812 Y123.909 E4.0979
G1 X105.239 Y123.22 E4.18806
G1 X104.771 Y123.688 E4.21046
G1 X104.658 Y123.226 E4.22656
G1 X104.952 Y122.932 E4.24063
G1 X104.262 Y120.359 E4.3308
G1 X106.644 Y117.977 E4.44483
G1 X109.217 Y118.667 E4.535
G1 X110.864 Y117.02 E4.61384
G1 X106.177 Y117.02 E4.77249
G1 X106.356 Y117.689 E4.79593
G1 X103.974 Y120.071 E4.90996
G1 X103.873 Y120.044 E4.9135
G1 X103.128 Y117.02 E5.01892
G1 X105.974 Y117.02 E5.11525
G1 E3.71525 F4800
;WIPE_START
G1 F5760
G1 X105.216 Y117.02 E3.11525
;WIPE_END
G92 E0
G1 X115.797 Y107.755 F7200
G1 E2 F4800
;TYPE:External perimeter
G1 F4860
G1 X115.797 Y100.245 E2.2542
G1 X118.91 Y100.245 E2.35957
G1 X118.91 Y107.755 E2.61377
G1 X115.857 Y107.755 E2.71711
G1 X116.18 Y107.373 F7200
;TYPE:Perimeter
;WIDTH:0.4
G1 F4860
G1 X116.18 Y100.627 E2.91741
G1 X118.527 Y100.627 E2.9871
G1 X118.527 Y107.373 E3.1874
G1 X116.24 Y107.373 E3.2553
G1 X116.537 Y107.016 F7200
G1 F4860
G1 X116.537 Y100.984 E3.4344
G1 X118.17 Y100.984 E3.48289
G1 X118.17 Y107.016 E3.66199
G1 X116.597 Y107.016 E3.70869
G1 E2.30869 F4800
;WIPE_START
G1 F5760
G1 X116.537 Y107.016 E2.26119
G1 X116.537 Y106.318 E1.70869
;WIPE_END
G92 E0
G1 X117.619 Y101.305 F7200
G1 E2 F4800
;TYPE:Internal infill
;WIDTH:0.45
G1 F9000
G1 X117.849 Y101.312 E2.00779
G1 X117.849 Y106.196 E2.17311
G1 X117.351 Y106.695 E2.19697
G1 X116.966 Y106.695 E2.21
G1 X116.858 Y106.666 E2.21379
G1 X116.858 Y101.305 E2.39525
G1 X117.619 Y101.305 E2.42101
G1 E1.02101 F4800
;WIPE_START
G1 F5760
G1 X116.861 Y101.305 E.42101
;WIPE_END
G92 E0
G1 X111.022 Y107.755 F7200
G1 E2 F4800
;TYPE:External perimeter
G1 F4860
G1 X111.022 Y100.245 E2.2542
G1 X114.134 Y100.245 E2.35954
G1 X114.134 Y107.755 E2.61374
G1 X111.082 Y107.755 E2.71705
G1 X111.404 Y107.373 F7200
;TYPE:Perimeter
;WIDTH:0.4
G1 F4860
G1 X111.404 Y100.627 E2.91735
G1 X113.752 Y100.627 E2.98707
G1 X113.752 Y107.373 E3.18737
G1 X111.464 Y107.373 E3.2553
G1 X111.761 Y107.016 F7200
G1 F4860
G1 X111.761 Y100.984 E3.4344
G1 X113.395 Y100.984 E3.48292
G1 X113.395 Y107.016 E3.66202
G1 X111.821 Y107.016 E3.70875
G1 E2.30875 F4800
;WIPE_START
G1 F5760
G1 X111.761 Y107.016 E2.26125
G1 X111.761 Y106.318 E1.70875
;WIPE_END
G92 E0
G1 X113.074 Y102.843 F7200
G1 E2 F4800
;TYPE:Internal infill
;WIDTH:0.45
G1 F9000
G1 X112.082 Y102.577 E2.03476
G1 E.63476 F4800
;WIPE_START
G1 F5760
G1 X112.814 Y102.773 E.03476
;WIPE_END
G92 E0
G1 X106.247 Y107.755 F7200
G1 E2 F4800
;TYPE:External perimeter
G1 F4860
G1 X106.247 Y100.245 E2.2542
G1 X109.359 Y100.245 E2.35954
G1 X109.359 Y107.755 E2.61374
G1 X106.307 Y107.755 E2.71705
G1 X106.629 Y107.373 F7200
;TYPE:Perimeter
;WIDTH:0.4
G1 F4860
G1 X106.629 Y100.627 E2.91735
G1 X108.977 Y100.627 E2.98707
G1 X108.977 Y107.373 E3.18737
G1 X106.689 Y107.373 E3.2553
G1 X106.986 Y107.016 F7200
G1 F4860
G1 X106.986 Y100.984 E3.4344
G1 X108.62 Y100.984 E3.48292
G1 X108.62 Y107.016 E3.66202
G1 X107.046 Y107.016 E3.70875
G1 E2.30875 F4800
;WIPE_START
G1 F5760
G1 X106.986 Y107.016 E2.26125
G1 X106.986 Y106.318 E1.70875
;WIPE_END
G92 E0
G1 X107.307 Y104.107 F7200
G1 E2 F4800
;TYPE:Internal infill
;WIDTH:0.45
G1 F9000
G1 X108.189 Y104.343 E2.0309
G1 X108.299 Y104.233 E2.03617
G1 E.63617 F4800
;WIPE_START
G1 F5760
G1 X108.189 Y104.343 E.51302
G1 X107.607 Y104.187 E.03617
;WIPE_END
G92 E0
G1 X104.584 Y107.755 F7200
G1 E2 F4800
;TYPE:External perimeter
G1 F4860
G1 X101.472 Y107.755 E2.10534
G1 X101.472 Y100.245 E2.35954
G1 X104.584 Y100.245 E2.46488
G1 X104.584 Y107.695 E2.71705
G1 X104.202 Y107.373 F7200
;TYPE:Perimeter
;WIDTH:0.4
G1 F4860
G1 X101.854 Y107.373 E2.78677
G1 X101.854 Y100.627 E2.98707
G1 X104.202 Y100.627 E3.05679
G1 X104.202 Y107.313 E3.25531
G1 X103.845 Y107.016 F7200
G1 F4860
G1 X102.211 Y107.016 E3.30383
G1 X102.211 Y100.984 E3.48293
G1 X103.845 Y100.984 E3.53145
G1 X103.845 Y106.956 E3.70877
G1 E2.30877 F4800
;WIPE_START
G1 F5760
G1 X103.845 Y107.016 E2.26127
G1 X103.147 Y107.016 E1.70877
;WIPE_END
G92 E0
G1 X102.532 Y105.84 F7200
G1 E2 F4800
;TYPE:Internal infill
;WIDTH:0.45
G1 F9000
G1 X102.532 Y106.695 E2.02894
G1 X103.41 Y106.695 E2.05866
G1 X103.234 Y106.036 E2.08175
G1 X103.524 Y105.746 E2.09563
G1 X103.524 Y105.17 E2.11513
G1 X102.946 Y105.748 E2.1428
G1 X102.532 Y105.637 E2.15731
G1 X102.532 Y101.305 E2.30394
G1 X103.524 Y101.305 E2.33752
G1 X103.524 Y104.967 E2.46147
G1 E1.06147 F4800
;WIPE_START
G1 F5760
G1 X103.524 Y104.209 E.46147
;WIPE_END
G92 E0
G1 X99.809 Y107.755 F7200
G1 E2 F4800
;TYPE:External perimeter
G1 F4860
G1 X96.697 Y107.755 E2.10534
G1 X96.697 Y100.245 E2.35954
G1 X99.809 Y100.245 E2.46488
G1 X99.809 Y107.695 E2.71705
G1 X99.427 Y107.373 F7200
;TYPE:Perimeter
;WIDTH:0.4
G1 F4860
G1 X97.079 Y107.373 E2.78677
G1 X97.079 Y100.627 E2.98707
G1 X99.427 Y100.627 E3.05679
G1 X99.427 Y107.313 E3.25531
G1 X99.07 Y107.016 F7200
G1 F4860
G1 X97.436 Y107.016 E3.30383
G1 X97.436 Y100.984 E3.48293
G1 X99.07 Y100.984 E3.53145
G1 X99.07 Y106.956 E3.70877
G1 X98.365 Y106.695 F7200
;TYPE:Internal infill
;WIDTH:0.45
G1 F9000
G1 X98.748 Y106.683 E3.72174
G1 X98.748 Y106.107 E3.74124
G1 X98.161 Y106.695 E3.76936
G1 X97.757 Y106.695 E3.78303
G1 X97.757 Y101.548 E3.95725
G1 X98.748 Y101.814 E3.99198
G1 X98.748 Y105.904 E4.13042
G1 E2.73042 F4800
;WIPE_START
G1 F5760
G1 X98.748 Y105.146 E2.13042
;WIPE_END
G92 E0
G1 X95.033 Y107.755 F7200
G1 E2 F4800
;TYPE:External perimeter
G1 F4860
G1 X91.921 Y107.755 E2.10534
G1 X91.921 Y100.245 E2.35954
G1 X95.033 Y100.245 E2.46488
G1 X95.033 Y107.695 E2.71705
G1 X94.651 Y107.373 F7200
;TYPE:Perimeter
;WIDTH:0.4
G1 F4860
G1 X92.303 Y107.373 E2.78677
G1 X92.303 Y100.627 E2.98707
G1 X94.651 Y100.627 E3.05679
G1 X94.651 Y107.313 E3.25531
G1 X94.294 Y107.016 F7200
G1 F4860
G1 X92.661 Y107.016 E3.3038
G1 X92.661 Y100.984 E3.4829
G1 X94.294 Y100.984 E3.53139
G1 X94.294 Y106.956 E3.70871
G1 E2.30871 F4800
;WIPE_START
G1 F5760
G1 X94.294 Y107.016 E2.26121
G1 X93.596 Y107.016 E1.70871
;WIPE_END
G92 E0
G1 X93.973 Y103.207 F7200
G1 E2 F4800
;TYPE:Internal infill
;WIDTH:0.45
G1 F9000
G1 X93.865 Y103.315 E2.00517
G1 X92.982 Y103.078 E2.03612
G1 E.63612 F4800
;WIPE_START
G1 F5760
G1 X93.714 Y103.274 E.03612
;WIPE_END
G92 E0
G1 X90.258 Y107.755 F7200
G1 E2 F4800
;TYPE:External perimeter
G1 F4860
G1 X87.146 Y107.755 E2.10534
G1 X87.146 Y100.245 E2.35954
G1 X90.258 Y100.245 E2.46488
G1 X90.258 Y107.695 E2.71705
G1 X89.876 Y107.373 F7200
;TYPE:Perimeter
;WIDTH:0.4
G1 F4860
G1 X87.528 Y107.373 E2.78677
G1 X87.528 Y100.627 E2.98707
G1 X89.876 Y100.627 E3.05679
G1 X89.876 Y107.313 E3.25531
G1 X89.519 Y107.016 F7200
G1 F4860
G1 X87.885 Y107.016 E3.30383
G1 X87.885 Y100.984 E3.48293
G1 X89.519 Y100.984 E3.53145
G1 X89.519 Y106.956 E3.70877
G1 E2.30877 F4800
;WIPE_START
G1 F5760
G1 X89.519 Y107.016 E2.26127
G1 X88.821 Y107.016 E1.70877
;WIPE_END
G92 E0
G1 X88.206 Y104.812 F7200
G1 E2 F4800
;TYPE:Internal infill
;WIDTH:0.45
G1 F9000
G1 X88.206 Y106.695 E2.06374
G1 X89.198 Y106.695 E2.09732
G1 X89.198 Y106.081 E2.1181
G1 X88.91 Y105.007 E2.15574
G1 X89.198 Y104.72 E2.1695
G1 X89.198 Y104.144 E2.189
G1 X88.622 Y104.719 E2.21655
G1 X88.206 Y104.608 E2.23112
G1 X88.206 Y101.305 E2.34292
G1 X89.198 Y101.305 E2.3765
G1 X89.198 Y103.94 E2.46569
G1 E1.06569 F4800
;WIPE_START
G1 F5760
G1 X89.198 Y103.182 E.46569
;WIPE_END
G92 E0
G1 X85.483 Y107.755 F7200
G1 E2 F4800
;TYPE:External perimeter
G1 F4860
G1 X82.371 Y107.755 E2.10534
G1 X82.371 Y100.245 E2.35954
G1 X85.483 Y100.245 E2.46488
G1 X85.483 Y107.695 E2.71705
G1 X85.101 Y107.373 F7200
;TYPE:Perimeter
;WIDTH:0.4
G1 F4860
G1 X82.753 Y107.373 E2.78677
G1 X82.753 Y100.627 E2.98707
G1 X85.101 Y100.627 E3.05679
G1 X85.101 Y107.313 E3.25531
G1 X84.744 Y107.016 F7200
G1 F4860
G1 X83.11 Y107.016 E3.30383
G1 X83.11 Y100.984 E3.48293
G1 X84.744 Y100.984 E3.53145
G1 X84.744 Y106.956 E3.70877
G1 E2.30877 F4800
;WIPE_START
G1 F5760
G1 X84.744 Y107.016 E2.26127
G1 X84.046 Y107.016 E1.70877
;WIPE_END
G92 E0
G1 X84.423 Y105.86 F7200
G1 E2 F4800
;TYPE:Internal infill
;WIDTH:0.45
G1 F9000
G1 X84.423 Y106.695 E2.02826
G1 X83.743 Y106.695 E2.05128
G1 X83.668 Y106.412 E2.06119
G1 X84.423 Y105.657 E2.09733
G1 X84.423 Y105.081 E2.11683
G1 X83.431 Y106.073 E2.16432
G1 X83.431 Y101.305 E2.32571
G1 X84.423 Y101.305 E2.35929
G1 X84.423 Y104.878 E2.48023
;LAYER_CHANGE
;Z:4.68
;HEIGHT:0.2
; BEFORE_LAYER_CHANGE 22 @ 4.68mm
G1 E1.08023 F4800
;WIPE_START
G1 F5760
G1 X84.423 Y104.12 E.48023
;WIPE_END
G92 E0
G1 Z4.68 F7200
; AFTER_LAYER_CHANGE 22 @ 4.68mm
G1 X144.544 Y107.755
G1 E2 F4800
;TYPE:External perimeter
G1 F4860
G1 X144.544 Y100.245 E2.2542
G1 X147.466 Y100.245 E2.35311
G1 X147.466 Y107.755 E2.60731
G1 X144.604 Y107.755 E2.70419
G1 X144.926 Y107.373 F7200
;TYPE:Perimeter
;WIDTH:0.4
G1 F4860
G1 X144.926 Y100.627 E2.90449
G1 X147.084 Y100.627 E2.96856
G1 X147.084 Y107.373 E3.16886
G1 X144.986 Y107.373 E3.23115
G1 X145.283 Y107.016 F7200
G1 F4860
G1 X145.283 Y100.984 E3.41025
G1 X146.727 Y100.984 E3.45312
G1 X146.727 Y107.016 E3.63222
G1 X145.343 Y107.016 E3.67331
G1 E2.27331 F4800
;WIPE_START
G1 F5760
G1 X145.283 Y107.016 E2.22581
G1 X145.283 Y106.318 E1.67331
;WIPE_END
G92 E0
G1 X146.406 Y103.345 F7200
G1 E2 F4800
;TYPE:Internal infill
;WIDTH:0.45
G1 F9000
G1 X145.604 Y103.13 E2.02811
G1 E.62811 F4800
;WIPE_START
G1 F5760
G1 X146.336 Y103.326 E.02811
;WIPE_END
G92 E0
G1 X139.768 Y107.755 F7200
G1 E2 F4800
;TYPE:External perimeter
G1 F4860
G1 X139.768 Y100.245 E2.2542
G1 X142.691 Y100.245 E2.35314
G1 X142.691 Y107.755 E2.60734
G1 X139.828 Y107.755 E2.70425
G1 X140.151 Y107.373 F7200
;TYPE:Perimeter
;WIDTH:0.4
G1 F4860
G1 X140.151 Y100.627 E2.90455
G1 X142.309 Y100.627 E2.96862
G1 X142.309 Y107.373 E3.16892
G1 X140.211 Y107.373 E3.23121
G1 X140.508 Y107.016 F7200
G1 F4860
G1 X140.508 Y100.984 E3.41031
G1 X141.952 Y100.984 E3.45318
G1 X141.952 Y107.016 E3.63228
G1 X140.568 Y107.016 E3.67337
G1 E2.27337 F4800
;WIPE_START
G1 F5760
G1 X140.508 Y107.016 E2.22587
G1 X140.508 Y106.318 E1.67337
;WIPE_END
G92 E0
G1 X140.829 Y104.66 F7200
G1 E2 F4800
;TYPE:Internal infill
;WIDTH:0.45
G1 F9000
G1 X141.631 Y104.875 E2.02811
G1 E.62811 F4800
;WIPE_START
G1 F5760
G1 X140.899 Y104.679 E.02811
;WIPE_END
G92 E0
G1 X134.993 Y107.755 F7200
G1 E2 F4800
;TYPE:External perimeter
G1 F4860
G1 X134.993 Y100.245 E2.2542
G1 X137.916 Y100.245 E2.35314
G1 X137.916 Y107.755 E2.60734
G1 X135.053 Y107.755 E2.70425
G1 X135.375 Y107.373 F7200
;TYPE:Perimeter
;WIDTH:0.4
G1 F4860
G1 X135.375 Y100.627 E2.90455
G1 X137.533 Y100.627 E2.96862
G1 X137.533 Y107.373 E3.16892
G1 X135.435 Y107.373 E3.23121
G1 X135.732 Y107.016 F7200
G1 F4860
G1 X135.732 Y100.984 E3.41031
G1 X137.176 Y100.984 E3.45318
G1 X137.176 Y107.016 E3.63228
G1 X135.792 Y107.016 E3.67337
G1 X136.053 Y106.19 F7200
;TYPE:Internal infill
;WIDTH:0.45
G1 F9000
G1 X136.836 Y106.4 E3.70081
G1 X136.855 Y106.473 E3.70336
G1 E2.30336 F4800
;WIPE_START
G1 F5760
G1 X136.836 Y106.4 E2.24364
G1 X136.177 Y106.223 E1.70336
;WIPE_END
G92 E0
G1 X130.218 Y107.755 F7200
G1 E2 F4800
;TYPE:External perimeter
G1 F4860
G1 X130.218 Y100.245 E2.2542
G1 X133.14 Y100.245 E2.35311
G1 X133.14 Y107.755 E2.60731
G1 X130.278 Y107.755 E2.70419
G1 X130.6 Y107.373 F7200
;TYPE:Perimeter
;WIDTH:0.4
G1 F4860
G1 X130.6 Y100.627 E2.90449
G1 X132.758 Y100.627 E2.96856
G1 X132.758 Y107.373 E3.16886
G1 X130.66 Y107.373 E3.23115
G1 X130.957 Y107.016 F7200
G1 F4860
G1 X130.957 Y100.984 E3.41025
G1 X132.401 Y100.984 E3.45312
G1 X132.401 Y107.016 E3.63222
G1 X131.017 Y107.016 E3.67331
G1 E2.27331 F4800
;WIPE_START
G1 F5760
G1 X130.957 Y107.016 E2.22581
G1 X130.957 Y106.318 E1.67331
;WIPE_END
G92 E0
G1 X132.08 Y102.316 F7200
G1 E2 F4800
;TYPE:Internal infill
;WIDTH:0.45
G1 F9000
G1 X131.278 Y102.101 E2.02811
G1 E.62811 F4800
;WIPE_START
G1 F5760
G1 X132.01 Y102.297 E.02811
;WIPE_END
G92 E0
G1 X125.443 Y107.755 F7200
G1 E2 F4800
;TYPE:External perimeter
G1 F4860
G1 X125.443 Y100.245 E2.2542
G1 X128.365 Y100.245 E2.35311
G1 X128.365 Y107.755 E2.60731
G1 X125.503 Y107.755 E2.70419
G1 X125.825 Y107.373 F7200
;TYPE:Perimeter
;WIDTH:0.4
G1 F4860
G1 X125.825 Y100.627 E2.90449
G1 X127.983 Y100.627 E2.96856
G1 X127.983 Y107.373 E3.16886
G1 X125.885 Y107.373 E3.23115
G1 X126.182 Y107.016 F7200
G1 F4860
G1 X126.182 Y100.984 E3.41025
G1 X127.626 Y100.984 E3.45312
G1 X127.626 Y107.016 E3.63222
G1 X126.242 Y107.016 E3.67331
G1 E2.27331 F4800
;WIPE_START
G1 F5760
G1 X126.182 Y107.016 E2.22581
G1 X126.182 Y106.318 E1.67331
;WIPE_END
G92 E0
G1 X127.305 Y103.846 F7200
G1 E2 F4800
;TYPE:Internal infill
;WIDTH:0.45
G1 F9000
G1 X126.503 Y103.631 E2.02811
G1 E.62811 F4800
;WIPE_START
G1 F5760
G1 X127.235 Y103.827 E.02811
;WIPE_END
G92 E0
G1 X120.668 Y107.755 F7200
G1 E2 F4800
;TYPE:External perimeter
G1 F4860
G1 X120.668 Y100.245 E2.2542
G1 X123.59 Y100.245 E2.35311
G1 X123.59 Y107.755 E2.60731
G1 X120.728 Y107.755 E2.70419
G1 X121.05 Y107.373 F7200
;TYPE:Perimeter
;WIDTH:0.4
G1 F4860
G1 X121.05 Y100.627 E2.90449
G1 X123.208 Y100.627 E2.96856
G1 X123.208 Y107.373 E3.16886
G1 X121.11 Y107.373 E3.23115
G1 X121.407 Y107.016 F7200
G1 F4860
G1 X121.407 Y100.984 E3.41025
G1 X122.851 Y100.984 E3.45312
G1 X122.851 Y107.016 E3.63222
G1 X121.467 Y107.016 E3.67331
G1 E2.27331 F4800
;WIPE_START
G1 F5760
G1 X121.407 Y107.016 E2.22581
G1 X121.407 Y106.318 E1.67331
;WIPE_END
G92 E0
G1 X121.728 Y105.161 F7200
G1 E2 F4800
;TYPE:Internal infill
;WIDTH:0.45
G1 F9000
G1 X122.512 Y105.371 E2.02747
G1 X122.53 Y105.437 E2.02979
G1 E.62979 F4800
;WIPE_START
G1 F5760
G1 X122.512 Y105.371 E.57563
G1 X121.846 Y105.193 E.02979
;WIPE_END
G92 E0
G1 X115.892 Y107.755 F7200
G1 E2 F4800
;TYPE:External perimeter
G1 F4860
G1 X115.892 Y100.245 E2.2542
G1 X118.815 Y100.245 E2.35314
G1 X118.815 Y107.755 E2.60734
G1 X115.952 Y107.755 E2.70425
G1 X116.274 Y107.373 F7200
;TYPE:Perimeter
;WIDTH:0.4
G1 F4860
G1 X116.274 Y100.627 E2.90455
G1 X118.433 Y100.627 E2.96865
G1 X118.433 Y107.373 E3.16895
G1 X116.334 Y107.373 E3.23127
G1 X116.631 Y107.016 F7200
G1 F4860
G1 X116.631 Y100.984 E3.41037
G1 X118.076 Y100.984 E3.45327
G1 X118.076 Y107.016 E3.63237
G1 X116.691 Y107.016 E3.67349
G1 E2.27349 F4800
;WIPE_START
G1 F5760
G1 X116.631 Y107.016 E2.22599
G1 X116.631 Y106.318 E1.67349
;WIPE_END
G92 E0
G1 X117.754 Y105.117 F7200
G1 E2 F4800
;TYPE:Internal infill
;WIDTH:0.45
G1 F9000
G1 X117.754 Y106.579 E2.04949
G1 X117.669 Y106.695 E2.05436
G1 X116.952 Y106.691 E2.07863
G1 X116.952 Y101.305 E2.26094
G1 X117.754 Y101.305 E2.28809
G1 X117.754 Y105.117 E2.41712
G1 E1.01712 F4800
;WIPE_START
G1 F5760
G1 X117.754 Y104.359 E.41712
;WIPE_END
G92 E0
G1 X128.234 Y115.96 F7200
G1 E2 F4800
;TYPE:External perimeter
G1 X125.382 Y127.531 E2.40339
G1 X124.641 Y129.347 E2.46978
G1 X123.369 Y131.034 E2.5413
G1 X121.642 Y132.49 E2.61776
G1 X119.578 Y133.61 E2.69725
G1 X117.322 Y134.314 E2.77724
G1 X114.978 Y134.554 E2.857
G1 X112.686 Y134.314 E2.93501
G1 X110.43 Y133.61 E3.015
G1 X108.366 Y132.49 E3.09449
G1 X106.639 Y131.034 E3.17095
G1 X105.367 Y129.347 E3.24247
G1 X104.627 Y127.531 E3.30885
G1 X101.775 Y115.96 E3.71224
G1 X115.726 Y115.96 E4.18446
G1 X128.174 Y115.96 E4.60581
G1 X127.746 Y116.342 F7200
;TYPE:Perimeter
;WIDTH:0.4
G1 F9000
G1 X125.017 Y127.413 E4.94436
G1 X124.306 Y129.157 E5.00028
G1 X123.09 Y130.77 E5.06026
G1 X121.426 Y132.173 E5.12488
G1 X119.429 Y133.256 E5.19233
G1 X117.245 Y133.938 E5.26026
G1 X114.978 Y134.17 E5.32792
G1 X112.764 Y133.938 E5.39402
G1 X110.579 Y133.256 E5.46198
G1 X108.583 Y132.173 E5.52941
G1 X106.918 Y130.77 E5.59406
G1 X105.702 Y129.157 E5.65404
G1 X104.991 Y127.413 E5.70996
G1 X102.262 Y116.342 E6.04851
G1 X115.726 Y116.342 E6.44827
G1 X127.686 Y116.342 E6.80338
G1 X127.29 Y116.699 F7200
G1 F9000
G1 X124.677 Y127.302 E7.12762
G1 X123.993 Y128.979 E7.18139
G1 X122.829 Y130.523 E7.2388
G1 X121.223 Y131.876 E7.30115
G1 X119.289 Y132.926 E7.36649
G1 X117.173 Y133.586 E7.4323
G1 X114.978 Y133.811 E7.49781
G1 X112.836 Y133.586 E7.56176
G1 X110.719 Y132.926 E7.6276
G1 X108.785 Y131.876 E7.69294
G1 X107.179 Y130.523 E7.75529
G1 X106.015 Y128.979 E7.8127
G1 X105.331 Y127.302 E7.86647
G1 X102.718 Y116.699 E8.19071
G1 X115.726 Y116.699 E8.57693
G1 X127.23 Y116.699 E8.9185
G1 E7.5185 F4800
;WIPE_START
G1 F5760
G1 X127.29 Y116.699 E7.471
G1 X127.123 Y117.377 E6.9185
;WIPE_END
G92 E0
G1 X114.735 Y124.683 F7200
G1 E2 F4800
;TYPE:External perimeter
;WIDTH:0.45
G1 F4860
G1 X115.001 Y124.656 E2.00905
G1 X115.342 Y124.69 E2.02065
G1 X115.67 Y124.789 E2.03225
G1 X115.972 Y124.951 E2.04385
G1 X116.236 Y125.168 E2.05542
G1 X116.453 Y125.432 E2.06699
G1 X116.615 Y125.734 E2.07859
G1 X116.714 Y126.062 E2.09019
G1 X116.748 Y126.403 E2.10179
G1 X116.714 Y126.743 E2.11336
G1 X116.615 Y127.071 E2.12496
G1 X116.453 Y127.373 E2.13656
G1 X116.236 Y127.637 E2.14813
G1 X115.972 Y127.854 E2.1597
G1 X115.67 Y128.016 E2.1713
G1 X115.342 Y128.115 E2.1829
G1 X115.001 Y128.149 E2.1945
G1 X114.661 Y128.115 E2.20607
G1 X114.333 Y128.016 E2.21767
G1 X114.031 Y127.854 E2.22927
G1 X113.767 Y127.637 E2.24084
G1 X113.55 Y127.373 E2.25241
G1 X113.388 Y127.071 E2.26401
G1 X113.289 Y126.743 E2.27561
G1 X113.255 Y126.403 E2.28718
G1 X113.289 Y126.062 E2.29878
G1 X113.388 Y125.734 E2.31038
G1 X113.55 Y125.432 E2.32198
G1 X113.767 Y125.168 E2.33355
G1 X114.031 Y124.951 E2.34512
G1 X114.337 Y124.787 E2.35687
G1 X114.677 Y124.698 E2.36877
G1 X114.667 Y124.305 F7200
;TYPE:Perimeter
;WIDTH:0.4
G1 F4860
G1 X115.001 Y124.272 E2.37874
G1 X115.417 Y124.313 E2.39115
G1 X115.817 Y124.435 E2.40357
G1 X116.185 Y124.631 E2.41595
G1 X116.508 Y124.896 E2.42835
G1 X116.773 Y125.219 E2.44075
G1 X116.969 Y125.587 E2.45313
G1 X117.091 Y125.987 E2.46555
G1 X117.132 Y126.403 E2.47796
G1 X117.091 Y126.818 E2.49034
G1 X116.969 Y127.218 E2.50276
G1 X116.773 Y127.586 E2.51514
G1 X116.508 Y127.909 E2.52754
G1 X116.185 Y128.174 E2.53994
G1 X115.817 Y128.371 E2.55233
G1 X115.417 Y128.492 E2.56474
G1 X115.001 Y128.533 E2.57715
G1 X114.586 Y128.492 E2.58953
G1 X114.186 Y128.371 E2.60194
G1 X113.818 Y128.174 E2.61433
G1 X113.495 Y127.909 E2.62673
G1 X113.23 Y127.586 E2.63913
G1 X113.034 Y127.218 E2.65151
G1 X112.912 Y126.818 E2.66393
G1 X112.871 Y126.403 E2.67631
G1 X112.912 Y125.987 E2.68872
G1 X113.034 Y125.587 E2.70114
G1 X113.23 Y125.219 E2.71352
G1 X113.495 Y124.896 E2.72592
G1 X113.818 Y124.631 E2.73832
G1 X114.197 Y124.429 E2.75107
G1 X114.609 Y124.321 E2.76372
G1 X114.604 Y123.953 F7200
G1 F4860
G1 X115.001 Y123.914 E2.77556
G1 X115.487 Y123.961 E2.79006
G1 X115.954 Y124.103 E2.80455
G1 X116.384 Y124.333 E2.81903
G1 X116.761 Y124.643 E2.83352
G1 X117.071 Y125.02 E2.84801
G1 X117.301 Y125.45 E2.86249
G1 X117.443 Y125.917 E2.87698
G1 X117.49 Y126.403 E2.89148
G1 X117.443 Y126.888 E2.90595
G1 X117.301 Y127.355 E2.92044
G1 X117.071 Y127.785 E2.93492
G1 X116.761 Y128.162 E2.94941
G1 X116.384 Y128.472 E2.9639
G1 X115.954 Y128.702 E2.97838
G1 X115.487 Y128.844 E2.99287
G1 X115.001 Y128.891 E3.00737
G1 X114.516 Y128.844 E3.02184
G1 X114.049 Y128.702 E3.03633
G1 X113.619 Y128.472 E3.05081
G1 X113.242 Y128.162 E3.0653
G1 X112.932 Y127.785 E3.07979
G1 X112.702 Y127.355 E3.09427
G1 X112.56 Y126.888 E3.10876
G1 X112.513 Y126.403 E3.12323
G1 X112.56 Y125.917 E3.13773
G1 X112.702 Y125.45 E3.15222
G1 X112.932 Y125.02 E3.1667
G1 X113.242 Y124.643 E3.18119
G1 X113.619 Y124.333 E3.19568
G1 X114.065 Y124.094 E3.2107
G1 X114.546 Y123.968 E3.22546
G1 X114.024 Y123.773 F7200
;TYPE:Internal infill
;WIDTH:0.45
G1 F9000
G1 X114.547 Y123.636 E3.24376
G1 X115.001 Y123.591 E3.2592
G1 X115.55 Y123.645 E3.27787
G1 X116.077 Y123.805 E3.29651
G1 X116.563 Y124.065 E3.31517
G1 X116.99 Y124.415 E3.33386
G1 X117.339 Y124.841 E3.3525
G1 X117.599 Y125.327 E3.37116
G1 X117.738 Y125.785 E3.38736
G1 X119.17 Y124.354 E3.45589
G1 X118.298 Y121.1 E3.56992
G1 X115.725 Y120.41 E3.66009
G1 X114.853 Y117.156 E3.77412
G1 X114.989 Y117.02 E3.78063
G1 X119.811 Y117.02 E3.94385
G1 E2.54385 F4800
;WIPE_START
G1 F5760
G1 X119.053 Y117.02 E1.94385
;WIPE_END
G92 E0
G1 X125.454 Y122.807 F7200
G1 E2 F4800
G1 F9000
G1 X126.705 Y117.733 E2.17689
G1 X126.211 Y117.601 E2.1942
G1 X126.055 Y117.02 E2.21456
G1 X125.634 Y117.02 E2.22881
G1 X125.817 Y117.706 E2.25284
G1 X123.934 Y119.59 E2.343
G1 X124.806 Y122.844 E2.45703
G1 X125.405 Y123.004 E2.47802
G1 X124.371 Y127.203 E2.6244
G1 X123.95 Y128.234 E2.6621
G1 X123.401 Y128.086 E2.68135
G1 X122.529 Y124.832 E2.79538
G1 X124.413 Y122.949 E2.88554
G1 X123.541 Y119.695 E2.99957
G1 X120.968 Y119.006 E3.08973
G1 X120.436 Y117.02 E3.15932
G1 X120.014 Y117.02 E3.1736
G1 X120.575 Y119.111 E3.24688
G1 X118.691 Y120.994 E3.33704
G1 X119.563 Y124.248 E3.45107
G1 X122.136 Y124.938 E3.54124
G1 X123.008 Y128.192 E3.65527
G1 X121.124 Y130.075 E3.74543
G1 X121.444 Y131.27 E3.7873
G1 X121.101 Y131.56 E3.8025
G1 X120.731 Y130.181 E3.85083
G1 X118.158 Y129.491 E3.941
G1 X117.61 Y127.444 E4.01273
G1 X117.331 Y127.975 E4.03303
G1 X117.765 Y129.596 E4.08983
G1 X115.882 Y131.48 E4.17999
G1 X116.381 Y133.344 E4.24531
G1 X115.971 Y133.386 E4.25926
G1 X115.488 Y131.585 E4.32238
G1 X112.915 Y130.896 E4.41254
G1 X112.044 Y127.642 E4.52656
G1 X112.358 Y127.327 E4.54161
G1 X112.664 Y127.964 E4.56553
G1 X113.013 Y128.391 E4.5842
G1 X113.44 Y128.74 E4.60287
G1 X113.926 Y129 E4.62153
G1 X114.453 Y129.16 E4.64017
G1 X115.001 Y129.214 E4.65881
G1 X115.55 Y129.16 E4.67748
G1 X116.077 Y129 E4.69612
G1 X116.563 Y128.74 E4.71478
G1 X116.99 Y128.391 E4.73345
G1 X117.201 Y128.132 E4.74476
G1 E3.34476 F4800
;WIPE_START
G1 F5760
G1 X116.99 Y128.391 E3.08029
G1 X116.662 Y128.659 E2.74476
;WIPE_END
G92 E0
G1 X115.768 Y133.407 F7200
G1 E2 F4800
G1 F9000
G1 X114.979 Y133.488 E2.02685
G1 X112.901 Y133.27 E2.09757
G1 X110.883 Y132.64 E2.16913
G1 X112.522 Y131.001 E2.24759
G1 X111.65 Y127.747 E2.36162
G1 X109.077 Y127.058 E2.45178
G1 X108.206 Y123.804 E2.5658
G1 X110.089 Y121.921 E2.65594
G1 X109.217 Y118.667 E2.76997
G1 X106.644 Y117.977 E2.86014
G1 X106.388 Y117.02 E2.89367
G1 X105.966 Y117.02 E2.90795
G1 X106.251 Y118.083 E2.9452
G1 X104.368 Y119.966 E3.03534
G1 X105.239 Y123.22 E3.14936
G1 X107.812 Y123.909 E3.23952
G1 X108.684 Y127.163 E3.35355
G1 X106.801 Y129.047 E3.44371
G1 X106.984 Y129.731 E3.46768
G1 X107.414 Y130.3 E3.49182
G1 X108.967 Y131.61 E3.56059
G1 X110.701 Y132.551 E3.62737
G1 E2.22737 F4800
;WIPE_START
G1 F5760
G1 X110.035 Y132.189 E1.62737
;WIPE_END
G92 E0
G1 X106.475 Y129.056 F7200
G1 E2 F4800
G1 F9000
G1 X106.297 Y128.819 E2.01003
G1 X105.638 Y127.203 E2.0691
G1 X104.714 Y123.457 E2.1997
G1 X104.846 Y123.325 E2.20602
G1 X103.974 Y120.071 E2.32005
G1 X103.873 Y120.044 E2.32359
G1 X103.128 Y117.02 E2.42901
G1 X105.763 Y117.02 E2.5182
G1 X106.591 Y117.02 F7200
G1 F9000
G1 X111.151 Y117.02 E2.67255
G1 X109.61 Y118.561 E2.74632
G1 X110.482 Y121.815 E2.86035
G1 X113.055 Y122.505 E2.95052
G1 X113.469 Y124.049 E3.00463
G1 X113.838 Y123.852 E3.01879
G1 X113.448 Y122.399 E3.06971
G1 X115.332 Y120.516 E3.15987
G1 X114.46 Y117.262 E3.2739
G1 X113.558 Y117.02 E3.30551
G1 X111.355 Y117.02 E3.38008
G1 E1.98008 F4800
;WIPE_START
G1 F5760
G1 X112.113 Y117.02 E1.38008
;WIPE_END
G92 E0
G1 X111.117 Y107.755 F7200
G1 E2 F4800
;TYPE:External perimeter
G1 F4860
G1 X111.117 Y100.245 E2.2542
G1 X114.039 Y100.245 E2.35311
G1 X114.039 Y107.755 E2.60731
G1 X111.177 Y107.755 E2.70419
G1 X111.499 Y107.373 F7200
;TYPE:Perimeter
;WIDTH:0.4
G1 F4860
G1 X111.499 Y100.627 E2.90449
G1 X113.657 Y100.627 E2.96856
G1 X113.657 Y107.373 E3.16886
G1 X111.559 Y107.373 E3.23115
G1 X111.856 Y107.016 F7200
G1 F4860
G1 X111.856 Y100.984 E3.41025
G1 X113.3 Y100.984 E3.45312
G1 X113.3 Y107.016 E3.63222
G1 X111.916 Y107.016 E3.67331
G1 E2.27331 F4800
;WIPE_START
G1 F5760
G1 X111.856 Y107.016 E2.22581
G1 X111.856 Y106.318 E1.67331
;WIPE_END
G92 E0
G1 X112.979 Y102.817 F7200
G1 E2 F4800
;TYPE:Internal infill
;WIDTH:0.45
G1 F9000
G1 X112.177 Y102.602 E2.02811
G1 E.62811 F4800
;WIPE_START
G1 F5760
G1 X112.909 Y102.798 E.02811
;WIPE_END
G92 E0
G1 X106.342 Y107.755 F7200
G1 E2 F4800
;TYPE:External perimeter
G1 F4860
G1 X106.342 Y100.245 E2.2542
G1 X109.264 Y100.245 E2.35311
G1 X109.264 Y107.755 E2.60731
G1 X106.402 Y107.755 E2.70419
G1 X106.724 Y107.373 F7200
;TYPE:Perimeter
;WIDTH:0.4
G1 F4860
G1 X106.724 Y100.627 E2.90449
G1 X108.882 Y100.627 E2.96856
G1 X108.882 Y107.373 E3.16886
G1 X106.784 Y107.373 E3.23115
G1 X107.081 Y107.016 F7200
G1 F4860
G1 X107.081 Y100.984 E3.41025
G1 X108.525 Y100.984 E3.45312
G1 X108.525 Y107.016 E3.63222
G1 X107.141 Y107.016 E3.67331
G1 E2.27331 F4800
;WIPE_START
G1 F5760
G1 X107.081 Y107.016 E2.22581
G1 X107.081 Y106.318 E1.67331
;WIPE_END
G92 E0
G1 X108.204 Y104.4 F7200
G1 E2 F4800
;TYPE:Internal infill
;WIDTH:0.45
G1 F9000
G1 X108.189 Y104.343 E2.002
G1 X107.402 Y104.132 E2.02958
G1 E.62958 F4800
;WIPE_START
G1 F5760
G1 X108.134 Y104.328 E.02958
;WIPE_END
G92 E0
G1 X104.489 Y107.755 F7200
G1 E2 F4800
;TYPE:External perimeter
G1 F4860
G1 X101.567 Y107.755 E2.09891
G1 X101.567 Y100.245 E2.35311
G1 X104.489 Y100.245 E2.45202
G1 X104.489 Y107.695 E2.70419
G1 X104.107 Y107.373 F7200
;TYPE:Perimeter
;WIDTH:0.4
G1 F4860
G1 X101.949 Y107.373 E2.76826
G1 X101.949 Y100.627 E2.96856
G1 X104.107 Y100.627 E3.03263
G1 X104.107 Y107.313 E3.23115
G1 X103.75 Y107.016 F7200
G1 F4860
G1 X102.306 Y107.016 E3.27402
G1 X102.306 Y100.984 E3.45312
G1 X103.75 Y100.984 E3.49599
G1 X103.75 Y106.956 E3.67331
G1 E2.27331 F4800
;WIPE_START
G1 F5760
G1 X103.75 Y107.016 E2.22581
G1 X103.052 Y107.016 E1.67331
;WIPE_END
G92 E0
G1 X103.429 Y105.774 F7200
G1 E2 F4800
;TYPE:Internal infill
;WIDTH:0.45
G1 F9000
G1 X103.429 Y105.553 E2.00748
G1 X103.339 Y105.643 E2.01179
G1 X103.429 Y105.977 E2.0235
G1 X103.429 Y106.695 E2.0478
G1 X103.2 Y106.695 E2.05555
G1 X102.946 Y105.748 E2.08874
G1 X102.627 Y105.662 E2.09992
G1 X102.627 Y101.305 E2.2474
G1 X103.429 Y101.305 E2.27455
G1 X103.429 Y105.349 E2.41143
G1 E1.01143 F4800
;WIPE_START
G1 F5760
G1 X103.429 Y104.591 E.41143
;WIPE_END
G92 E0
G1 X99.714 Y107.755 F7200
G1 E2 F4800
;TYPE:External perimeter
G1 F4860
G1 X96.791 Y107.755 E2.09894
G1 X96.791 Y100.245 E2.35314
G1 X99.714 Y100.245 E2.45208
G1 X99.714 Y107.695 E2.70425
G1 X99.332 Y107.373 F7200
;TYPE:Perimeter
;WIDTH:0.4
G1 F4860
G1 X97.174 Y107.373 E2.76832
G1 X97.174 Y100.627 E2.96862
G1 X99.332 Y100.627 E3.03269
G1 X99.332 Y107.313 E3.23121
G1 X98.975 Y107.016 F7200
G1 F4860
G1 X97.531 Y107.016 E3.27408
G1 X97.531 Y100.984 E3.45318
G1 X98.975 Y100.984 E3.49605
G1 X98.975 Y106.956 E3.67337
G1 E2.27337 F4800
;WIPE_START
G1 F5760
G1 X98.975 Y107.016 E2.22587
G1 X98.277 Y107.016 E1.67337
;WIPE_END
G92 E0
G1 X97.852 Y101.777 F7200
G1 E2 F4800
;TYPE:Internal infill
;WIDTH:0.45
G1 F9000
G1 X97.852 Y106.695 E2.16647
G1 X98.449 Y106.695 E2.18668
G1 X98.654 Y106.49 E2.19649
G1 X98.654 Y101.788 E2.35565
G1 X97.852 Y101.573 E2.38376
G1 X97.852 Y101.305 E2.39283
G1 X98.654 Y101.305 E2.41998
G1 X98.654 Y101.585 E2.42946
G1 E1.02946 F4800
;WIPE_START
G1 F5760
G1 X98.654 Y101.305 E.80779
G1 X98.176 Y101.305 E.42946
;WIPE_END
G92 E0
G1 X94.939 Y107.755 F7200
G1 E2 F4800
;TYPE:External perimeter
G1 F4860
G1 X92.016 Y107.755 E2.09894
G1 X92.016 Y100.245 E2.35314
G1 X94.939 Y100.245 E2.45208
G1 X94.939 Y107.695 E2.70425
G1 X94.556 Y107.373 F7200
;TYPE:Perimeter
;WIDTH:0.4
G1 F4860
G1 X92.398 Y107.373 E2.76832
G1 X92.398 Y100.627 E2.96862
G1 X94.556 Y100.627 E3.03269
G1 X94.556 Y107.313 E3.23121
G1 X94.199 Y107.016 F7200
G1 F4860
G1 X92.755 Y107.016 E3.27408
G1 X92.755 Y100.984 E3.45318
G1 X94.199 Y100.984 E3.49605
G1 X94.199 Y106.956 E3.67337
G1 E2.27337 F4800
;WIPE_START
G1 F5760
G1 X94.199 Y107.016 E2.22587
G1 X93.501 Y107.016 E1.67337
;WIPE_END
G92 E0
G1 X93.878 Y103.364 F7200
G1 E2 F4800
;TYPE:Internal infill
;WIDTH:0.45
G1 F9000
G1 X93.865 Y103.315 E2.00172
G1 X93.076 Y103.103 E2.02937
G1 E.62937 F4800
;WIPE_START
G1 F5760
G1 X93.808 Y103.299 E.02937
;WIPE_END
G92 E0
G1 X90.163 Y107.755 F7200
G1 E2 F4800
;TYPE:External perimeter
G1 F4860
G1 X87.241 Y107.755 E2.09891
G1 X87.241 Y100.245 E2.35311
G1 X90.163 Y100.245 E2.45202
G1 X90.163 Y107.695 E2.70419
G1 X89.781 Y107.373 F7200
;TYPE:Perimeter
;WIDTH:0.4
G1 F4860
G1 X87.623 Y107.373 E2.76826
G1 X87.623 Y100.627 E2.96856
G1 X89.781 Y100.627 E3.03263
G1 X89.781 Y107.313 E3.23115
G1 X89.424 Y107.016 F7200
G1 F4860
G1 X87.98 Y107.016 E3.27402
G1 X87.98 Y100.984 E3.45312
G1 X89.424 Y100.984 E3.49599
G1 X89.424 Y106.956 E3.67331
G1 E2.27331 F4800
;WIPE_START
G1 F5760
G1 X89.424 Y107.016 E2.22581
G1 X88.726 Y107.016 E1.67331
;WIPE_END
G92 E0
G1 X89.103 Y104.73 F7200
G1 E2 F4800
;TYPE:Internal infill
;WIDTH:0.45
G1 F9000
G1 X89.103 Y104.941 E2.00714
G1 X89.016 Y104.614 E2.01859
G1 X89.103 Y104.527 E2.02275
G1 X89.103 Y101.305 E2.13181
G1 X88.301 Y101.305 E2.15896
G1 X88.301 Y104.633 E2.27161
G1 X88.622 Y104.719 E2.28286
G1 X89.103 Y106.514 E2.34576
G1 X89.103 Y106.695 E2.35189
G1 X88.301 Y106.695 E2.37904
G1 X88.301 Y104.837 E2.44193
G1 E1.04193 F4800
;WIPE_START
G1 F5760
G1 X88.301 Y105.595 E.44193
;WIPE_END
G92 E0
G1 X85.388 Y107.755 F7200
G1 E2 F4800
;TYPE:External perimeter
G1 F4860
G1 X82.466 Y107.755 E2.09891
G1 X82.466 Y100.245 E2.35311
G1 X85.388 Y100.245 E2.45202
G1 X85.388 Y107.695 E2.70419
G1 X85.006 Y107.373 F7200
;TYPE:Perimeter
;WIDTH:0.4
G1 F4860
G1 X82.848 Y107.373 E2.76826
G1 X82.848 Y100.627 E2.96856
G1 X85.006 Y100.627 E3.03263
G1 X85.006 Y107.313 E3.23115
G1 X84.649 Y107.016 F7200
G1 F4860
G1 X83.205 Y107.016 E3.27402
G1 X83.205 Y100.984 E3.45312
G1 X84.649 Y100.984 E3.49599
G1 X84.649 Y106.956 E3.67331
G1 E2.27331 F4800
;WIPE_START
G1 F5760
G1 X84.649 Y107.016 E2.22581
G1 X83.951 Y107.016 E1.67331
;WIPE_END
G92 E0
G1 X83.526 Y106.236 F7200
G1 E2 F4800
;TYPE:Internal infill
;WIDTH:0.45
G1 F9000
G1 X83.533 Y106.695 E2.01554
G1 X83.954 Y106.695 E2.02979
G1 X83.773 Y106.019 E2.05348
G1 X84.328 Y105.464 E2.08005
G1 X84.328 Y101.305 E2.22083
G1 X83.526 Y101.305 E2.24798
G1 X83.526 Y105.807 E2.40037
;LAYER_CHANGE
;Z:4.88
;HEIGHT:0.2
; BEFORE_LAYER_CHANGE 23 @ 4.88mm
G1 E1.00037 F4800
;WIPE_START
G1 F5760
G1 X83.526 Y105.049 E.40037
;WIPE_END
G92 E0
G1 Z4.88 F7200
; AFTER_LAYER_CHANGE 23 @ 4.88mm
G1 X144.639 Y107.755
G1 E2 F4800
;TYPE:External perimeter
G1 F4860
G1 X144.639 Y100.245 E2.2542
G1 X147.371 Y100.245 E2.34667
G1 X147.371 Y107.755 E2.60087
G1 X144.699 Y107.755 E2.69131
G1 X145.021 Y107.373 F7200
;TYPE:Perimeter
;WIDTH:0.4
G1 F4860
G1 X145.021 Y100.627 E2.89161
G1 X146.989 Y100.627 E2.95004
G1 X146.989 Y107.373 E3.15034
G1 X145.081 Y107.373 E3.20699
G1 X145.378 Y107.016 F7200
G1 F4860
G1 X145.378 Y100.984 E3.38609
G1 X146.632 Y100.984 E3.42332
G1 X146.632 Y107.016 E3.60242
G1 X145.438 Y107.016 E3.63787
G1 E2.23787 F4800
;WIPE_START
G1 F5760
G1 X145.378 Y107.016 E2.19037
G1 X145.378 Y106.318 E1.63787
;WIPE_END
G92 E0
G1 X146.26 Y101.356 F7200
G1 E2 F4800
;TYPE:Solid infill
;WIDTH:0.55258
G1 F9000
G1 X146.26 Y106.644 E2.2241
G1 X145.75 Y106.644 E2.24571
G1 X145.75 Y101.356 E2.46981
G1 X146.031 Y101.356 E2.48172
G1 E1.08172 F4800
;WIPE_START
G1 F5760
G1 X145.75 Y101.356 E.85926
G1 X145.75 Y101.833 E.48172
;WIPE_END
G92 E0
G1 X139.863 Y107.755 F7200
G1 E2 F4800
;TYPE:External perimeter
;WIDTH:0.45
G1 F4860
G1 X139.863 Y100.245 E2.2542
G1 X142.596 Y100.245 E2.34671
G1 X142.596 Y107.755 E2.60091
G1 X139.923 Y107.755 E2.69139
G1 X140.245 Y107.373 F7200
;TYPE:Perimeter
;WIDTH:0.4
G1 F4860
G1 X140.245 Y100.627 E2.89169
G1 X142.214 Y100.627 E2.95015
G1 X142.214 Y107.373 E3.15045
G1 X140.305 Y107.373 E3.20713
G1 X140.602 Y107.016 F7200
G1 F4860
G1 X140.602 Y100.984 E3.38623
G1 X141.857 Y100.984 E3.42349
G1 X141.857 Y107.016 E3.60259
G1 X140.662 Y107.016 E3.63807
G1 E2.23807 F4800
;WIPE_START
G1 F5760
G1 X140.602 Y107.016 E2.19057
G1 X140.602 Y106.318 E1.63807
;WIPE_END
G92 E0
G1 X140.975 Y101.356 F7200
G1 E2 F4800
;TYPE:Solid infill
;WIDTH:0.552578
G1 F9000
G1 X141.484 Y101.356 E2.02157
G1 X141.484 Y106.644 E2.24567
G1 X140.975 Y106.644 E2.26724
G1 X140.975 Y101.585 E2.48163
G1 E1.08163 F4800
;WIPE_START
G1 F5760
G1 X140.975 Y102.343 E.48163
;WIPE_END
G92 E0
G1 X135.088 Y107.755 F7200
G1 E2 F4800
;TYPE:External perimeter
;WIDTH:0.45
G1 F4860
G1 X135.088 Y100.245 E2.2542
G1 X137.821 Y100.245 E2.34671
G1 X137.821 Y107.755 E2.60091
G1 X135.148 Y107.755 E2.69139
G1 X135.47 Y107.373 F7200
;TYPE:Perimeter
;WIDTH:0.4
G1 F4860
G1 X135.47 Y100.627 E2.89169
G1 X137.439 Y100.627 E2.95015
G1 X137.439 Y107.373 E3.15045
G1 X135.53 Y107.373 E3.20713
G1 X135.827 Y107.016 F7200
G1 F4860
G1 X135.827 Y100.984 E3.38623
G1 X137.082 Y100.984 E3.42349
G1 X137.082 Y107.016 E3.60259
G1 X135.887 Y107.016 E3.63807
G1 E2.23807 F4800
;WIPE_START
G1 F5760
G1 X135.827 Y107.016 E2.19057
G1 X135.827 Y106.318 E1.63807
;WIPE_END
G92 E0
G1 X136.2 Y101.356 F7200
G1 E2 F4800
;TYPE:Solid infill
;WIDTH:0.552577
G1 F9000
G1 X136.709 Y101.356 E2.02157
G1 X136.709 Y106.644 E2.24567
G1 X136.2 Y106.644 E2.26724
G1 X136.2 Y101.585 E2.48163
G1 E1.08163 F4800
;WIPE_START
G1 F5760
G1 X136.2 Y102.343 E.48163
;WIPE_END
G92 E0
G1 X130.313 Y107.755 F7200
G1 E2 F4800
;TYPE:External perimeter
;WIDTH:0.45
G1 F4860
G1 X130.313 Y100.245 E2.2542
G1 X133.045 Y100.245 E2.34667
G1 X133.045 Y107.755 E2.60087
G1 X130.373 Y107.755 E2.69131
G1 X130.695 Y107.373 F7200
;TYPE:Perimeter
;WIDTH:0.4
G1 F4860
G1 X130.695 Y100.627 E2.89161
G1 X132.663 Y100.627 E2.95004
G1 X132.663 Y107.373 E3.15034
G1 X130.755 Y107.373 E3.20699
G1 X131.052 Y107.016 F7200
G1 F4860
G1 X131.052 Y100.984 E3.38609
G1 X132.306 Y100.984 E3.42332
G1 X132.306 Y107.016 E3.60242
G1 X131.112 Y107.016 E3.63787
G1 E2.23787 F4800
;WIPE_START
G1 F5760
G1 X131.052 Y107.016 E2.19037
G1 X131.052 Y106.318 E1.63787
;WIPE_END
G92 E0
G1 X131.934 Y101.356 F7200
G1 E2 F4800
;TYPE:Solid infill
;WIDTH:0.552578
G1 F9000
G1 X131.934 Y106.644 E2.2241
G1 X131.424 Y106.644 E2.24571
G1 X131.424 Y101.356 E2.46981
G1 X131.705 Y101.356 E2.48172
G1 E1.08172 F4800
;WIPE_START
G1 F5760
G1 X131.424 Y101.356 E.85926
G1 X131.424 Y101.833 E.48172
;WIPE_END
G92 E0
G1 X125.538 Y107.755 F7200
G1 E2 F4800
;TYPE:External perimeter
;WIDTH:0.45
G1 F4860
G1 X125.538 Y100.245 E2.2542
G1 X128.27 Y100.245 E2.34667
G1 X128.27 Y107.755 E2.60087
G1 X125.598 Y107.755 E2.69131
G1 X125.92 Y107.373 F7200
;TYPE:Perimeter
;WIDTH:0.4
G1 F4860
G1 X125.92 Y100.627 E2.89161
G1 X127.888 Y100.627 E2.95004
G1 X127.888 Y107.373 E3.15034
G1 X125.98 Y107.373 E3.20699
G1 X126.277 Y107.016 F7200
G1 F4860
G1 X126.277 Y100.984 E3.38609
G1 X127.531 Y100.984 E3.42332
G1 X127.531 Y107.016 E3.60242
G1 X126.337 Y107.016 E3.63787
G1 E2.23787 F4800
;WIPE_START
G1 F5760
G1 X126.277 Y107.016 E2.19037
G1 X126.277 Y106.318 E1.63787
;WIPE_END
G92 E0
G1 X126.649 Y101.356 F7200
G1 E2 F4800
;TYPE:Solid infill
;WIDTH:0.552581
G1 F9000
G1 X127.159 Y101.356 E2.02161
G1 X127.159 Y106.644 E2.24571
G1 X126.649 Y106.644 E2.26732
G1 X126.649 Y101.585 E2.48171
G1 E1.08171 F4800
;WIPE_START
G1 F5760
G1 X126.649 Y102.343 E.48171
;WIPE_END
G92 E0
G1 X120.762 Y107.755 F7200
G1 E2 F4800
;TYPE:External perimeter
;WIDTH:0.45
G1 F4860
G1 X120.762 Y100.245 E2.2542
G1 X123.495 Y100.245 E2.34671
G1 X123.495 Y107.755 E2.60091
G1 X120.822 Y107.755 E2.69139
G1 X121.145 Y107.373 F7200
;TYPE:Perimeter
;WIDTH:0.4
G1 F4860
G1 X121.145 Y100.627 E2.89169
G1 X123.113 Y100.627 E2.95012
G1 X123.113 Y107.373 E3.15042
G1 X121.205 Y107.373 E3.20707
G1 X121.502 Y107.016 F7200
G1 F4860
G1 X121.502 Y100.984 E3.38617
G1 X122.756 Y100.984 E3.4234
G1 X122.756 Y107.016 E3.6025
G1 X121.562 Y107.016 E3.63795
G1 E2.23795 F4800
;WIPE_START
G1 F5760
G1 X121.502 Y107.016 E2.19045
G1 X121.502 Y106.318 E1.63795
;WIPE_END
G92 E0
G1 X121.874 Y101.356 F7200
G1 E2 F4800
;TYPE:Solid infill
;WIDTH:0.552579
G1 F9000
G1 X122.384 Y101.356 E2.02161
G1 X122.384 Y106.644 E2.24571
G1 X121.874 Y106.644 E2.26732
G1 X121.874 Y101.585 E2.48171
G1 E1.08171 F4800
;WIPE_START
G1 F5760
G1 X121.874 Y102.343 E.48171
;WIPE_END
G92 E0
G1 X128.234 Y115.96 F7200
G1 E2 F4800
;TYPE:External perimeter
;WIDTH:0.45
G1 X125.382 Y127.531 E2.40339
G1 X124.641 Y129.347 E2.46978
G1 X123.369 Y131.034 E2.5413
G1 X121.642 Y132.49 E2.61776
G1 X119.578 Y133.61 E2.69725
G1 X117.322 Y134.314 E2.77724
G1 X114.978 Y134.554 E2.857
G1 X112.686 Y134.314 E2.93501
G1 X110.43 Y133.61 E3.015
G1 X108.366 Y132.49 E3.09449
G1 X106.639 Y131.034 E3.17095
G1 X105.367 Y129.347 E3.24247
G1 X104.627 Y127.531 E3.30885
G1 X101.775 Y115.96 E3.71224
G1 X117.532 Y115.96 E4.2456
G1 X128.174 Y115.96 E4.60582
G1 X127.746 Y116.342 F7200
;TYPE:Perimeter
;WIDTH:0.4
G1 F9000
G1 X125.017 Y127.413 E4.94437
G1 X124.306 Y129.157 E5.00029
G1 X123.09 Y130.77 E5.06027
G1 X121.426 Y132.173 E5.12489
G1 X119.429 Y133.256 E5.19234
G1 X117.245 Y133.938 E5.26027
G1 X114.978 Y134.17 E5.32793
G1 X112.764 Y133.938 E5.39403
G1 X110.579 Y133.256 E5.46199
G1 X108.583 Y132.173 E5.52942
G1 X106.918 Y130.77 E5.59407
G1 X105.702 Y129.157 E5.65405
G1 X104.991 Y127.413 E5.70997
G1 X102.262 Y116.342 E6.04852
G1 X117.532 Y116.342 E6.50191
G1 X127.686 Y116.342 E6.8034
G1 X127.29 Y116.699 F7200
G1 F9000
G1 X124.677 Y127.302 E7.12764
G1 X123.993 Y128.979 E7.18141
G1 X122.829 Y130.523 E7.23882
G1 X121.223 Y131.876 E7.30117
G1 X119.289 Y132.926 E7.36651
G1 X117.173 Y133.586 E7.43232
G1 X114.978 Y133.811 E7.49783
G1 X112.836 Y133.586 E7.56178
G1 X110.719 Y132.926 E7.62762
G1 X108.785 Y131.876 E7.69296
G1 X107.179 Y130.523 E7.75531
G1 X106.015 Y128.979 E7.81272
G1 X105.331 Y127.302 E7.86649
G1 X102.718 Y116.699 E8.19073
G1 X117.532 Y116.699 E8.63058
G1 X127.23 Y116.699 E8.91853
G1 E7.51853 F4800
;WIPE_START
G1 F5760
G1 X127.29 Y116.699 E7.47103
G1 X127.123 Y117.377 E6.91853
;WIPE_END
G92 E0
G1 X114.724 Y124.684 F7200
G1 E2 F4800
;TYPE:External perimeter
;WIDTH:0.45
G1 F4860
G1 X115.001 Y124.656 E2.00942
G1 X115.342 Y124.69 E2.02102
G1 X115.67 Y124.789 E2.03262
G1 X115.972 Y124.951 E2.04422
G1 X116.236 Y125.168 E2.05579
G1 X116.453 Y125.432 E2.06736
G1 X116.615 Y125.734 E2.07896
G1 X116.714 Y126.062 E2.09056
G1 X116.748 Y126.403 E2.10216
G1 X116.714 Y126.743 E2.11373
G1 X116.615 Y127.071 E2.12533
G1 X116.453 Y127.373 E2.13693
G1 X116.236 Y127.637 E2.1485
G1 X115.972 Y127.854 E2.16007
G1 X115.67 Y128.016 E2.17167
G1 X115.342 Y128.115 E2.18327
G1 X115.001 Y128.149 E2.19487
G1 X114.661 Y128.115 E2.20644
G1 X114.333 Y128.016 E2.21804
G1 X114.031 Y127.854 E2.22964
G1 X113.767 Y127.637 E2.24121
G1 X113.55 Y127.373 E2.25278
G1 X113.388 Y127.071 E2.26438
G1 X113.289 Y126.743 E2.27598
G1 X113.255 Y126.403 E2.28755
G1 X113.289 Y126.062 E2.29915
G1 X113.388 Y125.734 E2.31075
G1 X113.55 Y125.432 E2.32235
G1 X113.767 Y125.168 E2.33392
G1 X114.031 Y124.951 E2.34549
G1 X114.337 Y124.787 E2.35724
G1 X114.666 Y124.699 E2.36877
G1 X114.656 Y124.306 F7200
;TYPE:Perimeter
;WIDTH:0.4
G1 F4860
G1 X115.001 Y124.272 E2.37906
G1 X115.417 Y124.313 E2.39147
G1 X115.817 Y124.435 E2.40389
G1 X116.185 Y124.631 E2.41627
G1 X116.508 Y124.896 E2.42867
G1 X116.773 Y125.219 E2.44107
G1 X116.969 Y125.587 E2.45345
G1 X117.091 Y125.987 E2.46587
G1 X117.132 Y126.403 E2.47828
G1 X117.091 Y126.818 E2.49066
G1 X116.969 Y127.218 E2.50308
G1 X116.773 Y127.586 E2.51546
G1 X116.508 Y127.909 E2.52786
G1 X116.185 Y128.174 E2.54026
G1 X115.817 Y128.371 E2.55265
G1 X115.417 Y128.492 E2.56506
G1 X115.001 Y128.533 E2.57747
G1 X114.586 Y128.492 E2.58985
G1 X114.186 Y128.371 E2.60226
G1 X113.818 Y128.174 E2.61465
G1 X113.495 Y127.909 E2.62705
G1 X113.23 Y127.586 E2.63945
G1 X113.034 Y127.218 E2.65183
G1 X112.912 Y126.818 E2.66425
G1 X112.871 Y126.403 E2.67663
G1 X112.912 Y125.987 E2.68904
G1 X113.034 Y125.587 E2.70146
G1 X113.23 Y125.219 E2.71384
G1 X113.495 Y124.896 E2.72624
G1 X113.818 Y124.631 E2.73864
G1 X114.196 Y124.43 E2.75135
G1 X114.598 Y124.322 E2.76371
G1 X114.592 Y123.954 F7200
G1 F4860
G1 X115.001 Y123.914 E2.77591
G1 X115.487 Y123.961 E2.79041
G1 X115.954 Y124.103 E2.8049
G1 X116.384 Y124.333 E2.81938
G1 X116.761 Y124.643 E2.83387
G1 X117.071 Y125.02 E2.84836
G1 X117.301 Y125.45 E2.86284
G1 X117.443 Y125.917 E2.87733
G1 X117.49 Y126.403 E2.89183
G1 X117.443 Y126.888 E2.9063
G1 X117.301 Y127.355 E2.92079
G1 X117.071 Y127.785 E2.93527
G1 X116.761 Y128.162 E2.94976
G1 X116.384 Y128.472 E2.96425
G1 X115.954 Y128.702 E2.97873
G1 X115.487 Y128.844 E2.99322
G1 X115.001 Y128.891 E3.00772
G1 X114.516 Y128.844 E3.02219
G1 X114.049 Y128.702 E3.03668
G1 X113.619 Y128.472 E3.05116
G1 X113.242 Y128.162 E3.06565
G1 X112.932 Y127.785 E3.08014
G1 X112.702 Y127.355 E3.09462
G1 X112.56 Y126.888 E3.10911
G1 X112.513 Y126.403 E3.12358
G1 X112.56 Y125.917 E3.13808
G1 X112.702 Y125.45 E3.15257
G1 X112.932 Y125.02 E3.16705
G1 X113.242 Y124.643 E3.18154
G1 X113.619 Y124.333 E3.19603
G1 X114.064 Y124.095 E3.21101
G1 X114.534 Y123.969 E3.22546
G1 X113.833 Y123.855 F7200
;TYPE:Internal infill
;WIDTH:0.45
G1 F9000
G1 X114.534 Y123.637 E3.25031
G1 X115.001 Y123.591 E3.26619
G1 X115.55 Y123.645 E3.28486
G1 X116.077 Y123.805 E3.3035
G1 X116.563 Y124.065 E3.32216
G1 X116.99 Y124.415 E3.34085
G1 X117.339 Y124.841 E3.35949
G1 X117.599 Y125.327 E3.37815
G1 X117.738 Y125.785 E3.39435
G1 X119.17 Y124.354 E3.46288
G1 X122.424 Y125.226 E3.57691
G1 X123.113 Y127.798 E3.66704
G1 X124.028 Y128.044 E3.69911
G1 X123.873 Y128.424 E3.713
G1 X123.008 Y128.192 E3.74331
G1 X121.124 Y130.075 E3.83347
G1 X117.87 Y129.203 E3.9475
G1 X117.472 Y127.716 E3.9996
G1 X117.339 Y127.965 E4.00916
G1 X116.99 Y128.391 E4.0278
G1 X116.563 Y128.74 E4.04647
G1 X116.077 Y129 E4.06513
G1 X115.55 Y129.16 E4.08377
G1 X115.001 Y129.214 E4.10244
G1 X114.453 Y129.16 E4.12108
G1 X113.926 Y129 E4.13972
G1 X113.44 Y128.74 E4.15838
G1 X113.013 Y128.391 E4.17705
G1 X112.664 Y127.965 E4.19569
G1 X112.426 Y127.519 E4.2128
G1 E2.8128 F4800
;WIPE_START
G1 F5760
G1 X112.664 Y127.965 E2.41259
G1 X112.824 Y128.16 E2.2128
;WIPE_END
G92 E0
G1 X106.507 Y129.098 F7200
G1 E2 F4800
G1 F9000
G1 X107.414 Y130.3 E2.05097
G1 X108.967 Y131.61 E2.11974
G1 X110.883 Y132.64 E2.19337
G1 X112.522 Y131.001 E2.27183
G1 X115.776 Y131.873 E2.38586
G1 X116.176 Y133.365 E2.43815
G1 X117.108 Y133.27 E2.46986
G1 X119.164 Y132.628 E2.54277
G1 X121.041 Y131.61 E2.61505
G1 X121.273 Y131.415 E2.62531
G1 X121.019 Y130.468 E2.6585
G1 X117.765 Y129.596 E2.77253
G1 X115.882 Y131.48 E2.86269
G1 X112.628 Y130.608 E2.97672
G1 X111.938 Y128.035 E3.06689
G1 X108.684 Y127.163 E3.18092
G1 X106.801 Y129.047 E3.27108
G1 X106.384 Y128.935 E3.2857
G1 X105.638 Y127.203 E3.34953
G1 X104.714 Y123.457 E3.48013
G1 X104.846 Y123.325 E3.48645
G1 X108.1 Y124.197 E3.60048
G1 X108.79 Y126.77 E3.69065
G1 X112.044 Y127.642 E3.80468
G1 X112.358 Y127.327 E3.81973
G1 X112.244 Y126.951 E3.83303
G1 X112.19 Y126.403 E3.85167
G1 X112.244 Y125.854 E3.87034
G1 X112.404 Y125.327 E3.88898
G1 X112.664 Y124.841 E3.90764
G1 X113.013 Y124.415 E3.92628
G1 X113.653 Y123.951 E3.95304
G1 X113.343 Y122.792 E3.99365
G1 X110.089 Y121.921 E4.10767
G1 X108.206 Y123.804 E4.19781
G1 X104.952 Y122.932 E4.31184
G1 X104.262 Y120.359 E4.40201
G1 X103.929 Y120.27 E4.41368
G1 X103.818 Y119.819 E4.4294
G1 X104.368 Y119.966 E4.44867
G1 X106.251 Y118.083 E4.53881
G1 X109.505 Y118.954 E4.65283
G1 X110.194 Y121.527 E4.74299
G1 X113.448 Y122.399 E4.85702
G1 X115.332 Y120.516 E4.94718
G1 X118.586 Y121.388 E5.06121
G1 X119.275 Y123.961 E5.15137
G1 X122.529 Y124.832 E5.26539
G1 X124.413 Y122.949 E5.35555
G1 X125.357 Y123.202 E5.38863
G1 X125.454 Y122.807 E5.4024
G1 X124.518 Y122.556 E5.4352
G1 X123.829 Y119.983 E5.52536
G1 X120.575 Y119.111 E5.63939
G1 X118.691 Y120.994 E5.72955
G1 X115.437 Y120.123 E5.84357
G1 X114.748 Y117.55 E5.93373
G1 X112.772 Y117.02 E6.00298
G1 X111.151 Y117.02 E6.05785
G1 X109.61 Y118.561 E6.13162
G1 X106.356 Y117.689 E6.24565
G1 X106.177 Y117.02 E6.26909
G1 X103.128 Y117.02 E6.3723
G1 X103.769 Y119.621 E6.46297
G1 E5.06297 F4800
;WIPE_START
G1 F5760
G1 X103.588 Y118.885 E4.46297
;WIPE_END
G92 E0
G1 X114.786 Y117.02 F7200
G1 E2 F4800
G1 F9000
G1 X114.345 Y117.02 E2.01493
G1 X114.853 Y117.156 E2.03273
G1 X114.989 Y117.02 E2.03924
G1 X120.225 Y117.02 E2.21647
G1 X120.68 Y118.718 E2.27597
G1 X123.934 Y119.59 E2.39
G1 X125.817 Y117.706 E2.48016
G1 X126.656 Y117.931 E2.50956
G1 X126.753 Y117.536 E2.52333
G1 X125.923 Y117.313 E2.55242
G1 X125.844 Y117.02 E2.56269
G1 X120.429 Y117.02 E2.74598
G1 E1.34598 F4800
;WIPE_START
G1 F5760
G1 X121.187 Y117.02 E.74598
;WIPE_END
G92 E0
G1 X115.987 Y107.755 F7200
G1 E2 F4800
;TYPE:External perimeter
G1 F4860
G1 X115.987 Y100.245 E2.2542
G1 X118.72 Y100.245 E2.34671
G1 X118.72 Y107.755 E2.60091
G1 X116.047 Y107.755 E2.69139
G1 X116.369 Y107.373 F7200
;TYPE:Perimeter
;WIDTH:0.4
G1 F4860
G1 X116.369 Y100.627 E2.89169
G1 X118.338 Y100.627 E2.95015
G1 X118.338 Y107.373 E3.15045
G1 X116.429 Y107.373 E3.20713
G1 X116.726 Y107.016 F7200
G1 F4860
G1 X116.726 Y100.984 E3.38623
G1 X117.981 Y100.984 E3.42349
G1 X117.981 Y107.016 E3.60259
G1 X116.786 Y107.016 E3.63807
G1 E2.23807 F4800
;WIPE_START
G1 F5760
G1 X116.726 Y107.016 E2.19057
G1 X116.726 Y106.318 E1.63807
;WIPE_END
G92 E0
G1 X117.099 Y101.356 F7200
G1 E2 F4800
;TYPE:Solid infill
;WIDTH:0.552577
G1 F9000
G1 X117.608 Y101.356 E2.02157
G1 X117.608 Y106.644 E2.24567
G1 X117.099 Y106.644 E2.26724
G1 X117.099 Y101.585 E2.48163
G1 E1.08163 F4800
;WIPE_START
G1 F5760
G1 X117.099 Y102.343 E.48163
;WIPE_END
G92 E0
G1 X111.212 Y107.755 F7200
G1 E2 F4800
;TYPE:External perimeter
;WIDTH:0.45
G1 F4860
G1 X111.212 Y100.245 E2.2542
G1 X113.945 Y100.245 E2.34671
G1 X113.945 Y107.755 E2.60091
G1 X111.272 Y107.755 E2.69139
G1 X111.594 Y107.373 F7200
;TYPE:Perimeter
;WIDTH:0.4
G1 F4860
G1 X111.594 Y100.627 E2.89169
G1 X113.562 Y100.627 E2.95012
G1 X113.562 Y107.373 E3.15042
G1 X111.654 Y107.373 E3.20707
G1 X111.951 Y107.016 F7200
G1 F4860
G1 X111.951 Y100.984 E3.38617
G1 X113.205 Y100.984 E3.4234
G1 X113.205 Y107.016 E3.6025
G1 X112.011 Y107.016 E3.63795
G1 E2.23795 F4800
;WIPE_START
G1 F5760
G1 X111.951 Y107.016 E2.19045
G1 X111.951 Y106.318 E1.63795
;WIPE_END
G92 E0
G1 X112.323 Y101.356 F7200
G1 E2 F4800
;TYPE:Solid infill
;WIDTH:0.552578
G1 F9000
G1 X112.833 Y101.356 E2.02161
G1 X112.833 Y106.644 E2.24571
G1 X112.323 Y106.644 E2.26732
G1 X112.323 Y101.585 E2.48171
G1 E1.08171 F4800
;WIPE_START
G1 F5760
G1 X112.323 Y102.343 E.48171
;WIPE_END
G92 E0
G1 X106.437 Y107.755 F7200
G1 E2 F4800
;TYPE:External perimeter
;WIDTH:0.45
G1 F4860
G1 X106.437 Y100.245 E2.2542
G1 X109.169 Y100.245 E2.34667
G1 X109.169 Y107.755 E2.60087
G1 X106.497 Y107.755 E2.69131
G1 X106.819 Y107.373 F7200
;TYPE:Perimeter
;WIDTH:0.4
G1 F4860
G1 X106.819 Y100.627 E2.89161
G1 X108.787 Y100.627 E2.95004
G1 X108.787 Y107.373 E3.15034
G1 X106.879 Y107.373 E3.20699
G1 X107.176 Y107.016 F7200
G1 F4860
G1 X107.176 Y100.984 E3.38609
G1 X108.43 Y100.984 E3.42332
G1 X108.43 Y107.016 E3.60242
G1 X107.236 Y107.016 E3.63787
G1 E2.23787 F4800
;WIPE_START
G1 F5760
G1 X107.176 Y107.016 E2.19037
G1 X107.176 Y106.318 E1.63787
;WIPE_END
G92 E0
G1 X107.548 Y101.356 F7200
G1 E2 F4800
;TYPE:Solid infill
;WIDTH:0.552577
G1 F9000
G1 X108.058 Y101.356 E2.02161
G1 X108.058 Y106.644 E2.24571
G1 X107.548 Y106.644 E2.26732
G1 X107.548 Y101.585 E2.48171
G1 E1.08171 F4800
;WIPE_START
G1 F5760
G1 X107.548 Y102.343 E.48171
;WIPE_END
G92 E0
G1 X104.394 Y107.755 F7200
G1 E2 F4800
;TYPE:External perimeter
;WIDTH:0.45
G1 F4860
G1 X101.662 Y107.755 E2.09247
G1 X101.662 Y100.245 E2.34667
G1 X104.394 Y100.245 E2.43914
G1 X104.394 Y107.695 E2.69131
G1 X104.012 Y107.373 F7200
;TYPE:Perimeter
;WIDTH:0.4
G1 F4860
G1 X102.044 Y107.373 E2.74974
G1 X102.044 Y100.627 E2.95004
G1 X104.012 Y100.627 E3.00847
G1 X104.012 Y107.313 E3.20699
G1 X103.655 Y107.016 F7200
G1 F4860
G1 X102.401 Y107.016 E3.24422
G1 X102.401 Y100.984 E3.42332
G1 X103.655 Y100.984 E3.46055
G1 X103.655 Y106.956 E3.63787
G1 E2.23787 F4800
;WIPE_START
G1 F5760
G1 X103.655 Y107.016 E2.19037
G1 X102.957 Y107.016 E1.63787
;WIPE_END
G92 E0
G1 X103.283 Y101.356 F7200
G1 E2 F4800
;TYPE:Solid infill
;WIDTH:0.552579
G1 F9000
G1 X103.283 Y106.644 E2.2241
G1 X102.773 Y106.644 E2.24571
G1 X102.773 Y101.356 E2.46981
G1 X103.054 Y101.356 E2.48172
G1 E1.08172 F4800
;WIPE_START
G1 F5760
G1 X102.773 Y101.356 E.85926
G1 X102.773 Y101.833 E.48172
;WIPE_END
G92 E0
G1 X99.619 Y107.755 F7200
G1 E2 F4800
;TYPE:External perimeter
;WIDTH:0.45
G1 F4860
G1 X96.886 Y107.755 E2.09251
G1 X96.886 Y100.245 E2.34671
G1 X99.619 Y100.245 E2.43922
G1 X99.619 Y107.695 E2.69139
G1 X99.237 Y107.373 F7200
;TYPE:Perimeter
;WIDTH:0.4
G1 F4860
G1 X97.268 Y107.373 E2.74985
G1 X97.268 Y100.627 E2.95015
G1 X99.237 Y100.627 E3.00861
G1 X99.237 Y107.313 E3.20713
G1 X98.88 Y107.016 F7200
G1 F4860
G1 X97.625 Y107.016 E3.24439
G1 X97.625 Y100.984 E3.42349
G1 X98.88 Y100.984 E3.46075
G1 X98.88 Y106.956 E3.63807
G1 E2.23807 F4800
;WIPE_START
G1 F5760
G1 X98.88 Y107.016 E2.19057
G1 X98.182 Y107.016 E1.63807
;WIPE_END
G92 E0
G1 X97.998 Y101.356 F7200
G1 E2 F4800
;TYPE:Solid infill
;WIDTH:0.552579
G1 F9000
G1 X98.507 Y101.356 E2.02157
G1 X98.507 Y106.644 E2.24567
G1 X97.998 Y106.644 E2.26724
G1 X97.998 Y101.585 E2.48163
G1 E1.08163 F4800
;WIPE_START
G1 F5760
G1 X97.998 Y102.343 E.48163
;WIPE_END
G92 E0
G1 X94.844 Y107.755 F7200
G1 E2 F4800
;TYPE:External perimeter
;WIDTH:0.45
G1 F4860
G1 X92.111 Y107.755 E2.09251
G1 X92.111 Y100.245 E2.34671
G1 X94.844 Y100.245 E2.43922
G1 X94.844 Y107.695 E2.69139
G1 X94.462 Y107.373 F7200
;TYPE:Perimeter
;WIDTH:0.4
G1 F4860
G1 X92.493 Y107.373 E2.74985
G1 X92.493 Y100.627 E2.95015
G1 X94.462 Y100.627 E3.00861
G1 X94.462 Y107.313 E3.20713
G1 X94.105 Y107.016 F7200
G1 F4860
G1 X92.85 Y107.016 E3.24439
G1 X92.85 Y100.984 E3.42349
G1 X94.105 Y100.984 E3.46075
G1 X94.105 Y106.956 E3.63807
G1 E2.23807 F4800
;WIPE_START
G1 F5760
G1 X94.105 Y107.016 E2.19057
G1 X93.407 Y107.016 E1.63807
;WIPE_END
G92 E0
G1 X93.223 Y101.356 F7200
G1 E2 F4800
;TYPE:Solid infill
;WIDTH:0.55258
G1 F9000
G1 X93.732 Y101.356 E2.02157
G1 X93.732 Y106.644 E2.24567
G1 X93.223 Y106.644 E2.26724
G1 X93.223 Y101.585 E2.48163
G1 E1.08163 F4800
;WIPE_START
G1 F5760
G1 X93.223 Y102.343 E.48163
;WIPE_END
G92 E0
G1 X90.068 Y107.755 F7200
G1 E2 F4800
;TYPE:External perimeter
;WIDTH:0.45
G1 F4860
G1 X87.336 Y107.755 E2.09247
G1 X87.336 Y100.245 E2.34667
G1 X90.068 Y100.245 E2.43914
G1 X90.068 Y107.695 E2.69131
G1 X89.686 Y107.373 F7200
;TYPE:Perimeter
;WIDTH:0.4
G1 F4860
G1 X87.718 Y107.373 E2.74974
G1 X87.718 Y100.627 E2.95004
G1 X89.686 Y100.627 E3.00847
G1 X89.686 Y107.313 E3.20699
G1 X89.329 Y107.016 F7200
G1 F4860
G1 X88.075 Y107.016 E3.24422
G1 X88.075 Y100.984 E3.42332
G1 X89.329 Y100.984 E3.46055
G1 X89.329 Y106.956 E3.63787
G1 E2.23787 F4800
;WIPE_START
G1 F5760
G1 X89.329 Y107.016 E2.19037
G1 X88.631 Y107.016 E1.63787
;WIPE_END
G92 E0
G1 X88.447 Y101.356 F7200
G1 E2 F4800
;TYPE:Solid infill
;WIDTH:0.552579
G1 F9000
G1 X88.957 Y101.356 E2.02161
G1 X88.957 Y106.644 E2.24571
G1 X88.447 Y106.644 E2.26732
G1 X88.447 Y101.585 E2.48171
G1 E1.08171 F4800
;WIPE_START
G1 F5760
G1 X88.447 Y102.343 E.48171
;WIPE_END
G92 E0
G1 X85.293 Y107.755 F7200
G1 E2 F4800
;TYPE:External perimeter
;WIDTH:0.45
G1 F4860
G1 X82.561 Y107.755 E2.09247
G1 X82.561 Y100.245 E2.34667
G1 X85.293 Y100.245 E2.43914
G1 X85.293 Y107.695 E2.69131
G1 X84.911 Y107.373 F7200
;TYPE:Perimeter
;WIDTH:0.4
G1 F4860
G1 X82.943 Y107.373 E2.74974
G1 X82.943 Y100.627 E2.95004
G1 X84.911 Y100.627 E3.00847
G1 X84.911 Y107.313 E3.20699
G1 X84.554 Y107.016 F7200
G1 F4860
G1 X83.3 Y107.016 E3.24422
G1 X83.3 Y100.984 E3.42332
G1 X84.554 Y100.984 E3.46055
G1 X84.554 Y106.956 E3.63787
G1 E2.23787 F4800
;WIPE_START
G1 F5760
G1 X84.554 Y107.016 E2.19037
G1 X83.856 Y107.016 E1.63787
;WIPE_END
G92 E0
G1 X83.672 Y101.356 F7200
G1 E2 F4800
;TYPE:Solid infill
;WIDTH:0.552579
G1 F9000
G1 X84.182 Y101.356 E2.02161
G1 X84.182 Y106.644 E2.24571
G1 X83.672 Y106.644 E2.26732
G1 X83.672 Y101.585 E2.48171
;LAYER_CHANGE
;Z:5.08
;HEIGHT:0.2
; BEFORE_LAYER_CHANGE 24 @ 5.08mm
G1 E1.08171 F4800
;WIPE_START
G1 F5760
G1 X83.672 Y102.343 E.48171
;WIPE_END
G92 E0
G1 Z5.08 F7200
; AFTER_LAYER_CHANGE 24 @ 5.08mm
G1 X144.733 Y107.755
G1 E2 F4800
;TYPE:External perimeter
;WIDTH:0.45
G1 F4860
G1 X144.733 Y100.245 E2.2542
G1 X147.276 Y100.245 E2.34028
G1 X147.276 Y107.755 E2.59448
G1 X144.793 Y107.755 E2.67853
G1 X145.115 Y107.373 F7200
;TYPE:Perimeter
;WIDTH:0.4
G1 F4860
G1 X145.115 Y100.627 E2.87883
G1 X146.894 Y100.627 E2.93165
G1 X146.894 Y107.373 E3.13195
G1 X145.175 Y107.373 E3.18299
G1 X145.473 Y107.016 F7200
G1 F4860
G1 X145.473 Y100.984 E3.36209
G1 X146.537 Y100.984 E3.39368
G1 X146.537 Y107.016 E3.57278
G1 X145.533 Y107.016 E3.60259
G1 X145.797 Y106.691 F7200
;TYPE:Solid infill
;WIDTH:0.457698
G1 F9000
G1 X145.797 Y101.309 E3.78821
G1 X146.212 Y101.309 E3.80252
G1 X146.212 Y106.691 E3.98814
G1 X146.026 Y106.691 E3.99455
G1 E2.59455 F4800
;WIPE_START
G1 F5760
G1 X146.212 Y106.691 E2.4473
G1 X146.212 Y106.119 E1.99455
;WIPE_END
G92 E0
G1 X139.958 Y107.755 F7200
G1 E2 F4800
;TYPE:External perimeter
;WIDTH:0.45
G1 F4860
G1 X139.958 Y100.245 E2.2542
G1 X142.501 Y100.245 E2.34028
G1 X142.501 Y107.755 E2.59448
G1 X140.018 Y107.755 E2.67853
G1 X140.34 Y107.373 F7200
;TYPE:Perimeter
;WIDTH:0.4
G1 F4860
G1 X140.34 Y100.627 E2.87883
G1 X142.119 Y100.627 E2.93165
G1 X142.119 Y107.373 E3.13195
G1 X140.4 Y107.373 E3.18299
G1 X140.697 Y107.016 F7200
G1 F4860
G1 X140.697 Y100.984 E3.36209
G1 X141.762 Y100.984 E3.39371
G1 X141.762 Y107.016 E3.57281
G1 X140.757 Y107.016 E3.60265
G1 X141.022 Y106.691 F7200
;TYPE:Solid infill
;WIDTH:0.457697
G1 F9000
G1 X141.022 Y101.309 E3.78827
G1 X141.437 Y101.309 E3.80258
G1 X141.437 Y106.691 E3.9882
G1 X141.251 Y106.691 E3.99461
G1 E2.59461 F4800
;WIPE_START
G1 F5760
G1 X141.437 Y106.691 E2.44736
G1 X141.437 Y106.119 E1.99461
;WIPE_END
G92 E0
G1 X135.183 Y107.755 F7200
G1 E2 F4800
;TYPE:External perimeter
;WIDTH:0.45
G1 F4860
G1 X135.183 Y100.245 E2.2542
G1 X137.726 Y100.245 E2.34028
G1 X137.726 Y107.755 E2.59448
G1 X135.243 Y107.755 E2.67853
G1 X135.565 Y107.373 F7200
;TYPE:Perimeter
;WIDTH:0.4
G1 F4860
G1 X135.565 Y100.627 E2.87883
G1 X137.344 Y100.627 E2.93165
G1 X137.344 Y107.373 E3.13195
G1 X135.625 Y107.373 E3.18299
G1 X135.922 Y107.016 F7200
G1 F4860
G1 X135.922 Y100.984 E3.36209
G1 X136.987 Y100.984 E3.39371
G1 X136.987 Y107.016 E3.57281
G1 X135.982 Y107.016 E3.60265
G1 X136.247 Y106.691 F7200
;TYPE:Solid infill
;WIDTH:0.457696
G1 F9000
G1 X136.247 Y101.309 E3.78827
G1 X136.662 Y101.309 E3.80258
G1 X136.662 Y106.691 E3.9882
G1 X136.476 Y106.691 E3.99461
G1 E2.59461 F4800
;WIPE_START
G1 F5760
G1 X136.662 Y106.691 E2.44736
G1 X136.662 Y106.119 E1.99461
;WIPE_END
G92 E0
G1 X130.408 Y107.755 F7200
G1 E2 F4800
;TYPE:External perimeter
;WIDTH:0.45
G1 F4860
G1 X130.408 Y100.245 E2.2542
G1 X132.951 Y100.245 E2.34028
G1 X132.951 Y107.755 E2.59448
G1 X130.468 Y107.755 E2.67853
G1 X130.79 Y107.373 F7200
;TYPE:Perimeter
;WIDTH:0.4
G1 F4860
G1 X130.79 Y100.627 E2.87883
G1 X132.568 Y100.627 E2.93162
G1 X132.568 Y107.373 E3.13192
G1 X130.85 Y107.373 E3.18293
G1 X131.147 Y107.016 F7200
G1 F4860
G1 X131.147 Y100.984 E3.36203
G1 X132.211 Y100.984 E3.39362
G1 X132.211 Y107.016 E3.57272
G1 X131.207 Y107.016 E3.60253
G1 X131.472 Y106.691 F7200
;TYPE:Solid infill
;WIDTH:0.457696
G1 F9000
G1 X131.472 Y101.309 E3.78815
G1 X131.887 Y101.309 E3.80246
G1 X131.887 Y106.691 E3.98808
G1 X131.7 Y106.691 E3.99453
G1 E2.59453 F4800
;WIPE_START
G1 F5760
G1 X131.887 Y106.691 E2.44649
G1 X131.887 Y106.12 E1.99453
;WIPE_END
G92 E0
G1 X125.633 Y107.755 F7200
G1 E2 F4800
;TYPE:External perimeter
;WIDTH:0.45
G1 F4860
G1 X125.633 Y100.245 E2.2542
G1 X128.175 Y100.245 E2.34024
G1 X128.175 Y107.755 E2.59444
G1 X125.693 Y107.755 E2.67845
G1 X126.015 Y107.373 F7200
;TYPE:Perimeter
;WIDTH:0.4
G1 F4860
G1 X126.015 Y100.627 E2.87875
G1 X127.793 Y100.627 E2.93154
G1 X127.793 Y107.373 E3.13184
G1 X126.075 Y107.373 E3.18285
G1 X126.372 Y107.016 F7200
G1 F4860
G1 X126.372 Y100.984 E3.36195
G1 X127.436 Y100.984 E3.39354
G1 X127.436 Y107.016 E3.57264
G1 X126.432 Y107.016 E3.60245
G1 X126.697 Y106.691 F7200
;TYPE:Solid infill
;WIDTH:0.457698
G1 F9000
G1 X126.697 Y101.309 E3.78807
G1 X127.111 Y101.309 E3.80235
G1 X127.111 Y106.691 E3.98797
G1 X126.925 Y106.691 E3.99438
G1 E2.59438 F4800
;WIPE_START
G1 F5760
G1 X127.111 Y106.691 E2.44713
G1 X127.111 Y106.119 E1.99438
;WIPE_END
G92 E0
G1 X120.857 Y107.755 F7200
G1 E2 F4800
;TYPE:External perimeter
;WIDTH:0.45
G1 F4860
G1 X120.857 Y100.245 E2.2542
G1 X123.4 Y100.245 E2.34028
G1 X123.4 Y107.755 E2.59448
G1 X120.917 Y107.755 E2.67853
G1 X121.239 Y107.373 F7200
;TYPE:Perimeter
;WIDTH:0.4
G1 F4860
G1 X121.239 Y100.627 E2.87883
G1 X123.018 Y100.627 E2.93165
G1 X123.018 Y107.373 E3.13195
G1 X121.299 Y107.373 E3.18299
G1 X121.596 Y107.016 F7200
G1 F4860
G1 X121.596 Y100.984 E3.36209
G1 X122.661 Y100.984 E3.39371
G1 X122.661 Y107.016 E3.57281
G1 X121.656 Y107.016 E3.60265
G1 X121.921 Y106.691 F7200
;TYPE:Solid infill
;WIDTH:0.457696
G1 F9000
G1 X121.921 Y101.309 E3.78827
G1 X122.336 Y101.309 E3.80258
G1 X122.336 Y106.691 E3.9882
G1 X122.15 Y106.691 E3.99461
G1 E2.59461 F4800
;WIPE_START
G1 F5760
G1 X122.336 Y106.691 E2.44736
G1 X122.336 Y106.119 E1.99461
;WIPE_END
G92 E0
G1 X128.234 Y115.96 F7200
G1 E2 F4800
;TYPE:External perimeter
;WIDTH:0.45
G1 X125.382 Y127.531 E2.40339
G1 X124.641 Y129.347 E2.46978
G1 X123.369 Y131.034 E2.5413
G1 X121.642 Y132.49 E2.61776
G1 X119.578 Y133.61 E2.69725
G1 X117.322 Y134.314 E2.77724
G1 X115.031 Y134.554 E2.85521
G1 X112.686 Y134.314 E2.935
G1 X110.43 Y133.61 E3.01499
G1 X108.366 Y132.49 E3.09448
G1 X106.639 Y131.034 E3.17094
G1 X105.367 Y129.347 E3.24246
G1 X104.627 Y127.531 E3.30884
G1 X101.775 Y115.96 E3.71223
G1 X119.338 Y115.96 E4.30672
G1 X128.174 Y115.96 E4.60581
G1 X127.746 Y116.342 F7200
;TYPE:Perimeter
;WIDTH:0.4
G1 F9000
G1 X125.017 Y127.413 E4.94436
G1 X124.306 Y129.157 E5.00028
G1 X123.09 Y130.77 E5.06026
G1 X121.426 Y132.173 E5.12488
G1 X119.429 Y133.256 E5.19233
G1 X117.245 Y133.938 E5.26026
G1 X115.03 Y134.17 E5.32639
G1 X112.763 Y133.938 E5.39405
G1 X110.579 Y133.256 E5.46198
G1 X108.583 Y132.173 E5.52941
G1 X106.918 Y130.77 E5.59406
G1 X105.702 Y129.157 E5.65404
G1 X104.991 Y127.413 E5.70996
G1 X102.262 Y116.342 E6.04851
G1 X119.338 Y116.342 E6.55552
G1 X127.686 Y116.342 E6.80338
G1 X127.29 Y116.699 F7200
G1 F9000
G1 X124.677 Y127.302 E7.12762
G1 X123.993 Y128.979 E7.18139
G1 X122.829 Y130.523 E7.2388
G1 X121.223 Y131.876 E7.30115
G1 X119.289 Y132.926 E7.36649
G1 X117.172 Y133.586 E7.43233
G1 X115.03 Y133.811 E7.49628
G1 X112.835 Y133.586 E7.56179
G1 X110.719 Y132.926 E7.6276
G1 X108.785 Y131.876 E7.69294
G1 X107.179 Y130.523 E7.75529
G1 X106.015 Y128.979 E7.8127
G1 X105.331 Y127.302 E7.86647
G1 X102.718 Y116.699 E8.19071
G1 X119.338 Y116.699 E8.68418
G1 X127.23 Y116.699 E8.9185
G1 E7.5185 F4800
;WIPE_START
G1 F5760
G1 X127.29 Y116.699 E7.471
G1 X127.123 Y117.377 E6.9185
;WIPE_END
G92 E0
G1 X114.714 Y124.685 F7200
G1 E2 F4800
;TYPE:External perimeter
;WIDTH:0.45
G1 F4860
G1 X115.001 Y124.656 E2.00976
G1 X115.342 Y124.69 E2.02136
G1 X115.67 Y124.789 E2.03296
G1 X115.972 Y124.951 E2.04456
G1 X116.236 Y125.168 E2.05613
G1 X116.453 Y125.432 E2.0677
G1 X116.615 Y125.734 E2.0793
G1 X116.714 Y126.062 E2.0909
G1 X116.748 Y126.403 E2.1025
G1 X116.714 Y126.743 E2.11407
G1 X116.615 Y127.071 E2.12567
G1 X116.453 Y127.373 E2.13727
G1 X116.236 Y127.637 E2.14884
G1 X115.972 Y127.854 E2.16041
G1 X115.67 Y128.016 E2.17201
G1 X115.342 Y128.115 E2.18361
G1 X115.001 Y128.149 E2.19521
G1 X114.661 Y128.115 E2.20678
G1 X114.333 Y128.016 E2.21838
G1 X114.031 Y127.854 E2.22998
G1 X113.767 Y127.637 E2.24155
G1 X113.55 Y127.373 E2.25312
G1 X113.388 Y127.071 E2.26472
G1 X113.289 Y126.743 E2.27632
G1 X113.255 Y126.403 E2.28789
G1 X113.289 Y126.062 E2.29949
G1 X113.388 Y125.734 E2.31109
G1 X113.55 Y125.432 E2.32269
G1 X113.767 Y125.168 E2.33426
G1 X114.031 Y124.951 E2.34583
G1 X114.336 Y124.788 E2.35754
G1 X114.656 Y124.7 E2.36877
G1 X114.645 Y124.308 F7200
;TYPE:Perimeter
;WIDTH:0.4
G1 F4860
G1 X115.001 Y124.272 E2.37939
G1 X115.417 Y124.313 E2.3918
G1 X115.817 Y124.435 E2.40422
G1 X116.185 Y124.631 E2.4166
G1 X116.508 Y124.896 E2.429
G1 X116.773 Y125.219 E2.4414
G1 X116.969 Y125.587 E2.45378
G1 X117.091 Y125.987 E2.4662
G1 X117.132 Y126.403 E2.47861
G1 X117.091 Y126.818 E2.49099
G1 X116.969 Y127.218 E2.50341
G1 X116.773 Y127.586 E2.51579
G1 X116.508 Y127.909 E2.52819
G1 X116.185 Y128.174 E2.54059
G1 X115.817 Y128.371 E2.55298
G1 X115.417 Y128.492 E2.56539
G1 X115.001 Y128.533 E2.5778
G1 X114.586 Y128.492 E2.59018
G1 X114.186 Y128.371 E2.60259
G1 X113.818 Y128.174 E2.61498
G1 X113.495 Y127.909 E2.62738
G1 X113.23 Y127.586 E2.63978
G1 X113.034 Y127.218 E2.65216
G1 X112.912 Y126.818 E2.66458
G1 X112.871 Y126.403 E2.67696
G1 X112.912 Y125.987 E2.68937
G1 X113.034 Y125.587 E2.70179
G1 X113.23 Y125.219 E2.71417
G1 X113.495 Y124.896 E2.72657
G1 X113.818 Y124.631 E2.73897
G1 X114.194 Y124.43 E2.75163
G1 X114.587 Y124.323 E2.76372
G1 X114.58 Y123.955 F7200
G1 F4860
G1 X115.001 Y123.914 E2.77628
G1 X115.487 Y123.961 E2.79078
G1 X115.954 Y124.103 E2.80527
G1 X116.384 Y124.333 E2.81975
G1 X116.761 Y124.643 E2.83424
G1 X117.071 Y125.02 E2.84873
G1 X117.301 Y125.45 E2.86321
G1 X117.443 Y125.917 E2.8777
G1 X117.49 Y126.403 E2.8922
G1 X117.443 Y126.888 E2.90667
G1 X117.301 Y127.355 E2.92116
G1 X117.071 Y127.785 E2.93564
G1 X116.761 Y128.162 E2.95013
G1 X116.384 Y128.472 E2.96462
G1 X115.954 Y128.702 E2.9791
G1 X115.487 Y128.844 E2.99359
G1 X115.001 Y128.891 E3.00809
G1 X114.516 Y128.844 E3.02256
G1 X114.049 Y128.702 E3.03705
G1 X113.619 Y128.472 E3.05153
G1 X113.242 Y128.162 E3.06602
G1 X112.932 Y127.785 E3.08051
G1 X112.702 Y127.355 E3.09499
G1 X112.56 Y126.888 E3.10948
G1 X112.513 Y126.403 E3.12395
G1 X112.56 Y125.917 E3.13845
G1 X112.702 Y125.45 E3.15294
G1 X112.932 Y125.02 E3.16742
G1 X113.242 Y124.643 E3.18191
G1 X113.619 Y124.333 E3.1964
G1 X114.061 Y124.096 E3.21129
G1 X114.522 Y123.971 E3.22547
G1 E1.82547 F4800
;WIPE_START
G1 F5760
G1 X114.58 Y123.955 E1.77784
G1 X115.001 Y123.914 E1.44297
G1 X115.274 Y123.941 E1.22547
;WIPE_END
G92 E0
G1 X117.612 Y125.37 F7200
G1 E2 F4800
;TYPE:Internal infill
;WIDTH:0.45
G1 F9000
G1 X117.339 Y124.841 E2.02015
G1 X116.99 Y124.415 E2.03879
G1 X116.563 Y124.065 E2.05748
G1 X116.077 Y123.805 E2.07614
G1 X115.55 Y123.645 E2.09478
G1 X115.001 Y123.591 E2.11345
G1 X114.521 Y123.638 E2.12978
G1 X113.942 Y123.796 E2.1501
G1 X113.653 Y123.951 E2.1612
G1 X113.343 Y122.792 E2.20181
G1 X115.725 Y120.41 E2.31584
G1 X118.298 Y121.1 E2.40601
G1 X120.68 Y118.718 E2.52004
G1 X120.225 Y117.02 E2.57954
G1 X125.844 Y117.02 E2.76974
G1 X125.923 Y117.313 E2.78001
G1 X123.541 Y119.695 E2.89404
G1 X120.968 Y119.006 E2.9842
G1 X118.586 Y121.388 E3.09823
G1 X119.275 Y123.961 E3.18839
G1 X117.671 Y125.565 E3.26517
G1 X117.777 Y126.035 E3.28148
G1 X119.563 Y124.248 E3.367
G1 X122.136 Y124.938 E3.45717
G1 X124.518 Y122.556 E3.5712
G1 X123.829 Y119.983 E3.66136
G1 X126.211 Y117.601 E3.77539
G1 X126.705 Y117.733 E3.7927
G1 X125.405 Y123.004 E3.97646
G1 X124.806 Y122.844 E3.99745
G1 X122.424 Y125.226 E4.11148
G1 X123.113 Y127.798 E4.20161
G1 X120.731 Y130.181 E4.31566
G1 X118.158 Y129.491 E4.40583
G1 X115.776 Y131.873 E4.51986
G1 X116.177 Y133.368 E4.57225
G1 X117.107 Y133.27 E4.6039
G1 X119.164 Y132.628 E4.67684
G1 X121.041 Y131.61 E4.74912
G1 X121.273 Y131.415 E4.75938
G1 X121.019 Y130.468 E4.79257
G1 X123.401 Y128.086 E4.9066
G1 X123.95 Y128.234 E4.92585
G1 X124.371 Y127.203 E4.96355
G1 X125.357 Y123.202 E5.10303
G1 E3.70303 F4800
;WIPE_START
G1 F5760
G1 X125.176 Y123.938 E3.10303
;WIPE_END
G92 E0
G1 X112.532 Y127.717 F7200
G1 E2 F4800
G1 F9000
G1 X112.664 Y127.965 E2.00951
G1 X113.013 Y128.391 E2.02815
G1 X113.44 Y128.74 E2.04682
G1 X113.926 Y129 E2.06548
G1 X114.453 Y129.16 E2.08412
G1 X115.001 Y129.214 E2.10276
G1 X115.55 Y129.16 E2.12143
G1 X116.077 Y129 E2.14007
G1 X116.563 Y128.74 E2.15873
G1 X116.99 Y128.391 E2.1774
G1 X117.339 Y127.965 E2.19604
G1 X117.472 Y127.716 E2.2056
G1 X117.87 Y129.203 E2.2577
G1 X115.488 Y131.585 E2.37173
G1 X112.915 Y130.896 E2.46189
G1 X111.102 Y132.709 E2.54868
G1 X110.691 Y132.545 E2.56366
G1 X112.628 Y130.608 E2.65638
G1 X111.938 Y128.035 E2.74655
G1 X112.436 Y127.538 E2.77037
G1 X112.291 Y127.106 E2.78579
G1 X111.65 Y127.747 E2.81647
G1 X109.077 Y127.058 E2.90663
G1 X106.735 Y129.4 E3.01874
G1 X106.488 Y129.072 E3.03264
G1 X108.79 Y126.77 E3.14284
G1 X108.1 Y124.197 E3.23301
G1 X110.482 Y121.815 E3.34704
G1 X113.055 Y122.505 E3.43721
G1 X115.437 Y120.123 E3.55124
G1 X114.748 Y117.55 E3.6414
G1 X115.277 Y117.02 E3.66675
G1 X114.702 Y117.02 E3.68621
G1 X114.46 Y117.262 E3.69779
G1 X113.558 Y117.02 E3.7294
G1 X111.439 Y117.02 E3.80113
G1 X109.505 Y118.954 E3.89371
G1 X110.194 Y121.527 E3.98387
G1 X107.812 Y123.909 E4.0979
G1 X105.239 Y123.22 E4.18806
G1 X104.771 Y123.688 E4.21046
G1 X104.658 Y123.226 E4.22656
G1 X104.952 Y122.932 E4.24063
G1 X104.262 Y120.359 E4.3308
G1 X106.644 Y117.977 E4.44483
G1 X109.217 Y118.667 E4.535
G1 X110.864 Y117.02 E4.61384
G1 X106.177 Y117.02 E4.77249
G1 X106.356 Y117.689 E4.79593
G1 X103.974 Y120.071 E4.90996
G1 X103.873 Y120.044 E4.9135
G1 X103.128 Y117.02 E5.01892
G1 X105.974 Y117.02 E5.11525
G1 E3.71525 F4800
;WIPE_START
G1 F5760
G1 X105.216 Y117.02 E3.11525
;WIPE_END
G92 E0
G1 X116.082 Y107.755 F7200
G1 E2 F4800
;TYPE:External perimeter
G1 F4860
G1 X116.082 Y100.245 E2.2542
G1 X118.625 Y100.245 E2.34028
G1 X118.625 Y107.755 E2.59448
G1 X116.142 Y107.755 E2.67853
G1 X116.464 Y107.373 F7200
;TYPE:Perimeter
;WIDTH:0.4
G1 F4860
G1 X116.464 Y100.627 E2.87883
G1 X118.243 Y100.627 E2.93165
G1 X118.243 Y107.373 E3.13195
G1 X116.524 Y107.373 E3.18299
G1 X116.821 Y107.016 F7200
G1 F4860
G1 X116.821 Y100.984 E3.36209
G1 X117.886 Y100.984 E3.39371
G1 X117.886 Y107.016 E3.57281
G1 X116.881 Y107.016 E3.60265
G1 X117.146 Y106.691 F7200
;TYPE:Solid infill
;WIDTH:0.457697
G1 F9000
G1 X117.146 Y101.309 E3.78827
G1 X117.561 Y101.309 E3.80258
G1 X117.561 Y106.691 E3.9882
G1 X117.375 Y106.691 E3.99461
G1 E2.59461 F4800
;WIPE_START
G1 F5760
G1 X117.561 Y106.691 E2.44736
G1 X117.561 Y106.119 E1.99461
;WIPE_END
G92 E0
G1 X111.307 Y107.755 F7200
G1 E2 F4800
;TYPE:External perimeter
;WIDTH:0.45
G1 F4860
G1 X111.307 Y100.245 E2.2542
G1 X113.85 Y100.245 E2.34028
G1 X113.85 Y107.755 E2.59448
G1 X111.367 Y107.755 E2.67853
G1 X111.689 Y107.373 F7200
;TYPE:Perimeter
;WIDTH:0.4
G1 F4860
G1 X111.689 Y100.627 E2.87883
G1 X113.468 Y100.627 E2.93165
G1 X113.468 Y107.373 E3.13195
G1 X111.749 Y107.373 E3.18299
G1 X112.046 Y107.016 F7200
G1 F4860
G1 X112.046 Y100.984 E3.36209
G1 X113.111 Y100.984 E3.39371
G1 X113.111 Y107.016 E3.57281
G1 X112.106 Y107.016 E3.60265
G1 X112.371 Y106.691 F7200
;TYPE:Solid infill
;WIDTH:0.457696
G1 F9000
G1 X112.371 Y101.309 E3.78827
G1 X112.786 Y101.309 E3.80258
G1 X112.786 Y106.691 E3.9882
G1 X112.599 Y106.691 E3.99465
G1 E2.59465 F4800
;WIPE_START
G1 F5760
G1 X112.786 Y106.691 E2.44661
G1 X112.786 Y106.12 E1.99465
;WIPE_END
G92 E0
G1 X106.532 Y107.755 F7200
G1 E2 F4800
;TYPE:External perimeter
;WIDTH:0.45
G1 F4860
G1 X106.532 Y100.245 E2.2542
G1 X109.074 Y100.245 E2.34024
G1 X109.074 Y107.755 E2.59444
G1 X106.592 Y107.755 E2.67845
G1 X106.914 Y107.373 F7200
;TYPE:Perimeter
;WIDTH:0.4
G1 F4860
G1 X106.914 Y100.627 E2.87875
G1 X108.692 Y100.627 E2.93154
G1 X108.692 Y107.373 E3.13184
G1 X106.974 Y107.373 E3.18285
G1 X107.271 Y107.016 F7200
G1 F4860
G1 X107.271 Y100.984 E3.36195
G1 X108.335 Y100.984 E3.39354
G1 X108.335 Y107.016 E3.57264
G1 X107.331 Y107.016 E3.60245
G1 X107.596 Y106.691 F7200
;TYPE:Solid infill
;WIDTH:0.457696
G1 F9000
G1 X107.596 Y101.309 E3.78807
G1 X108.01 Y101.309 E3.80235
G1 X108.01 Y106.691 E3.98797
G1 X107.824 Y106.691 E3.99438
G1 E2.59438 F4800
;WIPE_START
G1 F5760
G1 X108.01 Y106.691 E2.44713
G1 X108.01 Y106.119 E1.99438
;WIPE_END
G92 E0
G1 X104.299 Y107.755 F7200
G1 E2 F4800
;TYPE:External perimeter
;WIDTH:0.45
G1 F4860
G1 X101.756 Y107.755 E2.08608
G1 X101.756 Y100.245 E2.34028
G1 X104.299 Y100.245 E2.42636
G1 X104.299 Y107.695 E2.67853
G1 X103.917 Y107.373 F7200
;TYPE:Perimeter
;WIDTH:0.4
G1 F4860
G1 X102.139 Y107.373 E2.73132
G1 X102.139 Y100.627 E2.93162
G1 X103.917 Y100.627 E2.98441
G1 X103.917 Y107.313 E3.18293
G1 X103.56 Y107.016 F7200
G1 F4860
G1 X102.496 Y107.016 E3.21452
G1 X102.496 Y100.984 E3.39362
G1 X103.56 Y100.984 E3.42521
G1 X103.56 Y106.956 E3.60253
G1 E2.20253 F4800
;WIPE_START
G1 F5760
G1 X103.56 Y107.016 E2.15503
G1 X102.862 Y107.016 E1.60253
;WIPE_END
G92 E0
G1 X102.82 Y101.309 F7200
G1 E2 F4800
;TYPE:Solid infill
;WIDTH:0.457696
G1 F9000
G1 X103.235 Y101.309 E2.01431
G1 X103.235 Y106.691 E2.19993
G1 X102.82 Y106.691 E2.21424
G1 X102.82 Y101.538 E2.39196
G1 E.99196 F4800
;WIPE_START
G1 F5760
G1 X102.82 Y102.296 E.39196
;WIPE_END
G92 E0
G1 X99.524 Y107.755 F7200
G1 E2 F4800
;TYPE:External perimeter
;WIDTH:0.45
G1 F4860
G1 X96.981 Y107.755 E2.08608
G1 X96.981 Y100.245 E2.34028
G1 X99.524 Y100.245 E2.42636
G1 X99.524 Y107.695 E2.67853
G1 X99.142 Y107.373 F7200
;TYPE:Perimeter
;WIDTH:0.4
G1 F4860
G1 X97.363 Y107.373 E2.73135
G1 X97.363 Y100.627 E2.93165
G1 X99.142 Y100.627 E2.98447
G1 X99.142 Y107.313 E3.18299
G1 X98.785 Y107.016 F7200
G1 F4860
G1 X97.72 Y107.016 E3.21461
G1 X97.72 Y100.984 E3.39371
G1 X98.785 Y100.984 E3.42533
G1 X98.785 Y106.956 E3.60265
G1 X98.045 Y106.691 F7200
;TYPE:Solid infill
;WIDTH:0.457698
G1 F9000
G1 X98.045 Y101.309 E3.78827
G1 X98.46 Y101.309 E3.80258
G1 X98.46 Y106.691 E3.9882
G1 X98.274 Y106.691 E3.99461
G1 E2.59461 F4800
;WIPE_START
G1 F5760
G1 X98.46 Y106.691 E2.44736
G1 X98.46 Y106.119 E1.99461
;WIPE_END
G92 E0
G1 X94.749 Y107.755 F7200
G1 E2 F4800
;TYPE:External perimeter
;WIDTH:0.45
G1 F4860
G1 X92.206 Y107.755 E2.08608
G1 X92.206 Y100.245 E2.34028
G1 X94.749 Y100.245 E2.42636
G1 X94.749 Y107.695 E2.67853
G1 X94.367 Y107.373 F7200
;TYPE:Perimeter
;WIDTH:0.4
G1 F4860
G1 X92.588 Y107.373 E2.73135
G1 X92.588 Y100.627 E2.93165
G1 X94.367 Y100.627 E2.98447
G1 X94.367 Y107.313 E3.18299
G1 X94.01 Y107.016 F7200
G1 F4860
G1 X92.945 Y107.016 E3.21461
G1 X92.945 Y100.984 E3.39371
G1 X94.01 Y100.984 E3.42533
G1 X94.01 Y106.956 E3.60265
G1 E2.20265 F4800
;WIPE_START
G1 F5760
G1 X94.01 Y107.016 E2.15515
G1 X93.312 Y107.016 E1.60265
;WIPE_END
G92 E0
G1 X93.27 Y101.309 F7200
G1 E2 F4800
;TYPE:Solid infill
;WIDTH:0.457698
G1 F9000
G1 X93.685 Y101.309 E2.01431
G1 X93.685 Y106.691 E2.19993
G1 X93.27 Y106.691 E2.21424
G1 X93.27 Y101.538 E2.39196
G1 E.99196 F4800
;WIPE_START
G1 F5760
G1 X93.27 Y102.296 E.39196
;WIPE_END
G92 E0
G1 X89.974 Y107.755 F7200
G1 E2 F4800
;TYPE:External perimeter
;WIDTH:0.45
G1 F4860
G1 X87.431 Y107.755 E2.08608
G1 X87.431 Y100.245 E2.34028
G1 X89.974 Y100.245 E2.42636
G1 X89.974 Y107.695 E2.67853
G1 X89.591 Y107.373 F7200
;TYPE:Perimeter
;WIDTH:0.4
G1 F4860
G1 X87.813 Y107.373 E2.73132
G1 X87.813 Y100.627 E2.93162
G1 X89.591 Y100.627 E2.98441
G1 X89.591 Y107.313 E3.18293
G1 X89.234 Y107.016 F7200
G1 F4860
G1 X88.17 Y107.016 E3.21452
G1 X88.17 Y100.984 E3.39362
G1 X89.234 Y100.984 E3.42521
G1 X89.234 Y106.956 E3.60253
G1 E2.20253 F4800
;WIPE_START
G1 F5760
G1 X89.234 Y107.016 E2.15503
G1 X88.536 Y107.016 E1.60253
;WIPE_END
G92 E0
G1 X88.495 Y101.516 F7200
G1 E2 F4800
;TYPE:Solid infill
;WIDTH:0.457698
G1 F9000
G1 X88.495 Y101.309 E2.00714
G1 X88.91 Y101.309 E2.02145
G1 X88.91 Y106.691 E2.20707
G1 X88.495 Y106.691 E2.22138
G1 X88.495 Y101.745 E2.39196
G1 E.99196 F4800
;WIPE_START
G1 F5760
G1 X88.495 Y102.503 E.39196
;WIPE_END
G92 E0
G1 X85.198 Y107.755 F7200
G1 E2 F4800
;TYPE:External perimeter
;WIDTH:0.45
G1 F4860
G1 X82.656 Y107.755 E2.08604
G1 X82.656 Y100.245 E2.34024
G1 X85.198 Y100.245 E2.42628
G1 X85.198 Y107.695 E2.67845
G1 X84.816 Y107.373 F7200
;TYPE:Perimeter
;WIDTH:0.4
G1 F4860
G1 X83.038 Y107.373 E2.73124
G1 X83.038 Y100.627 E2.93154
G1 X84.816 Y100.627 E2.98433
G1 X84.816 Y107.313 E3.18285
G1 X84.459 Y107.016 F7200
G1 F4860
G1 X83.395 Y107.016 E3.21444
G1 X83.395 Y100.984 E3.39354
G1 X84.459 Y100.984 E3.42513
G1 X84.459 Y106.956 E3.60245
G1 E2.20245 F4800
;WIPE_START
G1 F5760
G1 X84.459 Y107.016 E2.15495
G1 X83.761 Y107.016 E1.60245
;WIPE_END
G92 E0
G1 X83.72 Y101.309 F7200
G1 E2 F4800
;TYPE:Solid infill
;WIDTH:0.457696
G1 F9000
G1 X84.134 Y101.309 E2.01428
G1 X84.134 Y106.691 E2.1999
G1 X83.72 Y106.691 E2.21418
G1 X83.72 Y101.538 E2.3919
;LAYER_CHANGE
;Z:5.28
;HEIGHT:0.2
; BEFORE_LAYER_CHANGE 25 @ 5.28mm
G1 E.9919 F4800
;WIPE_START
G1 F5760
G1 X83.72 Y102.296 E.3919
;WIPE_END
G92 E0
G1 Z5.28 F7200
; AFTER_LAYER_CHANGE 25 @ 5.28mm
G1 X85.103 Y107.755
G1 E2 F4800
;TYPE:External perimeter
;WIDTH:0.45
G1 F4860
G1 X82.75 Y107.755 E2.07965
G1 X82.75 Y100.245 E2.33385
G1 X85.103 Y100.245 E2.4135
G1 X85.103 Y107.695 E2.66567
G1 X84.721 Y107.373 F7200
;TYPE:Perimeter
;WIDTH:0.4
G1 F4860
G1 X83.133 Y107.373 E2.71282
G1 X83.133 Y100.627 E2.91312
G1 X84.721 Y100.627 E2.96027
G1 X84.721 Y107.313 E3.15879
G1 X84.364 Y107.016 F7200
G1 F4860
G1 X83.49 Y107.016 E3.18474
G1 X83.49 Y100.984 E3.36384
G1 X84.364 Y100.984 E3.38979
G1 X84.364 Y106.956 E3.56711
G1 X83.927 Y106.837 F7200
;TYPE:Gap fill
;WIDTH:0.560566
G1 F6000
G1 X83.927 Y101.163 E3.81133
G1 E2.41133 F4800
;WIPE_START
G1 F5760
G1 X83.927 Y101.921 E1.81133
;WIPE_END
G92 E0
G1 X89.879 Y107.755 F7200
G1 E2 F4800
;TYPE:External perimeter
;WIDTH:0.45
G1 F4860
G1 X87.526 Y107.755 E2.07965
G1 X87.526 Y100.245 E2.33385
G1 X89.879 Y100.245 E2.4135
G1 X89.879 Y107.695 E2.66567
G1 X89.497 Y107.373 F7200
;TYPE:Perimeter
;WIDTH:0.4
G1 F4860
G1 X87.908 Y107.373 E2.71285
G1 X87.908 Y100.627 E2.91315
G1 X89.497 Y100.627 E2.96033
G1 X89.497 Y107.313 E3.15885
G1 X89.14 Y107.016 F7200
G1 F4860
G1 X88.265 Y107.016 E3.18483
G1 X88.265 Y100.984 E3.36393
G1 X89.14 Y100.984 E3.38991
G1 X89.14 Y106.956 E3.56723
G1 X88.702 Y106.837 F7200
;TYPE:Gap fill
;WIDTH:0.560574
G1 F6000
G1 X88.702 Y101.163 E3.81146
G1 E2.41146 F4800
;WIPE_START
G1 F5760
G1 X88.702 Y101.921 E1.81146
;WIPE_END
G92 E0
G1 X94.654 Y107.755 F7200
G1 E2 F4800
;TYPE:External perimeter
;WIDTH:0.45
G1 F4860
G1 X92.301 Y107.755 E2.07965
G1 X92.301 Y100.245 E2.33385
G1 X94.654 Y100.245 E2.4135
G1 X94.654 Y107.695 E2.66567
G1 X94.272 Y107.373 F7200
;TYPE:Perimeter
;WIDTH:0.4
G1 F4860
G1 X92.683 Y107.373 E2.71285
G1 X92.683 Y100.627 E2.91315
G1 X94.272 Y100.627 E2.96033
G1 X94.272 Y107.313 E3.15885
G1 X93.915 Y107.016 F7200
G1 F4860
G1 X93.04 Y107.016 E3.18483
G1 X93.04 Y100.984 E3.36393
G1 X93.915 Y100.984 E3.38991
G1 X93.915 Y106.956 E3.56723
G1 X93.477 Y106.837 F7200
;TYPE:Gap fill
;WIDTH:0.56057
G1 F6000
G1 X93.477 Y101.163 E3.81145
G1 E2.41145 F4800
;WIPE_START
G1 F5760
G1 X93.477 Y101.921 E1.81145
;WIPE_END
G92 E0
G1 X99.429 Y107.755 F7200
G1 E2 F4800
;TYPE:External perimeter
;WIDTH:0.45
G1 F4860
G1 X97.076 Y107.755 E2.07965
G1 X97.076 Y100.245 E2.33385
G1 X99.429 Y100.245 E2.4135
G1 X99.429 Y107.695 E2.66567
G1 X99.047 Y107.373 F7200
;TYPE:Perimeter
;WIDTH:0.4
G1 F4860
G1 X97.458 Y107.373 E2.71285
G1 X97.458 Y100.627 E2.91315
G1 X99.047 Y100.627 E2.96033
G1 X99.047 Y107.313 E3.15885
G1 X98.69 Y107.016 F7200
G1 F4860
G1 X97.815 Y107.016 E3.18483
G1 X97.815 Y100.984 E3.36393
G1 X98.69 Y100.984 E3.38991
G1 X98.69 Y106.956 E3.56723
G1 X98.253 Y106.837 F7200
;TYPE:Gap fill
;WIDTH:0.56057
G1 F6000
G1 X98.253 Y101.163 E3.81145
G1 E2.41145 F4800
;WIPE_START
G1 F5760
G1 X98.253 Y101.921 E1.81145
;WIPE_END
G92 E0
G1 X104.204 Y107.755 F7200
G1 E2 F4800
;TYPE:External perimeter
;WIDTH:0.45
G1 F4860
G1 X101.851 Y107.755 E2.07965
G1 X101.851 Y100.245 E2.33385
G1 X104.204 Y100.245 E2.4135
G1 X104.204 Y107.695 E2.66567
G1 X103.822 Y107.373 F7200
;TYPE:Perimeter
;WIDTH:0.4
G1 F4860
G1 X102.233 Y107.373 E2.71285
G1 X102.233 Y100.627 E2.91315
G1 X103.822 Y100.627 E2.96033
G1 X103.822 Y107.313 E3.15885
G1 X103.465 Y107.016 F7200
G1 F4860
G1 X102.59 Y107.016 E3.18483
G1 X102.59 Y100.984 E3.36393
G1 X103.465 Y100.984 E3.38991
G1 X103.465 Y106.956 E3.56723
G1 X103.028 Y106.837 F7200
;TYPE:Gap fill
;WIDTH:0.560568
G1 F6000
G1 X103.028 Y101.163 E3.81145
G1 E2.41145 F4800
;WIPE_START
G1 F5760
G1 X103.028 Y101.921 E1.81145
;WIPE_END
G92 E0
G1 X106.627 Y107.755 F7200
G1 E2 F4800
;TYPE:External perimeter
;WIDTH:0.45
G1 F4860
G1 X106.627 Y100.245 E2.2542
G1 X108.98 Y100.245 E2.33385
G1 X108.98 Y107.755 E2.58805
G1 X106.687 Y107.755 E2.66567
G1 X107.009 Y107.373 F7200
;TYPE:Perimeter
;WIDTH:0.4
G1 F4860
G1 X107.009 Y100.627 E2.86597
G1 X108.597 Y100.627 E2.91312
G1 X108.597 Y107.373 E3.11342
G1 X107.069 Y107.373 E3.15879
G1 X107.366 Y107.016 F7200
G1 F4860
G1 X107.366 Y100.984 E3.33789
G1 X108.24 Y100.984 E3.36384
G1 X108.24 Y107.016 E3.54294
G1 X107.426 Y107.016 E3.56711
G1 X107.803 Y106.837 F7200
;TYPE:Gap fill
;WIDTH:0.560568
G1 F6000
G1 X107.803 Y101.163 E3.81133
G1 E2.41133 F4800
;WIPE_START
G1 F5760
G1 X107.803 Y101.921 E1.81133
;WIPE_END
G92 E0
G1 X111.402 Y107.755 F7200
G1 E2 F4800
;TYPE:External perimeter
;WIDTH:0.45
G1 F4860
G1 X111.402 Y100.245 E2.2542
G1 X113.755 Y100.245 E2.33385
G1 X113.755 Y107.755 E2.58805
G1 X111.462 Y107.755 E2.66567
G1 X111.784 Y107.373 F7200
;TYPE:Perimeter
;WIDTH:0.4
G1 F4860
G1 X111.784 Y100.627 E2.86597
G1 X113.373 Y100.627 E2.91315
G1 X113.373 Y107.373 E3.11345
G1 X111.844 Y107.373 E3.15885
G1 X112.141 Y107.016 F7200
G1 F4860
G1 X112.141 Y100.984 E3.33795
G1 X113.016 Y100.984 E3.36393
G1 X113.016 Y107.016 E3.54303
G1 X112.201 Y107.016 E3.56723
G1 X112.578 Y106.837 F7200
;TYPE:Gap fill
;WIDTH:0.560568
G1 F6000
G1 X112.578 Y101.163 E3.81145
G1 E2.41145 F4800
;WIPE_START
G1 F5760
G1 X112.578 Y101.921 E1.81145
;WIPE_END
G92 E0
G1 X116.177 Y107.755 F7200
G1 E2 F4800
;TYPE:External perimeter
;WIDTH:0.45
G1 F4860
G1 X116.177 Y100.245 E2.2542
G1 X118.53 Y100.245 E2.33385
G1 X118.53 Y107.755 E2.58805
G1 X116.237 Y107.755 E2.66567
G1 X116.559 Y107.373 F7200
;TYPE:Perimeter
;WIDTH:0.4
G1 F4860
G1 X116.559 Y100.627 E2.86597
G1 X118.148 Y100.627 E2.91315
G1 X118.148 Y107.373 E3.11345
G1 X116.619 Y107.373 E3.15885
G1 X116.916 Y107.016 F7200
G1 F4860
G1 X116.916 Y100.984 E3.33795
G1 X117.791 Y100.984 E3.36393
G1 X117.791 Y107.016 E3.54303
G1 X116.976 Y107.016 E3.56723
G1 X117.353 Y106.837 F7200
;TYPE:Gap fill
;WIDTH:0.560568
G1 F6000
G1 X117.353 Y101.163 E3.81145
G1 E2.41145 F4800
;WIPE_START
G1 F5760
G1 X117.353 Y101.921 E1.81145
;WIPE_END
G92 E0
G1 X128.234 Y115.96 F7200
G1 E2 F4800
;TYPE:External perimeter
;WIDTH:0.45
G1 X125.382 Y127.531 E2.40339
G1 X124.641 Y129.347 E2.46978
G1 X123.369 Y131.034 E2.5413
G1 X121.642 Y132.49 E2.61776
G1 X119.578 Y133.61 E2.69725
G1 X117.322 Y134.314 E2.77724
G1 X114.978 Y134.554 E2.857
G1 X112.686 Y134.314 E2.93501
G1 X110.43 Y133.61 E3.015
G1 X108.366 Y132.49 E3.09449
G1 X106.639 Y131.034 E3.17095
G1 X105.367 Y129.347 E3.24247
G1 X104.627 Y127.531 E3.30885
G1 X101.775 Y115.96 E3.71224
G1 X121.143 Y115.96 E4.36782
G1 X128.174 Y115.96 E4.60581
G1 X127.746 Y116.342 F7200
;TYPE:Perimeter
;WIDTH:0.4
G1 F9000
G1 X125.017 Y127.413 E4.94436
G1 X124.306 Y129.157 E5.00028
G1 X123.09 Y130.77 E5.06026
G1 X121.426 Y132.173 E5.12488
G1 X119.429 Y133.256 E5.19233
G1 X117.245 Y133.938 E5.26026
G1 X114.978 Y134.17 E5.32792
G1 X112.764 Y133.938 E5.39402
G1 X110.579 Y133.256 E5.46198
G1 X108.583 Y132.173 E5.52941
G1 X106.918 Y130.77 E5.59406
G1 X105.702 Y129.157 E5.65404
G1 X104.991 Y127.413 E5.70996
G1 X102.262 Y116.342 E6.04851
G1 X121.143 Y116.342 E6.60911
G1 X127.686 Y116.342 E6.80338
G1 X127.29 Y116.699 F7200
G1 F9000
G1 X124.677 Y127.302 E7.12762
G1 X123.993 Y128.979 E7.18139
G1 X122.829 Y130.523 E7.2388
G1 X121.223 Y131.876 E7.30115
G1 X119.289 Y132.926 E7.36649
G1 X117.173 Y133.586 E7.4323
G1 X114.978 Y133.811 E7.49781
G1 X112.836 Y133.586 E7.56176
G1 X110.719 Y132.926 E7.6276
G1 X108.785 Y131.876 E7.69294
G1 X107.179 Y130.523 E7.75529
G1 X106.015 Y128.979 E7.8127
G1 X105.331 Y127.302 E7.86647
G1 X102.718 Y116.699 E8.19071
G1 X121.143 Y116.699 E8.73777
G1 X127.23 Y116.699 E8.9185
G1 E7.5185 F4800
;WIPE_START
G1 F5760
G1 X127.29 Y116.699 E7.471
G1 X127.123 Y117.377 E6.9185
;WIPE_END
G92 E0
G1 X115.001 Y124.656 F7200
G1 E2 F4800
;TYPE:External perimeter
;WIDTH:0.45
G1 F4860
G1 X115.342 Y124.69 E2.0116
G1 X115.67 Y124.789 E2.0232
G1 X115.972 Y124.951 E2.0348
G1 X116.236 Y125.168 E2.04637
G1 X116.453 Y125.432 E2.05794
G1 X116.615 Y125.734 E2.06954
G1 X116.714 Y126.062 E2.08114
G1 X116.748 Y126.403 E2.09274
G1 X116.714 Y126.743 E2.10431
G1 X116.615 Y127.071 E2.11591
G1 X116.453 Y127.373 E2.12751
G1 X116.236 Y127.637 E2.13908
G1 X115.972 Y127.854 E2.15065
G1 X115.67 Y128.016 E2.16225
G1 X115.342 Y128.115 E2.17385
G1 X115.001 Y128.149 E2.18545
G1 X114.661 Y128.115 E2.19702
G1 X114.333 Y128.016 E2.20862
G1 X114.031 Y127.854 E2.22022
G1 X113.767 Y127.637 E2.23179
G1 X113.55 Y127.373 E2.24336
G1 X113.388 Y127.071 E2.25496
G1 X113.289 Y126.743 E2.26656
G1 X113.255 Y126.403 E2.27813
G1 X113.289 Y126.062 E2.28973
G1 X113.388 Y125.734 E2.30133
G1 X113.55 Y125.432 E2.31293
G1 X113.767 Y125.168 E2.3245
G1 X114.031 Y124.951 E2.33607
G1 X114.336 Y124.788 E2.34778
G1 X114.704 Y124.686 E2.36071
G1 X114.942 Y124.662 E2.36881
G1 X115.001 Y124.272 F7200
;TYPE:Perimeter
;WIDTH:0.4
G1 F4860
G1 X115.417 Y124.313 E2.38122
G1 X115.817 Y124.435 E2.39364
G1 X116.185 Y124.631 E2.40602
G1 X116.508 Y124.896 E2.41842
G1 X116.773 Y125.219 E2.43082
G1 X116.969 Y125.587 E2.4432
G1 X117.091 Y125.987 E2.45562
G1 X117.132 Y126.403 E2.46803
G1 X117.091 Y126.818 E2.48041
G1 X116.969 Y127.218 E2.49283
G1 X116.773 Y127.586 E2.50521
G1 X116.508 Y127.909 E2.51761
G1 X116.185 Y128.174 E2.53001
G1 X115.817 Y128.371 E2.5424
G1 X115.417 Y128.492 E2.55481
G1 X115.001 Y128.533 E2.56722
G1 X114.586 Y128.492 E2.5796
G1 X114.186 Y128.371 E2.59201
G1 X113.818 Y128.174 E2.6044
G1 X113.495 Y127.909 E2.6168
G1 X113.23 Y127.586 E2.6292
G1 X113.034 Y127.218 E2.64158
G1 X112.912 Y126.818 E2.654
G1 X112.871 Y126.403 E2.66638
G1 X112.912 Y125.987 E2.67879
G1 X113.034 Y125.587 E2.69121
G1 X113.23 Y125.219 E2.70359
G1 X113.495 Y124.896 E2.71599
G1 X113.818 Y124.631 E2.72839
G1 X114.193 Y124.431 E2.74101
G1 X114.633 Y124.309 E2.75457
G1 X114.942 Y124.278 E2.76379
G1 X115.001 Y123.914 F7200
G1 F4860
G1 X115.487 Y123.961 E2.77829
G1 X115.954 Y124.103 E2.79278
G1 X116.384 Y124.333 E2.80726
G1 X116.761 Y124.643 E2.82175
G1 X117.071 Y125.02 E2.83624
G1 X117.301 Y125.45 E2.85072
G1 X117.443 Y125.917 E2.86521
G1 X117.49 Y126.403 E2.87971
G1 X117.443 Y126.888 E2.89418
G1 X117.301 Y127.355 E2.90867
G1 X117.071 Y127.785 E2.92315
G1 X116.761 Y128.162 E2.93764
G1 X116.384 Y128.472 E2.95213
G1 X115.954 Y128.702 E2.96661
G1 X115.487 Y128.844 E2.9811
G1 X115.001 Y128.891 E2.9956
G1 X114.516 Y128.844 E3.01007
G1 X114.049 Y128.702 E3.02456
G1 X113.619 Y128.472 E3.03904
G1 X113.242 Y128.162 E3.05353
G1 X112.932 Y127.785 E3.06802
G1 X112.702 Y127.355 E3.0825
G1 X112.56 Y126.888 E3.09699
G1 X112.513 Y126.403 E3.11146
G1 X112.56 Y125.917 E3.12596
G1 X112.702 Y125.45 E3.14045
G1 X112.932 Y125.02 E3.15493
G1 X113.242 Y124.643 E3.16942
G1 X113.619 Y124.333 E3.18391
G1 X114.059 Y124.098 E3.19872
G1 X114.568 Y123.956 E3.21441
G1 X114.942 Y123.919 E3.22557
G1 X114.024 Y123.774 F7200
;TYPE:Internal infill
;WIDTH:0.45
G1 F9000
G1 X114.508 Y123.64 E3.24257
G1 X115.001 Y123.591 E3.25934
G1 X115.55 Y123.645 E3.27801
G1 X116.077 Y123.805 E3.29665
G1 X116.563 Y124.065 E3.31531
G1 X116.99 Y124.415 E3.334
G1 X117.339 Y124.841 E3.35264
G1 X117.599 Y125.327 E3.3713
G1 X117.738 Y125.785 E3.3875
G1 X119.17 Y124.354 E3.45603
G1 X118.298 Y121.1 E3.57006
G1 X115.725 Y120.41 E3.66023
G1 X114.853 Y117.156 E3.77426
G1 X114.989 Y117.02 E3.78077
G1 X119.811 Y117.02 E3.94399
G1 E2.54399 F4800
;WIPE_START
G1 F5760
G1 X119.053 Y117.02 E1.94399
;WIPE_END
G92 E0
G1 X125.454 Y122.807 F7200
G1 E2 F4800
G1 F9000
G1 X126.705 Y117.733 E2.17689
G1 X126.211 Y117.601 E2.1942
G1 X126.055 Y117.02 E2.21456
G1 X125.634 Y117.02 E2.22881
G1 X125.817 Y117.706 E2.25284
G1 X123.934 Y119.59 E2.343
G1 X124.806 Y122.844 E2.45703
G1 X125.405 Y123.004 E2.47802
G1 X124.371 Y127.203 E2.6244
G1 X123.95 Y128.234 E2.6621
G1 X123.401 Y128.086 E2.68135
G1 X122.529 Y124.832 E2.79538
G1 X124.413 Y122.949 E2.88554
G1 X123.541 Y119.695 E2.99957
G1 X120.968 Y119.006 E3.08973
G1 X120.436 Y117.02 E3.15932
G1 X120.014 Y117.02 E3.1736
G1 X120.575 Y119.111 E3.24688
G1 X118.691 Y120.994 E3.33704
G1 X119.563 Y124.248 E3.45107
G1 X122.136 Y124.938 E3.54124
G1 X123.008 Y128.192 E3.65527
G1 X121.124 Y130.075 E3.74543
G1 X121.444 Y131.27 E3.7873
G1 X121.101 Y131.56 E3.8025
G1 X120.731 Y130.181 E3.85083
G1 X118.158 Y129.491 E3.941
G1 X117.61 Y127.444 E4.01273
G1 X117.331 Y127.975 E4.03303
G1 X117.765 Y129.596 E4.08983
G1 X115.882 Y131.48 E4.17999
G1 X116.381 Y133.344 E4.24531
G1 X115.971 Y133.386 E4.25926
G1 X115.488 Y131.585 E4.32238
G1 X112.915 Y130.896 E4.41254
G1 X112.044 Y127.642 E4.52656
G1 X112.358 Y127.327 E4.54161
G1 X112.664 Y127.965 E4.56556
G1 X113.013 Y128.391 E4.5842
G1 X113.44 Y128.74 E4.60287
G1 X113.926 Y129 E4.62153
G1 X114.453 Y129.16 E4.64017
G1 X115.001 Y129.214 E4.65881
G1 X115.55 Y129.16 E4.67748
G1 X116.077 Y129 E4.69612
G1 X116.563 Y128.74 E4.71478
G1 X116.99 Y128.391 E4.73345
G1 X117.201 Y128.132 E4.74476
G1 E3.34476 F4800
;WIPE_START
G1 F5760
G1 X116.99 Y128.391 E3.08029
G1 X116.662 Y128.659 E2.74476
;WIPE_END
G92 E0
G1 X115.768 Y133.407 F7200
G1 E2 F4800
G1 F9000
G1 X114.979 Y133.488 E2.02685
G1 X112.901 Y133.27 E2.09757
G1 X110.883 Y132.64 E2.16913
G1 X112.522 Y131.001 E2.24759
G1 X111.65 Y127.747 E2.36162
G1 X109.077 Y127.058 E2.45178
G1 X108.206 Y123.804 E2.5658
G1 X110.089 Y121.921 E2.65594
G1 X109.217 Y118.667 E2.76997
G1 X106.644 Y117.977 E2.86014
G1 X106.388 Y117.02 E2.89367
G1 X105.966 Y117.02 E2.90795
G1 X106.251 Y118.083 E2.9452
G1 X104.368 Y119.966 E3.03534
G1 X105.239 Y123.22 E3.14936
G1 X107.812 Y123.909 E3.23952
G1 X108.684 Y127.163 E3.35355
G1 X106.801 Y129.047 E3.44371
G1 X106.984 Y129.731 E3.46768
G1 X107.414 Y130.3 E3.49182
G1 X108.967 Y131.61 E3.56059
G1 X110.701 Y132.551 E3.62737
G1 E2.22737 F4800
;WIPE_START
G1 F5760
G1 X110.035 Y132.189 E1.62737
;WIPE_END
G92 E0
G1 X106.475 Y129.056 F7200
G1 E2 F4800
G1 F9000
G1 X106.297 Y128.819 E2.01003
G1 X105.638 Y127.203 E2.0691
G1 X104.714 Y123.457 E2.1997
G1 X104.846 Y123.325 E2.20602
G1 X103.974 Y120.071 E2.32005
G1 X103.873 Y120.044 E2.32359
G1 X103.128 Y117.02 E2.42901
G1 X105.763 Y117.02 E2.5182
G1 X106.591 Y117.02 F7200
G1 F9000
G1 X111.151 Y117.02 E2.67255
G1 X109.61 Y118.561 E2.74632
G1 X110.482 Y121.815 E2.86035
G1 X113.055 Y122.505 E2.95052
G1 X113.469 Y124.049 E3.00463
G1 X113.838 Y123.852 E3.01879
G1 X113.448 Y122.399 E3.06971
G1 X115.332 Y120.516 E3.15987
G1 X114.46 Y117.262 E3.2739
G1 X113.558 Y117.02 E3.30551
G1 X111.355 Y117.02 E3.38008
G1 E1.98008 F4800
;WIPE_START
G1 F5760
G1 X112.113 Y117.02 E1.38008
;WIPE_END
G92 E0
G1 X120.952 Y107.755 F7200
G1 E2 F4800
;TYPE:External perimeter
G1 F4860
G1 X120.952 Y100.245 E2.2542
G1 X123.305 Y100.245 E2.33385
G1 X123.305 Y107.755 E2.58805
G1 X121.012 Y107.755 E2.66567
G1 X121.334 Y107.373 F7200
;TYPE:Perimeter
;WIDTH:0.4
G1 F4860
G1 X121.334 Y100.627 E2.86597
G1 X122.923 Y100.627 E2.91315
G1 X122.923 Y107.373 E3.11345
G1 X121.394 Y107.373 E3.15885
G1 X121.691 Y107.016 F7200
G1 F4860
G1 X121.691 Y100.984 E3.33795
G1 X122.566 Y100.984 E3.36393
G1 X122.566 Y107.016 E3.54303
G1 X121.751 Y107.016 E3.56723
G1 X122.129 Y106.837 F7200
;TYPE:Gap fill
;WIDTH:0.56057
G1 F6000
G1 X122.129 Y101.163 E3.81145
G1 E2.41145 F4800
;WIPE_START
G1 F5760
G1 X122.129 Y101.921 E1.81145
;WIPE_END
G92 E0
G1 X125.727 Y107.755 F7200
G1 E2 F4800
;TYPE:External perimeter
;WIDTH:0.45
G1 F4860
G1 X125.727 Y100.245 E2.2542
G1 X128.08 Y100.245 E2.33385
G1 X128.08 Y107.755 E2.58805
G1 X125.787 Y107.755 E2.66567
G1 X126.109 Y107.373 F7200
;TYPE:Perimeter
;WIDTH:0.4
G1 F4860
G1 X126.109 Y100.627 E2.86597
G1 X127.698 Y100.627 E2.91315
G1 X127.698 Y107.373 E3.11345
G1 X126.169 Y107.373 E3.15885
G1 X126.467 Y107.016 F7200
G1 F4860
G1 X126.467 Y100.984 E3.33795
G1 X127.341 Y100.984 E3.3639
G1 X127.341 Y107.016 E3.543
G1 X126.527 Y107.016 E3.56717
G1 X126.904 Y106.837 F7200
;TYPE:Gap fill
;WIDTH:0.560572
G1 F6000
G1 X126.904 Y101.163 E3.8114
G1 E2.4114 F4800
;WIPE_START
G1 F5760
G1 X126.904 Y101.921 E1.8114
;WIPE_END
G92 E0
G1 X130.503 Y107.755 F7200
G1 E2 F4800
;TYPE:External perimeter
;WIDTH:0.45
G1 F4860
G1 X130.503 Y100.245 E2.2542
G1 X132.856 Y100.245 E2.33385
G1 X132.856 Y107.755 E2.58805
G1 X130.563 Y107.755 E2.66567
G1 X130.885 Y107.373 F7200
;TYPE:Perimeter
;WIDTH:0.4
G1 F4860
G1 X130.885 Y100.627 E2.86597
G1 X132.474 Y100.627 E2.91315
G1 X132.474 Y107.373 E3.11345
G1 X130.945 Y107.373 E3.15885
G1 X131.242 Y107.016 F7200
G1 F4860
G1 X131.242 Y100.984 E3.33795
G1 X132.117 Y100.984 E3.36393
G1 X132.117 Y107.016 E3.54303
G1 X131.302 Y107.016 E3.56723
G1 X131.679 Y106.837 F7200
;TYPE:Gap fill
;WIDTH:0.560568
G1 F6000
G1 X131.679 Y101.163 E3.81145
G1 E2.41145 F4800
;WIPE_START
G1 F5760
G1 X131.679 Y101.921 E1.81145
;WIPE_END
G92 E0
G1 X135.278 Y107.755 F7200
G1 E2 F4800
;TYPE:External perimeter
;WIDTH:0.45
G1 F4860
G1 X135.278 Y100.245 E2.2542
G1 X137.631 Y100.245 E2.33385
G1 X137.631 Y107.755 E2.58805
G1 X135.338 Y107.755 E2.66567
G1 X135.66 Y107.373 F7200
;TYPE:Perimeter
;WIDTH:0.4
G1 F4860
G1 X135.66 Y100.627 E2.86597
G1 X137.249 Y100.627 E2.91315
G1 X137.249 Y107.373 E3.11345
G1 X135.72 Y107.373 E3.15885
G1 X136.017 Y107.016 F7200
G1 F4860
G1 X136.017 Y100.984 E3.33795
G1 X136.892 Y100.984 E3.36393
G1 X136.892 Y107.016 E3.54303
G1 X136.077 Y107.016 E3.56723
G1 X136.454 Y106.837 F7200
;TYPE:Gap fill
;WIDTH:0.560568
G1 F6000
G1 X136.454 Y101.163 E3.81145
G1 E2.41145 F4800
;WIPE_START
G1 F5760
G1 X136.454 Y101.921 E1.81145
;WIPE_END
G92 E0
G1 X140.053 Y107.755 F7200
G1 E2 F4800
;TYPE:External perimeter
;WIDTH:0.45
G1 F4860
G1 X140.053 Y100.245 E2.2542
G1 X142.406 Y100.245 E2.33385
G1 X142.406 Y107.755 E2.58805
G1 X140.113 Y107.755 E2.66567
G1 X140.435 Y107.373 F7200
;TYPE:Perimeter
;WIDTH:0.4
G1 F4860
G1 X140.435 Y100.627 E2.86597
G1 X142.024 Y100.627 E2.91315
G1 X142.024 Y107.373 E3.11345
G1 X140.495 Y107.373 E3.15885
G1 X140.792 Y107.016 F7200
G1 F4860
G1 X140.792 Y100.984 E3.33795
G1 X141.667 Y100.984 E3.36393
G1 X141.667 Y107.016 E3.54303
G1 X140.852 Y107.016 E3.56723
G1 X141.23 Y106.837 F7200
;TYPE:Gap fill
;WIDTH:0.56057
G1 F6000
G1 X141.23 Y101.163 E3.81145
G1 E2.41145 F4800
;WIPE_START
G1 F5760
G1 X141.23 Y101.921 E1.81145
;WIPE_END
G92 E0
G1 X144.828 Y107.755 F7200
G1 E2 F4800
;TYPE:External perimeter
;WIDTH:0.45
G1 F4860
G1 X144.828 Y100.245 E2.2542
G1 X147.181 Y100.245 E2.33385
G1 X147.181 Y107.755 E2.58805
G1 X144.888 Y107.755 E2.66567
G1 X145.21 Y107.373 F7200
;TYPE:Perimeter
;WIDTH:0.4
G1 F4860
G1 X145.21 Y100.627 E2.86597
G1 X146.799 Y100.627 E2.91315
G1 X146.799 Y107.373 E3.11345
G1 X145.27 Y107.373 E3.15885
G1 X145.567 Y107.016 F7200
G1 F4860
G1 X145.567 Y100.984 E3.33795
G1 X146.442 Y100.984 E3.36393
G1 X146.442 Y107.016 E3.54303
G1 X145.627 Y107.016 E3.56723
G1 X146.005 Y106.837 F7200
;TYPE:Gap fill
;WIDTH:0.560572
G1 F6000
G1 X146.005 Y101.163 E3.81146
;LAYER_CHANGE
;Z:5.48
;HEIGHT:0.2
; BEFORE_LAYER_CHANGE 26 @ 5.48mm
G1 E2.41146 F4800
;WIPE_START
G1 F5760
G1 X146.005 Y101.921 E1.81146
;WIPE_END
G92 E0
G1 Z5.48 F7200
; AFTER_LAYER_CHANGE 26 @ 5.48mm
G1 X144.923 Y107.755
G1 E2 F4800
;TYPE:External perimeter
;WIDTH:0.45
G1 F4860
G1 X144.923 Y100.245 E2.2542
G1 X147.086 Y100.245 E2.32741
G1 X147.086 Y107.755 E2.58161
G1 X144.983 Y107.755 E2.65279
G1 X145.305 Y107.373 F7200
;TYPE:Perimeter
;WIDTH:0.4
G1 F4860
G1 X145.305 Y100.627 E2.85309
G1 X146.704 Y100.627 E2.89463
G1 X146.704 Y107.373 E3.09493
G1 X145.365 Y107.373 E3.13469
G1 X145.662 Y107.016 F7200
G1 F4860
G1 X145.662 Y100.984 E3.31379
G1 X146.347 Y100.984 E3.33413
G1 X146.347 Y107.016 E3.51323
G1 X145.722 Y107.016 E3.53179
G1 X146.005 Y106.837 F7200
;TYPE:Gap fill
;WIDTH:0.37081
G1 F6000
G1 X146.005 Y101.163 E3.68649
G1 E2.28649 F4800
;WIPE_START
G1 F5760
G1 X146.005 Y101.921 E1.68649
;WIPE_END
G92 E0
G1 X140.148 Y107.755 F7200
G1 E2 F4800
;TYPE:External perimeter
;WIDTH:0.45
G1 F4860
G1 X140.148 Y100.245 E2.2542
G1 X142.311 Y100.245 E2.32741
G1 X142.311 Y107.755 E2.58161
G1 X140.208 Y107.755 E2.65279
G1 X140.53 Y107.373 F7200
;TYPE:Perimeter
;WIDTH:0.4
G1 F4860
G1 X140.53 Y100.627 E2.85309
G1 X141.929 Y100.627 E2.89463
G1 X141.929 Y107.373 E3.09493
G1 X140.59 Y107.373 E3.13469
G1 X140.887 Y107.016 F7200
G1 F4860
G1 X140.887 Y100.984 E3.31379
G1 X141.572 Y100.984 E3.33413
G1 X141.572 Y107.016 E3.51323
G1 X140.947 Y107.016 E3.53179
G1 X141.23 Y106.837 F7200
;TYPE:Gap fill
;WIDTH:0.370806
G1 F6000
G1 X141.23 Y101.163 E3.68648
G1 E2.28648 F4800
;WIPE_START
G1 F5760
G1 X141.23 Y101.921 E1.68648
;WIPE_END
G92 E0
G1 X135.373 Y107.755 F7200
G1 E2 F4800
;TYPE:External perimeter
;WIDTH:0.45
G1 F4860
G1 X135.373 Y100.245 E2.2542
G1 X137.536 Y100.245 E2.32741
G1 X137.536 Y107.755 E2.58161
G1 X135.433 Y107.755 E2.65279
G1 X135.755 Y107.373 F7200
;TYPE:Perimeter
;WIDTH:0.4
G1 F4860
G1 X135.755 Y100.627 E2.85309
G1 X137.154 Y100.627 E2.89463
G1 X137.154 Y107.373 E3.09493
G1 X135.815 Y107.373 E3.13469
G1 X136.112 Y107.016 F7200
G1 F4860
G1 X136.112 Y100.984 E3.31379
G1 X136.797 Y100.984 E3.33413
G1 X136.797 Y107.016 E3.51323
G1 X136.172 Y107.016 E3.53179
G1 X136.454 Y106.837 F7200
;TYPE:Gap fill
;WIDTH:0.370804
G1 F6000
G1 X136.454 Y101.163 E3.68648
G1 E2.28648 F4800
;WIPE_START
G1 F5760
G1 X136.454 Y101.921 E1.68648
;WIPE_END
G92 E0
G1 X130.598 Y107.755 F7200
G1 E2 F4800
;TYPE:External perimeter
;WIDTH:0.45
G1 F4860
G1 X130.598 Y100.245 E2.2542
G1 X132.761 Y100.245 E2.32741
G1 X132.761 Y107.755 E2.58161
G1 X130.658 Y107.755 E2.65279
G1 X130.98 Y107.373 F7200
;TYPE:Perimeter
;WIDTH:0.4
G1 F4860
G1 X130.98 Y100.627 E2.85309
G1 X132.379 Y100.627 E2.89463
G1 X132.379 Y107.373 E3.09493
G1 X131.04 Y107.373 E3.13469
G1 X131.337 Y107.016 F7200
G1 F4860
G1 X131.337 Y100.984 E3.31379
G1 X132.022 Y100.984 E3.33413
G1 X132.022 Y107.016 E3.51323
G1 X131.397 Y107.016 E3.53179
G1 X131.679 Y106.837 F7200
;TYPE:Gap fill
;WIDTH:0.370804
G1 F6000
G1 X131.679 Y101.163 E3.68648
G1 E2.28648 F4800
;WIPE_START
G1 F5760
G1 X131.679 Y101.921 E1.68648
;WIPE_END
G92 E0
G1 X125.822 Y107.755 F7200
G1 E2 F4800
;TYPE:External perimeter
;WIDTH:0.45
G1 F4860
G1 X125.822 Y100.245 E2.2542
G1 X127.986 Y100.245 E2.32745
G1 X127.986 Y107.755 E2.58165
G1 X125.882 Y107.755 E2.65287
G1 X126.204 Y107.373 F7200
;TYPE:Perimeter
;WIDTH:0.4
G1 F4860
G1 X126.204 Y100.627 E2.85317
G1 X127.604 Y100.627 E2.89474
G1 X127.604 Y107.373 E3.09504
G1 X126.264 Y107.373 E3.13483
G1 X126.561 Y107.016 F7200
G1 F4860
G1 X126.561 Y100.984 E3.31393
G1 X127.246 Y100.984 E3.33427
G1 X127.246 Y107.016 E3.51337
G1 X126.621 Y107.016 E3.53193
G1 X126.904 Y106.837 F7200
;TYPE:Gap fill
;WIDTH:0.37081
G1 F6000
G1 X126.904 Y101.163 E3.68663
G1 E2.28663 F4800
;WIPE_START
G1 F5760
G1 X126.904 Y101.921 E1.68663
;WIPE_END
G92 E0
G1 X121.047 Y107.755 F7200
G1 E2 F4800
;TYPE:External perimeter
;WIDTH:0.45
G1 F4860
G1 X121.047 Y100.245 E2.2542
G1 X123.21 Y100.245 E2.32741
G1 X123.21 Y107.755 E2.58161
G1 X121.107 Y107.755 E2.65279
G1 X121.429 Y107.373 F7200
;TYPE:Perimeter
;WIDTH:0.4
G1 F4860
G1 X121.429 Y100.627 E2.85309
G1 X122.828 Y100.627 E2.89463
G1 X122.828 Y107.373 E3.09493
G1 X121.489 Y107.373 E3.13469
G1 X121.786 Y107.016 F7200
G1 F4860
G1 X121.786 Y100.984 E3.31379
G1 X122.471 Y100.984 E3.33413
G1 X122.471 Y107.016 E3.51323
G1 X121.846 Y107.016 E3.53179
G1 X122.129 Y106.837 F7200
;TYPE:Gap fill
;WIDTH:0.370806
G1 F6000
G1 X122.129 Y101.163 E3.68648
G1 E2.28648 F4800
;WIPE_START
G1 F5760
G1 X122.129 Y101.921 E1.68648
;WIPE_END
G92 E0
G1 X128.234 Y115.96 F7200
G1 E2 F4800
;TYPE:External perimeter
;WIDTH:0.45
G1 X125.382 Y127.531 E2.40339
G1 X124.641 Y129.347 E2.46978
G1 X123.369 Y131.034 E2.5413
G1 X121.642 Y132.49 E2.61776
G1 X119.578 Y133.61 E2.69725
G1 X117.322 Y134.314 E2.77724
G1 X114.978 Y134.554 E2.857
G1 X112.686 Y134.314 E2.93501
G1 X110.43 Y133.61 E3.015
G1 X108.366 Y132.49 E3.09449
G1 X106.639 Y131.034 E3.17095
G1 X105.367 Y129.347 E3.24247
G1 X104.627 Y127.531 E3.30885
G1 X101.775 Y115.96 E3.71224
G1 X122.949 Y115.96 E4.42895
G1 X128.174 Y115.96 E4.60581
G1 X127.746 Y116.342 F7200
;TYPE:Perimeter
;WIDTH:0.4
G1 F9000
G1 X125.017 Y127.413 E4.94436
G1 X124.306 Y129.157 E5.00028
G1 X123.09 Y130.77 E5.06026
G1 X121.426 Y132.173 E5.12488
G1 X119.429 Y133.256 E5.19233
G1 X117.245 Y133.938 E5.26026
G1 X114.978 Y134.17 E5.32792
G1 X112.764 Y133.938 E5.39402
G1 X110.579 Y133.256 E5.46198
G1 X108.583 Y132.173 E5.52941
G1 X106.918 Y130.77 E5.59406
G1 X105.702 Y129.157 E5.65404
G1 X104.991 Y127.413 E5.70996
G1 X102.262 Y116.342 E6.04851
G1 X122.949 Y116.342 E6.66273
G1 X127.686 Y116.342 E6.80338
G1 X127.29 Y116.699 F7200
G1 F9000
G1 X124.677 Y127.302 E7.12762
G1 X123.993 Y128.979 E7.18139
G1 X122.829 Y130.523 E7.2388
G1 X121.223 Y131.876 E7.30115
G1 X119.289 Y132.926 E7.36649
G1 X117.173 Y133.586 E7.4323
G1 X114.978 Y133.811 E7.49781
G1 X112.836 Y133.586 E7.56176
G1 X110.719 Y132.926 E7.6276
G1 X108.785 Y131.876 E7.69294
G1 X107.179 Y130.523 E7.75529
G1 X106.015 Y128.979 E7.8127
G1 X105.331 Y127.302 E7.86647
G1 X102.718 Y116.699 E8.19071
G1 X122.949 Y116.699 E8.79139
G1 X127.23 Y116.699 E8.9185
G1 E7.5185 F4800
;WIPE_START
G1 F5760
G1 X127.29 Y116.699 E7.471
G1 X127.123 Y117.377 E6.9185
;WIPE_END
G92 E0
G1 X115.001 Y124.656 F7200
G1 E2 F4800
;TYPE:External perimeter
;WIDTH:0.45
G1 F4860
G1 X115.342 Y124.69 E2.0116
G1 X115.67 Y124.789 E2.0232
G1 X115.972 Y124.951 E2.0348
G1 X116.236 Y125.168 E2.04637
G1 X116.453 Y125.432 E2.05794
G1 X116.615 Y125.734 E2.06954
G1 X116.714 Y126.062 E2.08114
G1 X116.748 Y126.403 E2.09274
G1 X116.714 Y126.743 E2.10431
G1 X116.615 Y127.071 E2.11591
G1 X116.453 Y127.373 E2.12751
G1 X116.236 Y127.637 E2.13908
G1 X115.972 Y127.854 E2.15065
G1 X115.67 Y128.016 E2.16225
G1 X115.342 Y128.115 E2.17385
G1 X115.001 Y128.149 E2.18545
G1 X114.661 Y128.115 E2.19702
G1 X114.333 Y128.016 E2.20862
G1 X114.031 Y127.854 E2.22022
G1 X113.767 Y127.637 E2.23179
G1 X113.55 Y127.373 E2.24336
G1 X113.388 Y127.071 E2.25496
G1 X113.289 Y126.743 E2.26656
G1 X113.255 Y126.403 E2.27813
G1 X113.289 Y126.062 E2.28973
G1 X113.388 Y125.734 E2.30133
G1 X113.55 Y125.432 E2.31293
G1 X113.767 Y125.168 E2.3245
G1 X114.031 Y124.951 E2.33607
G1 X114.335 Y124.788 E2.34775
G1 X114.693 Y124.687 E2.36034
G1 X114.942 Y124.662 E2.36881
G1 X115.001 Y124.272 F7200
;TYPE:Perimeter
;WIDTH:0.4
G1 F4860
G1 X115.417 Y124.313 E2.38122
G1 X115.817 Y124.435 E2.39364
G1 X116.185 Y124.631 E2.40602
G1 X116.508 Y124.896 E2.41842
G1 X116.773 Y125.219 E2.43082
G1 X116.969 Y125.587 E2.4432
G1 X117.091 Y125.987 E2.45562
G1 X117.132 Y126.403 E2.46803
G1 X117.091 Y126.818 E2.48041
G1 X116.969 Y127.218 E2.49283
G1 X116.773 Y127.586 E2.50521
G1 X116.508 Y127.909 E2.51761
G1 X116.185 Y128.174 E2.53001
G1 X115.817 Y128.371 E2.5424
G1 X115.417 Y128.492 E2.55481
G1 X115.001 Y128.533 E2.56722
G1 X114.586 Y128.492 E2.5796
G1 X114.186 Y128.371 E2.59201
G1 X113.818 Y128.174 E2.6044
G1 X113.495 Y127.909 E2.6168
G1 X113.23 Y127.586 E2.6292
G1 X113.034 Y127.218 E2.64158
G1 X112.912 Y126.818 E2.654
G1 X112.871 Y126.403 E2.66638
G1 X112.912 Y125.987 E2.67879
G1 X113.034 Y125.587 E2.69121
G1 X113.23 Y125.219 E2.70359
G1 X113.495 Y124.896 E2.71599
G1 X113.818 Y124.631 E2.72839
G1 X114.191 Y124.432 E2.74094
G1 X114.622 Y124.31 E2.75424
G1 X114.942 Y124.278 E2.76379
G1 X115.001 Y123.914 F7200
G1 F4860
G1 X115.487 Y123.961 E2.77829
G1 X115.954 Y124.103 E2.79278
G1 X116.384 Y124.333 E2.80726
G1 X116.761 Y124.643 E2.82175
G1 X117.071 Y125.02 E2.83624
G1 X117.301 Y125.45 E2.85072
G1 X117.443 Y125.917 E2.86521
G1 X117.49 Y126.403 E2.87971
G1 X117.443 Y126.888 E2.89418
G1 X117.301 Y127.355 E2.90867
G1 X117.071 Y127.785 E2.92315
G1 X116.761 Y128.162 E2.93764
G1 X116.384 Y128.472 E2.95213
G1 X115.954 Y128.702 E2.96661
G1 X115.487 Y128.844 E2.9811
G1 X115.001 Y128.891 E2.9956
G1 X114.516 Y128.844 E3.01007
G1 X114.049 Y128.702 E3.02456
G1 X113.619 Y128.472 E3.03904
G1 X113.242 Y128.162 E3.05353
G1 X112.932 Y127.785 E3.06802
G1 X112.702 Y127.355 E3.0825
G1 X112.56 Y126.888 E3.09699
G1 X112.513 Y126.403 E3.11146
G1 X112.56 Y125.917 E3.12596
G1 X112.702 Y125.45 E3.14045
G1 X112.932 Y125.02 E3.15493
G1 X113.242 Y124.643 E3.16942
G1 X113.619 Y124.333 E3.18391
G1 X114.057 Y124.099 E3.19865
G1 X114.555 Y123.958 E3.21402
G1 X114.942 Y123.919 E3.22557
G1 E1.82557 F4800
;WIPE_START
G1 F5760
G1 X115.001 Y123.914 E1.77869
G1 X115.487 Y123.961 E1.39215
G1 X115.688 Y124.022 E1.22557
;WIPE_END
G92 E0
G1 X113.352 Y123.593 F7200
G1 E2 F4800
;TYPE:Internal infill
;WIDTH:0.45
G1 F9000
G1 X112.689 Y124.09 E2.02805
G1 X112.282 Y124.585 E2.04974
G1 X111.98 Y125.151 E2.07146
G1 X111.794 Y125.764 E2.09314
G1 X111.731 Y126.403 E2.11487
G1 X111.794 Y127.041 E2.13657
G1 X111.97 Y127.622 E2.15712
G1 X108.79 Y126.77 E2.26856
G1 X108.1 Y124.197 E2.35873
G1 X105.174 Y123.413 E2.46127
G1 X105.063 Y122.962 E2.47699
G1 X108.206 Y123.804 E2.58713
G1 X110.089 Y121.921 E2.67727
G1 X113.343 Y122.792 E2.79129
G1 X113.532 Y123.497 E2.816
G1 X113.76 Y123.375 E2.82475
G1 X114.41 Y123.19 E2.84763
G1 X115.001 Y123.132 E2.86773
G1 X115.64 Y123.195 E2.88946
G1 X116.253 Y123.381 E2.91114
G1 X116.819 Y123.683 E2.93286
G1 X117.314 Y124.09 E2.95455
G1 X117.721 Y124.585 E2.97624
G1 X118.023 Y125.151 E2.99796
G1 X118.105 Y125.419 E3.00745
G1 X119.17 Y124.354 E3.05843
G1 X122.424 Y125.226 E3.17246
G1 X123.113 Y127.798 E3.26259
G1 X123.583 Y127.924 E3.27906
G1 X123.428 Y128.304 E3.29295
G1 X123.008 Y128.192 E3.30766
G1 X121.124 Y130.075 E3.39782
G1 X117.87 Y129.203 E3.51185
G1 X117.635 Y128.325 E3.54262
G1 X117.314 Y128.715 E3.55972
G1 X116.819 Y129.122 E3.58141
G1 X116.253 Y129.424 E3.60313
G1 X115.64 Y129.61 E3.62481
G1 X115.001 Y129.673 E3.64654
G1 X114.363 Y129.61 E3.66824
G1 X113.75 Y129.424 E3.68992
G1 X113.184 Y129.122 E3.71164
G1 X112.689 Y128.715 E3.73333
G1 X112.346 Y128.297 E3.75163
G1 E2.35163 F4800
;WIPE_START
G1 F5760
G1 X112.689 Y128.715 E1.92356
G1 X112.857 Y128.853 E1.75163
;WIPE_END
G92 E0
G1 X112.167 Y126.38 F7200
G1 E2 F4800
;TYPE:Solid infill
;WIDTH:0.500034
G1 F9000
G1 X112.226 Y125.828 E2.0211
G1 X112.391 Y125.297 E2.04223
G1 X112.657 Y124.809 E2.06336
G1 X113.013 Y124.382 E2.08449
G1 X113.445 Y124.033 E2.1056
G1 X113.947 Y123.771 E2.12712
G1 X114.498 Y123.616 E2.14888
G1 X115.024 Y123.568 E2.16896
G1 X115.576 Y123.627 E2.19006
G1 X116.107 Y123.792 E2.21119
G1 X116.595 Y124.058 E2.23232
;WIDTH:0.50113
G1 X117.022 Y124.414 E2.2535
;WIDTH:0.500028
G1 X117.371 Y124.846 E2.27461
G1 X117.629 Y125.339 E2.29576
G1 X117.786 Y125.872 E2.31688
G1 X117.836 Y126.425 E2.33798
G1 X117.777 Y126.977 E2.35908
G1 X117.612 Y127.508 E2.38021
G1 X117.346 Y127.996 E2.40133
G1 X116.99 Y128.423 E2.42246
G1 X116.558 Y128.772 E2.44357
G1 X116.065 Y129.03 E2.46472
G1 X115.532 Y129.187 E2.48584
G1 X114.979 Y129.237 E2.50694
G1 X114.427 Y129.178 E2.52804
G1 X113.896 Y129.013 E2.54917
G1 X113.408 Y128.747 E2.57029
G1 X112.981 Y128.391 E2.59142
G1 X112.632 Y127.959 E2.61253
G1 X112.374 Y127.467 E2.63365
G1 X112.217 Y126.934 E2.65477
G1 X112.188 Y126.608 E2.66721
G1 E1.26721 F4800
;WIPE_START
G1 F5760
G1 X112.217 Y126.934 E1.00811
G1 X112.339 Y127.347 E.66721
;WIPE_END
G92 E0
G1 X107.06 Y129.072 F7200
G1 E2 F4800
;TYPE:Internal infill
;WIDTH:0.45
G1 F9000
G1 X107.748 Y129.984 E2.03867
G1 X109.226 Y131.23 E2.1041
G1 X111.023 Y132.205 E2.1733
G1 X111.248 Y132.276 E2.18129
G1 X112.522 Y131.001 E2.2423
G1 X115.776 Y131.873 E2.35633
G1 X116.057 Y132.921 E2.39306
G1 X117.014 Y132.82 E2.42563
G1 X118.985 Y132.205 E2.49552
G1 X120.783 Y131.23 E2.56475
G1 X121.142 Y130.927 E2.58065
G1 X121.019 Y130.468 E2.59673
G1 X117.765 Y129.596 E2.71076
G1 X115.882 Y131.48 E2.80092
G1 X112.628 Y130.608 E2.91495
G1 X111.938 Y128.035 E3.00512
G1 X108.684 Y127.163 E3.11915
G1 X106.938 Y128.91 E3.20275
G1 X106.697 Y128.591 E3.21628
G1 X106.073 Y127.061 E3.27221
G1 X105.223 Y123.611 E3.39248
G1 E1.99248 F4800
;WIPE_START
G1 F5760
G1 X105.404 Y124.347 E1.39248
;WIPE_END
G92 E0
G1 X106.096 Y117.477 F7200
G1 E2 F4800
G1 F9000
G1 X103.711 Y117.477 E2.08073
G1 X104.322 Y119.954 E2.16709
G1 X104.368 Y119.966 E2.1687
G1 X106.251 Y118.083 E2.25884
G1 X109.505 Y118.954 E2.37286
G1 X110.194 Y121.527 E2.46302
G1 X113.448 Y122.399 E2.57705
G1 X115.332 Y120.516 E2.66721
G1 X118.586 Y121.388 E2.78124
G1 X119.275 Y123.961 E2.8714
G1 X122.529 Y124.832 E2.98542
G1 X124.413 Y122.949 E3.07558
G1 X124.915 Y123.084 E3.09318
G1 X125.013 Y122.688 E3.10699
G1 X124.518 Y122.556 E3.12433
G1 X123.829 Y119.983 E3.21449
G1 X120.575 Y119.111 E3.32852
G1 X118.691 Y120.994 E3.41868
G1 X115.437 Y120.123 E3.5327
G1 X114.748 Y117.55 E3.62286
G1 X114.478 Y117.477 E3.63233
G1 X110.694 Y117.477 E3.76041
G1 X109.61 Y118.561 E3.8123
G1 X106.356 Y117.689 E3.92633
G1 X106.3 Y117.477 E3.93375
G1 X110.491 Y117.477 E4.07561
G1 E2.67561 F4800
;WIPE_START
G1 F5760
G1 X109.733 Y117.477 E2.07561
;WIPE_END
G92 E0
G1 X114.681 Y117.477 F7200
G1 E2 F4800
G1 F9000
G1 X120.348 Y117.477 E2.19182
G1 X120.68 Y118.718 E2.2353
G1 X123.934 Y119.59 E2.34933
G1 X125.817 Y117.706 E2.43949
G1 X126.214 Y117.813 E2.45341
G1 X126.297 Y117.477 E2.46513
G1 X120.551 Y117.477 E2.65963
G1 E1.25963 F4800
;WIPE_START
G1 F5760
G1 X121.309 Y117.477 E.65963
;WIPE_END
G92 E0
G1 X103.23 Y117.328 F7200
G1 E2 F4800
;TYPE:Solid infill
;WIDTH:0.536152
G1 F9000
G1 X103.229 Y117.252 E2.00312
;WIDTH:0.572274
G1 X103.229 Y117.176 E2.00647
;WIDTH:0.608396
G1 X103.229 Y117.099 E2.01009
G1 X103.303 Y117.081 E2.01367
;WIDTH:0.572273
G1 X103.377 Y117.063 E2.01702
;WIDTH:0.53615
G1 X103.452 Y117.045 E2.02018
;WIDTH:0.500026
G1 X126.557 Y117.045 E2.89837
;WIDTH:0.53615
G1 X126.631 Y117.063 E2.90149
;WIDTH:0.572273
G1 X126.705 Y117.081 E2.90484
;WIDTH:0.608396
G1 X126.779 Y117.099 E2.90842
G1 X126.782 Y117.163 E2.91143
;WIDTH:0.573429
G1 X126.784 Y117.226 E2.91421
;WIDTH:0.538462
G1 X126.786 Y117.289 E2.91681
;WIDTH:0.503494
G1 X126.779 Y117.328 E2.91833
;WIDTH:0.50003
G1 X124.351 Y127.179 E3.30396
G1 X123.672 Y128.83 E3.37181
G1 X122.557 Y130.3 E3.44194
G1 X121.007 Y131.6 E3.51883
G1 X119.133 Y132.612 E3.59978
G1 X117.079 Y133.248 E3.68151
;WIDTH:0.499688
G1 X115.052 Y133.458 E3.75891
;WIDTH:0.494954
G1 X114.956 Y133.458 E3.76252
;WIDTH:0.499672
G1 X112.929 Y133.248 E3.83992
;WIDTH:0.500032
G1 X110.876 Y132.612 E3.92161
G1 X109.001 Y131.6 E4.00259
G1 X107.452 Y130.3 E4.07945
G1 X106.336 Y128.83 E4.1496
G1 X105.657 Y127.179 E4.21745
G1 X103.284 Y117.55 E4.59439
G1 E3.19439 F4800
;WIPE_START
G1 F5760
G1 X103.465 Y118.286 E2.59439
;WIPE_END
G92 E0
G1 X116.272 Y107.755 F7200
G1 E2 F4800
;TYPE:External perimeter
;WIDTH:0.45
G1 F4860
G1 X116.272 Y100.245 E2.2542
G1 X118.435 Y100.245 E2.32741
G1 X118.435 Y107.755 E2.58161
G1 X116.332 Y107.755 E2.65279
G1 X116.654 Y107.373 F7200
;TYPE:Perimeter
;WIDTH:0.4
G1 F4860
G1 X116.654 Y100.627 E2.85309
G1 X118.053 Y100.627 E2.89463
G1 X118.053 Y107.373 E3.09493
G1 X116.714 Y107.373 E3.13469
G1 X117.011 Y107.016 F7200
G1 F4860
G1 X117.011 Y100.984 E3.31379
G1 X117.696 Y100.984 E3.33413
G1 X117.696 Y107.016 E3.51323
G1 X117.071 Y107.016 E3.53179
G1 X117.353 Y106.837 F7200
;TYPE:Gap fill
;WIDTH:0.370806
G1 F6000
G1 X117.353 Y101.163 E3.68648
G1 E2.28648 F4800
;WIPE_START
G1 F5760
G1 X117.353 Y101.921 E1.68648
;WIPE_END
G92 E0
G1 X111.497 Y107.755 F7200
G1 E2 F4800
;TYPE:External perimeter
;WIDTH:0.45
G1 F4860
G1 X111.497 Y100.245 E2.2542
G1 X113.66 Y100.245 E2.32741
G1 X113.66 Y107.755 E2.58161
G1 X111.557 Y107.755 E2.65279
G1 X111.879 Y107.373 F7200
;TYPE:Perimeter
;WIDTH:0.4
G1 F4860
G1 X111.879 Y100.627 E2.85309
G1 X113.278 Y100.627 E2.89463
G1 X113.278 Y107.373 E3.09493
G1 X111.939 Y107.373 E3.13469
G1 X112.236 Y107.016 F7200
G1 F4860
G1 X112.236 Y100.984 E3.31379
G1 X112.921 Y100.984 E3.33413
G1 X112.921 Y107.016 E3.51323
G1 X112.296 Y107.016 E3.53179
G1 X112.578 Y106.837 F7200
;TYPE:Gap fill
;WIDTH:0.370804
G1 F6000
G1 X112.578 Y101.163 E3.68648
G1 E2.28648 F4800
;WIPE_START
G1 F5760
G1 X112.578 Y101.921 E1.68648
;WIPE_END
G92 E0
G1 X106.721 Y107.755 F7200
G1 E2 F4800
;TYPE:External perimeter
;WIDTH:0.45
G1 F4860
G1 X106.721 Y100.245 E2.2542
G1 X108.885 Y100.245 E2.32745
G1 X108.885 Y107.755 E2.58165
G1 X106.781 Y107.755 E2.65287
G1 X107.103 Y107.373 F7200
;TYPE:Perimeter
;WIDTH:0.4
G1 F4860
G1 X107.103 Y100.627 E2.85317
G1 X108.503 Y100.627 E2.89474
G1 X108.503 Y107.373 E3.09504
G1 X107.163 Y107.373 E3.13483
G1 X107.461 Y107.016 F7200
G1 F4860
G1 X107.461 Y100.984 E3.31393
G1 X108.146 Y100.984 E3.33427
G1 X108.146 Y107.016 E3.51337
G1 X107.521 Y107.016 E3.53193
G1 X107.803 Y106.837 F7200
;TYPE:Gap fill
;WIDTH:0.370804
G1 F6000
G1 X107.803 Y101.163 E3.68662
G1 E2.28662 F4800
;WIPE_START
G1 F5760
G1 X107.803 Y101.921 E1.68662
;WIPE_END
G92 E0
G1 X104.109 Y107.755 F7200
G1 E2 F4800
;TYPE:External perimeter
;WIDTH:0.45
G1 F4860
G1 X101.946 Y107.755 E2.07321
G1 X101.946 Y100.245 E2.32741
G1 X104.109 Y100.245 E2.40062
G1 X104.109 Y107.695 E2.65279
G1 X103.727 Y107.373 F7200
;TYPE:Perimeter
;WIDTH:0.4
G1 F4860
G1 X102.328 Y107.373 E2.69433
G1 X102.328 Y100.627 E2.89463
G1 X103.727 Y100.627 E2.93617
G1 X103.727 Y107.313 E3.13469
G1 X103.37 Y107.016 F7200
G1 F4860
G1 X102.685 Y107.016 E3.15503
G1 X102.685 Y100.984 E3.33413
G1 X103.37 Y100.984 E3.35447
G1 X103.37 Y106.956 E3.53179
G1 X103.028 Y106.837 F7200
;TYPE:Gap fill
;WIDTH:0.370804
G1 F6000
G1 X103.028 Y101.163 E3.68648
G1 E2.28648 F4800
;WIPE_START
G1 F5760
G1 X103.028 Y101.921 E1.68648
;WIPE_END
G92 E0
G1 X99.334 Y107.755 F7200
G1 E2 F4800
;TYPE:External perimeter
;WIDTH:0.45
G1 F4860
G1 X97.171 Y107.755 E2.07321
G1 X97.171 Y100.245 E2.32741
G1 X99.334 Y100.245 E2.40062
G1 X99.334 Y107.695 E2.65279
G1 X98.952 Y107.373 F7200
;TYPE:Perimeter
;WIDTH:0.4
G1 F4860
G1 X97.553 Y107.373 E2.69433
G1 X97.553 Y100.627 E2.89463
G1 X98.952 Y100.627 E2.93617
G1 X98.952 Y107.313 E3.13469
G1 X98.595 Y107.016 F7200
G1 F4860
G1 X97.91 Y107.016 E3.15503
G1 X97.91 Y100.984 E3.33413
G1 X98.595 Y100.984 E3.35447
G1 X98.595 Y106.956 E3.53179
G1 X98.253 Y106.837 F7200
;TYPE:Gap fill
;WIDTH:0.370806
G1 F6000
G1 X98.253 Y101.163 E3.68648
G1 E2.28648 F4800
;WIPE_START
G1 F5760
G1 X98.253 Y101.921 E1.68648
;WIPE_END
G92 E0
G1 X94.559 Y107.755 F7200
G1 E2 F4800
;TYPE:External perimeter
;WIDTH:0.45
G1 F4860
G1 X92.396 Y107.755 E2.07321
G1 X92.396 Y100.245 E2.32741
G1 X94.559 Y100.245 E2.40062
G1 X94.559 Y107.695 E2.65279
G1 X94.177 Y107.373 F7200
;TYPE:Perimeter
;WIDTH:0.4
G1 F4860
G1 X92.778 Y107.373 E2.69433
G1 X92.778 Y100.627 E2.89463
G1 X94.177 Y100.627 E2.93617
G1 X94.177 Y107.313 E3.13469
G1 X93.82 Y107.016 F7200
G1 F4860
G1 X93.135 Y107.016 E3.15503
G1 X93.135 Y100.984 E3.33413
G1 X93.82 Y100.984 E3.35447
G1 X93.82 Y106.956 E3.53179
G1 X93.477 Y106.837 F7200
;TYPE:Gap fill
;WIDTH:0.370808
G1 F6000
G1 X93.477 Y101.163 E3.68649
G1 E2.28649 F4800
;WIPE_START
G1 F5760
G1 X93.477 Y101.921 E1.68649
;WIPE_END
G92 E0
G1 X89.784 Y107.755 F7200
G1 E2 F4800
;TYPE:External perimeter
;WIDTH:0.45
G1 F4860
G1 X87.621 Y107.755 E2.07321
G1 X87.621 Y100.245 E2.32741
G1 X89.784 Y100.245 E2.40062
G1 X89.784 Y107.695 E2.65279
G1 X89.402 Y107.373 F7200
;TYPE:Perimeter
;WIDTH:0.4
G1 F4860
G1 X88.003 Y107.373 E2.69433
G1 X88.003 Y100.627 E2.89463
G1 X89.402 Y100.627 E2.93617
G1 X89.402 Y107.313 E3.13469
G1 X89.045 Y107.016 F7200
G1 F4860
G1 X88.36 Y107.016 E3.15503
G1 X88.36 Y100.984 E3.33413
G1 X89.045 Y100.984 E3.35447
G1 X89.045 Y106.956 E3.53179
G1 X88.702 Y106.837 F7200
;TYPE:Gap fill
;WIDTH:0.370812
G1 F6000
G1 X88.702 Y101.163 E3.68649
G1 E2.28649 F4800
;WIPE_START
G1 F5760
G1 X88.702 Y101.921 E1.68649
;WIPE_END
G92 E0
G1 X85.009 Y107.755 F7200
G1 E2 F4800
;TYPE:External perimeter
;WIDTH:0.45
G1 F4860
G1 X82.845 Y107.755 E2.07325
G1 X82.845 Y100.245 E2.32745
G1 X85.009 Y100.245 E2.4007
G1 X85.009 Y107.695 E2.65287
G1 X84.627 Y107.373 F7200
;TYPE:Perimeter
;WIDTH:0.4
G1 F4860
G1 X83.227 Y107.373 E2.69444
G1 X83.227 Y100.627 E2.89474
G1 X84.627 Y100.627 E2.93631
G1 X84.627 Y107.313 E3.13483
G1 X84.269 Y107.016 F7200
G1 F4860
G1 X83.584 Y107.016 E3.15517
G1 X83.584 Y100.984 E3.33427
G1 X84.269 Y100.984 E3.35461
G1 X84.269 Y106.956 E3.53193
G1 X83.927 Y106.837 F7200
;TYPE:Gap fill
;WIDTH:0.370804
G1 F6000
G1 X83.927 Y101.163 E3.68662
;LAYER_CHANGE
;Z:5.68
;HEIGHT:0.2
; BEFORE_LAYER_CHANGE 27 @ 5.68mm
G1 E2.28662 F4800
;WIPE_START
G1 F5760
G1 X83.927 Y101.921 E1.68662
;WIPE_END
G92 E0
G1 Z5.68 F7200
; AFTER_LAYER_CHANGE 27 @ 5.68mm
G1 X145.018 Y107.755
G1 E2 F4800
;TYPE:External perimeter
;WIDTH:0.45
G1 F4860
G1 X145.018 Y100.245 E2.2542
G1 X146.992 Y100.245 E2.32102
G1 X146.992 Y107.755 E2.57522
G1 X145.078 Y107.755 E2.64001
G1 X145.4 Y107.373 F7200
;TYPE:Perimeter
;WIDTH:0.4
G1 F4860
G1 X145.4 Y100.627 E2.84031
G1 X146.609 Y100.627 E2.87621
G1 X146.609 Y107.373 E3.07651
G1 X145.46 Y107.373 E3.11063
G1 X145.757 Y107.016 F7200
G1 F4860
G1 X145.757 Y100.984 E3.28973
G1 X146.252 Y100.984 E3.30443
G1 X146.252 Y107.016 E3.48353
G1 X145.817 Y107.016 E3.49645
G1 X146.005 Y106.837 F7200
;TYPE:Gap fill
;WIDTH:0.181048
G1 F6000
G1 X146.005 Y101.163 E3.56162
G1 E2.16162 F4800
;WIPE_START
G1 F5760
G1 X146.005 Y101.921 E1.56162
;WIPE_END
G92 E0
G1 X140.243 Y107.755 F7200
G1 E2 F4800
;TYPE:External perimeter
;WIDTH:0.45
G1 F4860
G1 X140.243 Y100.245 E2.2542
G1 X142.216 Y100.245 E2.32098
G1 X142.216 Y107.755 E2.57518
G1 X140.303 Y107.755 E2.63993
G1 X140.625 Y107.373 F7200
;TYPE:Perimeter
;WIDTH:0.4
G1 F4860
G1 X140.625 Y100.627 E2.84023
G1 X141.834 Y100.627 E2.87613
G1 X141.834 Y107.373 E3.07643
G1 X140.685 Y107.373 E3.11055
G1 X140.982 Y107.016 F7200
G1 F4860
G1 X140.982 Y100.984 E3.28965
G1 X141.477 Y100.984 E3.30435
G1 X141.477 Y107.016 E3.48345
G1 X141.042 Y107.016 E3.49637
G1 X141.23 Y106.837 F7200
;TYPE:Gap fill
;WIDTH:0.181044
G1 F6000
G1 X141.23 Y101.163 E3.56154
G1 E2.16154 F4800
;WIPE_START
G1 F5760
G1 X141.23 Y101.921 E1.56154
;WIPE_END
G92 E0
G1 X135.468 Y107.755 F7200
G1 E2 F4800
;TYPE:External perimeter
;WIDTH:0.45
G1 F4860
G1 X135.468 Y100.245 E2.2542
G1 X137.441 Y100.245 E2.32098
G1 X137.441 Y107.755 E2.57518
G1 X135.528 Y107.755 E2.63993
G1 X135.85 Y107.373 F7200
;TYPE:Perimeter
;WIDTH:0.4
G1 F4860
G1 X135.85 Y100.627 E2.84023
G1 X137.059 Y100.627 E2.87613
G1 X137.059 Y107.373 E3.07643
G1 X135.91 Y107.373 E3.11055
G1 X136.207 Y107.016 F7200
G1 F4860
G1 X136.207 Y100.984 E3.28965
G1 X136.702 Y100.984 E3.30435
G1 X136.702 Y107.016 E3.48345
G1 X136.267 Y107.016 E3.49637
G1 X136.454 Y106.837 F7200
;TYPE:Gap fill
;WIDTH:0.181042
G1 F6000
G1 X136.454 Y101.163 E3.56154
G1 E2.16154 F4800
;WIPE_START
G1 F5760
G1 X136.454 Y101.921 E1.56154
;WIPE_END
G92 E0
G1 X130.692 Y107.755 F7200
G1 E2 F4800
;TYPE:External perimeter
;WIDTH:0.45
G1 F4860
G1 X130.692 Y100.245 E2.2542
G1 X132.666 Y100.245 E2.32102
G1 X132.666 Y107.755 E2.57522
G1 X130.752 Y107.755 E2.64001
G1 X131.074 Y107.373 F7200
;TYPE:Perimeter
;WIDTH:0.4
G1 F4860
G1 X131.074 Y100.627 E2.84031
G1 X132.284 Y100.627 E2.87624
G1 X132.284 Y107.373 E3.07654
G1 X131.134 Y107.373 E3.11068
G1 X131.432 Y107.016 F7200
G1 F4860
G1 X131.432 Y100.984 E3.28978
G1 X131.927 Y100.984 E3.30448
G1 X131.927 Y107.016 E3.48358
G1 X131.492 Y107.016 E3.4965
G1 X131.679 Y106.837 F7200
;TYPE:Gap fill
;WIDTH:0.181042
G1 F6000
G1 X131.679 Y101.163 E3.56167
G1 E2.16167 F4800
;WIPE_START
G1 F5760
G1 X131.679 Y101.921 E1.56167
;WIPE_END
G92 E0
G1 X125.917 Y107.755 F7200
G1 E2 F4800
;TYPE:External perimeter
;WIDTH:0.45
G1 F4860
G1 X125.917 Y100.245 E2.2542
G1 X127.891 Y100.245 E2.32102
G1 X127.891 Y107.755 E2.57522
G1 X125.977 Y107.755 E2.64001
G1 X126.299 Y107.373 F7200
;TYPE:Perimeter
;WIDTH:0.4
G1 F4860
G1 X126.299 Y100.627 E2.84031
G1 X127.509 Y100.627 E2.87624
G1 X127.509 Y107.373 E3.07654
G1 X126.359 Y107.373 E3.11068
G1 X126.656 Y107.016 F7200
G1 F4860
G1 X126.656 Y100.984 E3.28978
G1 X127.152 Y100.984 E3.30451
G1 X127.152 Y107.016 E3.48361
G1 X126.716 Y107.016 E3.49656
G1 X126.904 Y106.837 F7200
;TYPE:Gap fill
;WIDTH:0.181046
G1 F6000
G1 X126.904 Y101.163 E3.56173
G1 E2.16173 F4800
;WIPE_START
G1 F5760
G1 X126.904 Y101.921 E1.56173
;WIPE_END
G92 E0
G1 X121.142 Y107.755 F7200
G1 E2 F4800
;TYPE:External perimeter
;WIDTH:0.45
G1 F4860
G1 X121.142 Y100.245 E2.2542
G1 X123.115 Y100.245 E2.32098
G1 X123.115 Y107.755 E2.57518
G1 X121.202 Y107.755 E2.63993
G1 X121.524 Y107.373 F7200
;TYPE:Perimeter
;WIDTH:0.4
G1 F4860
G1 X121.524 Y100.627 E2.84023
G1 X122.733 Y100.627 E2.87613
G1 X122.733 Y107.373 E3.07643
G1 X121.584 Y107.373 E3.11055
G1 X121.881 Y107.016 F7200
G1 F4860
G1 X121.881 Y100.984 E3.28965
G1 X122.376 Y100.984 E3.30435
G1 X122.376 Y107.016 E3.48345
G1 X121.941 Y107.016 E3.49637
G1 X122.129 Y106.837 F7200
;TYPE:Gap fill
;WIDTH:0.181044
G1 F6000
G1 X122.129 Y101.163 E3.56154
G1 E2.16154 F4800
;WIPE_START
G1 F5760
G1 X122.129 Y101.921 E1.56154
;WIPE_END
G92 E0
G1 X128.234 Y115.96 F7200
G1 E2 F4800
;TYPE:External perimeter
;WIDTH:0.45
G1 X125.382 Y127.531 E2.40339
G1 X124.641 Y129.347 E2.46978
G1 X123.369 Y131.034 E2.5413
G1 X121.642 Y132.49 E2.61776
G1 X119.578 Y133.61 E2.69725
G1 X117.322 Y134.314 E2.77724
G1 X115.031 Y134.554 E2.85521
G1 X112.686 Y134.314 E2.935
G1 X110.43 Y133.61 E3.01499
G1 X108.366 Y132.49 E3.09448
G1 X106.639 Y131.034 E3.17094
G1 X105.367 Y129.347 E3.24246
G1 X104.627 Y127.531 E3.30884
G1 X101.775 Y115.96 E3.71223
G1 X124.754 Y115.96 E4.49004
G1 X128.174 Y115.96 E4.6058
G1 X127.746 Y116.342 F7200
;TYPE:Perimeter
;WIDTH:0.4
G1 F9000
G1 X125.017 Y127.413 E4.94435
G1 X124.306 Y129.157 E5.00027
G1 X123.09 Y130.77 E5.06025
G1 X121.426 Y132.173 E5.12487
G1 X119.429 Y133.256 E5.19232
G1 X117.245 Y133.938 E5.26025
G1 X115.03 Y134.17 E5.32638
G1 X112.763 Y133.938 E5.39404
G1 X110.579 Y133.256 E5.46197
G1 X108.583 Y132.173 E5.5294
G1 X106.918 Y130.77 E5.59405
G1 X105.702 Y129.157 E5.65403
G1 X104.991 Y127.413 E5.70995
G1 X102.262 Y116.342 E6.0485
G1 X124.754 Y116.342 E6.71632
G1 X127.686 Y116.342 E6.80337
G1 X127.29 Y116.699 F7200
G1 F9000
G1 X124.677 Y127.302 E7.12761
G1 X123.993 Y128.979 E7.18138
G1 X122.829 Y130.523 E7.23879
G1 X121.223 Y131.876 E7.30114
G1 X119.289 Y132.926 E7.36648
G1 X117.172 Y133.586 E7.43232
G1 X115.03 Y133.811 E7.49627
G1 X112.835 Y133.586 E7.56178
G1 X110.719 Y132.926 E7.62759
G1 X108.785 Y131.876 E7.69293
G1 X107.179 Y130.523 E7.75528
G1 X106.015 Y128.979 E7.81269
G1 X105.331 Y127.302 E7.86646
G1 X102.718 Y116.699 E8.1907
G1 X124.754 Y116.699 E8.84498
G1 X127.23 Y116.699 E8.9185
G1 E7.5185 F4800
;WIPE_START
G1 F5760
G1 X127.29 Y116.699 E7.471
G1 X127.123 Y117.377 E6.9185
;WIPE_END
G92 E0
G1 X115.001 Y124.656 F7200
G1 E2 F4800
;TYPE:External perimeter
;WIDTH:0.45
G1 F4860
G1 X115.342 Y124.69 E2.0116
G1 X115.67 Y124.789 E2.0232
G1 X115.972 Y124.951 E2.0348
G1 X116.236 Y125.168 E2.04637
G1 X116.453 Y125.432 E2.05794
G1 X116.615 Y125.734 E2.06954
G1 X116.714 Y126.062 E2.08114
G1 X116.748 Y126.403 E2.09274
G1 X116.714 Y126.743 E2.10431
G1 X116.615 Y127.071 E2.11591
G1 X116.453 Y127.373 E2.12751
G1 X116.236 Y127.637 E2.13908
G1 X115.972 Y127.854 E2.15065
G1 X115.67 Y128.016 E2.16225
G1 X115.342 Y128.115 E2.17385
G1 X115.001 Y128.149 E2.18545
G1 X114.661 Y128.115 E2.19702
G1 X114.333 Y128.016 E2.20862
G1 X114.031 Y127.854 E2.22022
G1 X113.767 Y127.637 E2.23179
G1 X113.55 Y127.373 E2.24336
G1 X113.388 Y127.071 E2.25496
G1 X113.289 Y126.743 E2.26656
G1 X113.255 Y126.403 E2.27813
G1 X113.289 Y126.062 E2.28973
G1 X113.388 Y125.734 E2.30133
G1 X113.55 Y125.432 E2.31293
G1 X113.767 Y125.168 E2.3245
G1 X114.031 Y124.951 E2.33607
G1 X114.335 Y124.789 E2.34773
G1 X114.683 Y124.688 E2.36
G1 X114.942 Y124.662 E2.36881
G1 X115.001 Y124.272 F7200
;TYPE:Perimeter
;WIDTH:0.4
G1 F4860
G1 X115.417 Y124.313 E2.38122
G1 X115.817 Y124.435 E2.39364
G1 X116.185 Y124.631 E2.40602
G1 X116.508 Y124.896 E2.41842
G1 X116.773 Y125.219 E2.43082
G1 X116.969 Y125.587 E2.4432
G1 X117.091 Y125.987 E2.45562
G1 X117.132 Y126.403 E2.46803
G1 X117.091 Y126.818 E2.48041
G1 X116.969 Y127.218 E2.49283
G1 X116.773 Y127.586 E2.50521
G1 X116.508 Y127.909 E2.51761
G1 X116.185 Y128.174 E2.53001
G1 X115.817 Y128.371 E2.5424
G1 X115.417 Y128.492 E2.55481
G1 X115.001 Y128.533 E2.56722
G1 X114.586 Y128.492 E2.5796
G1 X114.186 Y128.371 E2.59201
G1 X113.818 Y128.174 E2.6044
G1 X113.495 Y127.909 E2.6168
G1 X113.23 Y127.586 E2.6292
G1 X113.034 Y127.218 E2.64158
G1 X112.912 Y126.818 E2.654
G1 X112.871 Y126.403 E2.66638
G1 X112.912 Y125.987 E2.67879
G1 X113.034 Y125.587 E2.69121
G1 X113.23 Y125.219 E2.70359
G1 X113.495 Y124.896 E2.71599
G1 X113.818 Y124.631 E2.72839
G1 X114.19 Y124.433 E2.7409
G1 X114.61 Y124.311 E2.75389
G1 X114.942 Y124.278 E2.7638
G1 X115.001 Y123.914 F7200
G1 F4860
G1 X115.487 Y123.961 E2.7783
G1 X115.954 Y124.103 E2.79279
G1 X116.384 Y124.333 E2.80727
G1 X116.761 Y124.643 E2.82176
G1 X117.071 Y125.02 E2.83625
G1 X117.301 Y125.45 E2.85073
G1 X117.443 Y125.917 E2.86522
G1 X117.49 Y126.403 E2.87972
G1 X117.443 Y126.888 E2.89419
G1 X117.301 Y127.355 E2.90868
G1 X117.071 Y127.785 E2.92316
G1 X116.761 Y128.162 E2.93765
G1 X116.384 Y128.472 E2.95214
G1 X115.954 Y128.702 E2.96662
G1 X115.487 Y128.844 E2.98111
G1 X115.001 Y128.891 E2.99561
G1 X114.516 Y128.844 E3.01008
G1 X114.049 Y128.702 E3.02457
G1 X113.619 Y128.472 E3.03905
G1 X113.242 Y128.162 E3.05354
G1 X112.932 Y127.785 E3.06803
G1 X112.702 Y127.355 E3.08251
G1 X112.56 Y126.888 E3.097
G1 X112.513 Y126.403 E3.11147
G1 X112.56 Y125.917 E3.12597
G1 X112.702 Y125.45 E3.14046
G1 X112.932 Y125.02 E3.15494
G1 X113.242 Y124.643 E3.16943
G1 X113.619 Y124.333 E3.18392
G1 X114.055 Y124.1 E3.1986
G1 X114.543 Y123.959 E3.21368
G1 X114.942 Y123.919 E3.22559
G1 E1.82559 F4800
;WIPE_START
G1 F5760
G1 X115.001 Y123.914 E1.77871
G1 X115.487 Y123.961 E1.39217
G1 X115.688 Y124.022 E1.22559
;WIPE_END
G92 E0
G1 X119.613 Y132.592 F7200
G1 E2 F4800
;TYPE:Bridge infill
;WIDTH:0.370904
;HEIGHT:0.368782
G1 F2400
G1 X117.103 Y133.265 E2.11673
G1 X115.029 Y133.482 E2.2104
G1 X114.767 Y133.455 E2.22223
G1 X120.419 Y131.941 E2.48507
G1 X121.038 Y131.605 E2.51671
G1 X121.5 Y131.215 E2.54387
G1 X113.59 Y133.335 E2.91173
G1 X112.901 Y133.264 E2.94284
G1 X112.59 Y133.167 E2.95747
G1 X122.258 Y130.576 E3.40709
G1 X122.59 Y130.296 E3.4266
G1 X122.822 Y129.99 E3.44385
G1 X111.838 Y132.933 E3.95466
G1 X111.087 Y132.698 E3.99001
G1 X123.233 Y129.443 E4.55487
G1 X123.645 Y128.897 E4.5856
G1 X110.481 Y132.425 E5.19781
G1 X109.944 Y132.133 E5.22527
G1 X123.876 Y128.4 E5.87318
G1 X124.076 Y127.911 E5.89691
G1 X109.406 Y131.841 E6.57913
G1 X108.97 Y131.605 E6.6014
G1 X108.896 Y131.542 E6.60577
G1 X124.275 Y127.421 E7.32098
G1 X124.365 Y127.201 E7.33166
G1 X124.428 Y126.945 E7.3435
G1 X108.504 Y131.212 E8.08405
G1 X108.111 Y130.881 E8.10713
G1 X114.496 Y129.17 E8.40407
G1 X115.001 Y129.22 E8.42687
G1 X115.551 Y129.166 E8.4517
G1 X116.08 Y129.005 E8.47654
G1 X116.567 Y128.745 E8.50134
G1 X116.802 Y128.552 E8.515
G1 X124.543 Y126.478 E8.875
G1 X124.658 Y126.011 E8.8966
G1 X117.34 Y127.972 E9.23693
G1 X117.609 Y127.464 E9.26275
G1 X124.773 Y125.545 E9.59591
G1 X124.888 Y125.078 E9.61751
G1 X117.753 Y126.99 E9.94933
G1 X117.805 Y126.54 E9.96968
G1 X125.003 Y124.612 E10.30442
G1 X125.118 Y124.145 E10.32602
G1 X117.79 Y126.109 E10.66682
G1 X117.765 Y125.853 E10.67837
G1 X117.716 Y125.693 E10.68589
G1 X125.233 Y123.679 E11.03547
G1 X125.348 Y123.212 E11.05707
G1 X117.587 Y125.292 E11.418
G1 X117.383 Y124.911 E11.43741
G1 X125.463 Y122.745 E11.81318
G1 X125.578 Y122.279 E11.83474
G1 X117.107 Y124.549 E12.22869
G1 X116.994 Y124.41 E12.23674
G1 X116.748 Y124.209 E12.25101
G1 X125.693 Y121.812 E12.667
G1 X125.808 Y121.346 E12.68856
G1 X116.003 Y123.973 E13.14454
G1 E11.74454 F4800
;WIPE_START
G1 F5760
G1 X116.735 Y123.777 E11.14454
;WIPE_END
G92 E0
G1 X114.062 Y128.851 F7200
G1 E2 F4800
G1 F2400
G1 X107.719 Y130.55 E2.29498
G1 X107.418 Y130.296 E2.31267
G1 X107.354 Y130.212 E2.31741
G1 X113.287 Y128.623 E2.59332
G1 X113.009 Y128.395 E2.60947
G1 X112.92 Y128.285 E2.61583
G1 X107.081 Y129.85 E2.88738
G1 X106.808 Y129.487 E2.90778
G1 X112.636 Y127.925 E3.17882
G1 X112.433 Y127.544 E3.19821
G1 X106.534 Y129.125 E3.47255
G1 X106.302 Y128.816 E3.48991
G1 X106.278 Y128.758 E3.49273
G1 X112.297 Y127.145 E3.77265
G1 X112.238 Y126.952 E3.78172
G1 X112.216 Y126.731 E3.7917
G1 X106.118 Y128.365 E4.07529
G1 X105.958 Y127.972 E4.09435
G1 X112.194 Y126.301 E4.38436
G1 X112.238 Y125.853 E4.40458
G1 X105.797 Y127.579 E4.70412
G1 X105.643 Y127.201 E4.72246
G1 X105.639 Y127.186 E4.72316
G1 X112.382 Y125.379 E5.03675
G1 X112.639 Y124.874 E5.0622
G1 X105.539 Y126.777 E5.39239
G1 X105.438 Y126.368 E5.41131
G1 X113.138 Y124.305 E5.7694
G1 X113.436 Y124.06 E5.78673
G1 X113.931 Y123.796 E5.81193
G1 X114.481 Y123.636 E5.83766
G1 X115.001 Y123.585 E5.86113
G1 X115.585 Y123.649 E5.88752
G1 X125.923 Y120.879 E6.36829
G1 X126.038 Y120.413 E6.38985
G1 X105.337 Y125.959 E7.35255
G1 X105.236 Y125.551 E7.37143
G1 X126.153 Y119.946 E8.34419
G1 X126.268 Y119.48 E8.36575
G1 X105.136 Y125.142 E9.3485
G1 X105.035 Y124.733 E9.36742
G1 X126.383 Y119.013 E10.36021
G1 X126.498 Y118.546 E10.38181
G1 X104.934 Y124.324 E11.38465
G1 X104.833 Y123.916 E11.40353
G1 X126.613 Y118.08 E12.41642
G1 X126.728 Y117.613 E12.43802
G1 X104.733 Y123.507 E13.46091
G1 X104.632 Y123.098 E13.47983
G1 X126.843 Y117.147 E14.51276
G1 X126.873 Y117.026 E14.51836
G1 X125.667 Y117.026 E14.57253
G1 X104.531 Y122.689 E15.55546
G1 X104.43 Y122.281 E15.57434
G1 X124.041 Y117.026 E16.48636
G1 X122.415 Y117.026 E16.5594
G1 X104.33 Y121.872 E17.40045
G1 X104.229 Y121.463 E17.41937
G1 X120.788 Y117.026 E18.18945
G1 X119.162 Y117.026 E18.26249
G1 X104.128 Y121.054 E18.96165
G1 X104.028 Y120.646 E18.98052
G1 X117.536 Y117.026 E19.60872
G1 X115.91 Y117.026 E19.68176
G1 X103.927 Y120.237 E20.23904
G1 X103.826 Y119.828 E20.25796
G1 X114.283 Y117.026 E20.74427
G1 X112.657 Y117.026 E20.81731
G1 X103.725 Y119.419 E21.23269
G1 X103.625 Y119.011 E21.25156
G1 X111.031 Y117.026 E21.59599
G1 X109.405 Y117.026 E21.66903
G1 X103.524 Y118.602 E21.94253
G1 X103.423 Y118.193 E21.96145
G1 X107.778 Y117.026 E22.16398
G1 X106.152 Y117.026 E22.23702
G1 X103.322 Y117.784 E22.36863
G1 X103.222 Y117.376 E22.3875
G1 X105.229 Y116.838 E22.48084
G1 E21.08084 F4800
;WIPE_START
G1 F5760
G1 X104.497 Y117.034 E20.48084
;WIPE_END
G92 E0
G1 X116.367 Y107.755 F7200
G1 E2 F4800
;TYPE:External perimeter
;WIDTH:0.45
;HEIGHT:0.2
G1 F4860
G1 X116.367 Y100.245 E2.2542
G1 X116.625 Y100.245 E2.26293
G1 X118.34 Y100.245 E2.32098
G1 X118.34 Y107.755 E2.57518
G1 X116.427 Y107.755 E2.63993
G1 X116.749 Y107.373 F7200
;TYPE:Perimeter
;WIDTH:0.4
G1 F4860
G1 X116.749 Y100.627 E2.84023
G1 X117.958 Y100.627 E2.87613
G1 X117.958 Y107.373 E3.07643
G1 X116.809 Y107.373 E3.11055
G1 X117.106 Y107.016 F7200
G1 F4860
G1 X117.106 Y100.984 E3.28965
G1 X117.601 Y100.984 E3.30435
G1 X117.601 Y107.016 E3.48345
G1 X117.166 Y107.016 E3.49637
G1 X117.353 Y106.837 F7200
;TYPE:Gap fill
;WIDTH:0.181042
G1 F6000
G1 X117.353 Y101.163 E3.56154
G1 E2.16154 F4800
;WIPE_START
G1 F5760
G1 X117.353 Y101.921 E1.56154
;WIPE_END
G92 E0
G1 X111.592 Y107.755 F7200
G1 E2 F4800
;TYPE:External perimeter
;WIDTH:0.45
G1 F4860
G1 X111.592 Y100.245 E2.2542
G1 X113.565 Y100.245 E2.32098
G1 X113.565 Y107.755 E2.57518
G1 X111.652 Y107.755 E2.63993
G1 X111.974 Y107.373 F7200
;TYPE:Perimeter
;WIDTH:0.4
G1 F4860
G1 X111.974 Y100.627 E2.84023
G1 X113.183 Y100.627 E2.87613
G1 X113.183 Y107.373 E3.07643
G1 X112.034 Y107.373 E3.11055
G1 X112.331 Y107.016 F7200
G1 F4860
G1 X112.331 Y100.984 E3.28965
G1 X112.826 Y100.984 E3.30435
G1 X112.826 Y107.016 E3.48345
G1 X112.391 Y107.016 E3.49637
G1 X112.578 Y106.837 F7200
;TYPE:Gap fill
;WIDTH:0.181042
G1 F6000
G1 X112.578 Y101.163 E3.56154
G1 E2.16154 F4800
;WIPE_START
G1 F5760
G1 X112.578 Y101.921 E1.56154
;WIPE_END
G92 E0
G1 X106.816 Y107.755 F7200
G1 E2 F4800
;TYPE:External perimeter
;WIDTH:0.45
G1 F4860
G1 X106.816 Y100.245 E2.2542
G1 X108.79 Y100.245 E2.32102
G1 X108.79 Y107.755 E2.57522
G1 X106.876 Y107.755 E2.64001
G1 X107.198 Y107.373 F7200
;TYPE:Perimeter
;WIDTH:0.4
G1 F4860
G1 X107.198 Y100.627 E2.84031
G1 X108.408 Y100.627 E2.87624
G1 X108.408 Y107.373 E3.07654
G1 X107.258 Y107.373 E3.11068
G1 X107.555 Y107.016 F7200
G1 F4860
G1 X107.555 Y100.984 E3.28978
G1 X108.051 Y100.984 E3.30451
G1 X108.051 Y107.016 E3.48361
G1 X107.615 Y107.016 E3.49656
G1 X107.803 Y106.837 F7200
;TYPE:Gap fill
;WIDTH:0.181042
G1 F6000
G1 X107.803 Y101.163 E3.56173
G1 E2.16173 F4800
;WIPE_START
G1 F5760
G1 X107.803 Y101.921 E1.56173
;WIPE_END
G92 E0
G1 X104.015 Y107.755 F7200
G1 E2 F4800
;TYPE:External perimeter
;WIDTH:0.45
G1 F4860
G1 X102.041 Y107.755 E2.06682
G1 X102.041 Y100.245 E2.32102
G1 X104.015 Y100.245 E2.38784
G1 X104.015 Y107.695 E2.64001
G1 X103.633 Y107.373 F7200
;TYPE:Perimeter
;WIDTH:0.4
G1 F4860
G1 X102.423 Y107.373 E2.67594
G1 X102.423 Y100.627 E2.87624
G1 X103.633 Y100.627 E2.91217
G1 X103.633 Y107.313 E3.11069
G1 X103.275 Y107.016 F7200
G1 F4860
G1 X102.78 Y107.016 E3.12539
G1 X102.78 Y100.984 E3.30449
G1 X103.275 Y100.984 E3.31919
G1 X103.275 Y106.956 E3.49651
G1 X103.028 Y106.837 F7200
;TYPE:Gap fill
;WIDTH:0.181042
G1 F6000
G1 X103.028 Y101.163 E3.56168
G1 E2.16168 F4800
;WIPE_START
G1 F5760
G1 X103.028 Y101.921 E1.56168
;WIPE_END
G92 E0
G1 X99.239 Y107.755 F7200
G1 E2 F4800
;TYPE:External perimeter
;WIDTH:0.45
G1 F4860
G1 X97.266 Y107.755 E2.06678
G1 X97.266 Y100.245 E2.32098
G1 X99.239 Y100.245 E2.38776
G1 X99.239 Y107.695 E2.63993
G1 X98.857 Y107.373 F7200
;TYPE:Perimeter
;WIDTH:0.4
G1 F4860
G1 X97.648 Y107.373 E2.67583
G1 X97.648 Y100.627 E2.87613
G1 X98.857 Y100.627 E2.91203
G1 X98.857 Y107.313 E3.11055
G1 X98.5 Y107.016 F7200
G1 F4860
G1 X98.005 Y107.016 E3.12525
G1 X98.005 Y100.984 E3.30435
G1 X98.5 Y100.984 E3.31905
G1 X98.5 Y106.956 E3.49637
G1 X98.253 Y106.837 F7200
;TYPE:Gap fill
;WIDTH:0.181044
G1 F6000
G1 X98.253 Y101.163 E3.56154
G1 E2.16154 F4800
;WIPE_START
G1 F5760
G1 X98.253 Y101.921 E1.56154
;WIPE_END
G92 E0
G1 X94.464 Y107.755 F7200
G1 E2 F4800
;TYPE:External perimeter
;WIDTH:0.45
G1 F4860
G1 X92.491 Y107.755 E2.06678
G1 X92.491 Y100.245 E2.32098
G1 X94.464 Y100.245 E2.38776
G1 X94.464 Y107.695 E2.63993
G1 X94.082 Y107.373 F7200
;TYPE:Perimeter
;WIDTH:0.4
G1 F4860
G1 X92.873 Y107.373 E2.67583
G1 X92.873 Y100.627 E2.87613
G1 X94.082 Y100.627 E2.91203
G1 X94.082 Y107.313 E3.11055
G1 X93.725 Y107.016 F7200
G1 F4860
G1 X93.23 Y107.016 E3.12525
G1 X93.23 Y100.984 E3.30435
G1 X93.725 Y100.984 E3.31905
G1 X93.725 Y106.956 E3.49637
G1 X93.477 Y106.837 F7200
;TYPE:Gap fill
;WIDTH:0.181044
G1 F6000
G1 X93.477 Y101.163 E3.56154
G1 E2.16154 F4800
;WIPE_START
G1 F5760
G1 X93.477 Y101.921 E1.56154
;WIPE_END
G92 E0
G1 X89.689 Y107.755 F7200
G1 E2 F4800
;TYPE:External perimeter
;WIDTH:0.45
G1 F4860
G1 X87.715 Y107.755 E2.06682
G1 X87.715 Y100.245 E2.32102
G1 X89.689 Y100.245 E2.38784
G1 X89.689 Y107.695 E2.64001
G1 X89.307 Y107.373 F7200
;TYPE:Perimeter
;WIDTH:0.4
G1 F4860
G1 X88.097 Y107.373 E2.67594
G1 X88.097 Y100.627 E2.87624
G1 X89.307 Y100.627 E2.91217
G1 X89.307 Y107.313 E3.11069
G1 X88.95 Y107.016 F7200
G1 F4860
G1 X88.455 Y107.016 E3.12539
G1 X88.455 Y100.984 E3.30449
G1 X88.95 Y100.984 E3.31919
G1 X88.95 Y106.956 E3.49651
G1 X88.702 Y106.837 F7200
;TYPE:Gap fill
;WIDTH:0.18105
G1 F6000
G1 X88.702 Y101.163 E3.56168
G1 E2.16168 F4800
;WIPE_START
G1 F5760
G1 X88.702 Y101.921 E1.56168
;WIPE_END
G92 E0
G1 X84.914 Y107.755 F7200
G1 E2 F4800
;TYPE:External perimeter
;WIDTH:0.45
G1 F4860
G1 X82.94 Y107.755 E2.06682
G1 X82.94 Y100.245 E2.32102
G1 X84.914 Y100.245 E2.38784
G1 X84.914 Y107.695 E2.64001
G1 X84.532 Y107.373 F7200
;TYPE:Perimeter
;WIDTH:0.4
G1 F4860
G1 X83.322 Y107.373 E2.67594
G1 X83.322 Y100.627 E2.87624
G1 X84.532 Y100.627 E2.91217
G1 X84.532 Y107.313 E3.11069
G1 X84.175 Y107.016 F7200
G1 F4860
G1 X83.679 Y107.016 E3.12542
G1 X83.679 Y100.984 E3.30452
G1 X84.175 Y100.984 E3.31925
G1 X84.175 Y106.956 E3.49657
G1 X83.927 Y106.837 F7200
;TYPE:Gap fill
;WIDTH:0.18104
G1 F6000
G1 X83.927 Y101.163 E3.56173
;LAYER_CHANGE
;Z:5.88
;HEIGHT:0.2
; BEFORE_LAYER_CHANGE 28 @ 5.88mm
G1 E2.16173 F4800
;WIPE_START
G1 F5760
G1 X83.927 Y101.921 E1.56173
;WIPE_END
G92 E0
G1 Z5.88 F7200
; AFTER_LAYER_CHANGE 28 @ 5.88mm
G1 X145.113 Y107.755
G1 E2 F4800
;TYPE:External perimeter
;WIDTH:0.45
G1 F4860
G1 X145.113 Y100.245 E2.2542
G1 X146.897 Y100.245 E2.31459
G1 X146.897 Y107.755 E2.56879
G1 X145.173 Y107.755 E2.62715
G1 X145.495 Y107.373 F7200
;TYPE:Perimeter
;WIDTH:0.4
G1 F4860
G1 X145.495 Y100.627 E2.82745
G1 X146.515 Y100.627 E2.85774
G1 X146.515 Y107.373 E3.05804
G1 X145.555 Y107.373 E3.08654
G1 X145.852 Y107.016 F7200
G1 F4860
G1 X145.852 Y100.984 E3.26564
G1 X146.158 Y100.984 E3.27473
G1 X146.158 Y107.016 E3.45383
G1 X145.912 Y107.016 E3.46113
G1 E2.06113 F4800
;WIPE_START
G1 F5760
G1 X145.852 Y107.016 E2.01363
G1 X145.852 Y106.318 E1.46113
;WIPE_END
G92 E0
G1 X140.338 Y107.755 F7200
G1 E2 F4800
;TYPE:External perimeter
;WIDTH:0.45
G1 F4860
G1 X140.338 Y100.245 E2.2542
G1 X142.121 Y100.245 E2.31455
G1 X142.121 Y107.755 E2.56875
G1 X140.398 Y107.755 E2.62707
G1 X140.72 Y107.373 F7200
;TYPE:Perimeter
;WIDTH:0.4
G1 F4860
G1 X140.72 Y100.627 E2.82737
G1 X141.739 Y100.627 E2.85763
G1 X141.739 Y107.373 E3.05793
G1 X140.78 Y107.373 E3.0864
G1 X141.077 Y107.016 F7200
G1 F4860
G1 X141.077 Y100.984 E3.2655
G1 X141.382 Y100.984 E3.27456
G1 X141.382 Y107.016 E3.45366
G1 X141.137 Y107.016 E3.46093
G1 E2.06093 F4800
;WIPE_START
G1 F5760
G1 X141.077 Y107.016 E2.01343
G1 X141.077 Y106.318 E1.46093
;WIPE_END
G92 E0
G1 X135.562 Y107.755 F7200
G1 E2 F4800
;TYPE:External perimeter
;WIDTH:0.45
G1 F4860
G1 X135.562 Y100.245 E2.2542
G1 X137.346 Y100.245 E2.31459
G1 X137.346 Y107.755 E2.56879
G1 X135.622 Y107.755 E2.62715
G1 X135.945 Y107.373 F7200
;TYPE:Perimeter
;WIDTH:0.4
G1 F4860
G1 X135.945 Y100.627 E2.82745
G1 X136.964 Y100.627 E2.85771
G1 X136.964 Y107.373 E3.05801
G1 X136.005 Y107.373 E3.08648
G1 X136.302 Y107.016 F7200
G1 F4860
G1 X136.302 Y100.984 E3.26558
G1 X136.607 Y100.984 E3.27464
G1 X136.607 Y107.016 E3.45374
G1 X136.362 Y107.016 E3.46101
G1 E2.06101 F4800
;WIPE_START
G1 F5760
G1 X136.302 Y107.016 E2.01351
G1 X136.302 Y106.318 E1.46101
;WIPE_END
G92 E0
G1 X130.787 Y107.755 F7200
G1 E2 F4800
;TYPE:External perimeter
;WIDTH:0.45
G1 F4860
G1 X130.787 Y100.245 E2.2542
G1 X132.571 Y100.245 E2.31459
G1 X132.571 Y107.755 E2.56879
G1 X130.847 Y107.755 E2.62715
G1 X131.169 Y107.373 F7200
;TYPE:Perimeter
;WIDTH:0.4
G1 F4860
G1 X131.169 Y100.627 E2.82745
G1 X132.189 Y100.627 E2.85774
G1 X132.189 Y107.373 E3.05804
G1 X131.229 Y107.373 E3.08654
G1 X131.526 Y107.016 F7200
G1 F4860
G1 X131.526 Y100.984 E3.26564
G1 X131.832 Y100.984 E3.27473
G1 X131.832 Y107.016 E3.45383
G1 X131.586 Y107.016 E3.46113
G1 E2.06113 F4800
;WIPE_START
G1 F5760
G1 X131.526 Y107.016 E2.01363
G1 X131.526 Y106.318 E1.46113
;WIPE_END
G92 E0
G1 X126.012 Y107.755 F7200
G1 E2 F4800
;TYPE:External perimeter
;WIDTH:0.45
G1 F4860
G1 X126.012 Y100.245 E2.2542
G1 X127.796 Y100.245 E2.31459
G1 X127.796 Y107.755 E2.56879
G1 X126.072 Y107.755 E2.62715
G1 X126.394 Y107.373 F7200
;TYPE:Perimeter
;WIDTH:0.4
G1 F4860
G1 X126.394 Y100.627 E2.82745
G1 X127.414 Y100.627 E2.85774
G1 X127.414 Y107.373 E3.05804
G1 X126.454 Y107.373 E3.08654
G1 X126.751 Y107.016 F7200
G1 F4860
G1 X126.751 Y100.984 E3.26564
G1 X127.057 Y100.984 E3.27473
G1 X127.057 Y107.016 E3.45383
G1 X126.811 Y107.016 E3.46113
G1 E2.06113 F4800
;WIPE_START
G1 F5760
G1 X126.751 Y107.016 E2.01363
G1 X126.751 Y106.318 E1.46113
;WIPE_END
G92 E0
G1 X121.237 Y107.755 F7200
G1 E2 F4800
;TYPE:External perimeter
;WIDTH:0.45
G1 F4860
G1 X121.237 Y100.245 E2.2542
G1 X123.021 Y100.245 E2.31459
G1 X123.021 Y107.755 E2.56879
G1 X121.297 Y107.755 E2.62715
G1 X121.619 Y107.373 F7200
;TYPE:Perimeter
;WIDTH:0.4
G1 F4860
G1 X121.619 Y100.627 E2.82745
G1 X122.639 Y100.627 E2.85774
G1 X122.639 Y107.373 E3.05804
G1 X121.679 Y107.373 E3.08654
G1 X121.976 Y107.016 F7200
G1 F4860
G1 X121.976 Y100.984 E3.26564
G1 X122.281 Y100.984 E3.2747
G1 X122.281 Y107.016 E3.4538
G1 X122.036 Y107.016 E3.46107
G1 E2.06107 F4800
;WIPE_START
G1 F5760
G1 X121.976 Y107.016 E2.01357
G1 X121.976 Y106.318 E1.46107
;WIPE_END
G92 E0
G1 X128.234 Y115.96 F7200
G1 E2 F4800
;TYPE:External perimeter
;WIDTH:0.45
G1 X125.382 Y127.531 E2.40339
G1 X124.641 Y129.347 E2.46978
G1 X123.369 Y131.034 E2.5413
G1 X121.642 Y132.49 E2.61776
G1 X119.578 Y133.61 E2.69725
G1 X117.322 Y134.314 E2.77724
G1 X115.031 Y134.554 E2.85521
G1 X112.686 Y134.314 E2.935
G1 X110.43 Y133.61 E3.01499
G1 X108.366 Y132.49 E3.09448
G1 X106.639 Y131.034 E3.17094
G1 X105.367 Y129.347 E3.24246
G1 X104.627 Y127.531 E3.30884
G1 X101.775 Y115.96 E3.71223
G1 X126.56 Y115.96 E4.55117
G1 X128.174 Y115.96 E4.6058
G1 X127.746 Y116.342 F7200
;TYPE:Perimeter
;WIDTH:0.4
G1 F9000
G1 X125.017 Y127.413 E4.94435
G1 X124.306 Y129.157 E5.00027
G1 X123.09 Y130.77 E5.06025
G1 X121.426 Y132.173 E5.12487
G1 X119.429 Y133.256 E5.19232
G1 X117.245 Y133.938 E5.26025
G1 X115.03 Y134.17 E5.32638
G1 X112.763 Y133.938 E5.39404
G1 X110.579 Y133.256 E5.46197
G1 X108.583 Y132.173 E5.5294
G1 X106.918 Y130.77 E5.59405
G1 X105.702 Y129.157 E5.65403
G1 X104.991 Y127.413 E5.70995
G1 X102.262 Y116.342 E6.0485
G1 X126.56 Y116.342 E6.76994
G1 X127.686 Y116.342 E6.80337
G1 X127.29 Y116.699 F7200
G1 F9000
G1 X124.677 Y127.302 E7.12761
G1 X123.993 Y128.979 E7.18138
G1 X122.829 Y130.523 E7.23879
G1 X121.223 Y131.876 E7.30114
G1 X119.289 Y132.926 E7.36648
G1 X117.172 Y133.586 E7.43232
G1 X115.03 Y133.811 E7.49627
G1 X112.835 Y133.586 E7.56178
G1 X110.719 Y132.926 E7.62759
G1 X108.785 Y131.876 E7.69293
G1 X107.179 Y130.523 E7.75528
G1 X106.015 Y128.979 E7.81269
G1 X105.331 Y127.302 E7.86646
G1 X102.718 Y116.699 E8.1907
G1 X126.56 Y116.699 E8.8986
G1 X127.23 Y116.699 E8.91849
G1 E7.51849 F4800
;WIPE_START
G1 F5760
G1 X127.29 Y116.699 E7.47099
G1 X127.123 Y117.377 E6.91849
;WIPE_END
G92 E0
G1 X115.001 Y124.656 F7200
G1 E2 F4800
;TYPE:External perimeter
;WIDTH:0.45
G1 F4860
G1 X115.342 Y124.69 E2.0116
G1 X115.67 Y124.789 E2.0232
G1 X115.972 Y124.951 E2.0348
G1 X116.236 Y125.168 E2.04637
G1 X116.453 Y125.432 E2.05794
G1 X116.615 Y125.734 E2.06954
G1 X116.714 Y126.062 E2.08114
G1 X116.748 Y126.403 E2.09274
G1 X116.714 Y126.743 E2.10431
G1 X116.615 Y127.071 E2.11591
G1 X116.453 Y127.373 E2.12751
G1 X116.236 Y127.637 E2.13908
G1 X115.972 Y127.854 E2.15065
G1 X115.67 Y128.016 E2.16225
G1 X115.342 Y128.115 E2.17385
G1 X115.001 Y128.149 E2.18545
G1 X114.661 Y128.115 E2.19702
G1 X114.333 Y128.016 E2.20862
G1 X114.031 Y127.854 E2.22022
G1 X113.767 Y127.637 E2.23179
G1 X113.55 Y127.373 E2.24336
G1 X113.388 Y127.071 E2.25496
G1 X113.289 Y126.743 E2.26656
G1 X113.255 Y126.403 E2.27813
G1 X113.289 Y126.062 E2.28973
G1 X113.388 Y125.734 E2.30133
G1 X113.55 Y125.432 E2.31293
G1 X113.767 Y125.168 E2.3245
G1 X114.031 Y124.951 E2.33607
G1 X114.334 Y124.789 E2.3477
G1 X114.672 Y124.689 E2.35963
G1 X114.942 Y124.662 E2.36881
G1 X115.001 Y124.272 F7200
;TYPE:Perimeter
;WIDTH:0.4
G1 F4860
G1 X115.417 Y124.313 E2.38122
G1 X115.817 Y124.435 E2.39364
G1 X116.185 Y124.631 E2.40602
G1 X116.508 Y124.896 E2.41842
G1 X116.773 Y125.219 E2.43082
G1 X116.969 Y125.587 E2.4432
G1 X117.091 Y125.987 E2.45562
G1 X117.132 Y126.403 E2.46803
G1 X117.091 Y126.818 E2.48041
G1 X116.969 Y127.218 E2.49283
G1 X116.773 Y127.586 E2.50521
G1 X116.508 Y127.909 E2.51761
G1 X116.185 Y128.174 E2.53001
G1 X115.817 Y128.371 E2.5424
G1 X115.417 Y128.492 E2.55481
G1 X115.001 Y128.533 E2.56722
G1 X114.586 Y128.492 E2.5796
G1 X114.186 Y128.371 E2.59201
G1 X113.818 Y128.174 E2.6044
G1 X113.495 Y127.909 E2.6168
G1 X113.23 Y127.586 E2.6292
G1 X113.034 Y127.218 E2.64158
G1 X112.912 Y126.818 E2.654
G1 X112.871 Y126.403 E2.66638
G1 X112.912 Y125.987 E2.67879
G1 X113.034 Y125.587 E2.69121
G1 X113.23 Y125.219 E2.70359
G1 X113.495 Y124.896 E2.71599
G1 X113.818 Y124.631 E2.72839
G1 X114.188 Y124.434 E2.74084
G1 X114.599 Y124.312 E2.75357
G1 X114.942 Y124.278 E2.7638
G1 X115.001 Y123.914 F7200
G1 F4860
G1 X115.487 Y123.961 E2.7783
G1 X115.954 Y124.103 E2.79279
G1 X116.384 Y124.333 E2.80727
G1 X116.761 Y124.643 E2.82176
G1 X117.071 Y125.02 E2.83625
G1 X117.301 Y125.45 E2.85073
G1 X117.443 Y125.917 E2.86522
G1 X117.49 Y126.403 E2.87972
G1 X117.443 Y126.888 E2.89419
G1 X117.301 Y127.355 E2.90868
G1 X117.071 Y127.785 E2.92316
G1 X116.761 Y128.162 E2.93765
G1 X116.384 Y128.472 E2.95214
G1 X115.954 Y128.702 E2.96662
G1 X115.487 Y128.844 E2.98111
G1 X115.001 Y128.891 E2.99561
G1 X114.516 Y128.844 E3.01008
G1 X114.049 Y128.702 E3.02457
G1 X113.619 Y128.472 E3.03905
G1 X113.242 Y128.162 E3.05354
G1 X112.932 Y127.785 E3.06803
G1 X112.702 Y127.355 E3.08251
G1 X112.56 Y126.888 E3.097
G1 X112.513 Y126.403 E3.11147
G1 X112.56 Y125.917 E3.12597
G1 X112.702 Y125.45 E3.14046
G1 X112.932 Y125.02 E3.15494
G1 X113.242 Y124.643 E3.16943
G1 X113.619 Y124.333 E3.18392
G1 X114.052 Y124.101 E3.19851
G1 X114.53 Y123.96 E3.21331
G1 X114.942 Y123.919 E3.2256
G1 E1.8256 F4800
;WIPE_START
G1 F5760
G1 X115.001 Y123.914 E1.77872
G1 X115.487 Y123.961 E1.39218
G1 X115.688 Y124.022 E1.2256
;WIPE_END
G92 E0
G1 X106.188 Y128.615 F7200
G1 E2 F4800
;TYPE:Solid infill
;WIDTH:0.39123
G1 F9000
G1 X106.168 Y128.688 E2.00219
G1 X106.241 Y128.668 E2.00438
G1 X106.23 Y128.626 E2.00564
;WIDTH:0.427487
G1 X106.302 Y128.743 E2.01003
;WIDTH:0.463743
G1 X106.375 Y128.861 E2.01489
;WIDTH:0.499999
G1 X106.448 Y128.978 E2.02013
G1 X109.151 Y131.681 E2.16541
G1 X109.255 Y131.748 E2.17011
;WIDTH:0.461376
G1 X109.359 Y131.814 E2.1744
;WIDTH:0.422752
G1 X109.463 Y131.881 E2.17831
;WIDTH:0.384128
G1 X109.444 Y131.953 E2.18042
G1 X109.515 Y131.933 E2.18251
G1 X109.504 Y131.892 E2.18371
G1 E.78371 F4800
;WIPE_START
G1 F5760
G1 X109.515 Y131.933 E.7501
G1 X109.444 Y131.953 E.6917
G1 X109.463 Y131.881 E.63275
G1 X109.359 Y131.814 E.53481
G1 X109.255 Y131.748 E.4373
G1 X109.151 Y131.681 E.33936
G1 X109.012 Y131.542 E.18371
;WIPE_END
G92 E0
G1 X110.876 Y132.639 F7200
G1 E2 F4800
;WIDTH:0.38292
G1 F9000
G1 X110.857 Y132.711 E2.00211
G1 X110.929 Y132.692 E2.00422
G1 X110.918 Y132.65 E2.00545
;WIDTH:0.421947
G1 X110.8 Y132.583 E2.00973
;WIDTH:0.460973
G1 X110.682 Y132.515 E2.01446
;WIDTH:0.499999
G1 X110.564 Y132.448 E2.01962
G1 X105.902 Y127.786 E2.2702
G1 E.8702 F4800
;WIPE_START
G1 F5760
G1 X106.438 Y128.322 E.2702
;WIPE_END
G92 E0
G1 X105.565 Y126.802 F7200
G1 E2 F4800
G1 F9000
G1 X111.601 Y132.838 E2.32443
G1 X111.705 Y132.889 E2.32883
;WIDTH:0.460973
G1 X111.809 Y132.939 E2.33284
;WIDTH:0.421947
G1 X111.913 Y132.989 E2.33648
;WIDTH:0.38292
G1 X111.894 Y133.06 E2.33856
G1 X111.965 Y133.041 E2.34064
G1 X111.954 Y133 E2.34184
G1 E.94184 F4800
;WIPE_START
G1 F5760
G1 X111.965 Y133.041 E.90823
G1 X111.894 Y133.06 E.85004
G1 X111.913 Y132.989 E.79185
G1 X111.809 Y132.939 E.7005
G1 X111.705 Y132.889 E.60915
G1 X111.601 Y132.838 E.51745
G1 X111.444 Y132.681 E.34184
;WIPE_END
G92 E0
G1 X113.326 Y133.468 F7200
G1 E2 F4800
G1 F9000
G1 X112.723 Y133.362 E2.01731
;WIDTH:0.421947
G1 X112.662 Y133.285 E2.02041
;WIDTH:0.460973
G1 X112.602 Y133.208 E2.0238
;WIDTH:0.499999
G1 X105.353 Y125.944 E2.41383
G1 X105.142 Y125.086 E2.44741
G1 X113.346 Y133.29 E2.88837
G1 X114.066 Y133.364 E2.91588
G1 X104.93 Y124.228 E3.40693
G1 X104.719 Y123.37 E3.44051
G1 X114.786 Y133.438 E3.98163
G1 X115.417 Y133.422 E4.00562
G1 X104.507 Y122.513 E4.59199
G1 X104.296 Y121.655 E4.62557
G1 X116.002 Y133.361 E5.25476
G1 X116.587 Y133.3 E5.27711
G1 X104.085 Y120.797 E5.94911
G1 X103.873 Y119.939 E5.9827
G1 X117.161 Y133.227 E6.69692
G1 X118.007 Y133.123 E6.72932
;WIDTH:0.38292
G1 X118.018 Y133.164 E6.73052
G1 X117.947 Y133.183 E6.7326
G1 X117.966 Y133.112 E6.73468
;WIDTH:0.421947
G1 X117.862 Y133.099 E6.73798
;WIDTH:0.460973
G1 X117.758 Y133.086 E6.74162
;WIDTH:0.499999
G1 X117.654 Y133.073 E6.7456
G1 X103.662 Y119.081 E7.49766
G1 X103.45 Y118.223 E7.53125
G1 X112.235 Y127.008 E8.00343
G1 X112.296 Y127.103 E8.00772
;WIDTH:0.460973
G1 X112.357 Y127.197 E8.01162
;WIDTH:0.421947
G1 X112.418 Y127.291 E8.01515
;WIDTH:0.38292
G1 X112.399 Y127.362 E8.01723
G1 X112.47 Y127.343 E8.01931
G1 X112.459 Y127.302 E8.02051
G1 E6.62051 F4800
;WIPE_START
G1 F5760
G1 X112.47 Y127.343 E6.5869
G1 X112.399 Y127.362 E6.52871
G1 X112.418 Y127.291 E6.47052
G1 X112.357 Y127.197 E6.38181
G1 X112.296 Y127.103 E6.2931
G1 X112.235 Y127.008 E6.20372
G1 X112.071 Y126.844 E6.02051
;WIPE_END
G92 E0
G1 X112.175 Y126.302 F7200
G1 E2 F4800
;WIDTH:0.499999
G1 F9000
G1 X103.239 Y117.366 E2.4803
G1 X103.184 Y117.237 E2.48563
;WIDTH:0.460973
G1 X103.13 Y117.108 E2.49049
;WIDTH:0.421947
G1 X103.075 Y116.979 E2.49491
;WIDTH:0.38292
G1 X103.024 Y117.217 E2.50179
G1 X105.342 Y126.623 E2.77566
G1 E1.37566 F4800
;WIPE_START
G1 F5760
G1 X105.161 Y125.887 E.77566
;WIPE_END
G92 E0
G1 X112.254 Y125.734 F7200
G1 E2 F4800
;WIDTH:0.499999
G1 F9000
G1 X103.565 Y117.045 E2.46702
G1 X104.211 Y117.045 E2.49157
G1 X112.416 Y125.25 E2.93258
G1 X112.642 Y124.829 E2.95074
G1 X104.858 Y117.045 E3.36912
G1 X105.504 Y117.045 E3.39367
G1 X112.933 Y124.474 E3.79297
G1 X113.274 Y124.169 E3.81036
G1 X106.15 Y117.045 E4.19327
G1 X106.797 Y117.045 E4.21786
G1 X113.667 Y123.915 E4.58712
G1 X114.119 Y123.721 E4.60581
G1 X107.443 Y117.045 E4.96464
G1 X108.09 Y117.045 E4.98923
G1 X114.646 Y123.601 E5.34161
G1 X115.285 Y123.594 E5.3659
G1 X108.736 Y117.045 E5.7179
G1 E4.3179 F4800
;WIPE_START
G1 F5760
G1 X109.272 Y117.581 E3.7179
;WIPE_END
G92 E0
G1 X114.061 Y128.934 F7200
G1 E2 F4800
;WIDTH:0.38292
G1 F9000
G1 X114.042 Y129.005 E2.00208
G1 X114.113 Y128.986 E2.00416
G1 X114.102 Y128.945 E2.00536
;WIDTH:0.421947
G1 X114.2 Y129.02 E2.00925
;WIDTH:0.460973
G1 X114.298 Y129.094 E2.01352
;WIDTH:0.499999
G1 X114.396 Y129.169 E2.01821
G1 X118.147 Y132.92 E2.21982
G1 X118.639 Y132.766 E2.23941
G1 X115.102 Y129.229 E2.42952
G1 X115.67 Y129.15 E2.45132
G1 X119.132 Y132.612 E2.6374
G1 X119.554 Y132.388 E2.65556
G1 X116.154 Y128.988 E2.83831
G1 X116.575 Y128.762 E2.85647
G1 X119.973 Y132.161 E3.03914
G1 X120.392 Y131.933 E3.05727
G1 X116.93 Y128.471 E3.24335
G1 X117.236 Y128.13 E3.26076
G1 X120.811 Y131.706 E3.45294
G1 X121.197 Y131.446 E3.47063
G1 X117.489 Y127.737 E3.66996
G1 X117.684 Y127.285 E3.68867
G1 X121.548 Y131.15 E3.89638
G1 X121.899 Y130.854 E3.91383
G1 X117.803 Y126.759 E4.13396
G1 X117.81 Y126.119 E4.15829
G1 X122.25 Y130.559 E4.39694
G1 X122.595 Y130.258 E4.41434
G1 X117.585 Y125.248 E4.68362
G1 X117.346 Y124.925 E4.69889
;WIDTH:0.38292
G1 X116.948 Y124.475 E4.71587
G1 X116.479 Y124.058 E4.73361
;WIDTH:0.421947
G1 X116.372 Y123.979 E4.7378
;WIDTH:0.460973
G1 X116.264 Y123.899 E4.74247
;WIDTH:0.499999
G1 X116.156 Y123.819 E4.74758
G1 X109.383 Y117.045 E5.11165
G1 X110.029 Y117.045 E5.1362
G1 X122.873 Y129.889 E5.82655
G1 X123.151 Y129.521 E5.84408
G1 X110.675 Y117.045 E6.51465
G1 X111.322 Y117.045 E6.53924
G1 X123.429 Y129.152 E7.18998
G1 X123.701 Y128.778 E7.20756
G1 X111.968 Y117.045 E7.8382
G1 X112.615 Y117.045 E7.86279
G1 X123.888 Y128.319 E8.46873
G1 X124.076 Y127.86 E8.48758
G1 X113.261 Y117.045 E9.06888
G1 X113.907 Y117.045 E9.09343
G1 X124.263 Y127.401 E9.65005
G1 X124.417 Y126.909 E9.66964
G1 X114.554 Y117.045 E10.19979
G1 X115.2 Y117.045 E10.22434
G1 X124.545 Y126.39 E10.72662
G1 X124.673 Y125.872 E10.7469
G1 X115.847 Y117.045 E11.22132
G1 X116.493 Y117.045 E11.24587
G1 X124.801 Y125.353 E11.69242
G1 X124.929 Y124.834 E11.71274
G1 X117.139 Y117.045 E12.13142
G1 X117.786 Y117.045 E12.15601
G1 X125.056 Y124.316 E12.54679
G1 X125.184 Y123.797 E12.56711
G1 X118.432 Y117.045 E12.93002
G1 X119.079 Y117.045 E12.95461
G1 X125.312 Y123.279 E13.28965
G1 X125.44 Y122.76 E13.30997
G1 X119.725 Y117.045 E13.61715
G1 X120.371 Y117.045 E13.6417
G1 X125.568 Y122.241 E13.92101
G1 X125.696 Y121.723 E13.94129
G1 X121.018 Y117.045 E14.19273
G1 X121.664 Y117.045 E14.21728
G1 X125.823 Y121.204 E14.44082
G1 X125.951 Y120.686 E14.4611
G1 X122.311 Y117.045 E14.65677
G1 X122.957 Y117.045 E14.68132
G1 X126.079 Y120.167 E14.84912
G1 X126.207 Y119.649 E14.8694
G1 X123.603 Y117.045 E15.00936
G1 X124.063 Y116.809 E15.02901
;WIDTH:0.38292
G1 X124.044 Y116.88 E15.03109
G1 X124.115 Y116.861 E15.03317
G1 X124.104 Y116.82 E15.03437
;WIDTH:0.421947
G1 X124.153 Y116.895 E15.03719
;WIDTH:0.460973
G1 X124.201 Y116.97 E15.04029
;WIDTH:0.499999
G1 X124.25 Y117.045 E15.04369
G1 X126.335 Y119.13 E15.15576
G1 E13.75576 F4800
;WIPE_START
G1 F5760
G1 X125.799 Y118.594 E13.15576
;WIPE_END
G92 E0
G1 X125.058 Y117.207 F7200
G1 E2 F4800
G1 F9000
G1 X126.462 Y118.611 E2.07546
G1 X126.848 Y117.045 E2.13676
G1 X124.896 Y117.045 E2.21095
G1 E.81095 F4800
;WIPE_START
G1 F5760
G1 X125.654 Y117.045 E.21095
;WIPE_END
G92 E0
G1 X126.154 Y117.502 F7200
G1 E2 F4800
;WIDTH:0.643728
G1 F9000
G1 X126.101 Y117.555 E2.00374
G1 X126.12 Y117.627 E2.00746
G1 X126.193 Y117.647 E2.01124
G1 X126.246 Y117.594 E2.01498
G1 X126.226 Y117.521 E2.01876
G1 E.61876 F4800
;WIPE_START
G1 F5760
G1 X126.246 Y117.594 E.55884
G1 X126.193 Y117.647 E.4995
G1 X126.12 Y117.627 E.43958
G1 X126.101 Y117.555 E.38063
G1 X126.154 Y117.502 E.32129
;WIPE_END
G1 E.01876 F4800
G92 E0
G1 X116.462 Y107.755 F7200
G1 E2 F4800
;TYPE:External perimeter
;WIDTH:0.45
G1 F4860
G1 X116.462 Y100.245 E2.2542
G1 X116.775 Y100.245 E2.26479
G1 X118.245 Y100.245 E2.31455
G1 X118.245 Y107.755 E2.56875
G1 X116.522 Y107.755 E2.62707
G1 X116.844 Y107.373 F7200
;TYPE:Perimeter
;WIDTH:0.4
G1 F4860
G1 X116.844 Y100.627 E2.82737
G1 X117.863 Y100.627 E2.85763
G1 X117.863 Y107.373 E3.05793
G1 X116.904 Y107.373 E3.0864
G1 X117.201 Y107.016 F7200
G1 F4860
G1 X117.201 Y100.984 E3.2655
G1 X117.506 Y100.984 E3.27456
G1 X117.506 Y107.016 E3.45366
G1 X117.261 Y107.016 E3.46093
G1 E2.06093 F4800
;WIPE_START
G1 F5760
G1 X117.201 Y107.016 E2.01343
G1 X117.201 Y106.318 E1.46093
;WIPE_END
G92 E0
G1 X111.686 Y107.755 F7200
G1 E2 F4800
;TYPE:External perimeter
;WIDTH:0.45
G1 F4860
G1 X111.686 Y100.245 E2.2542
G1 X113.47 Y100.245 E2.31459
G1 X113.47 Y107.755 E2.56879
G1 X111.746 Y107.755 E2.62715
G1 X112.068 Y107.373 F7200
;TYPE:Perimeter
;WIDTH:0.4
G1 F4860
G1 X112.068 Y100.627 E2.82745
G1 X113.088 Y100.627 E2.85774
G1 X113.088 Y107.373 E3.05804
G1 X112.128 Y107.373 E3.08654
G1 X112.426 Y107.016 F7200
G1 F4860
G1 X112.426 Y100.984 E3.26564
G1 X112.731 Y100.984 E3.2747
G1 X112.731 Y107.016 E3.4538
G1 X112.486 Y107.016 E3.46107
G1 E2.06107 F4800
;WIPE_START
G1 F5760
G1 X112.426 Y107.016 E2.01357
G1 X112.426 Y106.318 E1.46107
;WIPE_END
G92 E0
G1 X106.911 Y107.755 F7200
G1 E2 F4800
;TYPE:External perimeter
;WIDTH:0.45
G1 F4860
G1 X106.911 Y100.245 E2.2542
G1 X108.695 Y100.245 E2.31459
G1 X108.695 Y107.755 E2.56879
G1 X106.971 Y107.755 E2.62715
G1 X107.293 Y107.373 F7200
;TYPE:Perimeter
;WIDTH:0.4
G1 F4860
G1 X107.293 Y100.627 E2.82745
G1 X108.313 Y100.627 E2.85774
G1 X108.313 Y107.373 E3.05804
G1 X107.353 Y107.373 E3.08654
G1 X107.65 Y107.016 F7200
G1 F4860
G1 X107.65 Y100.984 E3.26564
G1 X107.956 Y100.984 E3.27473
G1 X107.956 Y107.016 E3.45383
G1 X107.71 Y107.016 E3.46113
G1 E2.06113 F4800
;WIPE_START
G1 F5760
G1 X107.65 Y107.016 E2.01363
G1 X107.65 Y106.318 E1.46113
;WIPE_END
G92 E0
G1 X103.92 Y107.755 F7200
G1 E2 F4800
;TYPE:External perimeter
;WIDTH:0.45
G1 F4860
G1 X102.136 Y107.755 E2.06039
G1 X102.136 Y100.245 E2.31459
G1 X103.92 Y100.245 E2.37498
G1 X103.92 Y107.695 E2.62715
G1 X103.538 Y107.373 F7200
;TYPE:Perimeter
;WIDTH:0.4
G1 F4860
G1 X102.518 Y107.373 E2.65744
G1 X102.518 Y100.627 E2.85774
G1 X103.538 Y100.627 E2.88803
G1 X103.538 Y107.313 E3.08655
G1 X103.181 Y107.016 F7200
G1 F4860
G1 X102.875 Y107.016 E3.09564
G1 X102.875 Y100.984 E3.27474
G1 X103.181 Y100.984 E3.28383
G1 X103.181 Y106.956 E3.46115
G1 E2.06115 F4800
;WIPE_START
G1 F5760
G1 X103.181 Y107.016 E2.01365
G1 X102.875 Y107.016 E1.7714
G1 X102.875 Y106.624 E1.46115
;WIPE_END
G92 E0
G1 X99.144 Y107.755 F7200
G1 E2 F4800
;TYPE:External perimeter
;WIDTH:0.45
G1 F4860
G1 X97.361 Y107.755 E2.06035
G1 X97.361 Y100.245 E2.31455
G1 X99.144 Y100.245 E2.3749
G1 X99.144 Y107.695 E2.62707
G1 X98.762 Y107.373 F7200
;TYPE:Perimeter
;WIDTH:0.4
G1 F4860
G1 X97.743 Y107.373 E2.65733
G1 X97.743 Y100.627 E2.85763
G1 X98.762 Y100.627 E2.88789
G1 X98.762 Y107.313 E3.08641
G1 X98.405 Y107.016 F7200
G1 F4860
G1 X98.1 Y107.016 E3.09547
G1 X98.1 Y100.984 E3.27457
G1 X98.405 Y100.984 E3.28363
G1 X98.405 Y106.956 E3.46095
G1 E2.06095 F4800
;WIPE_START
G1 F5760
G1 X98.405 Y107.016 E2.01345
G1 X98.1 Y107.016 E1.77199
G1 X98.1 Y106.623 E1.46095
;WIPE_END
G92 E0
G1 X94.369 Y107.755 F7200
G1 E2 F4800
;TYPE:External perimeter
;WIDTH:0.45
G1 F4860
G1 X92.586 Y107.755 E2.06035
G1 X92.586 Y100.245 E2.31455
G1 X94.369 Y100.245 E2.3749
G1 X94.369 Y107.695 E2.62707
G1 X93.987 Y107.373 F7200
;TYPE:Perimeter
;WIDTH:0.4
G1 F4860
G1 X92.968 Y107.373 E2.65733
G1 X92.968 Y100.627 E2.85763
G1 X93.987 Y100.627 E2.88789
G1 X93.987 Y107.313 E3.08641
G1 X93.63 Y107.016 F7200
G1 F4860
G1 X93.325 Y107.016 E3.09547
G1 X93.325 Y100.984 E3.27457
G1 X93.63 Y100.984 E3.28363
G1 X93.63 Y106.956 E3.46095
G1 E2.06095 F4800
;WIPE_START
G1 F5760
G1 X93.63 Y107.016 E2.01345
G1 X93.325 Y107.016 E1.77199
G1 X93.325 Y106.623 E1.46095
;WIPE_END
G92 E0
G1 X89.594 Y107.755 F7200
G1 E2 F4800
;TYPE:External perimeter
;WIDTH:0.45
G1 F4860
G1 X87.81 Y107.755 E2.06039
G1 X87.81 Y100.245 E2.31459
G1 X89.594 Y100.245 E2.37498
G1 X89.594 Y107.695 E2.62715
G1 X89.212 Y107.373 F7200
;TYPE:Perimeter
;WIDTH:0.4
G1 F4860
G1 X88.192 Y107.373 E2.65744
G1 X88.192 Y100.627 E2.85774
G1 X89.212 Y100.627 E2.88803
G1 X89.212 Y107.313 E3.08655
G1 X88.855 Y107.016 F7200
G1 F4860
G1 X88.549 Y107.016 E3.09564
G1 X88.549 Y100.984 E3.27474
G1 X88.855 Y100.984 E3.28383
G1 X88.855 Y106.956 E3.46115
G1 E2.06115 F4800
;WIPE_START
G1 F5760
G1 X88.855 Y107.016 E2.01365
G1 X88.549 Y107.016 E1.7714
G1 X88.549 Y106.624 E1.46115
;WIPE_END
G92 E0
G1 X84.819 Y107.755 F7200
G1 E2 F4800
;TYPE:External perimeter
;WIDTH:0.45
G1 F4860
G1 X83.035 Y107.755 E2.06039
G1 X83.035 Y100.245 E2.31459
G1 X84.819 Y100.245 E2.37498
G1 X84.819 Y107.695 E2.62715
G1 X84.437 Y107.373 F7200
;TYPE:Perimeter
;WIDTH:0.4
G1 F4860
G1 X83.417 Y107.373 E2.65744
G1 X83.417 Y100.627 E2.85774
G1 X84.437 Y100.627 E2.88803
G1 X84.437 Y107.313 E3.08655
G1 X84.08 Y107.016 F7200
G1 F4860
G1 X83.774 Y107.016 E3.09564
G1 X83.774 Y100.984 E3.27474
G1 X84.08 Y100.984 E3.28383
G1 X84.08 Y106.956 E3.46115
;LAYER_CHANGE
;Z:6.08
;HEIGHT:0.2
; BEFORE_LAYER_CHANGE 29 @ 6.08mm
G1 E2.06115 F4800
;WIPE_START
G1 F5760
G1 X84.08 Y107.016 E2.01365
G1 X83.774 Y107.016 E1.7714
G1 X83.774 Y106.624 E1.46115
;WIPE_END
G92 E0
G1 Z6.08 F7200
; AFTER_LAYER_CHANGE 29 @ 6.08mm
G1 X145.208 Y107.755
G1 E2 F4800
;TYPE:External perimeter
;WIDTH:0.45
G1 F4860
G1 X145.208 Y100.245 E2.2542
G1 X146.802 Y100.245 E2.30816
G1 X146.802 Y107.755 E2.56236
G1 X145.268 Y107.755 E2.61428
G1 X145.59 Y107.373 F7200
;TYPE:Perimeter
;WIDTH:0.4
G1 F4860
G1 X145.59 Y100.627 E2.81458
G1 X146.42 Y100.627 E2.83922
G1 X146.42 Y107.373 E3.03952
G1 X145.65 Y107.373 E3.06238
G1 X146.005 Y107.194 F7200
;TYPE:Gap fill
;WIDTH:0.515682
G1 F6000
G1 X146.005 Y100.806 E3.31349
G1 E1.91349 F4800
;WIPE_START
G1 F5760
G1 X146.005 Y101.564 E1.31349
;WIPE_END
G92 E0
G1 X140.433 Y107.755 F7200
G1 E2 F4800
;TYPE:External perimeter
;WIDTH:0.45
G1 F4860
G1 X140.433 Y100.245 E2.2542
G1 X142.027 Y100.245 E2.30816
G1 X142.027 Y107.755 E2.56236
G1 X140.493 Y107.755 E2.61428
G1 X140.815 Y107.373 F7200
;TYPE:Perimeter
;WIDTH:0.4
G1 F4860
G1 X140.815 Y100.627 E2.81458
G1 X141.645 Y100.627 E2.83922
G1 X141.645 Y107.373 E3.03952
G1 X140.875 Y107.373 E3.06238
G1 X141.23 Y107.194 F7200
;TYPE:Gap fill
;WIDTH:0.515676
G1 F6000
G1 X141.23 Y100.806 E3.31349
G1 E1.91349 F4800
;WIPE_START
G1 F5760
G1 X141.23 Y101.564 E1.31349
;WIPE_END
G92 E0
G1 X135.657 Y107.755 F7200
G1 E2 F4800
;TYPE:External perimeter
;WIDTH:0.45
G1 F4860
G1 X135.657 Y100.245 E2.2542
G1 X137.251 Y100.245 E2.30816
G1 X137.251 Y107.755 E2.56236
G1 X135.717 Y107.755 E2.61428
G1 X136.039 Y107.373 F7200
;TYPE:Perimeter
;WIDTH:0.4
G1 F4860
G1 X136.039 Y100.627 E2.81458
G1 X136.869 Y100.627 E2.83922
G1 X136.869 Y107.373 E3.03952
G1 X136.099 Y107.373 E3.06238
G1 X136.454 Y107.194 F7200
;TYPE:Gap fill
;WIDTH:0.515674
G1 F6000
G1 X136.454 Y100.806 E3.31349
G1 E1.91349 F4800
;WIPE_START
G1 F5760
G1 X136.454 Y101.564 E1.31349
;WIPE_END
G92 E0
G1 X130.882 Y107.755 F7200
G1 E2 F4800
;TYPE:External perimeter
;WIDTH:0.45
G1 F4860
G1 X130.882 Y100.245 E2.2542
G1 X132.476 Y100.245 E2.30816
G1 X132.476 Y107.755 E2.56236
G1 X130.942 Y107.755 E2.61428
G1 X131.264 Y107.373 F7200
;TYPE:Perimeter
;WIDTH:0.4
G1 F4860
G1 X131.264 Y100.627 E2.81458
G1 X132.094 Y100.627 E2.83922
G1 X132.094 Y107.373 E3.03952
G1 X131.324 Y107.373 E3.06238
G1 X131.679 Y107.194 F7200
;TYPE:Gap fill
;WIDTH:0.515676
G1 F6000
G1 X131.679 Y100.806 E3.31349
G1 E1.91349 F4800
;WIPE_START
G1 F5760
G1 X131.679 Y101.564 E1.31349
;WIPE_END
G92 E0
G1 X126.107 Y107.755 F7200
G1 E2 F4800
;TYPE:External perimeter
;WIDTH:0.45
G1 F4860
G1 X126.107 Y100.245 E2.2542
G1 X127.701 Y100.245 E2.30816
G1 X127.701 Y107.755 E2.56236
G1 X126.167 Y107.755 E2.61428
G1 X126.489 Y107.373 F7200
;TYPE:Perimeter
;WIDTH:0.4
G1 F4860
G1 X126.489 Y100.627 E2.81458
G1 X127.319 Y100.627 E2.83922
G1 X127.319 Y107.373 E3.03952
G1 X126.549 Y107.373 E3.06238
G1 X126.904 Y107.194 F7200
;TYPE:Gap fill
;WIDTH:0.515678
G1 F6000
G1 X126.904 Y100.806 E3.31349
G1 E1.91349 F4800
;WIPE_START
G1 F5760
G1 X126.904 Y101.564 E1.31349
;WIPE_END
G92 E0
G1 X121.332 Y107.755 F7200
G1 E2 F4800
;TYPE:External perimeter
;WIDTH:0.45
G1 F4860
G1 X121.332 Y100.245 E2.2542
G1 X122.926 Y100.245 E2.30816
G1 X122.926 Y107.755 E2.56236
G1 X121.392 Y107.755 E2.61428
G1 X121.714 Y107.373 F7200
;TYPE:Perimeter
;WIDTH:0.4
G1 F4860
G1 X121.714 Y100.627 E2.81458
G1 X122.544 Y100.627 E2.83922
G1 X122.544 Y107.373 E3.03952
G1 X121.774 Y107.373 E3.06238
G1 X122.129 Y107.194 F7200
;TYPE:Gap fill
;WIDTH:0.515676
G1 F6000
G1 X122.129 Y100.806 E3.31349
G1 E1.91349 F4800
;WIPE_START
G1 F5760
G1 X122.129 Y101.564 E1.31349
;WIPE_END
G92 E0
G1 X128.234 Y115.96 F7200
G1 E2 F4800
;TYPE:External perimeter
;WIDTH:0.45
G1 X125.382 Y127.531 E2.40339
G1 X124.641 Y129.347 E2.46978
G1 X123.369 Y131.034 E2.5413
G1 X121.642 Y132.49 E2.61776
G1 X119.578 Y133.61 E2.69725
G1 X117.322 Y134.314 E2.77724
G1 X115.031 Y134.554 E2.85521
G1 X112.686 Y134.314 E2.935
G1 X110.43 Y133.61 E3.01499
G1 X108.366 Y132.49 E3.09448
G1 X106.639 Y131.034 E3.17094
G1 X105.367 Y129.347 E3.24246
G1 X104.627 Y127.531 E3.30884
G1 X101.775 Y115.96 E3.71223
G1 X128.174 Y115.96 E4.6058
G1 X127.746 Y116.342 F7200
;TYPE:Perimeter
;WIDTH:0.4
G1 F9000
G1 X125.017 Y127.413 E4.94435
G1 X124.306 Y129.157 E5.00027
G1 X123.09 Y130.77 E5.06025
G1 X121.426 Y132.173 E5.12487
G1 X119.429 Y133.256 E5.19232
G1 X117.245 Y133.938 E5.26025
G1 X115.03 Y134.17 E5.32638
G1 X112.763 Y133.938 E5.39404
G1 X110.579 Y133.256 E5.46197
G1 X108.583 Y132.173 E5.5294
G1 X106.918 Y130.77 E5.59405
G1 X105.702 Y129.157 E5.65403
G1 X104.991 Y127.413 E5.70995
G1 X102.262 Y116.342 E6.0485
G1 X127.686 Y116.342 E6.80337
G1 X127.29 Y116.699 F7200
G1 F9000
G1 X124.677 Y127.302 E7.12761
G1 X123.993 Y128.979 E7.18138
G1 X122.829 Y130.523 E7.23879
G1 X121.223 Y131.876 E7.30114
G1 X119.289 Y132.926 E7.36648
G1 X117.172 Y133.586 E7.43232
G1 X115.03 Y133.811 E7.49627
G1 X112.835 Y133.586 E7.56178
G1 X110.719 Y132.926 E7.62759
G1 X108.785 Y131.876 E7.69293
G1 X107.179 Y130.523 E7.75528
G1 X106.015 Y128.979 E7.81269
G1 X105.331 Y127.302 E7.86646
G1 X102.718 Y116.699 E8.1907
G1 X127.23 Y116.699 E8.91849
G1 E7.51849 F4800
;WIPE_START
G1 F5760
G1 X127.29 Y116.699 E7.47099
G1 X127.123 Y117.377 E6.91849
;WIPE_END
G92 E0
G1 X115.001 Y124.656 F7200
G1 E2 F4800
;TYPE:External perimeter
;WIDTH:0.45
G1 F4860
G1 X115.342 Y124.69 E2.0116
G1 X115.67 Y124.789 E2.0232
G1 X115.972 Y124.951 E2.0348
G1 X116.236 Y125.168 E2.04637
G1 X116.453 Y125.432 E2.05794
G1 X116.615 Y125.734 E2.06954
G1 X116.714 Y126.062 E2.08114
G1 X116.748 Y126.403 E2.09274
G1 X116.714 Y126.743 E2.10431
G1 X116.615 Y127.071 E2.11591
G1 X116.453 Y127.373 E2.12751
G1 X116.236 Y127.637 E2.13908
G1 X115.972 Y127.854 E2.15065
G1 X115.67 Y128.016 E2.16225
G1 X115.342 Y128.115 E2.17385
G1 X115.001 Y128.149 E2.18545
G1 X114.661 Y128.115 E2.19702
G1 X114.333 Y128.016 E2.20862
G1 X114.031 Y127.854 E2.22022
G1 X113.767 Y127.637 E2.23179
G1 X113.55 Y127.373 E2.24336
G1 X113.388 Y127.071 E2.25496
G1 X113.289 Y126.743 E2.26656
G1 X113.255 Y126.403 E2.27813
G1 X113.289 Y126.062 E2.28973
G1 X113.388 Y125.734 E2.30133
G1 X113.55 Y125.432 E2.31293
G1 X113.767 Y125.168 E2.3245
G1 X114.031 Y124.951 E2.33607
G1 X114.333 Y124.789 E2.34767
G1 X114.661 Y124.69 E2.35927
G1 X114.942 Y124.662 E2.36883
G1 X115.001 Y124.272 F7200
;TYPE:Perimeter
;WIDTH:0.4
G1 F4860
G1 X115.417 Y124.313 E2.38124
G1 X115.817 Y124.435 E2.39366
G1 X116.185 Y124.631 E2.40604
G1 X116.508 Y124.896 E2.41844
G1 X116.773 Y125.219 E2.43084
G1 X116.969 Y125.587 E2.44322
G1 X117.091 Y125.987 E2.45564
G1 X117.132 Y126.403 E2.46805
G1 X117.091 Y126.818 E2.48043
G1 X116.969 Y127.218 E2.49285
G1 X116.773 Y127.586 E2.50523
G1 X116.508 Y127.909 E2.51763
G1 X116.185 Y128.174 E2.53003
G1 X115.817 Y128.37 E2.54241
G1 X115.417 Y128.492 E2.55483
G1 X115.001 Y128.533 E2.56724
G1 X114.586 Y128.492 E2.57962
G1 X114.186 Y128.371 E2.59203
G1 X113.818 Y128.174 E2.60442
G1 X113.495 Y127.909 E2.61682
G1 X113.23 Y127.586 E2.62922
G1 X113.034 Y127.218 E2.6416
G1 X112.912 Y126.818 E2.65402
G1 X112.871 Y126.403 E2.6664
G1 X112.912 Y125.987 E2.67881
G1 X113.034 Y125.587 E2.69123
G1 X113.23 Y125.219 E2.70361
G1 X113.495 Y124.896 E2.71601
G1 X113.818 Y124.631 E2.72841
G1 X114.186 Y124.435 E2.74079
G1 X114.586 Y124.313 E2.75321
G1 X114.942 Y124.278 E2.76383
G1 X115.001 Y123.914 F7200
G1 F4860
G1 X115.487 Y123.961 E2.77833
G1 X115.954 Y124.103 E2.79282
G1 X116.384 Y124.333 E2.8073
G1 X116.761 Y124.643 E2.82179
G1 X117.071 Y125.02 E2.83628
G1 X117.301 Y125.45 E2.85076
G1 X117.443 Y125.917 E2.86525
G1 X117.49 Y126.403 E2.87975
G1 X117.443 Y126.888 E2.89422
G1 X117.301 Y127.355 E2.90871
G1 X117.071 Y127.785 E2.92319
G1 X116.761 Y128.162 E2.93768
G1 X116.384 Y128.472 E2.95217
G1 X115.954 Y128.702 E2.96665
G1 X115.487 Y128.844 E2.98114
G1 X115.001 Y128.891 E2.99564
G1 X114.516 Y128.844 E3.01011
G1 X114.049 Y128.702 E3.0246
G1 X113.619 Y128.472 E3.03908
G1 X113.242 Y128.162 E3.05357
G1 X112.932 Y127.785 E3.06806
G1 X112.702 Y127.355 E3.08254
G1 X112.56 Y126.888 E3.09703
G1 X112.513 Y126.403 E3.1115
G1 X112.56 Y125.917 E3.126
G1 X112.702 Y125.45 E3.14049
G1 X112.932 Y125.02 E3.15497
G1 X113.242 Y124.643 E3.16946
G1 X113.619 Y124.333 E3.18395
G1 X114.049 Y124.103 E3.19843
G1 X114.516 Y123.961 E3.21292
G1 X114.942 Y123.919 E3.22563
G1 E1.82563 F4800
;WIPE_START
G1 F5760
G1 X115.001 Y123.914 E1.77875
G1 X115.487 Y123.961 E1.39221
G1 X115.688 Y124.022 E1.22563
;WIPE_END
G92 E0
G1 X119.858 Y132.46 F7200
G1 E2 F4800
;TYPE:Top solid infill
;WIDTH:0.451334
G1 F7200
G1 X123.858 Y128.46 E2.19211
G1 X124.255 Y127.485 E2.22786
G1 X119.089 Y132.652 E2.47599
G1 X118.249 Y132.914 E2.50587
G1 X124.505 Y126.658 E2.80632
G1 X124.694 Y125.892 E2.83311
G1 X117.41 Y133.176 E3.18293
G1 X117.107 Y133.27 E3.1937
G1 X116.694 Y133.314 E3.2078
G1 X124.883 Y125.125 E3.60109
G1 X125.072 Y124.359 E3.62788
G1 X116.049 Y133.381 E4.0612
G1 X115.404 Y133.449 E4.08323
G1 X125.261 Y123.592 E4.55663
G1 X125.449 Y122.826 E4.58342
G1 X114.81 Y133.465 E5.09437
G1 X114.286 Y133.412 E5.11226
G1 X125.638 Y122.059 E5.65748
G1 X125.827 Y121.293 E5.68427
G1 X113.762 Y133.358 E6.26371
G1 X113.238 Y133.304 E6.2816
G1 X126.016 Y120.526 E6.89528
G1 X126.205 Y119.76 E6.92207
G1 X112.744 Y133.221 E7.56855
G1 X112.303 Y133.084 E7.58423
G1 X126.394 Y118.993 E8.26097
G1 X126.583 Y118.227 E8.28776
G1 X117.716 Y127.094 E8.71361
G1 X117.599 Y127.478 E8.72724
G1 X117.339 Y127.965 E8.74599
G1 X116.99 Y128.391 E8.76469
G1 X116.563 Y128.74 E8.78342
G1 X116.077 Y129 E8.80214
G1 X115.693 Y129.117 E8.81577
G1 X111.863 Y132.946 E8.99969
G1 X111.423 Y132.809 E9.01534
G1 X115.02 Y129.212 E9.18809
G1 X114.491 Y129.164 E9.20613
G1 X110.983 Y132.672 E9.37461
G1 X110.845 Y132.628 E9.37953
G1 X110.588 Y132.489 E9.38945
G1 X114.042 Y129.035 E9.55533
G1 X113.926 Y129 E9.55944
G1 X113.648 Y128.852 E9.57014
G1 X110.213 Y132.286 E9.73509
G1 X109.839 Y132.083 E9.74954
G1 X113.298 Y128.624 E9.91566
G1 X112.986 Y128.358 E9.92958
G1 X109.465 Y131.88 E10.0987
G1 X109.09 Y131.676 E10.1132
G1 X112.726 Y128.04 E10.28782
G1 X112.664 Y127.965 E10.29112
G1 X112.511 Y127.678 E10.30216
G1 X108.757 Y131.432 E10.48245
G1 X108.443 Y131.168 E10.49638
G1 X112.341 Y127.27 E10.68359
G1 X112.244 Y126.951 E10.69491
G1 X112.23 Y126.804 E10.69992
G1 X108.13 Y130.904 E10.89683
G1 X107.816 Y130.64 E10.91076
G1 X112.409 Y126.047 E11.13135
G1 E9.73135 F4800
;WIPE_START
G1 F5760
G1 X111.873 Y126.583 E9.13135
;WIPE_END
G92 E0
G1 X117.607 Y126.625 F7200
G1 E2 F4800
G1 F7200
G1 X126.772 Y117.46 E2.44016
G1 X126.88 Y117.02 E2.45555
G1 X126.634 Y117.02 E2.4639
G1 X117.763 Y125.892 E2.88997
G1 X117.634 Y125.443 E2.90583
G1 X126.057 Y117.02 E3.31036
G1 X125.479 Y117.02 E3.32999
G1 X117.45 Y125.049 E3.71559
G1 X117.339 Y124.841 E3.7236
G1 X117.223 Y124.699 E3.72983
G1 X124.902 Y117.02 E4.09862
G1 X124.324 Y117.02 E4.11825
G1 X116.957 Y124.388 E4.47208
G1 X116.639 Y124.127 E4.48605
G1 X123.746 Y117.02 E4.82737
G1 X123.169 Y117.02 E4.84696
G1 X116.277 Y123.912 E5.17796
G1 X116.077 Y123.805 E5.18566
G1 X115.869 Y123.742 E5.19304
G1 X122.591 Y117.02 E5.51587
G1 X122.014 Y117.02 E5.53546
G1 X115.403 Y123.631 E5.85296
G1 X115.001 Y123.591 E5.86668
G1 X114.85 Y123.606 E5.87183
G1 X121.436 Y117.02 E6.18813
G1 X120.858 Y117.02 E6.20776
G1 X114.138 Y123.741 E6.53052
G1 X113.926 Y123.805 E6.53804
G1 X113.44 Y124.065 E6.55676
G1 X113.013 Y124.415 E6.57551
G1 X112.664 Y124.841 E6.59421
G1 X112.404 Y125.327 E6.61293
G1 X112.34 Y125.539 E6.62045
G1 X107.503 Y130.376 E6.85275
G1 X107.414 Y130.3 E6.85672
G1 X107.236 Y130.065 E6.86673
G1 X120.281 Y117.02 E7.49323
G1 X119.703 Y117.02 E7.51286
G1 X106.988 Y129.736 E8.12354
G1 X106.74 Y129.406 E8.13756
G1 X119.126 Y117.02 E8.73241
G1 X118.548 Y117.02 E8.75204
G1 X106.491 Y129.077 E9.33109
G1 X106.297 Y128.819 E9.34205
G1 X106.26 Y128.73 E9.34532
G1 X117.971 Y117.02 E9.90773
G1 X117.393 Y117.02 E9.92736
G1 X106.093 Y128.32 E10.47006
G1 X105.926 Y127.91 E10.48509
G1 X116.815 Y117.02 E11.00807
G1 X116.238 Y117.02 E11.02766
G1 X105.759 Y127.499 E11.53093
G1 X105.638 Y127.203 E11.54179
G1 X105.606 Y127.074 E11.5463
G1 X115.66 Y117.02 E12.02916
G1 X115.083 Y117.02 E12.04875
G1 X105.492 Y126.611 E12.50937
G1 X105.378 Y126.148 E12.52556
G1 X114.505 Y117.02 E12.96392
G1 X113.927 Y117.02 E12.98355
G1 X105.263 Y125.684 E13.39965
G1 X105.149 Y125.221 E13.41584
G1 X113.35 Y117.02 E13.8097
G1 X112.772 Y117.02 E13.82933
G1 X105.035 Y124.758 E14.20093
G1 X104.921 Y124.294 E14.21716
G1 X112.195 Y117.02 E14.5665
G1 X111.617 Y117.02 E14.58613
G1 X104.807 Y123.831 E14.91321
G1 X104.692 Y123.367 E14.92944
G1 X111.04 Y117.02 E15.23429
G1 X110.462 Y117.02 E15.25392
G1 X104.578 Y122.904 E15.53651
G1 X104.464 Y122.441 E15.5527
G1 X109.884 Y117.02 E15.81303
G1 X109.307 Y117.02 E15.83262
G1 X104.35 Y121.977 E16.07069
G1 X104.235 Y121.514 E16.08689
G1 X108.729 Y117.02 E16.30272
G1 X108.152 Y117.02 E16.32231
G1 X104.121 Y121.051 E16.5159
G1 X104.007 Y120.587 E16.53213
G1 X107.574 Y117.02 E16.70344
G1 X106.996 Y117.02 E16.72307
G1 X103.893 Y120.124 E16.87212
G1 X103.779 Y119.66 E16.88835
G1 X106.419 Y117.02 E17.01514
G1 X105.841 Y117.02 E17.03477
G1 X103.664 Y119.197 E17.13932
G1 X103.55 Y118.734 E17.15551
G1 X105.264 Y117.02 E17.23783
G1 X104.686 Y117.02 E17.25746
G1 X103.436 Y118.27 E17.31749
G1 X103.322 Y117.807 E17.33368
G1 X104.109 Y117.02 E17.37148
G1 X103.531 Y117.02 E17.39111
G1 X103.056 Y117.495 E17.41392
G1 E16.01392 F4800
;WIPE_START
G1 F5760
G1 X103.531 Y117.02 E15.48212
G1 X103.617 Y117.02 E15.41392
;WIPE_END
G92 E0
G1 X116.556 Y107.755 F7200
G1 E2 F4800
;TYPE:External perimeter
;WIDTH:0.45
G1 F4860
G1 X116.556 Y100.245 E2.2542
G1 X116.925 Y100.245 E2.26669
G1 X118.15 Y100.245 E2.30815
G1 X118.15 Y107.755 E2.56235
G1 X116.616 Y107.755 E2.61427
G1 X116.939 Y107.373 F7200
;TYPE:Perimeter
;WIDTH:0.4
G1 F4860
G1 X116.939 Y100.627 E2.81457
G1 X117.768 Y100.627 E2.83918
G1 X117.768 Y107.373 E3.03948
G1 X116.999 Y107.373 E3.06231
G1 X117.353 Y107.194 F7200
;TYPE:Gap fill
;WIDTH:0.515674
G1 F6000
G1 X117.353 Y100.806 E3.31342
G1 E1.91342 F4800
;WIPE_START
G1 F5760
G1 X117.353 Y101.564 E1.31342
;WIPE_END
G92 E0
G1 X111.781 Y107.755 F7200
G1 E2 F4800
;TYPE:External perimeter
;WIDTH:0.45
G1 F4860
G1 X111.781 Y100.245 E2.2542
G1 X113.375 Y100.245 E2.30816
G1 X113.375 Y107.755 E2.56236
G1 X111.841 Y107.755 E2.61428
G1 X112.163 Y107.373 F7200
;TYPE:Perimeter
;WIDTH:0.4
G1 F4860
G1 X112.163 Y100.627 E2.81458
G1 X112.993 Y100.627 E2.83922
G1 X112.993 Y107.373 E3.03952
G1 X112.223 Y107.373 E3.06238
G1 X112.578 Y107.194 F7200
;TYPE:Gap fill
;WIDTH:0.515674
G1 F6000
G1 X112.578 Y100.806 E3.31349
G1 E1.91349 F4800
;WIPE_START
G1 F5760
G1 X112.578 Y101.564 E1.31349
;WIPE_END
G92 E0
G1 X107.006 Y107.755 F7200
G1 E2 F4800
;TYPE:External perimeter
;WIDTH:0.45
G1 F4860
G1 X107.006 Y100.245 E2.2542
G1 X108.6 Y100.245 E2.30816
G1 X108.6 Y107.755 E2.56236
G1 X107.066 Y107.755 E2.61428
G1 X107.388 Y107.373 F7200
;TYPE:Perimeter
;WIDTH:0.4
G1 F4860
G1 X107.388 Y100.627 E2.81458
G1 X108.218 Y100.627 E2.83922
G1 X108.218 Y107.373 E3.03952
G1 X107.448 Y107.373 E3.06238
G1 X107.803 Y107.194 F7200
;TYPE:Gap fill
;WIDTH:0.515674
G1 F6000
G1 X107.803 Y100.806 E3.31349
G1 E1.91349 F4800
;WIPE_START
G1 F5760
G1 X107.803 Y101.564 E1.31349
;WIPE_END
G92 E0
G1 X103.825 Y107.755 F7200
G1 E2 F4800
;TYPE:External perimeter
;WIDTH:0.45
G1 F4860
G1 X102.231 Y107.755 E2.05396
G1 X102.231 Y100.245 E2.30816
G1 X103.825 Y100.245 E2.36212
G1 X103.825 Y107.695 E2.61429
G1 X103.443 Y107.373 F7200
;TYPE:Perimeter
;WIDTH:0.4
G1 F4860
G1 X102.613 Y107.373 E2.63893
G1 X102.613 Y100.627 E2.83923
G1 X103.443 Y100.627 E2.86387
G1 X103.443 Y107.313 E3.06239
G1 X103.028 Y107.194 F7200
;TYPE:Gap fill
;WIDTH:0.515674
G1 F6000
G1 X103.028 Y100.806 E3.3135
G1 E1.9135 F4800
;WIPE_START
G1 F5760
G1 X103.028 Y101.564 E1.3135
;WIPE_END
G92 E0
G1 X99.05 Y107.755 F7200
G1 E2 F4800
;TYPE:External perimeter
;WIDTH:0.45
G1 F4860
G1 X97.456 Y107.755 E2.05396
G1 X97.456 Y100.245 E2.30816
G1 X99.05 Y100.245 E2.36212
G1 X99.05 Y107.695 E2.61429
G1 X98.668 Y107.373 F7200
;TYPE:Perimeter
;WIDTH:0.4
G1 F4860
G1 X97.838 Y107.373 E2.63893
G1 X97.838 Y100.627 E2.83923
G1 X98.668 Y100.627 E2.86387
G1 X98.668 Y107.313 E3.06239
G1 X98.253 Y107.194 F7200
;TYPE:Gap fill
;WIDTH:0.515676
G1 F6000
G1 X98.253 Y100.806 E3.3135
G1 E1.9135 F4800
;WIPE_START
G1 F5760
G1 X98.253 Y101.564 E1.3135
;WIPE_END
G92 E0
G1 X94.274 Y107.755 F7200
G1 E2 F4800
;TYPE:External perimeter
;WIDTH:0.45
G1 F4860
G1 X92.68 Y107.755 E2.05396
G1 X92.68 Y100.245 E2.30816
G1 X94.274 Y100.245 E2.36212
G1 X94.274 Y107.695 E2.61429
G1 X93.892 Y107.373 F7200
;TYPE:Perimeter
;WIDTH:0.4
G1 F4860
G1 X93.062 Y107.373 E2.63893
G1 X93.062 Y100.627 E2.83923
G1 X93.892 Y100.627 E2.86387
G1 X93.892 Y107.313 E3.06239
G1 X93.477 Y107.194 F7200
;TYPE:Gap fill
;WIDTH:0.515676
G1 F6000
G1 X93.477 Y100.806 E3.3135
G1 E1.9135 F4800
;WIPE_START
G1 F5760
G1 X93.477 Y101.564 E1.3135
;WIPE_END
G92 E0
G1 X89.499 Y107.755 F7200
G1 E2 F4800
;TYPE:External perimeter
;WIDTH:0.45
G1 F4860
G1 X87.905 Y107.755 E2.05396
G1 X87.905 Y100.245 E2.30816
G1 X89.499 Y100.245 E2.36212
G1 X89.499 Y107.695 E2.61429
G1 X89.117 Y107.373 F7200
;TYPE:Perimeter
;WIDTH:0.4
G1 F4860
G1 X88.287 Y107.373 E2.63893
G1 X88.287 Y100.627 E2.83923
G1 X89.117 Y100.627 E2.86387
G1 X89.117 Y107.313 E3.06239
G1 X88.702 Y107.194 F7200
;TYPE:Gap fill
;WIDTH:0.51568
G1 F6000
G1 X88.702 Y100.806 E3.3135
G1 E1.9135 F4800
;WIPE_START
G1 F5760
G1 X88.702 Y101.564 E1.3135
;WIPE_END
G92 E0
G1 X84.724 Y107.755 F7200
G1 E2 F4800
;TYPE:External perimeter
;WIDTH:0.45
G1 F4860
G1 X83.13 Y107.755 E2.05396
G1 X83.13 Y100.245 E2.30816
G1 X84.724 Y100.245 E2.36212
G1 X84.724 Y107.695 E2.61429
G1 X84.342 Y107.373 F7200
;TYPE:Perimeter
;WIDTH:0.4
G1 F4860
G1 X83.512 Y107.373 E2.63893
G1 X83.512 Y100.627 E2.83923
G1 X84.342 Y100.627 E2.86387
G1 X84.342 Y107.313 E3.06239
G1 X83.927 Y107.194 F7200
;TYPE:Gap fill
;WIDTH:0.515674
G1 F6000
G1 X83.927 Y100.806 E3.3135
;LAYER_CHANGE
;Z:6.28
;HEIGHT:0.2
; BEFORE_LAYER_CHANGE 30 @ 6.28mm
G1 E1.9135 F4800
;WIPE_START
G1 F5760
G1 X83.927 Y101.564 E1.3135
;WIPE_END
G92 E0
G1 Z6.28 F7200
; AFTER_LAYER_CHANGE 30 @ 6.28mm
G1 X145.303 Y107.755
G1 E2 F4800
;TYPE:External perimeter
;WIDTH:0.45
G1 F4779
G1 X145.303 Y100.245 E2.2542
G1 X146.707 Y100.245 E2.30172
G1 X146.707 Y107.755 E2.55592
G1 X145.363 Y107.755 E2.60141
G1 X145.685 Y107.373 F7200
;TYPE:Perimeter
;WIDTH:0.4
G1 F4779
G1 X145.685 Y100.627 E2.80171
G1 X146.325 Y100.627 E2.82071
G1 X146.325 Y107.373 E3.02101
G1 X145.745 Y107.373 E3.03823
G1 X146.005 Y107.194 F7200
;TYPE:Gap fill
;WIDTH:0.32592
G1 F4779
G1 X146.005 Y100.806 E3.18855
G1 E1.78855 F4800
;WIPE_START
G1 F5760
G1 X146.005 Y101.564 E1.18855
;WIPE_END
G92 E0
G1 X140.527 Y107.755 F7200
G1 E2 F4800
;TYPE:External perimeter
;WIDTH:0.45
G1 F4779
G1 X140.527 Y100.245 E2.2542
G1 X141.932 Y100.245 E2.30176
G1 X141.932 Y107.755 E2.55596
G1 X140.587 Y107.755 E2.60149
G1 X140.91 Y107.373 F7200
;TYPE:Perimeter
;WIDTH:0.4
G1 F4779
G1 X140.91 Y100.627 E2.80179
G1 X141.55 Y100.627 E2.82079
G1 X141.55 Y107.373 E3.02109
G1 X140.97 Y107.373 E3.03831
G1 X141.23 Y107.194 F7200
;TYPE:Gap fill
;WIDTH:0.325914
G1 F4779
G1 X141.23 Y100.806 E3.18863
G1 E1.78863 F4800
;WIPE_START
G1 F5760
G1 X141.23 Y101.564 E1.18863
;WIPE_END
G92 E0
G1 X135.752 Y107.755 F7200
G1 E2 F4800
;TYPE:External perimeter
;WIDTH:0.45
G1 F4779
G1 X135.752 Y100.245 E2.2542
G1 X137.156 Y100.245 E2.30172
G1 X137.156 Y107.755 E2.55592
G1 X135.812 Y107.755 E2.60141
G1 X136.134 Y107.373 F7200
;TYPE:Perimeter
;WIDTH:0.4
G1 F4779
G1 X136.134 Y100.627 E2.80171
G1 X136.774 Y100.627 E2.82071
G1 X136.774 Y107.373 E3.02101
G1 X136.194 Y107.373 E3.03823
G1 X136.454 Y107.194 F7200
;TYPE:Gap fill
;WIDTH:0.325914
G1 F4779
G1 X136.454 Y100.806 E3.18855
G1 E1.78855 F4800
;WIPE_START
G1 F5760
G1 X136.454 Y101.564 E1.18855
;WIPE_END
G92 E0
G1 X130.977 Y107.755 F7200
G1 E2 F4800
;TYPE:External perimeter
;WIDTH:0.45
G1 F4779
G1 X130.977 Y100.245 E2.2542
G1 X132.381 Y100.245 E2.30172
G1 X132.381 Y107.755 E2.55592
G1 X131.037 Y107.755 E2.60141
G1 X131.359 Y107.373 F7200
;TYPE:Perimeter
;WIDTH:0.4
G1 F4779
G1 X131.359 Y100.627 E2.80171
G1 X131.999 Y100.627 E2.82071
G1 X131.999 Y107.373 E3.02101
G1 X131.419 Y107.373 E3.03823
G1 X131.679 Y107.194 F7200
;TYPE:Gap fill
;WIDTH:0.325912
G1 F4779
G1 X131.679 Y100.806 E3.18855
G1 E1.78855 F4800
;WIPE_START
G1 F5760
G1 X131.679 Y101.564 E1.18855
;WIPE_END
G92 E0
G1 X126.202 Y107.755 F7200
G1 E2 F4800
;TYPE:External perimeter
;WIDTH:0.45
G1 F4779
G1 X126.202 Y100.245 E2.2542
G1 X127.606 Y100.245 E2.30172
G1 X127.606 Y107.755 E2.55592
G1 X126.262 Y107.755 E2.60141
G1 X126.584 Y107.373 F7200
;TYPE:Perimeter
;WIDTH:0.4
G1 F4779
G1 X126.584 Y100.627 E2.80171
G1 X127.224 Y100.627 E2.82071
G1 X127.224 Y107.373 E3.02101
G1 X126.644 Y107.373 E3.03823
G1 X126.904 Y107.194 F7200
;TYPE:Gap fill
;WIDTH:0.325916
G1 F4779
G1 X126.904 Y100.806 E3.18855
G1 E1.78855 F4800
;WIPE_START
G1 F5760
G1 X126.904 Y101.564 E1.18855
;WIPE_END
G92 E0
G1 X121.427 Y107.755 F7200
G1 E2 F4800
;TYPE:External perimeter
;WIDTH:0.45
G1 F4779
G1 X121.427 Y100.245 E2.2542
G1 X122.831 Y100.245 E2.30172
G1 X122.831 Y107.755 E2.55592
G1 X121.487 Y107.755 E2.60141
G1 X121.809 Y107.373 F7200
;TYPE:Perimeter
;WIDTH:0.4
G1 F4779
G1 X121.809 Y100.627 E2.80171
G1 X122.449 Y100.627 E2.82071
G1 X122.449 Y107.373 E3.02101
G1 X121.869 Y107.373 E3.03823
G1 X122.129 Y107.194 F7200
;TYPE:Gap fill
;WIDTH:0.325912
G1 F4779
G1 X122.129 Y100.806 E3.18855
G1 E1.78855 F4800
;WIPE_START
G1 F5760
G1 X122.129 Y101.564 E1.18855
;WIPE_END
G92 E0
G1 X116.651 Y107.755 F7200
G1 E2 F4800
;TYPE:External perimeter
;WIDTH:0.45
G1 F4779
G1 X116.651 Y100.245 E2.2542
G1 X117.075 Y100.245 E2.26855
G1 X118.056 Y100.245 E2.30176
G1 X118.056 Y107.755 E2.55596
G1 X116.711 Y107.755 E2.60149
G1 X117.033 Y107.373 F7200
;TYPE:Perimeter
;WIDTH:0.4
G1 F4779
G1 X117.033 Y100.627 E2.80179
G1 X117.674 Y100.627 E2.82082
G1 X117.674 Y107.373 E3.02112
G1 X117.093 Y107.373 E3.03837
G1 X117.353 Y107.194 F7200
;TYPE:Gap fill
;WIDTH:0.325912
G1 F4779
G1 X117.353 Y100.806 E3.18869
G1 E1.78869 F4800
;WIPE_START
G1 F5760
G1 X117.353 Y101.564 E1.18869
;WIPE_END
G92 E0
G1 X111.876 Y107.755 F7200
G1 E2 F4800
;TYPE:External perimeter
;WIDTH:0.45
G1 F4779
G1 X111.876 Y100.245 E2.2542
G1 X113.28 Y100.245 E2.30172
G1 X113.28 Y107.755 E2.55592
G1 X111.936 Y107.755 E2.60141
G1 X112.258 Y107.373 F7200
;TYPE:Perimeter
;WIDTH:0.4
G1 F4779
G1 X112.258 Y100.627 E2.80171
G1 X112.898 Y100.627 E2.82071
G1 X112.898 Y107.373 E3.02101
G1 X112.318 Y107.373 E3.03823
G1 X112.578 Y107.194 F7200
;TYPE:Gap fill
;WIDTH:0.32591
G1 F4779
G1 X112.578 Y100.806 E3.18854
G1 E1.78854 F4800
;WIPE_START
G1 F5760
G1 X112.578 Y101.564 E1.18854
;WIPE_END
G92 E0
G1 X107.101 Y107.755 F7200
G1 E2 F4800
;TYPE:External perimeter
;WIDTH:0.45
G1 F4779
G1 X107.101 Y100.245 E2.2542
G1 X108.505 Y100.245 E2.30172
G1 X108.505 Y107.755 E2.55592
G1 X107.161 Y107.755 E2.60141
G1 X107.483 Y107.373 F7200
;TYPE:Perimeter
;WIDTH:0.4
G1 F4779
G1 X107.483 Y100.627 E2.80171
G1 X108.123 Y100.627 E2.82071
G1 X108.123 Y107.373 E3.02101
G1 X107.543 Y107.373 E3.03823
G1 X107.803 Y107.194 F7200
;TYPE:Gap fill
;WIDTH:0.325912
G1 F4779
G1 X107.803 Y100.806 E3.18855
G1 E1.78855 F4800
;WIPE_START
G1 F5760
G1 X107.803 Y101.564 E1.18855
;WIPE_END
G92 E0
G1 X103.73 Y107.755 F7200
G1 E2 F4800
;TYPE:External perimeter
;WIDTH:0.45
G1 F4779
G1 X102.326 Y107.755 E2.04752
G1 X102.326 Y100.245 E2.30172
G1 X103.73 Y100.245 E2.34924
G1 X103.73 Y107.695 E2.60141
G1 X103.348 Y107.373 F7200
;TYPE:Perimeter
;WIDTH:0.4
G1 F4779
G1 X102.708 Y107.373 E2.62041
G1 X102.708 Y100.627 E2.82071
G1 X103.348 Y100.627 E2.83971
G1 X103.348 Y107.313 E3.03823
G1 X103.028 Y107.194 F7200
;TYPE:Gap fill
;WIDTH:0.32591
G1 F4779
G1 X103.028 Y100.806 E3.18854
G1 E1.78854 F4800
;WIPE_START
G1 F5760
G1 X103.028 Y101.564 E1.18854
;WIPE_END
G92 E0
G1 X98.955 Y107.755 F7200
G1 E2 F4800
;TYPE:External perimeter
;WIDTH:0.45
G1 F4779
G1 X97.55 Y107.755 E2.04756
G1 X97.55 Y100.245 E2.30176
G1 X98.955 Y100.245 E2.34932
G1 X98.955 Y107.695 E2.60149
G1 X98.573 Y107.373 F7200
;TYPE:Perimeter
;WIDTH:0.4
G1 F4779
G1 X97.933 Y107.373 E2.62049
G1 X97.933 Y100.627 E2.82079
G1 X98.573 Y100.627 E2.83979
G1 X98.573 Y107.313 E3.03831
G1 X98.253 Y107.194 F7200
;TYPE:Gap fill
;WIDTH:0.325914
G1 F4779
G1 X98.253 Y100.806 E3.18863
G1 E1.78863 F4800
;WIPE_START
G1 F5760
G1 X98.253 Y101.564 E1.18863
;WIPE_END
G92 E0
G1 X94.18 Y107.755 F7200
G1 E2 F4800
;TYPE:External perimeter
;WIDTH:0.45
G1 F4779
G1 X92.775 Y107.755 E2.04756
G1 X92.775 Y100.245 E2.30176
G1 X94.18 Y100.245 E2.34932
G1 X94.18 Y107.695 E2.60149
G1 X93.797 Y107.373 F7200
;TYPE:Perimeter
;WIDTH:0.4
G1 F4779
G1 X93.157 Y107.373 E2.62049
G1 X93.157 Y100.627 E2.82079
G1 X93.797 Y100.627 E2.83979
G1 X93.797 Y107.313 E3.03831
G1 X93.477 Y107.194 F7200
;TYPE:Gap fill
;WIDTH:0.325914
G1 F4779
G1 X93.477 Y100.806 E3.18863
G1 E1.78863 F4800
;WIPE_START
G1 F5760
G1 X93.477 Y101.564 E1.18863
;WIPE_END
G92 E0
G1 X89.404 Y107.755 F7200
G1 E2 F4800
;TYPE:External perimeter
;WIDTH:0.45
G1 F4779
G1 X88 Y107.755 E2.04752
G1 X88 Y100.245 E2.30172
G1 X89.404 Y100.245 E2.34924
G1 X89.404 Y107.695 E2.60141
G1 X89.022 Y107.373 F7200
;TYPE:Perimeter
;WIDTH:0.4
G1 F4779
G1 X88.382 Y107.373 E2.62041
G1 X88.382 Y100.627 E2.82071
G1 X89.022 Y100.627 E2.83971
G1 X89.022 Y107.313 E3.03823
G1 X88.702 Y107.194 F7200
;TYPE:Gap fill
;WIDTH:0.325918
G1 F4779
G1 X88.702 Y100.806 E3.18855
G1 E1.78855 F4800
;WIPE_START
G1 F5760
G1 X88.702 Y101.564 E1.18855
;WIPE_END
G92 E0
G1 X84.629 Y107.755 F7200
G1 E2 F4800
;TYPE:External perimeter
;WIDTH:0.45
G1 F4779
G1 X83.225 Y107.755 E2.04752
G1 X83.225 Y100.245 E2.30172
G1 X84.629 Y100.245 E2.34924
G1 X84.629 Y107.695 E2.60141
G1 X84.247 Y107.373 F7200
;TYPE:Perimeter
;WIDTH:0.4
G1 F4779
G1 X83.607 Y107.373 E2.62041
G1 X83.607 Y100.627 E2.82071
G1 X84.247 Y100.627 E2.83971
G1 X84.247 Y107.313 E3.03823
G1 X83.927 Y107.194 F7200
;TYPE:Gap fill
;WIDTH:0.32591
G1 F4779
G1 X83.927 Y100.806 E3.18854
;LAYER_CHANGE
;Z:6.48
;HEIGHT:0.2
; BEFORE_LAYER_CHANGE 31 @ 6.48mm
G1 E1.78854 F4800
;WIPE_START
G1 F5760
G1 X83.927 Y101.564 E1.18854
;WIPE_END
G92 E0
G1 Z6.48 F7200
; AFTER_LAYER_CHANGE 31 @ 6.48mm
G1 X84.534 Y107.755
G1 E2 F4800
;TYPE:External perimeter
;WIDTH:0.45
G1 F4368
G1 X83.32 Y107.755 E2.04109
G1 X83.32 Y100.245 E2.29529
G1 X84.534 Y100.245 E2.33638
G1 X84.534 Y107.695 E2.58855
G1 X84.152 Y107.373 F7200
;TYPE:Perimeter
;WIDTH:0.4
G1 F4368
G1 X83.702 Y107.373 E2.60191
G1 X83.702 Y100.627 E2.80221
G1 X84.152 Y100.627 E2.81557
G1 X84.152 Y107.313 E3.01409
G1 X83.927 Y107.194 F7200
;TYPE:Gap fill
;WIDTH:0.136148
G1 F4368
G1 X83.927 Y100.806 E3.06361
G1 E1.66361 F4800
;WIPE_START
G1 F5760
G1 X83.927 Y101.564 E1.06361
;WIPE_END
G92 E0
G1 X89.309 Y107.755 F7200
G1 E2 F4800
;TYPE:External perimeter
;WIDTH:0.45
G1 F4368
G1 X88.095 Y107.755 E2.04109
G1 X88.095 Y100.245 E2.29529
G1 X89.309 Y100.245 E2.33638
G1 X89.309 Y107.695 E2.58855
G1 X88.927 Y107.373 F7200
;TYPE:Perimeter
;WIDTH:0.4
G1 F4368
G1 X88.477 Y107.373 E2.60191
G1 X88.477 Y100.627 E2.80221
G1 X88.927 Y100.627 E2.81557
G1 X88.927 Y107.313 E3.01409
G1 X88.702 Y107.194 F7200
;TYPE:Gap fill
;WIDTH:0.136154
G1 F4368
G1 X88.702 Y100.806 E3.06361
G1 E1.66361 F4800
;WIPE_START
G1 F5760
G1 X88.702 Y101.564 E1.06361
;WIPE_END
G92 E0
G1 X94.085 Y107.755 F7200
G1 E2 F4800
;TYPE:External perimeter
;WIDTH:0.45
G1 F4368
G1 X92.87 Y107.755 E2.04113
G1 X92.87 Y100.245 E2.29533
G1 X94.085 Y100.245 E2.33646
G1 X94.085 Y107.695 E2.58863
G1 X93.703 Y107.373 F7200
;TYPE:Perimeter
;WIDTH:0.4
G1 F4368
G1 X93.252 Y107.373 E2.60202
G1 X93.252 Y100.627 E2.80232
G1 X93.703 Y100.627 E2.81571
G1 X93.703 Y107.313 E3.01423
G1 X93.477 Y107.194 F7200
;TYPE:Gap fill
;WIDTH:0.13615
G1 F4368
G1 X93.477 Y100.806 E3.06375
G1 E1.66375 F4800
;WIPE_START
G1 F5760
G1 X93.477 Y101.564 E1.06375
;WIPE_END
G92 E0
G1 X98.86 Y107.755 F7200
G1 E2 F4800
;TYPE:External perimeter
;WIDTH:0.45
G1 F4368
G1 X97.645 Y107.755 E2.04113
G1 X97.645 Y100.245 E2.29533
G1 X98.86 Y100.245 E2.33646
G1 X98.86 Y107.695 E2.58863
G1 X98.478 Y107.373 F7200
;TYPE:Perimeter
;WIDTH:0.4
G1 F4368
G1 X98.027 Y107.373 E2.60202
G1 X98.027 Y100.627 E2.80232
G1 X98.478 Y100.627 E2.81571
G1 X98.478 Y107.313 E3.01423
G1 X98.253 Y107.194 F7200
;TYPE:Gap fill
;WIDTH:0.13615
G1 F4368
G1 X98.253 Y100.806 E3.06375
G1 E1.66375 F4800
;WIPE_START
G1 F5760
G1 X98.253 Y101.564 E1.06375
;WIPE_END
G92 E0
G1 X103.635 Y107.755 F7200
G1 E2 F4800
;TYPE:External perimeter
;WIDTH:0.45
G1 F4368
G1 X102.421 Y107.755 E2.04109
G1 X102.421 Y100.245 E2.29529
G1 X103.635 Y100.245 E2.33638
G1 X103.635 Y107.695 E2.58855
G1 X103.253 Y107.373 F7200
;TYPE:Perimeter
;WIDTH:0.4
G1 F4368
G1 X102.803 Y107.373 E2.60191
G1 X102.803 Y100.627 E2.80221
G1 X103.253 Y100.627 E2.81557
G1 X103.253 Y107.313 E3.01409
G1 X103.028 Y107.194 F7200
;TYPE:Gap fill
;WIDTH:0.136148
G1 F4368
G1 X103.028 Y100.806 E3.06361
G1 E1.66361 F4800
;WIPE_START
G1 F5760
G1 X103.028 Y101.564 E1.06361
;WIPE_END
G92 E0
G1 X107.196 Y107.755 F7200
G1 E2 F4800
;TYPE:External perimeter
;WIDTH:0.45
G1 F4368
G1 X107.196 Y100.245 E2.2542
G1 X108.41 Y100.245 E2.29529
G1 X108.41 Y107.755 E2.54949
G1 X107.256 Y107.755 E2.58855
G1 X107.578 Y107.373 F7200
;TYPE:Perimeter
;WIDTH:0.4
G1 F4368
G1 X107.578 Y100.627 E2.78885
G1 X108.028 Y100.627 E2.80221
G1 X108.028 Y107.373 E3.00251
G1 X107.638 Y107.373 E3.01409
G1 X107.803 Y107.194 F7200
;TYPE:Gap fill
;WIDTH:0.136148
G1 F4368
G1 X107.803 Y100.806 E3.06361
G1 E1.66361 F4800
;WIPE_START
G1 F5760
G1 X107.803 Y101.564 E1.06361
;WIPE_END
G92 E0
G1 X111.971 Y107.755 F7200
G1 E2 F4800
;TYPE:External perimeter
;WIDTH:0.45
G1 F4368
G1 X111.971 Y100.245 E2.2542
G1 X113.186 Y100.245 E2.29533
G1 X113.186 Y107.755 E2.54953
G1 X112.031 Y107.755 E2.58863
G1 X112.353 Y107.373 F7200
;TYPE:Perimeter
;WIDTH:0.4
G1 F4368
G1 X112.353 Y100.627 E2.78893
G1 X112.803 Y100.627 E2.80229
G1 X112.803 Y107.373 E3.00259
G1 X112.413 Y107.373 E3.01417
G1 X112.578 Y107.194 F7200
;TYPE:Gap fill
;WIDTH:0.136148
G1 F4368
G1 X112.578 Y100.806 E3.06369
G1 E1.66369 F4800
;WIPE_START
G1 F5760
G1 X112.578 Y101.564 E1.06369
;WIPE_END
G92 E0
G1 X116.746 Y107.755 F7200
G1 E2 F4800
;TYPE:External perimeter
;WIDTH:0.45
G1 F4368
G1 X116.746 Y100.245 E2.2542
G1 X117.226 Y100.245 E2.27045
G1 X117.961 Y100.245 E2.29533
G1 X117.961 Y107.755 E2.54953
G1 X116.806 Y107.755 E2.58863
G1 X117.128 Y107.373 F7200
;TYPE:Perimeter
;WIDTH:0.4
G1 F4368
G1 X117.128 Y100.627 E2.78893
G1 X117.579 Y100.627 E2.80232
G1 X117.579 Y107.373 E3.00262
G1 X117.188 Y107.373 E3.01423
G1 X117.353 Y107.194 F7200
;TYPE:Gap fill
;WIDTH:0.136148
G1 F4368
G1 X117.353 Y100.806 E3.06375
G1 E1.66375 F4800
;WIPE_START
G1 F5760
G1 X117.353 Y101.564 E1.06375
;WIPE_END
G92 E0
G1 X121.521 Y107.755 F7200
G1 E2 F4800
;TYPE:External perimeter
;WIDTH:0.45
G1 F4368
G1 X121.521 Y100.245 E2.2542
G1 X122.736 Y100.245 E2.29533
G1 X122.736 Y107.755 E2.54953
G1 X121.581 Y107.755 E2.58863
G1 X121.904 Y107.373 F7200
;TYPE:Perimeter
;WIDTH:0.4
G1 F4368
G1 X121.904 Y100.627 E2.78893
G1 X122.354 Y100.627 E2.80229
G1 X122.354 Y107.373 E3.00259
G1 X121.964 Y107.373 E3.01417
G1 X122.129 Y107.194 F7200
;TYPE:Gap fill
;WIDTH:0.13615
G1 F4368
G1 X122.129 Y100.806 E3.06369
G1 E1.66369 F4800
;WIPE_START
G1 F5760
G1 X122.129 Y101.564 E1.06369
;WIPE_END
G92 E0
G1 X126.297 Y107.755 F7200
G1 E2 F4800
;TYPE:External perimeter
;WIDTH:0.45
G1 F4368
G1 X126.297 Y100.245 E2.2542
G1 X127.511 Y100.245 E2.29529
G1 X127.511 Y107.755 E2.54949
G1 X126.357 Y107.755 E2.58855
G1 X126.679 Y107.373 F7200
;TYPE:Perimeter
;WIDTH:0.4
G1 F4368
G1 X126.679 Y100.627 E2.78885
G1 X127.129 Y100.627 E2.80221
G1 X127.129 Y107.373 E3.00251
G1 X126.739 Y107.373 E3.01409
G1 X126.904 Y107.194 F7200
;TYPE:Gap fill
;WIDTH:0.136152
G1 F4368
G1 X126.904 Y100.806 E3.06361
G1 E1.66361 F4800
;WIPE_START
G1 F5760
G1 X126.904 Y101.564 E1.06361
;WIPE_END
G92 E0
G1 X131.072 Y107.755 F7200
G1 E2 F4800
;TYPE:External perimeter
;WIDTH:0.45
G1 F4368
G1 X131.072 Y100.245 E2.2542
G1 X132.286 Y100.245 E2.29529
G1 X132.286 Y107.755 E2.54949
G1 X131.132 Y107.755 E2.58855
G1 X131.454 Y107.373 F7200
;TYPE:Perimeter
;WIDTH:0.4
G1 F4368
G1 X131.454 Y100.627 E2.78885
G1 X131.904 Y100.627 E2.80221
G1 X131.904 Y107.373 E3.00251
G1 X131.514 Y107.373 E3.01409
G1 X131.679 Y107.194 F7200
;TYPE:Gap fill
;WIDTH:0.13615
G1 F4368
G1 X131.679 Y100.806 E3.06361
G1 E1.66361 F4800
;WIPE_START
G1 F5760
G1 X131.679 Y101.564 E1.06361
;WIPE_END
G92 E0
G1 X135.847 Y107.755 F7200
G1 E2 F4800
;TYPE:External perimeter
;WIDTH:0.45
G1 F4368
G1 X135.847 Y100.245 E2.2542
G1 X137.062 Y100.245 E2.29533
G1 X137.062 Y107.755 E2.54953
G1 X135.907 Y107.755 E2.58863
G1 X136.229 Y107.373 F7200
;TYPE:Perimeter
;WIDTH:0.4
G1 F4368
G1 X136.229 Y100.627 E2.78893
G1 X136.68 Y100.627 E2.80232
G1 X136.68 Y107.373 E3.00262
G1 X136.289 Y107.373 E3.01423
G1 X136.454 Y107.194 F7200
;TYPE:Gap fill
;WIDTH:0.13615
G1 F4368
G1 X136.454 Y100.806 E3.06375
G1 E1.66375 F4800
;WIPE_START
G1 F5760
G1 X136.454 Y101.564 E1.06375
;WIPE_END
G92 E0
G1 X140.622 Y107.755 F7200
G1 E2 F4800
;TYPE:External perimeter
;WIDTH:0.45
G1 F4368
G1 X140.622 Y100.245 E2.2542
G1 X141.837 Y100.245 E2.29533
G1 X141.837 Y107.755 E2.54953
G1 X140.682 Y107.755 E2.58863
G1 X141.004 Y107.373 F7200
;TYPE:Perimeter
;WIDTH:0.4
G1 F4368
G1 X141.004 Y100.627 E2.78893
G1 X141.455 Y100.627 E2.80232
G1 X141.455 Y107.373 E3.00262
G1 X141.064 Y107.373 E3.01423
G1 X141.23 Y107.194 F7200
;TYPE:Gap fill
;WIDTH:0.13615
G1 F4368
G1 X141.23 Y100.806 E3.06375
G1 E1.66375 F4800
;WIPE_START
G1 F5760
G1 X141.23 Y101.564 E1.06375
;WIPE_END
G92 E0
G1 X145.398 Y107.755 F7200
G1 E2 F4800
;TYPE:External perimeter
;WIDTH:0.45
G1 F4368
G1 X145.398 Y100.245 E2.2542
G1 X146.612 Y100.245 E2.29529
G1 X146.612 Y107.755 E2.54949
G1 X145.458 Y107.755 E2.58855
G1 X145.78 Y107.373 F7200
;TYPE:Perimeter
;WIDTH:0.4
G1 F4368
G1 X145.78 Y100.627 E2.78885
G1 X146.23 Y100.627 E2.80221
G1 X146.23 Y107.373 E3.00251
G1 X145.84 Y107.373 E3.01409
G1 X146.005 Y107.194 F7200
;TYPE:Gap fill
;WIDTH:0.136156
G1 F4368
G1 X146.005 Y100.806 E3.06361
;LAYER_CHANGE
;Z:6.68
;HEIGHT:0.2
; BEFORE_LAYER_CHANGE 32 @ 6.68mm
G1 E1.66361 F4800
;WIPE_START
G1 F5760
G1 X146.005 Y101.564 E1.06361
;WIPE_END
G92 E0
G1 Z6.68 F7200
; AFTER_LAYER_CHANGE 32 @ 6.68mm
G1 X145.492 Y107.755
G1 E2 F4800
;TYPE:External perimeter
;WIDTH:0.45
G1 F3393
G1 X145.492 Y100.245 E2.2542
G1 X146.517 Y100.245 E2.2889
G1 X146.517 Y107.755 E2.5431
G1 X145.552 Y107.755 E2.57576
G1 X145.875 Y107.373 F7200
;TYPE:Perimeter
;WIDTH:0.4
G1 F3393
G1 X145.875 Y100.627 E2.77606
G1 X146.135 Y100.627 E2.78378
G1 X146.135 Y107.373 E2.98408
G1 X145.935 Y107.373 E2.99002
G1 E1.59002 F4800
;WIPE_START
G1 F5760
G1 X145.875 Y107.373 E1.54252
G1 X145.875 Y106.675 E.99002
;WIPE_END
G92 E0
G1 X140.717 Y107.755 F7200
G1 E2 F4800
;TYPE:External perimeter
;WIDTH:0.45
G1 F3393
G1 X140.717 Y100.245 E2.2542
G1 X141.742 Y100.245 E2.2889
G1 X141.742 Y107.755 E2.5431
G1 X140.777 Y107.755 E2.57576
G1 X141.099 Y107.373 F7200
;TYPE:Perimeter
;WIDTH:0.4
G1 F3393
G1 X141.099 Y100.627 E2.77606
G1 X141.36 Y100.627 E2.78381
G1 X141.36 Y107.373 E2.98411
G1 X141.159 Y107.373 E2.99008
G1 E1.59008 F4800
;WIPE_START
G1 F5760
G1 X141.099 Y107.373 E1.54258
G1 X141.099 Y106.675 E.99008
;WIPE_END
G92 E0
G1 X135.942 Y107.755 F7200
G1 E2 F4800
;TYPE:External perimeter
;WIDTH:0.45
G1 F3393
G1 X135.942 Y100.245 E2.2542
G1 X136.967 Y100.245 E2.2889
G1 X136.967 Y107.755 E2.5431
G1 X136.002 Y107.755 E2.57576
G1 X136.324 Y107.373 F7200
;TYPE:Perimeter
;WIDTH:0.4
G1 F3393
G1 X136.324 Y100.627 E2.77606
G1 X136.585 Y100.627 E2.78381
G1 X136.585 Y107.373 E2.98411
G1 X136.384 Y107.373 E2.99008
G1 E1.59008 F4800
;WIPE_START
G1 F5760
G1 X136.324 Y107.373 E1.54258
G1 X136.324 Y106.675 E.99008
;WIPE_END
G92 E0
G1 X131.167 Y107.755 F7200
G1 E2 F4800
;TYPE:External perimeter
;WIDTH:0.45
G1 F3393
G1 X131.167 Y100.245 E2.2542
G1 X132.192 Y100.245 E2.2889
G1 X132.192 Y107.755 E2.5431
G1 X131.227 Y107.755 E2.57576
G1 X131.549 Y107.373 F7200
;TYPE:Perimeter
;WIDTH:0.4
G1 F3393
G1 X131.549 Y100.627 E2.77606
G1 X131.809 Y100.627 E2.78378
G1 X131.809 Y107.373 E2.98408
G1 X131.609 Y107.373 E2.99002
G1 E1.59002 F4800
;WIPE_START
G1 F5760
G1 X131.549 Y107.373 E1.54252
G1 X131.549 Y106.675 E.99002
;WIPE_END
G92 E0
G1 X126.392 Y107.755 F7200
G1 E2 F4800
;TYPE:External perimeter
;WIDTH:0.45
G1 F3393
G1 X126.392 Y100.245 E2.2542
G1 X127.416 Y100.245 E2.28886
G1 X127.416 Y107.755 E2.54306
G1 X126.452 Y107.755 E2.57569
G1 X126.774 Y107.373 F7200
;TYPE:Perimeter
;WIDTH:0.4
G1 F3393
G1 X126.774 Y100.627 E2.77599
G1 X127.034 Y100.627 E2.78371
G1 X127.034 Y107.373 E2.98401
G1 X126.834 Y107.373 E2.98995
G1 E1.58995 F4800
;WIPE_START
G1 F5760
G1 X126.774 Y107.373 E1.54245
G1 X126.774 Y106.675 E.98995
;WIPE_END
G92 E0
G1 X121.616 Y107.755 F7200
G1 E2 F4800
;TYPE:External perimeter
;WIDTH:0.45
G1 F3393
G1 X121.616 Y100.245 E2.2542
G1 X122.641 Y100.245 E2.2889
G1 X122.641 Y107.755 E2.5431
G1 X121.676 Y107.755 E2.57576
G1 X121.998 Y107.373 F7200
;TYPE:Perimeter
;WIDTH:0.4
G1 F3393
G1 X121.998 Y100.627 E2.77606
G1 X122.259 Y100.627 E2.78381
G1 X122.259 Y107.373 E2.98411
G1 X122.058 Y107.373 E2.99008
G1 E1.59008 F4800
;WIPE_START
G1 F5760
G1 X121.998 Y107.373 E1.54258
G1 X121.998 Y106.675 E.99008
;WIPE_END
G92 E0
G1 X116.841 Y107.755 F7200
G1 E2 F4800
;TYPE:External perimeter
;WIDTH:0.45
G1 F3393
G1 X116.841 Y100.245 E2.2542
G1 X117.376 Y100.245 E2.27231
G1 X117.866 Y100.245 E2.2889
G1 X117.866 Y107.755 E2.5431
G1 X116.901 Y107.755 E2.57576
G1 X117.223 Y107.373 F7200
;TYPE:Perimeter
;WIDTH:0.4
G1 F3393
G1 X117.223 Y100.627 E2.77606
G1 X117.484 Y100.627 E2.78381
G1 X117.484 Y107.373 E2.98411
G1 X117.283 Y107.373 E2.99008
G1 E1.59008 F4800
;WIPE_START
G1 F5760
G1 X117.223 Y107.373 E1.54258
G1 X117.223 Y106.675 E.99008
;WIPE_END
G92 E0
G1 X112.066 Y107.755 F7200
G1 E2 F4800
;TYPE:External perimeter
;WIDTH:0.45
G1 F3393
G1 X112.066 Y100.245 E2.2542
G1 X113.091 Y100.245 E2.2889
G1 X113.091 Y107.755 E2.5431
G1 X112.126 Y107.755 E2.57576
G1 X112.448 Y107.373 F7200
;TYPE:Perimeter
;WIDTH:0.4
G1 F3393
G1 X112.448 Y100.627 E2.77606
G1 X112.709 Y100.627 E2.78381
G1 X112.709 Y107.373 E2.98411
G1 X112.508 Y107.373 E2.99008
G1 E1.59008 F4800
;WIPE_START
G1 F5760
G1 X112.448 Y107.373 E1.54258
G1 X112.448 Y106.675 E.99008
;WIPE_END
G92 E0
G1 X107.291 Y107.755 F7200
G1 E2 F4800
;TYPE:External perimeter
;WIDTH:0.45
G1 F3393
G1 X107.291 Y100.245 E2.2542
G1 X108.315 Y100.245 E2.28886
G1 X108.315 Y107.755 E2.54306
G1 X107.351 Y107.755 E2.57569
G1 X107.673 Y107.373 F7200
;TYPE:Perimeter
;WIDTH:0.4
G1 F3393
G1 X107.673 Y100.627 E2.77599
G1 X107.933 Y100.627 E2.78371
G1 X107.933 Y107.373 E2.98401
G1 X107.733 Y107.373 E2.98995
G1 E1.58995 F4800
;WIPE_START
G1 F5760
G1 X107.673 Y107.373 E1.54245
G1 X107.673 Y106.675 E.98995
;WIPE_END
G92 E0
G1 X103.54 Y107.755 F7200
G1 E2 F4800
;TYPE:External perimeter
;WIDTH:0.45
G1 F3393
G1 X102.515 Y107.755 E2.0347
G1 X102.515 Y100.245 E2.2889
G1 X103.54 Y100.245 E2.3236
G1 X103.54 Y107.695 E2.57577
G1 X103.158 Y107.373 F7200
;TYPE:Perimeter
;WIDTH:0.4
G1 F3393
G1 X102.898 Y107.373 E2.58349
G1 X102.898 Y100.627 E2.78379
G1 X103.158 Y100.627 E2.79151
G1 X103.158 Y107.313 E2.99003
G1 E1.59003 F4800
;WIPE_START
G1 F5760
G1 X103.158 Y107.373 E1.54253
G1 X102.898 Y107.373 E1.3367
G1 X102.898 Y106.935 E.99003
;WIPE_END
G92 E0
G1 X98.765 Y107.755 F7200
G1 E2 F4800
;TYPE:External perimeter
;WIDTH:0.45
G1 F3393
G1 X97.74 Y107.755 E2.0347
G1 X97.74 Y100.245 E2.2889
G1 X98.765 Y100.245 E2.3236
G1 X98.765 Y107.695 E2.57577
G1 X98.383 Y107.373 F7200
;TYPE:Perimeter
;WIDTH:0.4
G1 F3393
G1 X98.122 Y107.373 E2.58352
G1 X98.122 Y100.627 E2.78382
G1 X98.383 Y100.627 E2.79157
G1 X98.383 Y107.313 E2.99009
G1 E1.59009 F4800
;WIPE_START
G1 F5760
G1 X98.383 Y107.373 E1.54259
G1 X98.122 Y107.373 E1.33597
G1 X98.122 Y106.936 E.99009
;WIPE_END
G92 E0
G1 X93.99 Y107.755 F7200
G1 E2 F4800
;TYPE:External perimeter
;WIDTH:0.45
G1 F3393
G1 X92.965 Y107.755 E2.0347
G1 X92.965 Y100.245 E2.2889
G1 X93.99 Y100.245 E2.3236
G1 X93.99 Y107.695 E2.57577
G1 X93.608 Y107.373 F7200
;TYPE:Perimeter
;WIDTH:0.4
G1 F3393
G1 X93.347 Y107.373 E2.58352
G1 X93.347 Y100.627 E2.78382
G1 X93.608 Y100.627 E2.79157
G1 X93.608 Y107.313 E2.99009
G1 E1.59009 F4800
;WIPE_START
G1 F5760
G1 X93.608 Y107.373 E1.54259
G1 X93.347 Y107.373 E1.33597
G1 X93.347 Y106.936 E.99009
;WIPE_END
G92 E0
G1 X89.215 Y107.755 F7200
G1 E2 F4800
;TYPE:External perimeter
;WIDTH:0.45
G1 F3393
G1 X88.19 Y107.755 E2.0347
G1 X88.19 Y100.245 E2.2889
G1 X89.215 Y100.245 E2.3236
G1 X89.215 Y107.695 E2.57577
G1 X88.832 Y107.373 F7200
;TYPE:Perimeter
;WIDTH:0.4
G1 F3393
G1 X88.572 Y107.373 E2.58349
G1 X88.572 Y100.627 E2.78379
G1 X88.832 Y100.627 E2.79151
G1 X88.832 Y107.313 E2.99003
G1 E1.59003 F4800
;WIPE_START
G1 F5760
G1 X88.832 Y107.373 E1.54253
G1 X88.572 Y107.373 E1.3367
G1 X88.572 Y106.935 E.99003
;WIPE_END
G92 E0
G1 X84.439 Y107.755 F7200
G1 E2 F4800
;TYPE:External perimeter
;WIDTH:0.45
G1 F3393
G1 X83.415 Y107.755 E2.03466
G1 X83.415 Y100.245 E2.28886
G1 X84.439 Y100.245 E2.32352
G1 X84.439 Y107.695 E2.57569
G1 X84.057 Y107.373 F7200
;TYPE:Perimeter
;WIDTH:0.4
G1 F3393
G1 X83.797 Y107.373 E2.58341
G1 X83.797 Y100.627 E2.78371
G1 X84.057 Y100.627 E2.79143
G1 X84.057 Y107.313 E2.98995
;LAYER_CHANGE
;Z:6.88
;HEIGHT:0.2
; BEFORE_LAYER_CHANGE 33 @ 6.88mm
G1 E1.58995 F4800
;WIPE_START
G1 F5760
G1 X84.057 Y107.373 E1.54245
G1 X83.797 Y107.373 E1.33662
G1 X83.797 Y106.935 E.98995
;WIPE_END
G92 E0
G1 Z6.88 F7200
; AFTER_LAYER_CHANGE 33 @ 6.88mm
G1 X84.344 Y107.755
G1 E2 F4800
;TYPE:External perimeter
;WIDTH:0.45
G1 F2706
G1 X83.509 Y107.755 E2.02826
G1 X83.509 Y100.245 E2.28246
G1 X84.344 Y100.245 E2.31072
G1 X84.344 Y107.695 E2.56289
G1 X83.927 Y107.564 F7200
;TYPE:Gap fill
;WIDTH:0.49578
G1 F2706
G1 X83.927 Y100.436 E2.8313
G1 E1.4313 F4800
;WIPE_START
G1 F5760
G1 X83.927 Y101.194 E.8313
;WIPE_END
G92 E0
G1 X89.12 Y107.755 F7200
G1 E2 F4800
;TYPE:External perimeter
;WIDTH:0.45
G1 F2706
G1 X88.285 Y107.755 E2.02826
G1 X88.285 Y100.245 E2.28246
G1 X89.12 Y100.245 E2.31072
G1 X89.12 Y107.695 E2.56289
G1 X88.702 Y107.564 F7200
;TYPE:Gap fill
;WIDTH:0.495784
G1 F2706
G1 X88.702 Y100.436 E2.8313
G1 E1.4313 F4800
;WIPE_START
G1 F5760
G1 X88.702 Y101.194 E.8313
;WIPE_END
G92 E0
G1 X93.895 Y107.755 F7200
G1 E2 F4800
;TYPE:External perimeter
;WIDTH:0.45
G1 F2706
G1 X93.06 Y107.755 E2.02826
G1 X93.06 Y100.245 E2.28246
G1 X93.895 Y100.245 E2.31072
G1 X93.895 Y107.695 E2.56289
G1 X93.477 Y107.564 F7200
;TYPE:Gap fill
;WIDTH:0.495782
G1 F2706
G1 X93.477 Y100.436 E2.8313
G1 E1.4313 F4800
;WIPE_START
G1 F5760
G1 X93.477 Y101.194 E.8313
;WIPE_END
G92 E0
G1 X98.67 Y107.755 F7200
G1 E2 F4800
;TYPE:External perimeter
;WIDTH:0.45
G1 F2706
G1 X97.835 Y107.755 E2.02826
G1 X97.835 Y100.245 E2.28246
G1 X98.67 Y100.245 E2.31072
G1 X98.67 Y107.695 E2.56289
G1 X98.253 Y107.564 F7200
;TYPE:Gap fill
;WIDTH:0.495782
G1 F2706
G1 X98.253 Y100.436 E2.8313
G1 E1.4313 F4800
;WIPE_START
G1 F5760
G1 X98.253 Y101.194 E.8313
;WIPE_END
G92 E0
G1 X103.445 Y107.755 F7200
G1 E2 F4800
;TYPE:External perimeter
;WIDTH:0.45
G1 F2706
G1 X102.61 Y107.755 E2.02826
G1 X102.61 Y100.245 E2.28246
G1 X103.445 Y100.245 E2.31072
G1 X103.445 Y107.695 E2.56289
G1 X103.028 Y107.564 F7200
;TYPE:Gap fill
;WIDTH:0.49578
G1 F2706
G1 X103.028 Y100.436 E2.8313
G1 E1.4313 F4800
;WIPE_START
G1 F5760
G1 X103.028 Y101.194 E.8313
;WIPE_END
G92 E0
G1 X107.386 Y107.755 F7200
G1 E2 F4800
;TYPE:External perimeter
;WIDTH:0.45
G1 F2706
G1 X107.386 Y100.245 E2.2542
G1 X108.221 Y100.245 E2.28246
G1 X108.221 Y107.755 E2.53666
G1 X107.446 Y107.755 E2.56289
G1 X107.803 Y107.564 F7200
;TYPE:Gap fill
;WIDTH:0.49578
G1 F2706
G1 X107.803 Y100.436 E2.8313
G1 E1.4313 F4800
;WIPE_START
G1 F5760
G1 X107.803 Y101.194 E.8313
;WIPE_END
G92 E0
G1 X112.161 Y107.755 F7200
G1 E2 F4800
;TYPE:External perimeter
;WIDTH:0.45
G1 F2706
G1 X112.161 Y100.245 E2.2542
G1 X112.996 Y100.245 E2.28246
G1 X112.996 Y107.755 E2.53666
G1 X112.221 Y107.755 E2.56289
G1 X112.578 Y107.564 F7200
;TYPE:Gap fill
;WIDTH:0.49578
G1 F2706
G1 X112.578 Y100.436 E2.8313
G1 E1.4313 F4800
;WIPE_START
G1 F5760
G1 X112.578 Y101.194 E.8313
;WIPE_END
G92 E0
G1 X116.936 Y107.755 F7200
G1 E2 F4800
;TYPE:External perimeter
;WIDTH:0.45
G1 F2706
G1 X116.936 Y100.245 E2.2542
G1 X117.526 Y100.245 E2.27417
G1 X117.771 Y100.245 E2.28246
G1 X117.771 Y107.755 E2.53666
G1 X116.996 Y107.755 E2.56289
G1 X117.353 Y107.564 F7200
;TYPE:Gap fill
;WIDTH:0.49578
G1 F2706
G1 X117.353 Y100.436 E2.8313
G1 E1.4313 F4800
;WIPE_START
G1 F5760
G1 X117.353 Y101.194 E.8313
;WIPE_END
G92 E0
G1 X121.711 Y107.755 F7200
G1 E2 F4800
;TYPE:External perimeter
;WIDTH:0.45
G1 F2706
G1 X121.711 Y100.245 E2.2542
G1 X122.546 Y100.245 E2.28246
G1 X122.546 Y107.755 E2.53666
G1 X121.771 Y107.755 E2.56289
G1 X122.129 Y107.564 F7200
;TYPE:Gap fill
;WIDTH:0.495782
G1 F2706
G1 X122.129 Y100.436 E2.8313
G1 E1.4313 F4800
;WIPE_START
G1 F5760
G1 X122.129 Y101.194 E.8313
;WIPE_END
G92 E0
G1 X126.486 Y107.755 F7200
G1 E2 F4800
;TYPE:External perimeter
;WIDTH:0.45
G1 F2706
G1 X126.486 Y100.245 E2.2542
G1 X127.321 Y100.245 E2.28246
G1 X127.321 Y107.755 E2.53666
G1 X126.546 Y107.755 E2.56289
G1 X126.904 Y107.564 F7200
;TYPE:Gap fill
;WIDTH:0.495784
G1 F2706
G1 X126.904 Y100.436 E2.8313
G1 E1.4313 F4800
;WIPE_START
G1 F5760
G1 X126.904 Y101.194 E.8313
;WIPE_END
G92 E0
G1 X131.262 Y107.755 F7200
G1 E2 F4800
;TYPE:External perimeter
;WIDTH:0.45
G1 F2706
G1 X131.262 Y100.245 E2.2542
G1 X132.097 Y100.245 E2.28246
G1 X132.097 Y107.755 E2.53666
G1 X131.322 Y107.755 E2.56289
G1 X131.679 Y107.564 F7200
;TYPE:Gap fill
;WIDTH:0.495782
G1 F2706
G1 X131.679 Y100.436 E2.8313
G1 E1.4313 F4800
;WIPE_START
G1 F5760
G1 X131.679 Y101.194 E.8313
;WIPE_END
G92 E0
G1 X136.037 Y107.755 F7200
G1 E2 F4800
;TYPE:External perimeter
;WIDTH:0.45
G1 F2706
G1 X136.037 Y100.245 E2.2542
G1 X136.872 Y100.245 E2.28246
G1 X136.872 Y107.755 E2.53666
G1 X136.097 Y107.755 E2.56289
G1 X136.454 Y107.564 F7200
;TYPE:Gap fill
;WIDTH:0.495782
G1 F2706
G1 X136.454 Y100.436 E2.8313
G1 E1.4313 F4800
;WIPE_START
G1 F5760
G1 X136.454 Y101.194 E.8313
;WIPE_END
G92 E0
G1 X140.812 Y107.755 F7200
G1 E2 F4800
;TYPE:External perimeter
;WIDTH:0.45
G1 F2706
G1 X140.812 Y100.245 E2.2542
G1 X141.647 Y100.245 E2.28246
G1 X141.647 Y107.755 E2.53666
G1 X140.872 Y107.755 E2.56289
G1 X141.23 Y107.564 F7200
;TYPE:Gap fill
;WIDTH:0.495784
G1 F2706
G1 X141.23 Y100.436 E2.8313
G1 E1.4313 F4800
;WIPE_START
G1 F5760
G1 X141.23 Y101.194 E.8313
;WIPE_END
G92 E0
G1 X145.587 Y107.755 F7200
G1 E2 F4800
;TYPE:External perimeter
;WIDTH:0.45
G1 F2706
G1 X145.587 Y100.245 E2.2542
G1 X146.422 Y100.245 E2.28246
G1 X146.422 Y107.755 E2.53666
G1 X145.647 Y107.755 E2.56289
G1 X146.005 Y107.564 F7200
;TYPE:Gap fill
;WIDTH:0.49579
G1 F2706
G1 X146.005 Y100.436 E2.8313
;LAYER_CHANGE
;Z:7.08
;HEIGHT:0.2
; BEFORE_LAYER_CHANGE 34 @ 7.08mm
G1 E1.4313 F4800
;WIPE_START
G1 F5760
G1 X146.005 Y101.194 E.8313
;WIPE_END
G92 E0
G1 Z7.08 F7200
; AFTER_LAYER_CHANGE 34 @ 7.08mm
G1 X84.25 Y107.755
G1 E2 F4800
;TYPE:External perimeter
;WIDTH:0.45
G1 F2857
G1 X83.604 Y107.755 E2.02187
G1 X83.604 Y100.245 E2.27607
G1 X84.25 Y100.245 E2.29794
G1 X84.25 Y107.695 E2.55011
G1 X83.927 Y107.564 F7200
;TYPE:Gap fill
;WIDTH:0.306018
G1 F2857
G1 X83.927 Y100.436 E2.70605
G1 E1.30605 F4800
;WIPE_START
G1 F5760
G1 X83.927 Y101.194 E.70605
;WIPE_END
G92 E0
G1 X89.025 Y107.755 F7200
G1 E2 F4800
;TYPE:External perimeter
;WIDTH:0.45
G1 F2857
G1 X88.38 Y107.755 E2.02183
G1 X88.38 Y100.245 E2.27603
G1 X89.025 Y100.245 E2.29786
G1 X89.025 Y107.695 E2.55003
G1 X88.702 Y107.564 F7200
;TYPE:Gap fill
;WIDTH:0.306022
G1 F2857
G1 X88.702 Y100.436 E2.70597
G1 E1.30597 F4800
;WIPE_START
G1 F5760
G1 X88.702 Y101.194 E.70597
;WIPE_END
G92 E0
G1 X93.8 Y107.755 F7200
G1 E2 F4800
;TYPE:External perimeter
;WIDTH:0.45
G1 F2857
G1 X93.155 Y107.755 E2.02183
G1 X93.155 Y100.245 E2.27603
G1 X93.8 Y100.245 E2.29786
G1 X93.8 Y107.695 E2.55003
G1 X93.477 Y107.564 F7200
;TYPE:Gap fill
;WIDTH:0.30602
G1 F2857
G1 X93.477 Y100.436 E2.70597
G1 E1.30597 F4800
;WIPE_START
G1 F5760
G1 X93.477 Y101.194 E.70597
;WIPE_END
G92 E0
G1 X98.575 Y107.755 F7200
G1 E2 F4800
;TYPE:External perimeter
;WIDTH:0.45
G1 F2857
G1 X97.93 Y107.755 E2.02183
G1 X97.93 Y100.245 E2.27603
G1 X98.575 Y100.245 E2.29786
G1 X98.575 Y107.695 E2.55003
G1 X98.253 Y107.564 F7200
;TYPE:Gap fill
;WIDTH:0.30602
G1 F2857
G1 X98.253 Y100.436 E2.70597
G1 E1.30597 F4800
;WIPE_START
G1 F5760
G1 X98.253 Y101.194 E.70597
;WIPE_END
G92 E0
G1 X103.35 Y107.755 F7200
G1 E2 F4800
;TYPE:External perimeter
;WIDTH:0.45
G1 F2857
G1 X102.705 Y107.755 E2.02183
G1 X102.705 Y100.245 E2.27603
G1 X103.35 Y100.245 E2.29786
G1 X103.35 Y107.695 E2.55003
G1 X103.028 Y107.564 F7200
;TYPE:Gap fill
;WIDTH:0.306016
G1 F2857
G1 X103.028 Y100.436 E2.70597
G1 E1.30597 F4800
;WIPE_START
G1 F5760
G1 X103.028 Y101.194 E.70597
;WIPE_END
G92 E0
G1 X107.48 Y107.755 F7200
G1 E2 F4800
;TYPE:External perimeter
;WIDTH:0.45
G1 F2857
G1 X107.48 Y100.245 E2.2542
G1 X108.126 Y100.245 E2.27607
G1 X108.126 Y107.755 E2.53027
G1 X107.54 Y107.755 E2.55011
G1 X107.803 Y107.564 F7200
;TYPE:Gap fill
;WIDTH:0.306018
G1 F2857
G1 X107.803 Y100.436 E2.70605
G1 E1.30605 F4800
;WIPE_START
G1 F5760
G1 X107.803 Y101.194 E.70605
;WIPE_END
G92 E0
G1 X112.256 Y107.755 F7200
G1 E2 F4800
;TYPE:External perimeter
;WIDTH:0.45
G1 F2857
G1 X112.256 Y100.245 E2.2542
G1 X112.901 Y100.245 E2.27603
G1 X112.901 Y107.755 E2.53023
G1 X112.316 Y107.755 E2.55003
G1 X112.578 Y107.564 F7200
;TYPE:Gap fill
;WIDTH:0.306018
G1 F2857
G1 X112.578 Y100.436 E2.70597
G1 E1.30597 F4800
;WIPE_START
G1 F5760
G1 X112.578 Y101.194 E.70597
;WIPE_END
G92 E0
G1 X117.031 Y107.755 F7200
G1 E2 F4800
;TYPE:External perimeter
;WIDTH:0.45
G1 F2857
G1 X117.031 Y100.245 E2.2542
G1 X117.676 Y100.245 E2.27603
G1 X117.676 Y107.755 E2.53023
G1 X117.091 Y107.755 E2.55003
G1 X117.353 Y107.564 F7200
;TYPE:Gap fill
;WIDTH:0.306018
G1 F2857
G1 X117.353 Y100.436 E2.70597
G1 E1.30597 F4800
;WIPE_START
G1 F5760
G1 X117.353 Y101.194 E.70597
;WIPE_END
G92 E0
G1 X121.806 Y107.755 F7200
G1 E2 F4800
;TYPE:External perimeter
;WIDTH:0.45
G1 F2857
G1 X121.806 Y100.245 E2.2542
G1 X122.451 Y100.245 E2.27603
G1 X122.451 Y107.755 E2.53023
G1 X121.866 Y107.755 E2.55003
G1 X122.129 Y107.564 F7200
;TYPE:Gap fill
;WIDTH:0.30602
G1 F2857
G1 X122.129 Y100.436 E2.70597
G1 E1.30597 F4800
;WIPE_START
G1 F5760
G1 X122.129 Y101.194 E.70597
;WIPE_END
G92 E0
G1 X126.581 Y107.755 F7200
G1 E2 F4800
;TYPE:External perimeter
;WIDTH:0.45
G1 F2857
G1 X126.581 Y100.245 E2.2542
G1 X127.227 Y100.245 E2.27607
G1 X127.227 Y107.755 E2.53027
G1 X126.641 Y107.755 E2.55011
G1 X126.904 Y107.564 F7200
;TYPE:Gap fill
;WIDTH:0.306022
G1 F2857
G1 X126.904 Y100.436 E2.70605
G1 E1.30605 F4800
;WIPE_START
G1 F5760
G1 X126.904 Y101.194 E.70605
;WIPE_END
G92 E0
G1 X131.357 Y107.755 F7200
G1 E2 F4800
;TYPE:External perimeter
;WIDTH:0.45
G1 F2857
G1 X131.357 Y100.245 E2.2542
G1 X132.002 Y100.245 E2.27603
G1 X132.002 Y107.755 E2.53023
G1 X131.417 Y107.755 E2.55003
G1 X131.679 Y107.564 F7200
;TYPE:Gap fill
;WIDTH:0.30602
G1 F2857
G1 X131.679 Y100.436 E2.70597
G1 E1.30597 F4800
;WIPE_START
G1 F5760
G1 X131.679 Y101.194 E.70597
;WIPE_END
G92 E0
G1 X136.132 Y107.755 F7200
G1 E2 F4800
;TYPE:External perimeter
;WIDTH:0.45
G1 F2857
G1 X136.132 Y100.245 E2.2542
G1 X136.777 Y100.245 E2.27603
G1 X136.777 Y107.755 E2.53023
G1 X136.192 Y107.755 E2.55003
G1 X136.454 Y107.564 F7200
;TYPE:Gap fill
;WIDTH:0.30602
G1 F2857
G1 X136.454 Y100.436 E2.70597
G1 E1.30597 F4800
;WIPE_START
G1 F5760
G1 X136.454 Y101.194 E.70597
;WIPE_END
G92 E0
G1 X140.907 Y107.755 F7200
G1 E2 F4800
;TYPE:External perimeter
;WIDTH:0.45
G1 F2857
G1 X140.907 Y100.245 E2.2542
G1 X141.552 Y100.245 E2.27603
G1 X141.552 Y107.755 E2.53023
G1 X140.967 Y107.755 E2.55003
G1 X141.23 Y107.564 F7200
;TYPE:Gap fill
;WIDTH:0.306022
G1 F2857
G1 X141.23 Y100.436 E2.70597
G1 E1.30597 F4800
;WIPE_START
G1 F5760
G1 X141.23 Y101.194 E.70597
;WIPE_END
G92 E0
G1 X145.682 Y107.755 F7200
G1 E2 F4800
;TYPE:External perimeter
;WIDTH:0.45
G1 F2857
G1 X145.682 Y100.245 E2.2542
G1 X146.327 Y100.245 E2.27603
G1 X146.327 Y107.755 E2.53023
G1 X145.742 Y107.755 E2.55003
G1 X146.005 Y107.564 F7200
;TYPE:Gap fill
;WIDTH:0.306028
G1 F2857
G1 X146.005 Y100.436 E2.70597
;LAYER_CHANGE
;Z:7.28
;HEIGHT:0.2
; BEFORE_LAYER_CHANGE 35 @ 7.28mm
G1 E1.30597 F4800
;WIPE_START
G1 F5760
G1 X146.005 Y101.194 E.70597
;WIPE_END
G92 E0
G1 Z7.28 F7200
; AFTER_LAYER_CHANGE 35 @ 7.28mm
G1 X84.155 Y107.755
G1 E2 F4800
;TYPE:External perimeter
;WIDTH:0.45
G1 F2808
G1 X83.699 Y107.755 E2.01544
G1 X83.699 Y100.245 E2.26964
G1 X84.155 Y100.245 E2.28508
G1 X84.155 Y107.695 E2.53725
G1 X83.927 Y107.564 F7200
;TYPE:Gap fill
;WIDTH:0.116256
G1 F2808
G1 X83.927 Y100.436 E2.58072
G1 E1.18072 F4800
;WIPE_START
G1 F5760
G1 X83.927 Y101.194 E.58072
;WIPE_END
G92 E0
G1 X88.93 Y107.755 F7200
G1 E2 F4800
;TYPE:External perimeter
;WIDTH:0.45
G1 F2808
G1 X88.474 Y107.755 E2.01544
G1 X88.474 Y100.245 E2.26964
G1 X88.93 Y100.245 E2.28508
G1 X88.93 Y107.695 E2.53725
G1 X88.702 Y107.564 F7200
;TYPE:Gap fill
;WIDTH:0.11626
G1 F2808
G1 X88.702 Y100.436 E2.58072
G1 E1.18072 F4800
;WIPE_START
G1 F5760
G1 X88.702 Y101.194 E.58072
;WIPE_END
G92 E0
G1 X93.705 Y107.755 F7200
G1 E2 F4800
;TYPE:External perimeter
;WIDTH:0.45
G1 F2808
G1 X93.25 Y107.755 E2.0154
G1 X93.25 Y100.245 E2.2696
G1 X93.705 Y100.245 E2.285
G1 X93.705 Y107.695 E2.53717
G1 X93.477 Y107.564 F7200
;TYPE:Gap fill
;WIDTH:0.116258
G1 F2808
G1 X93.477 Y100.436 E2.58064
G1 E1.18064 F4800
;WIPE_START
G1 F5760
G1 X93.477 Y101.194 E.58064
;WIPE_END
G92 E0
G1 X98.48 Y107.755 F7200
G1 E2 F4800
;TYPE:External perimeter
;WIDTH:0.45
G1 F2808
G1 X98.025 Y107.755 E2.0154
G1 X98.025 Y100.245 E2.2696
G1 X98.48 Y100.245 E2.285
G1 X98.48 Y107.695 E2.53717
G1 X98.253 Y107.564 F7200
;TYPE:Gap fill
;WIDTH:0.116258
G1 F2808
G1 X98.253 Y100.436 E2.58064
G1 E1.18064 F4800
;WIPE_START
G1 F5760
G1 X98.253 Y101.194 E.58064
;WIPE_END
G92 E0
G1 X103.256 Y107.755 F7200
G1 E2 F4800
;TYPE:External perimeter
;WIDTH:0.45
G1 F2808
G1 X102.8 Y107.755 E2.01544
G1 X102.8 Y100.245 E2.26964
G1 X103.256 Y100.245 E2.28508
G1 X103.256 Y107.695 E2.53725
G1 X103.028 Y107.564 F7200
;TYPE:Gap fill
;WIDTH:0.116254
G1 F2808
G1 X103.028 Y100.436 E2.58071
G1 E1.18071 F4800
;WIPE_START
G1 F5760
G1 X103.028 Y101.194 E.58071
;WIPE_END
G92 E0
G1 X107.575 Y107.755 F7200
G1 E2 F4800
;TYPE:External perimeter
;WIDTH:0.45
G1 F2808
G1 X107.575 Y100.245 E2.2542
G1 X108.031 Y100.245 E2.26964
G1 X108.031 Y107.755 E2.52384
G1 X107.635 Y107.755 E2.53724
G1 X107.803 Y107.564 F7200
;TYPE:Gap fill
;WIDTH:0.116254
G1 F2808
G1 X107.803 Y100.436 E2.5807
G1 E1.1807 F4800
;WIPE_START
G1 F5760
G1 X107.803 Y101.194 E.5807
;WIPE_END
G92 E0
G1 X112.351 Y107.755 F7200
G1 E2 F4800
;TYPE:External perimeter
;WIDTH:0.45
G1 F2808
G1 X112.351 Y100.245 E2.2542
G1 X112.806 Y100.245 E2.2696
G1 X112.806 Y107.755 E2.5238
G1 X112.411 Y107.755 E2.53717
G1 X112.578 Y107.564 F7200
;TYPE:Gap fill
;WIDTH:0.116254
G1 F2808
G1 X112.578 Y100.436 E2.58063
G1 E1.18063 F4800
;WIPE_START
G1 F5760
G1 X112.578 Y101.194 E.58063
;WIPE_END
G92 E0
G1 X117.126 Y107.755 F7200
G1 E2 F4800
;TYPE:External perimeter
;WIDTH:0.45
G1 F2808
G1 X117.126 Y100.245 E2.2542
G1 X117.581 Y100.245 E2.2696
G1 X117.581 Y107.755 E2.5238
G1 X117.186 Y107.755 E2.53717
G1 X117.353 Y107.564 F7200
;TYPE:Gap fill
;WIDTH:0.116254
G1 F2808
G1 X117.353 Y100.436 E2.58063
G1 E1.18063 F4800
;WIPE_START
G1 F5760
G1 X117.353 Y101.194 E.58063
;WIPE_END
G92 E0
G1 X121.901 Y107.755 F7200
G1 E2 F4800
;TYPE:External perimeter
;WIDTH:0.45
G1 F2808
G1 X121.901 Y100.245 E2.2542
G1 X122.356 Y100.245 E2.2696
G1 X122.356 Y107.755 E2.5238
G1 X121.961 Y107.755 E2.53717
G1 X122.129 Y107.564 F7200
;TYPE:Gap fill
;WIDTH:0.116256
G1 F2808
G1 X122.129 Y100.436 E2.58064
G1 E1.18064 F4800
;WIPE_START
G1 F5760
G1 X122.129 Y101.194 E.58064
;WIPE_END
G92 E0
G1 X126.676 Y107.755 F7200
G1 E2 F4800
;TYPE:External perimeter
;WIDTH:0.45
G1 F2808
G1 X126.676 Y100.245 E2.2542
G1 X127.132 Y100.245 E2.26964
G1 X127.132 Y107.755 E2.52384
G1 X126.736 Y107.755 E2.53724
G1 X126.904 Y107.564 F7200
;TYPE:Gap fill
;WIDTH:0.11626
G1 F2808
G1 X126.904 Y100.436 E2.58071
G1 E1.18071 F4800
;WIPE_START
G1 F5760
G1 X126.904 Y101.194 E.58071
;WIPE_END
G92 E0
G1 X131.451 Y107.755 F7200
G1 E2 F4800
;TYPE:External perimeter
;WIDTH:0.45
G1 F2808
G1 X131.451 Y100.245 E2.2542
G1 X131.907 Y100.245 E2.26964
G1 X131.907 Y107.755 E2.52384
G1 X131.511 Y107.755 E2.53724
G1 X131.679 Y107.564 F7200
;TYPE:Gap fill
;WIDTH:0.116258
G1 F2808
G1 X131.679 Y100.436 E2.58071
G1 E1.18071 F4800
;WIPE_START
G1 F5760
G1 X131.679 Y101.194 E.58071
;WIPE_END
G92 E0
G1 X136.227 Y107.755 F7200
G1 E2 F4800
;TYPE:External perimeter
;WIDTH:0.45
G1 F2808
G1 X136.227 Y100.245 E2.2542
G1 X136.682 Y100.245 E2.2696
G1 X136.682 Y107.755 E2.5238
G1 X136.287 Y107.755 E2.53717
G1 X136.454 Y107.564 F7200
;TYPE:Gap fill
;WIDTH:0.11626
G1 F2808
G1 X136.454 Y100.436 E2.58064
G1 E1.18064 F4800
;WIPE_START
G1 F5760
G1 X136.454 Y101.194 E.58064
;WIPE_END
G92 E0
G1 X141.002 Y107.755 F7200
G1 E2 F4800
;TYPE:External perimeter
;WIDTH:0.45
G1 F2808
G1 X141.002 Y100.245 E2.2542
G1 X141.457 Y100.245 E2.2696
G1 X141.457 Y107.755 E2.5238
G1 X141.062 Y107.755 E2.53717
G1 X141.23 Y107.564 F7200
;TYPE:Gap fill
;WIDTH:0.11626
G1 F2808
G1 X141.23 Y100.436 E2.58064
G1 E1.18064 F4800
;WIPE_START
G1 F5760
G1 X141.23 Y101.194 E.58064
;WIPE_END
G92 E0
G1 X145.777 Y107.755 F7200
G1 E2 F4800
;TYPE:External perimeter
;WIDTH:0.45
G1 F2808
G1 X145.777 Y100.245 E2.2542
G1 X146.233 Y100.245 E2.26964
G1 X146.233 Y107.755 E2.52384
G1 X145.837 Y107.755 E2.53724
G1 X146.005 Y107.564 F7200
;TYPE:Gap fill
;WIDTH:0.116268
G1 F2808
G1 X146.005 Y100.436 E2.58071
G1 E1.18071 F4800
;WIPE_START
G1 F5760;_WIPE
G1 X146.005 Y101.194 E.58071
;WIPE_END
G92 E0
M107
;TYPE:Custom
M104 S0                                    ; Extruder off 
M140 S0                                    ; Heatbed off 
M107                                       ; Fan off 
G91                                        ; relative positioning 
G1 E-5 F3000  
G1 Z+0.3 F3000                             ; lift print head 
G28 X0  F3000
M84                                        ; disable stepper motors
; objects_info = {"objects":[]}
; filament used [mm] = 1966.61
; filament used [cm3] = 4.73
; filament used [g] = 5.87
; total filament used [g] = 5.87
; total filament cost = 0.00
; total filament used for wipe tower [g] = 0.00
; estimated printing time (normal mode) = 17m 36s
; estimated first layer printing time (normal mode) = 1m 16s

; prusaslicer_config = begin
; arc_fitting = disabled
; autoemit_temperature_commands = 1
; automatic_extrusion_widths = 0
; automatic_infill_combination = 0
; automatic_infill_combination_max_layer_height = 100%
; avoid_crossing_curled_overhangs = 0
; avoid_crossing_perimeters = 0
; avoid_crossing_perimeters_max_detour = 0
; bed_custom_model = 
; bed_custom_texture = 
; bed_shape = 0x0,230x0,230x230,0x230
; bed_temperature = 60
; bed_temperature_extruder = 0
; before_layer_gcode = ; BEFORE_LAYER_CHANGE [layer_num] @ [layer_z]mm
; between_objects_gcode = 
; binary_gcode = 0
; bottom_fill_pattern = monotonic
; bottom_solid_layers = 3
; bottom_solid_min_thickness = 0
; bridge_acceleration = 2500
; bridge_angle = 45
; bridge_fan_speed = 100
; bridge_flow_ratio = 0.85
; bridge_speed = 40
; brim_separation = 0.12
; brim_type = outer_only
; brim_width = 0
; chamber_minimal_temperature = 0
; chamber_temperature = 0
; color_change_gcode = M600
; colorprint_heights = 
; complete_objects = 0
; cooling = 1
; cooling_tube_length = 5
; cooling_tube_retraction = 91.5
; default_acceleration = 2500
; default_filament_profile = "Anycubic PLA @MEGA0"
; default_print_profile = 0.20mm NORMAL @MEGA0
; deretract_speed = 0
; disable_fan_first_layers = 2
; dont_support_bridges = 1
; draft_shield = disabled
; duplicate_distance = 6
; elefant_foot_compensation = 0.1
; enable_dynamic_fan_speeds = 0
; enable_dynamic_overhang_speeds = 0
; end_filament_gcode = ""
; end_gcode = M104 S0                                    ; Extruder off \nM140 S0                                    ; Heatbed off \nM107                                       ; Fan off \nG91                                        ; relative positioning \nG1 E-5 F3000  \nG1 Z+0.3 F3000                             ; lift print head \nG28 X0  F3000\nM84                                        ; disable stepper motors
; ensure_vertical_shell_thickness = enabled
; external_perimeter_acceleration = 0
; external_perimeter_extrusion_width = 0.45
; external_perimeter_speed = 80
; external_perimeters_first = 1
; extra_loading_move = -2
; extra_perimeters = 0
; extra_perimeters_on_overhangs = 0
; extruder_clearance_height = 20
; extruder_clearance_radius = 20
; extruder_colour = #FFFF00
; extruder_offset = 0x0
; extrusion_axis = E
; extrusion_multiplier = 1
; extrusion_width = 0.42
; fan_always_on = 0
; fan_below_layer_time = 600
; filament_abrasive = 0
; filament_colour = #29B2B2
; filament_cooling_final_speed = 3.4
; filament_cooling_initial_speed = 2.2
; filament_cooling_moves = 4
; filament_cost = 0
; filament_density = 1.24
; filament_deretract_speed = nil
; filament_diameter = 1.75
; filament_infill_max_crossing_speed = 0
; filament_infill_max_speed = 0
; filament_load_time = 0
; filament_loading_speed = 28
; filament_loading_speed_start = 3
; filament_max_volumetric_speed = 0
; filament_minimal_purge_on_wipe_tower = 15
; filament_multitool_ramming = 0
; filament_multitool_ramming_flow = 10
; filament_multitool_ramming_volume = 10
; filament_notes = ""
; filament_purge_multiplier = 100%
; filament_ramming_parameters = "120 100 6.6 6.8 7.2 7.6 7.9 8.2 8.7 9.4 9.9 10.0| 0.05 6.6 0.45 6.8 0.95 7.8 1.45 8.3 1.95 9.7 2.45 10 2.95 7.6 3.45 7.6 3.95 7.6 4.45 7.6 4.95 7.6"
; filament_retract_before_travel = nil
; filament_retract_before_wipe = nil
; filament_retract_layer_change = nil
; filament_retract_length = nil
; filament_retract_length_toolchange = nil
; filament_retract_lift = nil
; filament_retract_lift_above = nil
; filament_retract_lift_below = nil
; filament_retract_restart_extra = nil
; filament_retract_restart_extra_toolchange = nil
; filament_retract_speed = nil
; filament_seam_gap_distance = 15%
; filament_settings_id = "Suggested parameters for PETG Kobra 2.ini (Suggested parameters for PLA_V1.1.ini (PLA))"
; filament_shrinkage_compensation_xy = 0%
; filament_shrinkage_compensation_z = 0%
; filament_soluble = 0
; filament_spool_weight = 0
; filament_stamping_distance = 0
; filament_stamping_loading_speed = 20
; filament_toolchange_delay = 0
; filament_travel_lift_before_obstacle = nil
; filament_travel_max_lift = nil
; filament_travel_ramping_lift = nil
; filament_travel_slope = nil
; filament_type = PET
; filament_unload_time = 0
; filament_unloading_speed = 90
; filament_unloading_speed_start = 100
; filament_vendor = (Unknown)
; filament_wipe = nil
; fill_angle = 45
; fill_density = 15%
; fill_pattern = honeycomb
; first_layer_acceleration = 2000
; first_layer_acceleration_over_raft = 0
; first_layer_bed_temperature = 60
; first_layer_extrusion_width = 200%
; first_layer_height = 0.28
; first_layer_infill_speed = 0
; first_layer_speed = 50
; first_layer_speed_over_raft = 30
; first_layer_temperature = 240
; full_fan_speed_layer = 0
; fuzzy_skin = none
; fuzzy_skin_point_dist = 0.8
; fuzzy_skin_thickness = 0.3
; gap_fill_enabled = 1
; gap_fill_speed = 100
; gcode_comments = 0
; gcode_flavor = marlin
; gcode_label_objects = disabled
; gcode_resolution = 0.012
; gcode_substitutions = 
; high_current_on_filament_swap = 0
; host_type = octoprint
; idle_temperature = nil
; infill_acceleration = 3000
; infill_anchor = 10
; infill_anchor_max = 10
; infill_every_layers = 1
; infill_extruder = 1
; infill_extrusion_width = 0.45
; infill_first = 0
; infill_overlap = 15%
; infill_speed = 150
; interface_shells = 0
; interlocking_beam = 0
; interlocking_beam_layer_count = 2
; interlocking_beam_width = 0.8
; interlocking_boundary_avoidance = 2
; interlocking_depth = 2
; interlocking_orientation = 22.5
; ironing = 0
; ironing_flowrate = 15%
; ironing_spacing = 0.1
; ironing_speed = 15
; ironing_type = top
; layer_gcode = ; AFTER_LAYER_CHANGE [layer_num] @ [layer_z]mm
; layer_height = 0.2
; machine_limits_usage = emit_to_gcode
; machine_max_acceleration_e = 2500
; machine_max_acceleration_extruding = 2500
; machine_max_acceleration_retracting = 2500
; machine_max_acceleration_travel = 3000,1250
; machine_max_acceleration_x = 2500
; machine_max_acceleration_y = 2500
; machine_max_acceleration_z = 800
; machine_max_feedrate_e = 80
; machine_max_feedrate_x = 300
; machine_max_feedrate_y = 250
; machine_max_feedrate_z = 8
; machine_max_jerk_e = 10
; machine_max_jerk_x = 15
; machine_max_jerk_y = 10
; machine_max_jerk_z = 2
; machine_min_extruding_rate = 0
; machine_min_travel_rate = 0
; max_fan_speed = 100
; max_layer_height = 0.28
; max_print_height = 260
; max_print_speed = 150
; max_volumetric_extrusion_rate_slope_negative = 0
; max_volumetric_extrusion_rate_slope_positive = 0
; max_volumetric_speed = 0
; min_bead_width = 85%
; min_fan_speed = 100
; min_feature_size = 25%
; min_layer_height = 0.04
; min_print_speed = 25
; min_skirt_length = 0
; mmu_segmented_region_interlocking_depth = 0
; mmu_segmented_region_max_width = 0
; multimaterial_purging = 140
; notes = 
; nozzle_diameter = 0.4
; nozzle_high_flow = 0
; only_one_perimeter_first_layer = 0
; only_retract_when_crossing_perimeters = 0
; ooze_prevention = 0
; output_filename_format = {input_filename_base}-{layer_height}-{print_time}.gcode
; over_bridge_speed = 0
; overhang_fan_speed_0 = 0
; overhang_fan_speed_1 = 0
; overhang_fan_speed_2 = 0
; overhang_fan_speed_3 = 0
; overhang_speed_0 = 15
; overhang_speed_1 = 15
; overhang_speed_2 = 20
; overhang_speed_3 = 25
; overhangs = 1
; parking_pos_retraction = 92
; pause_print_gcode = M601
; perimeter_acceleration = 2500
; perimeter_extruder = 1
; perimeter_extrusion_width = 0.4
; perimeter_generator = classic
; perimeter_speed = 150
; perimeters = 3
; physical_printer_settings_id = 
; post_process = 
; prefer_clockwise_movements = 0
; print_settings_id = Suggested parameters for PETG Kobra 2.ini (Suggested parameters for PLA_V1.1.ini (0.20mm Normal))
; printer_model = 
; printer_notes = Do not remove the following keywords! These keywords are used in the "compatible printer" condition of the print and filament profiles to link the particular print and filament profiles to this printer profile.\nPRINTER_VENDOR_ANYCUBIC\nPRINTER_MODEL_MEGA0
; printer_settings_id = Suggested parameters for PETG Kobra 2.ini (Suggested parameters for PLA_V1.1.ini (Anycubic Kobra 2))
; printer_technology = FFF
; printer_variant = 0.4
; printer_vendor = 
; raft_contact_distance = 0.1
; raft_expansion = 1.5
; raft_first_layer_density = 90%
; raft_first_layer_expansion = 3
; raft_layers = 0
; remaining_times = 0
; resolution = 0.012
; retract_before_travel = 1
; retract_before_wipe = 70%
; retract_layer_change = 1
; retract_length = 2
; retract_length_toolchange = 1
; retract_lift = 0
; retract_lift_above = 0
; retract_lift_below = 0
; retract_restart_extra = 0
; retract_restart_extra_toolchange = 0
; retract_speed = 80
; scarf_seam_entire_loop = 0
; scarf_seam_length = 20
; scarf_seam_max_segment_length = 1
; scarf_seam_on_inner_perimeters = 0
; scarf_seam_only_on_smooth = 1
; scarf_seam_placement = nowhere
; scarf_seam_start_height = 0%
; seam_gap_distance = 15%
; seam_position = aligned
; silent_mode = 0
; single_extruder_multi_material = 0
; single_extruder_multi_material_priming = 1
; skirt_distance = 2
; skirt_height = 1
; skirts = 0
; slice_closing_radius = 0.049
; slicing_mode = regular
; slowdown_below_layer_time = 9
; small_perimeter_speed = 54%
; solid_infill_acceleration = 0
; solid_infill_below_area = 0
; solid_infill_every_layers = 0
; solid_infill_extruder = 1
; solid_infill_extrusion_width = 0.5
; solid_infill_speed = 150
; spiral_vase = 0
; staggered_inner_seams = 0
; standby_temperature_delta = -5
; start_filament_gcode = ""
; start_gcode = G90 ; use absolute coordinates\nM83 ; extruder relative mode\nM104 S[first_layer_temperature] ; set extruder temp\nM140 S[first_layer_bed_temperature] ; set bed temp\nM190 S[first_layer_bed_temperature] ; wait for bed temp\nM109 S[first_layer_temperature] ; wait for extruder temp\nG28                                        ; move X/Y/Z to min endstops\nG1 Z0.28                                   ; lift nozzle a bit \nG92 E0 \nG1 Y3 F1800                                    ; zero the extruded length \nG1 X60  E25 F500                       ; Extrude 25mm of filament in a 5cm line. \nG92 E0                                     ; zero the extruded length again \nG1 E-2 F500                                ; Retract a little \nG1 X70 F4000                              ; Quickly wipe away from the filament line\nM117
; support_material = 1
; support_material_angle = 0
; support_material_auto = 1
; support_material_bottom_contact_distance = 0
; support_material_bottom_interface_layers = -1
; support_material_buildplate_only = 0
; support_material_closing_radius = 2
; support_material_contact_distance = 0.2
; support_material_enforce_layers = 0
; support_material_extruder = 1
; support_material_extrusion_width = 0
; support_material_interface_contact_loops = 0
; support_material_interface_extruder = 1
; support_material_interface_layers = 1
; support_material_interface_pattern = rectilinear
; support_material_interface_spacing = 0
; support_material_interface_speed = 100%
; support_material_pattern = rectilinear
; support_material_spacing = 2.5
; support_material_speed = 100
; support_material_style = organic
; support_material_synchronize_layers = 0
; support_material_threshold = 10
; support_material_with_sheath = 1
; support_material_xy_spacing = 50%
; support_tree_angle = 40
; support_tree_angle_slow = 25
; support_tree_branch_diameter = 2
; support_tree_branch_diameter_angle = 5
; support_tree_branch_diameter_double_wall = 3
; support_tree_branch_distance = 1
; support_tree_tip_diameter = 0.8
; support_tree_top_rate = 15%
; temperature = 240
; template_custom_gcode = 
; thick_bridges = 0
; thin_walls = 1
; thumbnails = 
; thumbnails_format = PNG
; toolchange_gcode = 
; top_fill_pattern = monotonic
; top_infill_extrusion_width = 0.45
; top_one_perimeter_type = none
; top_solid_infill_acceleration = 0
; top_solid_infill_speed = 120
; top_solid_layers = 3
; top_solid_min_thickness = 0.6
; travel_acceleration = 0
; travel_lift_before_obstacle = 0
; travel_max_lift = 0
; travel_ramping_lift = 0
; travel_slope = 0
; travel_speed = 120
; travel_speed_z = 120
; use_firmware_retraction = 0
; use_relative_e_distances = 0
; use_volumetric_e = 0
; variable_layer_height = 1
; wall_distribution_count = 1
; wall_transition_angle = 10
; wall_transition_filter_deviation = 25%
; wall_transition_length = 100%
; wipe = 1
; wipe_into_infill = 0
; wipe_into_objects = 0
; wipe_tower = 0
; wipe_tower_acceleration = 0
; wipe_tower_bridging = 10
; wipe_tower_brim_width = 2
; wipe_tower_cone_angle = 0
; wipe_tower_extra_flow = 100%
; wipe_tower_extra_spacing = 100%
; wipe_tower_extruder = 0
; wipe_tower_no_sparse_layers = 0
; wipe_tower_width = 60
; wiping_volumes_matrix = 0
; wiping_volumes_use_custom_matrix = 0
; xy_size_compensation = -0.02
; z_offset = 0
; prusaslicer_config = end
